mtllib Bastion_Robot_Model_v1.mtl
s 1
o L_Foot
g L_Foot
usemtl Deep_Navy
v -0.340000 -0.020000 0.080000
v -0.340000 -0.020000 0.080000
v -0.340000 -0.020000 0.080000
v -0.340000 -0.020000 0.080000
v -0.340000 -0.020000 0.080000
v -0.340000 -0.020000 0.080000
v -0.340000 -0.020000 0.080000
v -0.340000 -0.020000 0.080000
v -0.340000 -0.020000 0.080000
v -0.340000 -0.020000 0.080000
v -0.340000 -0.020000 0.080000
v -0.340000 -0.020000 0.080000
v -0.340000 -0.020000 0.080000
v -0.340000 -0.020000 0.080000
v -0.340000 -0.020000 0.080000
v -0.340000 -0.020000 0.080000
v -0.340000 -0.020000 0.080000
v -0.340000 -0.020000 0.080000
v -0.340000 -0.020000 0.080000
v -0.340000 -0.020000 0.080000
v -0.141994 -0.017521 0.080000
v -0.145929 -0.017521 0.232912
v -0.158088 -0.017521 0.277759
v -0.179910 -0.017521 0.304714
v -0.216214 -0.017521 0.319734
v -0.340000 -0.017521 0.324595
v -0.463786 -0.017521 0.319734
v -0.500090 -0.017521 0.304714
v -0.521912 -0.017521 0.277759
v -0.534071 -0.017521 0.232912
v -0.538006 -0.017521 0.080000
v -0.534071 -0.017521 -0.072912
v -0.521912 -0.017521 -0.117759
v -0.500090 -0.017521 -0.144714
v -0.463786 -0.017521 -0.159734
v -0.340000 -0.017521 -0.164595
v -0.216214 -0.017521 -0.159734
v -0.179910 -0.017521 -0.144714
v -0.158088 -0.017521 -0.117759
v -0.145929 -0.017521 -0.072912
v -0.082328 -0.009936 0.080000
v -0.087449 -0.009936 0.278990
v -0.103272 -0.009936 0.337350
v -0.131669 -0.009936 0.372429
v -0.178913 -0.009936 0.391975
v -0.340000 -0.009936 0.398300
v -0.501087 -0.009936 0.391975
v -0.548331 -0.009936 0.372429
v -0.576728 -0.009936 0.337350
v -0.592551 -0.009936 0.278990
v -0.597672 -0.009936 0.080000
v -0.592551 -0.009936 -0.118990
v -0.576728 -0.009936 -0.177350
v -0.548331 -0.009936 -0.212429
v -0.501087 -0.009936 -0.231975
v -0.340000 -0.009936 -0.238300
v -0.178913 -0.009936 -0.231975
v -0.131669 -0.009936 -0.212429
v -0.103272 -0.009936 -0.177350
v -0.087449 -0.009936 -0.118990
v -0.044013 0.003301 0.080000
v -0.049895 0.003301 0.308579
v -0.068071 0.003301 0.375618
v -0.100690 0.003301 0.415913
v -0.154960 0.003301 0.438365
v -0.340000 0.003301 0.445631
v -0.525040 0.003301 0.438365
v -0.579310 0.003301 0.415913
v -0.611929 0.003301 0.375618
v -0.630105 0.003301 0.308579
v -0.635987 0.003301 0.080000
v -0.630105 0.003301 -0.148579
v -0.611929 0.003301 -0.215618
v -0.579310 0.003301 -0.255913
v -0.525040 0.003301 -0.278365
v -0.340000 0.003301 -0.285631
v -0.154960 0.003301 -0.278365
v -0.100690 0.003301 -0.255913
v -0.068071 0.003301 -0.215618
v -0.049895 0.003301 -0.148579
v -0.019010 0.023586 0.080000
v -0.025389 0.023586 0.327887
v -0.045100 0.023586 0.400589
v -0.080475 0.023586 0.444288
v -0.139329 0.023586 0.468637
v -0.340000 0.023586 0.476517
v -0.540671 0.023586 0.468637
v -0.599525 0.023586 0.444288
v -0.634900 0.023586 0.400589
v -0.654611 0.023586 0.327887
v -0.660990 0.023586 0.080000
v -0.654611 0.023586 -0.167887
v -0.634900 0.023586 -0.240589
v -0.599525 0.023586 -0.284288
v -0.540671 0.023586 -0.308637
v -0.340000 0.023586 -0.316517
v -0.139329 0.023586 -0.308637
v -0.080475 0.023586 -0.284288
v -0.045100 0.023586 -0.240589
v -0.025389 0.023586 -0.167887
v -0.004682 0.055174 0.080000
v -0.011346 0.055174 0.338952
v -0.031937 0.055174 0.414899
v -0.068891 0.055174 0.460548
v -0.130372 0.055174 0.485984
v -0.340000 0.055174 0.494216
v -0.549628 0.055174 0.485984
v -0.611109 0.055174 0.460548
v -0.648063 0.055174 0.414899
v -0.668654 0.055174 0.338952
v -0.675318 0.055174 0.080000
v -0.668654 0.055174 -0.178952
v -0.648063 0.055174 -0.254899
v -0.611109 0.055174 -0.300548
v -0.549628 0.055174 -0.325984
v -0.340000 0.055174 -0.334216
v -0.130372 0.055174 -0.325984
v -0.068891 0.055174 -0.300548
v -0.031937 0.055174 -0.254899
v -0.011346 0.055174 -0.178952
v 0.000000 0.160000 0.080000
v -0.006757 0.160000 0.342568
v -0.027635 0.160000 0.419576
v -0.065105 0.160000 0.465862
v -0.127445 0.160000 0.491654
v -0.340000 0.160000 0.500000
v -0.552555 0.160000 0.491654
v -0.614895 0.160000 0.465862
v -0.652365 0.160000 0.419576
v -0.673243 0.160000 0.342568
v -0.680000 0.160000 0.080000
v -0.673243 0.160000 -0.182568
v -0.652365 0.160000 -0.259576
v -0.614895 0.160000 -0.305862
v -0.552555 0.160000 -0.331654
v -0.340000 0.160000 -0.340000
v -0.127445 0.160000 -0.331654
v -0.065105 0.160000 -0.305862
v -0.027635 0.160000 -0.259576
v -0.006757 0.160000 -0.182568
v -0.004682 0.264826 0.080000
v -0.011346 0.264826 0.338952
v -0.031937 0.264826 0.414899
v -0.068891 0.264826 0.460548
v -0.130372 0.264826 0.485984
v -0.340000 0.264826 0.494216
v -0.549628 0.264826 0.485984
v -0.611109 0.264826 0.460548
v -0.648063 0.264826 0.414899
v -0.668654 0.264826 0.338952
v -0.675318 0.264826 0.080000
v -0.668654 0.264826 -0.178952
v -0.648063 0.264826 -0.254899
v -0.611109 0.264826 -0.300548
v -0.549628 0.264826 -0.325984
v -0.340000 0.264826 -0.334216
v -0.130372 0.264826 -0.325984
v -0.068891 0.264826 -0.300548
v -0.031937 0.264826 -0.254899
v -0.011346 0.264826 -0.178952
v -0.019010 0.296414 0.080000
v -0.025389 0.296414 0.327887
v -0.045100 0.296414 0.400589
v -0.080475 0.296414 0.444288
v -0.139329 0.296414 0.468637
v -0.340000 0.296414 0.476517
v -0.540671 0.296414 0.468637
v -0.599525 0.296414 0.444288
v -0.634900 0.296414 0.400589
v -0.654611 0.296414 0.327887
v -0.660990 0.296414 0.080000
v -0.654611 0.296414 -0.167887
v -0.634900 0.296414 -0.240589
v -0.599525 0.296414 -0.284288
v -0.540671 0.296414 -0.308637
v -0.340000 0.296414 -0.316517
v -0.139329 0.296414 -0.308637
v -0.080475 0.296414 -0.284288
v -0.045100 0.296414 -0.240589
v -0.025389 0.296414 -0.167887
v -0.044013 0.316699 0.080000
v -0.049895 0.316699 0.308579
v -0.068071 0.316699 0.375618
v -0.100690 0.316699 0.415913
v -0.154960 0.316699 0.438365
v -0.340000 0.316699 0.445631
v -0.525040 0.316699 0.438365
v -0.579310 0.316699 0.415913
v -0.611929 0.316699 0.375618
v -0.630105 0.316699 0.308579
v -0.635987 0.316699 0.080000
v -0.630105 0.316699 -0.148579
v -0.611929 0.316699 -0.215618
v -0.579310 0.316699 -0.255913
v -0.525040 0.316699 -0.278365
v -0.340000 0.316699 -0.285631
v -0.154960 0.316699 -0.278365
v -0.100690 0.316699 -0.255913
v -0.068071 0.316699 -0.215618
v -0.049895 0.316699 -0.148579
v -0.082328 0.329936 0.080000
v -0.087449 0.329936 0.278990
v -0.103272 0.329936 0.337350
v -0.131669 0.329936 0.372429
v -0.178913 0.329936 0.391975
v -0.340000 0.329936 0.398300
v -0.501087 0.329936 0.391975
v -0.548331 0.329936 0.372429
v -0.576728 0.329936 0.337350
v -0.592551 0.329936 0.278990
v -0.597672 0.329936 0.080000
v -0.592551 0.329936 -0.118990
v -0.576728 0.329936 -0.177350
v -0.548331 0.329936 -0.212429
v -0.501087 0.329936 -0.231975
v -0.340000 0.329936 -0.238300
v -0.178913 0.329936 -0.231975
v -0.131669 0.329936 -0.212429
v -0.103272 0.329936 -0.177350
v -0.087449 0.329936 -0.118990
v -0.141994 0.337521 0.080000
v -0.145929 0.337521 0.232912
v -0.158088 0.337521 0.277759
v -0.179910 0.337521 0.304714
v -0.216214 0.337521 0.319734
v -0.340000 0.337521 0.324595
v -0.463786 0.337521 0.319734
v -0.500090 0.337521 0.304714
v -0.521912 0.337521 0.277759
v -0.534071 0.337521 0.232912
v -0.538006 0.337521 0.080000
v -0.534071 0.337521 -0.072912
v -0.521912 0.337521 -0.117759
v -0.500090 0.337521 -0.144714
v -0.463786 0.337521 -0.159734
v -0.340000 0.337521 -0.164595
v -0.216214 0.337521 -0.159734
v -0.179910 0.337521 -0.144714
v -0.158088 0.337521 -0.117759
v -0.145929 0.337521 -0.072912
v -0.340000 0.340000 0.080000
v -0.340000 0.340000 0.080000
v -0.340000 0.340000 0.080000
v -0.340000 0.340000 0.080000
v -0.340000 0.340000 0.080000
v -0.340000 0.340000 0.080000
v -0.340000 0.340000 0.080000
v -0.340000 0.340000 0.080000
v -0.340000 0.340000 0.080000
v -0.340000 0.340000 0.080000
v -0.340000 0.340000 0.080000
v -0.340000 0.340000 0.080000
v -0.340000 0.340000 0.080000
v -0.340000 0.340000 0.080000
v -0.340000 0.340000 0.080000
v -0.340000 0.340000 0.080000
v -0.340000 0.340000 0.080000
v -0.340000 0.340000 0.080000
v -0.340000 0.340000 0.080000
v -0.340000 0.340000 0.080000
f 1 2 22
f 1 22 21
f 2 3 23
f 2 23 22
f 3 4 24
f 3 24 23
f 4 5 25
f 4 25 24
f 5 6 26
f 5 26 25
f 6 7 27
f 6 27 26
f 7 8 28
f 7 28 27
f 8 9 29
f 8 29 28
f 9 10 30
f 9 30 29
f 10 11 31
f 10 31 30
f 11 12 32
f 11 32 31
f 12 13 33
f 12 33 32
f 13 14 34
f 13 34 33
f 14 15 35
f 14 35 34
f 15 16 36
f 15 36 35
f 16 17 37
f 16 37 36
f 17 18 38
f 17 38 37
f 18 19 39
f 18 39 38
f 19 20 40
f 19 40 39
f 20 1 21
f 20 21 40
f 21 22 42
f 21 42 41
f 22 23 43
f 22 43 42
f 23 24 44
f 23 44 43
f 24 25 45
f 24 45 44
f 25 26 46
f 25 46 45
f 26 27 47
f 26 47 46
f 27 28 48
f 27 48 47
f 28 29 49
f 28 49 48
f 29 30 50
f 29 50 49
f 30 31 51
f 30 51 50
f 31 32 52
f 31 52 51
f 32 33 53
f 32 53 52
f 33 34 54
f 33 54 53
f 34 35 55
f 34 55 54
f 35 36 56
f 35 56 55
f 36 37 57
f 36 57 56
f 37 38 58
f 37 58 57
f 38 39 59
f 38 59 58
f 39 40 60
f 39 60 59
f 40 21 41
f 40 41 60
f 41 42 62
f 41 62 61
f 42 43 63
f 42 63 62
f 43 44 64
f 43 64 63
f 44 45 65
f 44 65 64
f 45 46 66
f 45 66 65
f 46 47 67
f 46 67 66
f 47 48 68
f 47 68 67
f 48 49 69
f 48 69 68
f 49 50 70
f 49 70 69
f 50 51 71
f 50 71 70
f 51 52 72
f 51 72 71
f 52 53 73
f 52 73 72
f 53 54 74
f 53 74 73
f 54 55 75
f 54 75 74
f 55 56 76
f 55 76 75
f 56 57 77
f 56 77 76
f 57 58 78
f 57 78 77
f 58 59 79
f 58 79 78
f 59 60 80
f 59 80 79
f 60 41 61
f 60 61 80
f 61 62 82
f 61 82 81
f 62 63 83
f 62 83 82
f 63 64 84
f 63 84 83
f 64 65 85
f 64 85 84
f 65 66 86
f 65 86 85
f 66 67 87
f 66 87 86
f 67 68 88
f 67 88 87
f 68 69 89
f 68 89 88
f 69 70 90
f 69 90 89
f 70 71 91
f 70 91 90
f 71 72 92
f 71 92 91
f 72 73 93
f 72 93 92
f 73 74 94
f 73 94 93
f 74 75 95
f 74 95 94
f 75 76 96
f 75 96 95
f 76 77 97
f 76 97 96
f 77 78 98
f 77 98 97
f 78 79 99
f 78 99 98
f 79 80 100
f 79 100 99
f 80 61 81
f 80 81 100
f 81 82 102
f 81 102 101
f 82 83 103
f 82 103 102
f 83 84 104
f 83 104 103
f 84 85 105
f 84 105 104
f 85 86 106
f 85 106 105
f 86 87 107
f 86 107 106
f 87 88 108
f 87 108 107
f 88 89 109
f 88 109 108
f 89 90 110
f 89 110 109
f 90 91 111
f 90 111 110
f 91 92 112
f 91 112 111
f 92 93 113
f 92 113 112
f 93 94 114
f 93 114 113
f 94 95 115
f 94 115 114
f 95 96 116
f 95 116 115
f 96 97 117
f 96 117 116
f 97 98 118
f 97 118 117
f 98 99 119
f 98 119 118
f 99 100 120
f 99 120 119
f 100 81 101
f 100 101 120
f 101 102 122
f 101 122 121
f 102 103 123
f 102 123 122
f 103 104 124
f 103 124 123
f 104 105 125
f 104 125 124
f 105 106 126
f 105 126 125
f 106 107 127
f 106 127 126
f 107 108 128
f 107 128 127
f 108 109 129
f 108 129 128
f 109 110 130
f 109 130 129
f 110 111 131
f 110 131 130
f 111 112 132
f 111 132 131
f 112 113 133
f 112 133 132
f 113 114 134
f 113 134 133
f 114 115 135
f 114 135 134
f 115 116 136
f 115 136 135
f 116 117 137
f 116 137 136
f 117 118 138
f 117 138 137
f 118 119 139
f 118 139 138
f 119 120 140
f 119 140 139
f 120 101 121
f 120 121 140
f 121 122 142
f 121 142 141
f 122 123 143
f 122 143 142
f 123 124 144
f 123 144 143
f 124 125 145
f 124 145 144
f 125 126 146
f 125 146 145
f 126 127 147
f 126 147 146
f 127 128 148
f 127 148 147
f 128 129 149
f 128 149 148
f 129 130 150
f 129 150 149
f 130 131 151
f 130 151 150
f 131 132 152
f 131 152 151
f 132 133 153
f 132 153 152
f 133 134 154
f 133 154 153
f 134 135 155
f 134 155 154
f 135 136 156
f 135 156 155
f 136 137 157
f 136 157 156
f 137 138 158
f 137 158 157
f 138 139 159
f 138 159 158
f 139 140 160
f 139 160 159
f 140 121 141
f 140 141 160
f 141 142 162
f 141 162 161
f 142 143 163
f 142 163 162
f 143 144 164
f 143 164 163
f 144 145 165
f 144 165 164
f 145 146 166
f 145 166 165
f 146 147 167
f 146 167 166
f 147 148 168
f 147 168 167
f 148 149 169
f 148 169 168
f 149 150 170
f 149 170 169
f 150 151 171
f 150 171 170
f 151 152 172
f 151 172 171
f 152 153 173
f 152 173 172
f 153 154 174
f 153 174 173
f 154 155 175
f 154 175 174
f 155 156 176
f 155 176 175
f 156 157 177
f 156 177 176
f 157 158 178
f 157 178 177
f 158 159 179
f 158 179 178
f 159 160 180
f 159 180 179
f 160 141 161
f 160 161 180
f 161 162 182
f 161 182 181
f 162 163 183
f 162 183 182
f 163 164 184
f 163 184 183
f 164 165 185
f 164 185 184
f 165 166 186
f 165 186 185
f 166 167 187
f 166 187 186
f 167 168 188
f 167 188 187
f 168 169 189
f 168 189 188
f 169 170 190
f 169 190 189
f 170 171 191
f 170 191 190
f 171 172 192
f 171 192 191
f 172 173 193
f 172 193 192
f 173 174 194
f 173 194 193
f 174 175 195
f 174 195 194
f 175 176 196
f 175 196 195
f 176 177 197
f 176 197 196
f 177 178 198
f 177 198 197
f 178 179 199
f 178 199 198
f 179 180 200
f 179 200 199
f 180 161 181
f 180 181 200
f 181 182 202
f 181 202 201
f 182 183 203
f 182 203 202
f 183 184 204
f 183 204 203
f 184 185 205
f 184 205 204
f 185 186 206
f 185 206 205
f 186 187 207
f 186 207 206
f 187 188 208
f 187 208 207
f 188 189 209
f 188 209 208
f 189 190 210
f 189 210 209
f 190 191 211
f 190 211 210
f 191 192 212
f 191 212 211
f 192 193 213
f 192 213 212
f 193 194 214
f 193 214 213
f 194 195 215
f 194 215 214
f 195 196 216
f 195 216 215
f 196 197 217
f 196 217 216
f 197 198 218
f 197 218 217
f 198 199 219
f 198 219 218
f 199 200 220
f 199 220 219
f 200 181 201
f 200 201 220
f 201 202 222
f 201 222 221
f 202 203 223
f 202 223 222
f 203 204 224
f 203 224 223
f 204 205 225
f 204 225 224
f 205 206 226
f 205 226 225
f 206 207 227
f 206 227 226
f 207 208 228
f 207 228 227
f 208 209 229
f 208 229 228
f 209 210 230
f 209 230 229
f 210 211 231
f 210 231 230
f 211 212 232
f 211 232 231
f 212 213 233
f 212 233 232
f 213 214 234
f 213 234 233
f 214 215 235
f 214 235 234
f 215 216 236
f 215 236 235
f 216 217 237
f 216 237 236
f 217 218 238
f 217 238 237
f 218 219 239
f 218 239 238
f 219 220 240
f 219 240 239
f 220 201 221
f 220 221 240
f 221 222 242
f 221 242 241
f 222 223 243
f 222 243 242
f 223 224 244
f 223 244 243
f 224 225 245
f 224 245 244
f 225 226 246
f 225 246 245
f 226 227 247
f 226 247 246
f 227 228 248
f 227 248 247
f 228 229 249
f 228 249 248
f 229 230 250
f 229 250 249
f 230 231 251
f 230 251 250
f 231 232 252
f 231 252 251
f 232 233 253
f 232 253 252
f 233 234 254
f 233 254 253
f 234 235 255
f 234 255 254
f 235 236 256
f 235 256 255
f 236 237 257
f 236 257 256
f 237 238 258
f 237 258 257
f 238 239 259
f 238 259 258
f 239 240 260
f 239 260 259
f 240 221 241
f 240 241 260
o L_Toe_Armor
g L_Toe_Armor
usemtl Bastion_Yellow
v -0.340000 0.050000 0.290000
v -0.340000 0.050000 0.290000
v -0.340000 0.050000 0.290000
v -0.340000 0.050000 0.290000
v -0.340000 0.050000 0.290000
v -0.340000 0.050000 0.290000
v -0.340000 0.050000 0.290000
v -0.340000 0.050000 0.290000
v -0.340000 0.050000 0.290000
v -0.340000 0.050000 0.290000
v -0.340000 0.050000 0.290000
v -0.340000 0.050000 0.290000
v -0.340000 0.050000 0.290000
v -0.340000 0.050000 0.290000
v -0.340000 0.050000 0.290000
v -0.340000 0.050000 0.290000
v -0.340000 0.050000 0.290000
v -0.340000 0.050000 0.290000
v -0.340000 0.050000 0.290000
v -0.340000 0.050000 0.290000
v -0.165289 0.051928 0.290000
v -0.168761 0.051928 0.359174
v -0.179490 0.051928 0.379462
v -0.198744 0.051928 0.391656
v -0.230777 0.051928 0.398451
v -0.340000 0.051928 0.400650
v -0.449223 0.051928 0.398451
v -0.481256 0.051928 0.391656
v -0.500510 0.051928 0.379462
v -0.511239 0.051928 0.359174
v -0.514711 0.051928 0.290000
v -0.511239 0.051928 0.220826
v -0.500510 0.051928 0.200538
v -0.481256 0.051928 0.188344
v -0.449223 0.051928 0.181549
v -0.340000 0.051928 0.179350
v -0.230777 0.051928 0.181549
v -0.198744 0.051928 0.188344
v -0.179490 0.051928 0.200538
v -0.168761 0.051928 0.220826
v -0.112643 0.057828 0.290000
v -0.117161 0.057828 0.380019
v -0.131122 0.057828 0.406420
v -0.156178 0.057828 0.422289
v -0.197865 0.057828 0.431132
v -0.340000 0.057828 0.433993
v -0.482135 0.057828 0.431132
v -0.523822 0.057828 0.422289
v -0.548878 0.057828 0.406420
v -0.562839 0.057828 0.380019
v -0.567357 0.057828 0.290000
v -0.562839 0.057828 0.199981
v -0.548878 0.057828 0.173580
v -0.523822 0.057828 0.157711
v -0.482135 0.057828 0.148868
v -0.340000 0.057828 0.146007
v -0.197865 0.057828 0.148868
v -0.156178 0.057828 0.157711
v -0.131122 0.057828 0.173580
v -0.117161 0.057828 0.199981
v -0.078835 0.068123 0.290000
v -0.084025 0.068123 0.393405
v -0.100062 0.068123 0.423732
v -0.128844 0.068123 0.441960
v -0.176729 0.068123 0.452118
v -0.340000 0.068123 0.455405
v -0.503271 0.068123 0.452118
v -0.551156 0.068123 0.441960
v -0.579938 0.068123 0.423732
v -0.595975 0.068123 0.393405
v -0.601165 0.068123 0.290000
v -0.595975 0.068123 0.186595
v -0.579938 0.068123 0.156268
v -0.551156 0.068123 0.138040
v -0.503271 0.068123 0.127882
v -0.340000 0.068123 0.124595
v -0.176729 0.068123 0.127882
v -0.128844 0.068123 0.138040
v -0.100062 0.068123 0.156268
v -0.084025 0.068123 0.186595
v -0.056774 0.083900 0.290000
v -0.062402 0.083900 0.402140
v -0.079794 0.083900 0.435028
v -0.111008 0.083900 0.454797
v -0.162938 0.083900 0.465812
v -0.340000 0.083900 0.469377
v -0.517062 0.083900 0.465812
v -0.568992 0.083900 0.454797
v -0.600206 0.083900 0.435028
v -0.617598 0.083900 0.402140
v -0.623226 0.083900 0.290000
v -0.617598 0.083900 0.177860
v -0.600206 0.083900 0.144972
v -0.568992 0.083900 0.125203
v -0.517062 0.083900 0.114188
v -0.340000 0.083900 0.110623
v -0.162938 0.083900 0.114188
v -0.111008 0.083900 0.125203
v -0.079794 0.083900 0.144972
v -0.062402 0.083900 0.177860
v -0.044131 0.108468 0.290000
v -0.050011 0.108468 0.407145
v -0.068180 0.108468 0.441502
v -0.100786 0.108468 0.462153
v -0.155034 0.108468 0.473660
v -0.340000 0.108468 0.477383
v -0.524966 0.108468 0.473660
v -0.579214 0.108468 0.462153
v -0.611820 0.108468 0.441502
v -0.629989 0.108468 0.407145
v -0.635869 0.108468 0.290000
v -0.629989 0.108468 0.172855
v -0.611820 0.108468 0.138498
v -0.579214 0.108468 0.117847
v -0.524966 0.108468 0.106340
v -0.340000 0.108468 0.102617
v -0.155034 0.108468 0.106340
v -0.100786 0.108468 0.117847
v -0.068180 0.108468 0.138498
v -0.050011 0.108468 0.172855
v -0.040000 0.190000 0.290000
v -0.045962 0.190000 0.408781
v -0.064384 0.190000 0.443618
v -0.097446 0.190000 0.464557
v -0.152451 0.190000 0.476224
v -0.340000 0.190000 0.480000
v -0.527549 0.190000 0.476224
v -0.582554 0.190000 0.464557
v -0.615616 0.190000 0.443618
v -0.634038 0.190000 0.408781
v -0.640000 0.190000 0.290000
v -0.634038 0.190000 0.171219
v -0.615616 0.190000 0.136382
v -0.582554 0.190000 0.115443
v -0.527549 0.190000 0.103776
v -0.340000 0.190000 0.100000
v -0.152451 0.190000 0.103776
v -0.097446 0.190000 0.115443
v -0.064384 0.190000 0.136382
v -0.045962 0.190000 0.171219
v -0.044131 0.271532 0.290000
v -0.050011 0.271532 0.407145
v -0.068180 0.271532 0.441502
v -0.100786 0.271532 0.462153
v -0.155034 0.271532 0.473660
v -0.340000 0.271532 0.477383
v -0.524966 0.271532 0.473660
v -0.579214 0.271532 0.462153
v -0.611820 0.271532 0.441502
v -0.629989 0.271532 0.407145
v -0.635869 0.271532 0.290000
v -0.629989 0.271532 0.172855
v -0.611820 0.271532 0.138498
v -0.579214 0.271532 0.117847
v -0.524966 0.271532 0.106340
v -0.340000 0.271532 0.102617
v -0.155034 0.271532 0.106340
v -0.100786 0.271532 0.117847
v -0.068180 0.271532 0.138498
v -0.050011 0.271532 0.172855
v -0.056774 0.296100 0.290000
v -0.062402 0.296100 0.402140
v -0.079794 0.296100 0.435028
v -0.111008 0.296100 0.454797
v -0.162938 0.296100 0.465812
v -0.340000 0.296100 0.469377
v -0.517062 0.296100 0.465812
v -0.568992 0.296100 0.454797
v -0.600206 0.296100 0.435028
v -0.617598 0.296100 0.402140
v -0.623226 0.296100 0.290000
v -0.617598 0.296100 0.177860
v -0.600206 0.296100 0.144972
v -0.568992 0.296100 0.125203
v -0.517062 0.296100 0.114188
v -0.340000 0.296100 0.110623
v -0.162938 0.296100 0.114188
v -0.111008 0.296100 0.125203
v -0.079794 0.296100 0.144972
v -0.062402 0.296100 0.177860
v -0.078835 0.311877 0.290000
v -0.084025 0.311877 0.393405
v -0.100062 0.311877 0.423732
v -0.128844 0.311877 0.441960
v -0.176729 0.311877 0.452118
v -0.340000 0.311877 0.455405
v -0.503271 0.311877 0.452118
v -0.551156 0.311877 0.441960
v -0.579938 0.311877 0.423732
v -0.595975 0.311877 0.393405
v -0.601165 0.311877 0.290000
v -0.595975 0.311877 0.186595
v -0.579938 0.311877 0.156268
v -0.551156 0.311877 0.138040
v -0.503271 0.311877 0.127882
v -0.340000 0.311877 0.124595
v -0.176729 0.311877 0.127882
v -0.128844 0.311877 0.138040
v -0.100062 0.311877 0.156268
v -0.084025 0.311877 0.186595
v -0.112643 0.322172 0.290000
v -0.117161 0.322172 0.380019
v -0.131122 0.322172 0.406420
v -0.156178 0.322172 0.422289
v -0.197865 0.322172 0.431132
v -0.340000 0.322172 0.433993
v -0.482135 0.322172 0.431132
v -0.523822 0.322172 0.422289
v -0.548878 0.322172 0.406420
v -0.562839 0.322172 0.380019
v -0.567357 0.322172 0.290000
v -0.562839 0.322172 0.199981
v -0.548878 0.322172 0.173580
v -0.523822 0.322172 0.157711
v -0.482135 0.322172 0.148868
v -0.340000 0.322172 0.146007
v -0.197865 0.322172 0.148868
v -0.156178 0.322172 0.157711
v -0.131122 0.322172 0.173580
v -0.117161 0.322172 0.199981
v -0.165289 0.328072 0.290000
v -0.168761 0.328072 0.359174
v -0.179490 0.328072 0.379462
v -0.198744 0.328072 0.391656
v -0.230777 0.328072 0.398451
v -0.340000 0.328072 0.400650
v -0.449223 0.328072 0.398451
v -0.481256 0.328072 0.391656
v -0.500510 0.328072 0.379462
v -0.511239 0.328072 0.359174
v -0.514711 0.328072 0.290000
v -0.511239 0.328072 0.220826
v -0.500510 0.328072 0.200538
v -0.481256 0.328072 0.188344
v -0.449223 0.328072 0.181549
v -0.340000 0.328072 0.179350
v -0.230777 0.328072 0.181549
v -0.198744 0.328072 0.188344
v -0.179490 0.328072 0.200538
v -0.168761 0.328072 0.220826
v -0.340000 0.330000 0.290000
v -0.340000 0.330000 0.290000
v -0.340000 0.330000 0.290000
v -0.340000 0.330000 0.290000
v -0.340000 0.330000 0.290000
v -0.340000 0.330000 0.290000
v -0.340000 0.330000 0.290000
v -0.340000 0.330000 0.290000
v -0.340000 0.330000 0.290000
v -0.340000 0.330000 0.290000
v -0.340000 0.330000 0.290000
v -0.340000 0.330000 0.290000
v -0.340000 0.330000 0.290000
v -0.340000 0.330000 0.290000
v -0.340000 0.330000 0.290000
v -0.340000 0.330000 0.290000
v -0.340000 0.330000 0.290000
v -0.340000 0.330000 0.290000
v -0.340000 0.330000 0.290000
v -0.340000 0.330000 0.290000
f 261 262 282
f 261 282 281
f 262 263 283
f 262 283 282
f 263 264 284
f 263 284 283
f 264 265 285
f 264 285 284
f 265 266 286
f 265 286 285
f 266 267 287
f 266 287 286
f 267 268 288
f 267 288 287
f 268 269 289
f 268 289 288
f 269 270 290
f 269 290 289
f 270 271 291
f 270 291 290
f 271 272 292
f 271 292 291
f 272 273 293
f 272 293 292
f 273 274 294
f 273 294 293
f 274 275 295
f 274 295 294
f 275 276 296
f 275 296 295
f 276 277 297
f 276 297 296
f 277 278 298
f 277 298 297
f 278 279 299
f 278 299 298
f 279 280 300
f 279 300 299
f 280 261 281
f 280 281 300
f 281 282 302
f 281 302 301
f 282 283 303
f 282 303 302
f 283 284 304
f 283 304 303
f 284 285 305
f 284 305 304
f 285 286 306
f 285 306 305
f 286 287 307
f 286 307 306
f 287 288 308
f 287 308 307
f 288 289 309
f 288 309 308
f 289 290 310
f 289 310 309
f 290 291 311
f 290 311 310
f 291 292 312
f 291 312 311
f 292 293 313
f 292 313 312
f 293 294 314
f 293 314 313
f 294 295 315
f 294 315 314
f 295 296 316
f 295 316 315
f 296 297 317
f 296 317 316
f 297 298 318
f 297 318 317
f 298 299 319
f 298 319 318
f 299 300 320
f 299 320 319
f 300 281 301
f 300 301 320
f 301 302 322
f 301 322 321
f 302 303 323
f 302 323 322
f 303 304 324
f 303 324 323
f 304 305 325
f 304 325 324
f 305 306 326
f 305 326 325
f 306 307 327
f 306 327 326
f 307 308 328
f 307 328 327
f 308 309 329
f 308 329 328
f 309 310 330
f 309 330 329
f 310 311 331
f 310 331 330
f 311 312 332
f 311 332 331
f 312 313 333
f 312 333 332
f 313 314 334
f 313 334 333
f 314 315 335
f 314 335 334
f 315 316 336
f 315 336 335
f 316 317 337
f 316 337 336
f 317 318 338
f 317 338 337
f 318 319 339
f 318 339 338
f 319 320 340
f 319 340 339
f 320 301 321
f 320 321 340
f 321 322 342
f 321 342 341
f 322 323 343
f 322 343 342
f 323 324 344
f 323 344 343
f 324 325 345
f 324 345 344
f 325 326 346
f 325 346 345
f 326 327 347
f 326 347 346
f 327 328 348
f 327 348 347
f 328 329 349
f 328 349 348
f 329 330 350
f 329 350 349
f 330 331 351
f 330 351 350
f 331 332 352
f 331 352 351
f 332 333 353
f 332 353 352
f 333 334 354
f 333 354 353
f 334 335 355
f 334 355 354
f 335 336 356
f 335 356 355
f 336 337 357
f 336 357 356
f 337 338 358
f 337 358 357
f 338 339 359
f 338 359 358
f 339 340 360
f 339 360 359
f 340 321 341
f 340 341 360
f 341 342 362
f 341 362 361
f 342 343 363
f 342 363 362
f 343 344 364
f 343 364 363
f 344 345 365
f 344 365 364
f 345 346 366
f 345 366 365
f 346 347 367
f 346 367 366
f 347 348 368
f 347 368 367
f 348 349 369
f 348 369 368
f 349 350 370
f 349 370 369
f 350 351 371
f 350 371 370
f 351 352 372
f 351 372 371
f 352 353 373
f 352 373 372
f 353 354 374
f 353 374 373
f 354 355 375
f 354 375 374
f 355 356 376
f 355 376 375
f 356 357 377
f 356 377 376
f 357 358 378
f 357 378 377
f 358 359 379
f 358 379 378
f 359 360 380
f 359 380 379
f 360 341 361
f 360 361 380
f 361 362 382
f 361 382 381
f 362 363 383
f 362 383 382
f 363 364 384
f 363 384 383
f 364 365 385
f 364 385 384
f 365 366 386
f 365 386 385
f 366 367 387
f 366 387 386
f 367 368 388
f 367 388 387
f 368 369 389
f 368 389 388
f 369 370 390
f 369 390 389
f 370 371 391
f 370 391 390
f 371 372 392
f 371 392 391
f 372 373 393
f 372 393 392
f 373 374 394
f 373 394 393
f 374 375 395
f 374 395 394
f 375 376 396
f 375 396 395
f 376 377 397
f 376 397 396
f 377 378 398
f 377 398 397
f 378 379 399
f 378 399 398
f 379 380 400
f 379 400 399
f 380 361 381
f 380 381 400
f 381 382 402
f 381 402 401
f 382 383 403
f 382 403 402
f 383 384 404
f 383 404 403
f 384 385 405
f 384 405 404
f 385 386 406
f 385 406 405
f 386 387 407
f 386 407 406
f 387 388 408
f 387 408 407
f 388 389 409
f 388 409 408
f 389 390 410
f 389 410 409
f 390 391 411
f 390 411 410
f 391 392 412
f 391 412 411
f 392 393 413
f 392 413 412
f 393 394 414
f 393 414 413
f 394 395 415
f 394 415 414
f 395 396 416
f 395 416 415
f 396 397 417
f 396 417 416
f 397 398 418
f 397 418 417
f 398 399 419
f 398 419 418
f 399 400 420
f 399 420 419
f 400 381 401
f 400 401 420
f 401 402 422
f 401 422 421
f 402 403 423
f 402 423 422
f 403 404 424
f 403 424 423
f 404 405 425
f 404 425 424
f 405 406 426
f 405 426 425
f 406 407 427
f 406 427 426
f 407 408 428
f 407 428 427
f 408 409 429
f 408 429 428
f 409 410 430
f 409 430 429
f 410 411 431
f 410 431 430
f 411 412 432
f 411 432 431
f 412 413 433
f 412 433 432
f 413 414 434
f 413 434 433
f 414 415 435
f 414 435 434
f 415 416 436
f 415 436 435
f 416 417 437
f 416 437 436
f 417 418 438
f 417 438 437
f 418 419 439
f 418 439 438
f 419 420 440
f 419 440 439
f 420 401 421
f 420 421 440
f 421 422 442
f 421 442 441
f 422 423 443
f 422 443 442
f 423 424 444
f 423 444 443
f 424 425 445
f 424 445 444
f 425 426 446
f 425 446 445
f 426 427 447
f 426 447 446
f 427 428 448
f 427 448 447
f 428 429 449
f 428 449 448
f 429 430 450
f 429 450 449
f 430 431 451
f 430 451 450
f 431 432 452
f 431 452 451
f 432 433 453
f 432 453 452
f 433 434 454
f 433 454 453
f 434 435 455
f 434 455 454
f 435 436 456
f 435 456 455
f 436 437 457
f 436 457 456
f 437 438 458
f 437 458 457
f 438 439 459
f 438 459 458
f 439 440 460
f 439 460 459
f 440 421 441
f 440 441 460
f 441 442 462
f 441 462 461
f 442 443 463
f 442 463 462
f 443 444 464
f 443 464 463
f 444 445 465
f 444 465 464
f 445 446 466
f 445 466 465
f 446 447 467
f 446 467 466
f 447 448 468
f 447 468 467
f 448 449 469
f 448 469 468
f 449 450 470
f 449 470 469
f 450 451 471
f 450 471 470
f 451 452 472
f 451 472 471
f 452 453 473
f 452 473 472
f 453 454 474
f 453 474 473
f 454 455 475
f 454 475 474
f 455 456 476
f 455 476 475
f 456 457 477
f 456 477 476
f 457 458 478
f 457 478 477
f 458 459 479
f 458 479 478
f 459 460 480
f 459 480 479
f 460 441 461
f 460 461 480
f 461 462 482
f 461 482 481
f 462 463 483
f 462 483 482
f 463 464 484
f 463 484 483
f 464 465 485
f 464 485 484
f 465 466 486
f 465 486 485
f 466 467 487
f 466 487 486
f 467 468 488
f 467 488 487
f 468 469 489
f 468 489 488
f 469 470 490
f 469 490 489
f 470 471 491
f 470 491 490
f 471 472 492
f 471 492 491
f 472 473 493
f 472 493 492
f 473 474 494
f 473 494 493
f 474 475 495
f 474 495 494
f 475 476 496
f 475 496 495
f 476 477 497
f 476 497 496
f 477 478 498
f 477 498 497
f 478 479 499
f 478 499 498
f 479 480 500
f 479 500 499
f 480 461 481
f 480 481 500
f 481 482 502
f 481 502 501
f 482 483 503
f 482 503 502
f 483 484 504
f 483 504 503
f 484 485 505
f 484 505 504
f 485 486 506
f 485 506 505
f 486 487 507
f 486 507 506
f 487 488 508
f 487 508 507
f 488 489 509
f 488 509 508
f 489 490 510
f 489 510 509
f 490 491 511
f 490 511 510
f 491 492 512
f 491 512 511
f 492 493 513
f 492 513 512
f 493 494 514
f 493 514 513
f 494 495 515
f 494 515 514
f 495 496 516
f 495 516 515
f 496 497 517
f 496 517 516
f 497 498 518
f 497 518 517
f 498 499 519
f 498 519 518
f 499 500 520
f 499 520 519
f 500 481 501
f 500 501 520
o L_Ankle
g L_Ankle
usemtl Gunmetal
v -0.340000 0.300000 0.000000
v -0.340000 0.480000 0.000000
v -0.340000 0.300000 -0.160000
v -0.401229 0.300000 -0.147821
v -0.453137 0.300000 -0.113137
v -0.487821 0.300000 -0.061229
v -0.500000 0.300000 -0.000000
v -0.487821 0.300000 0.061229
v -0.453137 0.300000 0.113137
v -0.401229 0.300000 0.147821
v -0.340000 0.300000 0.160000
v -0.278771 0.300000 0.147821
v -0.226863 0.300000 0.113137
v -0.192179 0.300000 0.061229
v -0.180000 0.300000 0.000000
v -0.192179 0.300000 -0.061229
v -0.226863 0.300000 -0.113137
v -0.278771 0.300000 -0.147821
v -0.340000 0.480000 -0.160000
v -0.401229 0.480000 -0.147821
v -0.453137 0.480000 -0.113137
v -0.487821 0.480000 -0.061229
v -0.500000 0.480000 -0.000000
v -0.487821 0.480000 0.061229
v -0.453137 0.480000 0.113137
v -0.401229 0.480000 0.147821
v -0.340000 0.480000 0.160000
v -0.278771 0.480000 0.147821
v -0.226863 0.480000 0.113137
v -0.192179 0.480000 0.061229
v -0.180000 0.480000 0.000000
v -0.192179 0.480000 -0.061229
v -0.226863 0.480000 -0.113137
v -0.278771 0.480000 -0.147821
f 523 524 540
f 523 540 539
f 521 524 523
f 522 539 540
f 524 525 541
f 524 541 540
f 521 525 524
f 522 540 541
f 525 526 542
f 525 542 541
f 521 526 525
f 522 541 542
f 526 527 543
f 526 543 542
f 521 527 526
f 522 542 543
f 527 528 544
f 527 544 543
f 521 528 527
f 522 543 544
f 528 529 545
f 528 545 544
f 521 529 528
f 522 544 545
f 529 530 546
f 529 546 545
f 521 530 529
f 522 545 546
f 530 531 547
f 530 547 546
f 521 531 530
f 522 546 547
f 531 532 548
f 531 548 547
f 521 532 531
f 522 547 548
f 532 533 549
f 532 549 548
f 521 533 532
f 522 548 549
f 533 534 550
f 533 550 549
f 521 534 533
f 522 549 550
f 534 535 551
f 534 551 550
f 521 535 534
f 522 550 551
f 535 536 552
f 535 552 551
f 521 536 535
f 522 551 552
f 536 537 553
f 536 553 552
f 521 537 536
f 522 552 553
f 537 538 554
f 537 554 553
f 521 538 537
f 522 553 554
f 538 523 539
f 538 539 554
f 521 523 538
f 522 554 539
o L_Shin_Armor
g L_Shin_Armor
usemtl Armor_Silver
v -0.340000 0.330000 0.050000
v -0.340000 0.330000 0.050000
v -0.340000 0.330000 0.050000
v -0.340000 0.330000 0.050000
v -0.340000 0.330000 0.050000
v -0.340000 0.330000 0.050000
v -0.340000 0.330000 0.050000
v -0.340000 0.330000 0.050000
v -0.340000 0.330000 0.050000
v -0.340000 0.330000 0.050000
v -0.340000 0.330000 0.050000
v -0.340000 0.330000 0.050000
v -0.340000 0.330000 0.050000
v -0.340000 0.330000 0.050000
v -0.340000 0.330000 0.050000
v -0.340000 0.330000 0.050000
v -0.340000 0.330000 0.050000
v -0.340000 0.330000 0.050000
v -0.340000 0.330000 0.050000
v -0.340000 0.330000 0.050000
v -0.191928 0.335352 0.050000
v -0.195194 0.335352 0.134607
v -0.205239 0.335352 0.162593
v -0.223076 0.335352 0.179770
v -0.252138 0.335352 0.189443
v -0.340000 0.335352 0.192588
v -0.427862 0.335352 0.189443
v -0.456924 0.335352 0.179770
v -0.474761 0.335352 0.162593
v -0.484806 0.335352 0.134607
v -0.488072 0.335352 0.050000
v -0.484806 0.335352 -0.034607
v -0.474761 0.335352 -0.062593
v -0.456924 0.335352 -0.079770
v -0.427862 0.335352 -0.089443
v -0.340000 0.335352 -0.092588
v -0.252138 0.335352 -0.089443
v -0.223076 0.335352 -0.079770
v -0.205239 0.335352 -0.062593
v -0.195194 0.335352 -0.034607
v -0.141586 0.351675 0.050000
v -0.145962 0.351675 0.163373
v -0.159422 0.351675 0.200873
v -0.183324 0.351675 0.223890
v -0.222267 0.351675 0.236851
v -0.340000 0.351675 0.241065
v -0.457733 0.351675 0.236851
v -0.496676 0.351675 0.223890
v -0.520578 0.351675 0.200873
v -0.534038 0.351675 0.163373
v -0.538414 0.351675 0.050000
v -0.534038 0.351675 -0.063373
v -0.520578 0.351675 -0.100873
v -0.496676 0.351675 -0.123890
v -0.457733 0.351675 -0.136851
v -0.340000 0.351675 -0.141065
v -0.222267 0.351675 -0.136851
v -0.183324 0.351675 -0.123890
v -0.159422 0.351675 -0.100873
v -0.145962 0.351675 -0.063373
v -0.108544 0.379965 0.050000
v -0.113649 0.379965 0.182252
v -0.129350 0.379965 0.225998
v -0.157233 0.379965 0.252848
v -0.202661 0.379965 0.267967
v -0.340000 0.379965 0.272883
v -0.477339 0.379965 0.267967
v -0.522767 0.379965 0.252848
v -0.550650 0.379965 0.225998
v -0.566351 0.379965 0.182252
v -0.571456 0.379965 0.050000
v -0.566351 0.379965 -0.082252
v -0.550650 0.379965 -0.125998
v -0.522767 0.379965 -0.152848
v -0.477339 0.379965 -0.167967
v -0.340000 0.379965 -0.172883
v -0.202661 0.379965 -0.167967
v -0.157233 0.379965 -0.152848
v -0.129350 0.379965 -0.125998
v -0.113649 0.379965 -0.082252
v -0.086721 0.422796 0.050000
v -0.092307 0.422796 0.194722
v -0.109489 0.422796 0.242593
v -0.140000 0.422796 0.271974
v -0.189712 0.422796 0.288519
v -0.340000 0.422796 0.293899
v -0.490288 0.422796 0.288519
v -0.540000 0.422796 0.271974
v -0.570511 0.422796 0.242593
v -0.587693 0.422796 0.194722
v -0.593279 0.422796 0.050000
v -0.587693 0.422796 -0.094722
v -0.570511 0.422796 -0.142593
v -0.540000 0.422796 -0.171974
v -0.490288 0.422796 -0.188519
v -0.340000 0.422796 -0.193899
v -0.189712 0.422796 -0.188519
v -0.140000 0.422796 -0.171974
v -0.109489 0.422796 -0.142593
v -0.092307 0.422796 -0.094722
v -0.074128 0.488055 0.050000
v -0.079992 0.488055 0.201917
v -0.098028 0.488055 0.252168
v -0.130056 0.488055 0.283010
v -0.182240 0.488055 0.300378
v -0.340000 0.488055 0.306025
v -0.497760 0.488055 0.300378
v -0.549944 0.488055 0.283010
v -0.581972 0.488055 0.252168
v -0.600008 0.488055 0.201917
v -0.605872 0.488055 0.050000
v -0.600008 0.488055 -0.101917
v -0.581972 0.488055 -0.152168
v -0.549944 0.488055 -0.183010
v -0.497760 0.488055 -0.200378
v -0.340000 0.488055 -0.206025
v -0.182240 0.488055 -0.200378
v -0.130056 0.488055 -0.183010
v -0.098028 0.488055 -0.152168
v -0.079992 0.488055 -0.101917
v -0.070000 0.680000 0.050000
v -0.075955 0.680000 0.204276
v -0.094271 0.680000 0.255307
v -0.126797 0.680000 0.286628
v -0.179790 0.680000 0.304265
v -0.340000 0.680000 0.310000
v -0.500210 0.680000 0.304265
v -0.553203 0.680000 0.286628
v -0.585729 0.680000 0.255307
v -0.604045 0.680000 0.204276
v -0.610000 0.680000 0.050000
v -0.604045 0.680000 -0.104276
v -0.585729 0.680000 -0.155307
v -0.553203 0.680000 -0.186628
v -0.500210 0.680000 -0.204265
v -0.340000 0.680000 -0.210000
v -0.179790 0.680000 -0.204265
v -0.126797 0.680000 -0.186628
v -0.094271 0.680000 -0.155307
v -0.075955 0.680000 -0.104276
v -0.074128 0.871945 0.050000
v -0.079992 0.871945 0.201917
v -0.098028 0.871945 0.252168
v -0.130056 0.871945 0.283010
v -0.182240 0.871945 0.300378
v -0.340000 0.871945 0.306025
v -0.497760 0.871945 0.300378
v -0.549944 0.871945 0.283010
v -0.581972 0.871945 0.252168
v -0.600008 0.871945 0.201917
v -0.605872 0.871945 0.050000
v -0.600008 0.871945 -0.101917
v -0.581972 0.871945 -0.152168
v -0.549944 0.871945 -0.183010
v -0.497760 0.871945 -0.200378
v -0.340000 0.871945 -0.206025
v -0.182240 0.871945 -0.200378
v -0.130056 0.871945 -0.183010
v -0.098028 0.871945 -0.152168
v -0.079992 0.871945 -0.101917
v -0.086721 0.937204 0.050000
v -0.092307 0.937204 0.194722
v -0.109489 0.937204 0.242593
v -0.140000 0.937204 0.271974
v -0.189712 0.937204 0.288519
v -0.340000 0.937204 0.293899
v -0.490288 0.937204 0.288519
v -0.540000 0.937204 0.271974
v -0.570511 0.937204 0.242593
v -0.587693 0.937204 0.194722
v -0.593279 0.937204 0.050000
v -0.587693 0.937204 -0.094722
v -0.570511 0.937204 -0.142593
v -0.540000 0.937204 -0.171974
v -0.490288 0.937204 -0.188519
v -0.340000 0.937204 -0.193899
v -0.189712 0.937204 -0.188519
v -0.140000 0.937204 -0.171974
v -0.109489 0.937204 -0.142593
v -0.092307 0.937204 -0.094722
v -0.108544 0.980035 0.050000
v -0.113649 0.980035 0.182252
v -0.129350 0.980035 0.225998
v -0.157233 0.980035 0.252848
v -0.202661 0.980035 0.267967
v -0.340000 0.980035 0.272883
v -0.477339 0.980035 0.267967
v -0.522767 0.980035 0.252848
v -0.550650 0.980035 0.225998
v -0.566351 0.980035 0.182252
v -0.571456 0.980035 0.050000
v -0.566351 0.980035 -0.082252
v -0.550650 0.980035 -0.125998
v -0.522767 0.980035 -0.152848
v -0.477339 0.980035 -0.167967
v -0.340000 0.980035 -0.172883
v -0.202661 0.980035 -0.167967
v -0.157233 0.980035 -0.152848
v -0.129350 0.980035 -0.125998
v -0.113649 0.980035 -0.082252
v -0.141586 1.008325 0.050000
v -0.145962 1.008325 0.163373
v -0.159422 1.008325 0.200873
v -0.183324 1.008325 0.223890
v -0.222267 1.008325 0.236851
v -0.340000 1.008325 0.241065
v -0.457733 1.008325 0.236851
v -0.496676 1.008325 0.223890
v -0.520578 1.008325 0.200873
v -0.534038 1.008325 0.163373
v -0.538414 1.008325 0.050000
v -0.534038 1.008325 -0.063373
v -0.520578 1.008325 -0.100873
v -0.496676 1.008325 -0.123890
v -0.457733 1.008325 -0.136851
v -0.340000 1.008325 -0.141065
v -0.222267 1.008325 -0.136851
v -0.183324 1.008325 -0.123890
v -0.159422 1.008325 -0.100873
v -0.145962 1.008325 -0.063373
v -0.191928 1.024648 0.050000
v -0.195194 1.024648 0.134607
v -0.205239 1.024648 0.162593
v -0.223076 1.024648 0.179770
v -0.252138 1.024648 0.189443
v -0.340000 1.024648 0.192588
v -0.427862 1.024648 0.189443
v -0.456924 1.024648 0.179770
v -0.474761 1.024648 0.162593
v -0.484806 1.024648 0.134607
v -0.488072 1.024648 0.050000
v -0.484806 1.024648 -0.034607
v -0.474761 1.024648 -0.062593
v -0.456924 1.024648 -0.079770
v -0.427862 1.024648 -0.089443
v -0.340000 1.024648 -0.092588
v -0.252138 1.024648 -0.089443
v -0.223076 1.024648 -0.079770
v -0.205239 1.024648 -0.062593
v -0.195194 1.024648 -0.034607
v -0.340000 1.030000 0.050000
v -0.340000 1.030000 0.050000
v -0.340000 1.030000 0.050000
v -0.340000 1.030000 0.050000
v -0.340000 1.030000 0.050000
v -0.340000 1.030000 0.050000
v -0.340000 1.030000 0.050000
v -0.340000 1.030000 0.050000
v -0.340000 1.030000 0.050000
v -0.340000 1.030000 0.050000
v -0.340000 1.030000 0.050000
v -0.340000 1.030000 0.050000
v -0.340000 1.030000 0.050000
v -0.340000 1.030000 0.050000
v -0.340000 1.030000 0.050000
v -0.340000 1.030000 0.050000
v -0.340000 1.030000 0.050000
v -0.340000 1.030000 0.050000
v -0.340000 1.030000 0.050000
v -0.340000 1.030000 0.050000
f 555 556 576
f 555 576 575
f 556 557 577
f 556 577 576
f 557 558 578
f 557 578 577
f 558 559 579
f 558 579 578
f 559 560 580
f 559 580 579
f 560 561 581
f 560 581 580
f 561 562 582
f 561 582 581
f 562 563 583
f 562 583 582
f 563 564 584
f 563 584 583
f 564 565 585
f 564 585 584
f 565 566 586
f 565 586 585
f 566 567 587
f 566 587 586
f 567 568 588
f 567 588 587
f 568 569 589
f 568 589 588
f 569 570 590
f 569 590 589
f 570 571 591
f 570 591 590
f 571 572 592
f 571 592 591
f 572 573 593
f 572 593 592
f 573 574 594
f 573 594 593
f 574 555 575
f 574 575 594
f 575 576 596
f 575 596 595
f 576 577 597
f 576 597 596
f 577 578 598
f 577 598 597
f 578 579 599
f 578 599 598
f 579 580 600
f 579 600 599
f 580 581 601
f 580 601 600
f 581 582 602
f 581 602 601
f 582 583 603
f 582 603 602
f 583 584 604
f 583 604 603
f 584 585 605
f 584 605 604
f 585 586 606
f 585 606 605
f 586 587 607
f 586 607 606
f 587 588 608
f 587 608 607
f 588 589 609
f 588 609 608
f 589 590 610
f 589 610 609
f 590 591 611
f 590 611 610
f 591 592 612
f 591 612 611
f 592 593 613
f 592 613 612
f 593 594 614
f 593 614 613
f 594 575 595
f 594 595 614
f 595 596 616
f 595 616 615
f 596 597 617
f 596 617 616
f 597 598 618
f 597 618 617
f 598 599 619
f 598 619 618
f 599 600 620
f 599 620 619
f 600 601 621
f 600 621 620
f 601 602 622
f 601 622 621
f 602 603 623
f 602 623 622
f 603 604 624
f 603 624 623
f 604 605 625
f 604 625 624
f 605 606 626
f 605 626 625
f 606 607 627
f 606 627 626
f 607 608 628
f 607 628 627
f 608 609 629
f 608 629 628
f 609 610 630
f 609 630 629
f 610 611 631
f 610 631 630
f 611 612 632
f 611 632 631
f 612 613 633
f 612 633 632
f 613 614 634
f 613 634 633
f 614 595 615
f 614 615 634
f 615 616 636
f 615 636 635
f 616 617 637
f 616 637 636
f 617 618 638
f 617 638 637
f 618 619 639
f 618 639 638
f 619 620 640
f 619 640 639
f 620 621 641
f 620 641 640
f 621 622 642
f 621 642 641
f 622 623 643
f 622 643 642
f 623 624 644
f 623 644 643
f 624 625 645
f 624 645 644
f 625 626 646
f 625 646 645
f 626 627 647
f 626 647 646
f 627 628 648
f 627 648 647
f 628 629 649
f 628 649 648
f 629 630 650
f 629 650 649
f 630 631 651
f 630 651 650
f 631 632 652
f 631 652 651
f 632 633 653
f 632 653 652
f 633 634 654
f 633 654 653
f 634 615 635
f 634 635 654
f 635 636 656
f 635 656 655
f 636 637 657
f 636 657 656
f 637 638 658
f 637 658 657
f 638 639 659
f 638 659 658
f 639 640 660
f 639 660 659
f 640 641 661
f 640 661 660
f 641 642 662
f 641 662 661
f 642 643 663
f 642 663 662
f 643 644 664
f 643 664 663
f 644 645 665
f 644 665 664
f 645 646 666
f 645 666 665
f 646 647 667
f 646 667 666
f 647 648 668
f 647 668 667
f 648 649 669
f 648 669 668
f 649 650 670
f 649 670 669
f 650 651 671
f 650 671 670
f 651 652 672
f 651 672 671
f 652 653 673
f 652 673 672
f 653 654 674
f 653 674 673
f 654 635 655
f 654 655 674
f 655 656 676
f 655 676 675
f 656 657 677
f 656 677 676
f 657 658 678
f 657 678 677
f 658 659 679
f 658 679 678
f 659 660 680
f 659 680 679
f 660 661 681
f 660 681 680
f 661 662 682
f 661 682 681
f 662 663 683
f 662 683 682
f 663 664 684
f 663 684 683
f 664 665 685
f 664 685 684
f 665 666 686
f 665 686 685
f 666 667 687
f 666 687 686
f 667 668 688
f 667 688 687
f 668 669 689
f 668 689 688
f 669 670 690
f 669 690 689
f 670 671 691
f 670 691 690
f 671 672 692
f 671 692 691
f 672 673 693
f 672 693 692
f 673 674 694
f 673 694 693
f 674 655 675
f 674 675 694
f 675 676 696
f 675 696 695
f 676 677 697
f 676 697 696
f 677 678 698
f 677 698 697
f 678 679 699
f 678 699 698
f 679 680 700
f 679 700 699
f 680 681 701
f 680 701 700
f 681 682 702
f 681 702 701
f 682 683 703
f 682 703 702
f 683 684 704
f 683 704 703
f 684 685 705
f 684 705 704
f 685 686 706
f 685 706 705
f 686 687 707
f 686 707 706
f 687 688 708
f 687 708 707
f 688 689 709
f 688 709 708
f 689 690 710
f 689 710 709
f 690 691 711
f 690 711 710
f 691 692 712
f 691 712 711
f 692 693 713
f 692 713 712
f 693 694 714
f 693 714 713
f 694 675 695
f 694 695 714
f 695 696 716
f 695 716 715
f 696 697 717
f 696 717 716
f 697 698 718
f 697 718 717
f 698 699 719
f 698 719 718
f 699 700 720
f 699 720 719
f 700 701 721
f 700 721 720
f 701 702 722
f 701 722 721
f 702 703 723
f 702 723 722
f 703 704 724
f 703 724 723
f 704 705 725
f 704 725 724
f 705 706 726
f 705 726 725
f 706 707 727
f 706 727 726
f 707 708 728
f 707 728 727
f 708 709 729
f 708 729 728
f 709 710 730
f 709 730 729
f 710 711 731
f 710 731 730
f 711 712 732
f 711 732 731
f 712 713 733
f 712 733 732
f 713 714 734
f 713 734 733
f 714 695 715
f 714 715 734
f 715 716 736
f 715 736 735
f 716 717 737
f 716 737 736
f 717 718 738
f 717 738 737
f 718 719 739
f 718 739 738
f 719 720 740
f 719 740 739
f 720 721 741
f 720 741 740
f 721 722 742
f 721 742 741
f 722 723 743
f 722 743 742
f 723 724 744
f 723 744 743
f 724 725 745
f 724 745 744
f 725 726 746
f 725 746 745
f 726 727 747
f 726 747 746
f 727 728 748
f 727 748 747
f 728 729 749
f 728 749 748
f 729 730 750
f 729 750 749
f 730 731 751
f 730 751 750
f 731 732 752
f 731 752 751
f 732 733 753
f 732 753 752
f 733 734 754
f 733 754 753
f 734 715 735
f 734 735 754
f 735 736 756
f 735 756 755
f 736 737 757
f 736 757 756
f 737 738 758
f 737 758 757
f 738 739 759
f 738 759 758
f 739 740 760
f 739 760 759
f 740 741 761
f 740 761 760
f 741 742 762
f 741 762 761
f 742 743 763
f 742 763 762
f 743 744 764
f 743 764 763
f 744 745 765
f 744 765 764
f 745 746 766
f 745 766 765
f 746 747 767
f 746 767 766
f 747 748 768
f 747 768 767
f 748 749 769
f 748 769 768
f 749 750 770
f 749 770 769
f 750 751 771
f 750 771 770
f 751 752 772
f 751 772 771
f 752 753 773
f 752 773 772
f 753 754 774
f 753 774 773
f 754 735 755
f 754 755 774
f 755 756 776
f 755 776 775
f 756 757 777
f 756 777 776
f 757 758 778
f 757 778 777
f 758 759 779
f 758 779 778
f 759 760 780
f 759 780 779
f 760 761 781
f 760 781 780
f 761 762 782
f 761 782 781
f 762 763 783
f 762 783 782
f 763 764 784
f 763 784 783
f 764 765 785
f 764 785 784
f 765 766 786
f 765 786 785
f 766 767 787
f 766 787 786
f 767 768 788
f 767 788 787
f 768 769 789
f 768 789 788
f 769 770 790
f 769 790 789
f 770 771 791
f 770 791 790
f 771 772 792
f 771 792 791
f 772 773 793
f 772 793 792
f 773 774 794
f 773 794 793
f 774 755 775
f 774 775 794
f 775 776 796
f 775 796 795
f 776 777 797
f 776 797 796
f 777 778 798
f 777 798 797
f 778 779 799
f 778 799 798
f 779 780 800
f 779 800 799
f 780 781 801
f 780 801 800
f 781 782 802
f 781 802 801
f 782 783 803
f 782 803 802
f 783 784 804
f 783 804 803
f 784 785 805
f 784 805 804
f 785 786 806
f 785 806 805
f 786 787 807
f 786 807 806
f 787 788 808
f 787 808 807
f 788 789 809
f 788 809 808
f 789 790 810
f 789 810 809
f 790 791 811
f 790 811 810
f 791 792 812
f 791 812 811
f 792 793 813
f 792 813 812
f 793 794 814
f 793 814 813
f 794 775 795
f 794 795 814
o L_Knee
g L_Knee
usemtl Deep_Navy
v -0.340000 0.760000 0.130000
v -0.340000 0.760000 0.130000
v -0.340000 0.760000 0.130000
v -0.340000 0.760000 0.130000
v -0.340000 0.760000 0.130000
v -0.340000 0.760000 0.130000
v -0.340000 0.760000 0.130000
v -0.340000 0.760000 0.130000
v -0.340000 0.760000 0.130000
v -0.340000 0.760000 0.130000
v -0.340000 0.760000 0.130000
v -0.340000 0.760000 0.130000
v -0.340000 0.760000 0.130000
v -0.340000 0.760000 0.130000
v -0.340000 0.760000 0.130000
v -0.340000 0.760000 0.130000
v -0.340000 0.760000 0.130000
v -0.340000 0.760000 0.130000
v -0.340000 0.760000 0.130000
v -0.340000 0.760000 0.130000
v -0.238377 0.764315 0.130000
v -0.241250 0.764315 0.174863
v -0.249968 0.764315 0.194781
v -0.264990 0.764315 0.207755
v -0.288054 0.764315 0.215284
v -0.340000 0.764315 0.217765
v -0.391946 0.764315 0.215284
v -0.415010 0.764315 0.207755
v -0.430032 0.764315 0.194781
v -0.438750 0.764315 0.174863
v -0.441623 0.764315 0.130000
v -0.438750 0.764315 0.085137
v -0.430032 0.764315 0.065219
v -0.415010 0.764315 0.052245
v -0.391946 0.764315 0.044716
v -0.340000 0.764315 0.042235
v -0.288054 0.764315 0.044716
v -0.264990 0.764315 0.052245
v -0.249968 0.764315 0.065219
v -0.241250 0.764315 0.085137
v -0.191951 0.777360 0.130000
v -0.196136 0.777360 0.195358
v -0.208837 0.777360 0.224376
v -0.230723 0.777360 0.243277
v -0.264322 0.777360 0.254246
v -0.340000 0.777360 0.257861
v -0.415678 0.777360 0.254246
v -0.449277 0.777360 0.243277
v -0.471163 0.777360 0.224376
v -0.483864 0.777360 0.195358
v -0.488049 0.777360 0.130000
v -0.483864 0.777360 0.064642
v -0.471163 0.777360 0.035624
v -0.449277 0.777360 0.016723
v -0.415678 0.777360 0.005754
v -0.340000 0.777360 0.002139
v -0.264322 0.777360 0.005754
v -0.230723 0.777360 0.016723
v -0.208837 0.777360 0.035624
v -0.196136 0.777360 0.064642
v -0.159526 0.799526 0.130000
v -0.164628 0.799526 0.209672
v -0.180111 0.799526 0.245046
v -0.206789 0.799526 0.268086
v -0.247748 0.799526 0.281458
v -0.340000 0.799526 0.285864
v -0.432252 0.799526 0.281458
v -0.473211 0.799526 0.268086
v -0.499889 0.799526 0.245046
v -0.515372 0.799526 0.209672
v -0.520474 0.799526 0.130000
v -0.515372 0.799526 0.050328
v -0.499889 0.799526 0.014954
v -0.473211 0.799526 -0.008086
v -0.432252 0.799526 -0.021458
v -0.340000 0.799526 -0.025864
v -0.247748 0.799526 -0.021458
v -0.206789 0.799526 -0.008086
v -0.180111 0.799526 0.014954
v -0.164628 0.799526 0.050328
v -0.137360 0.831951 0.130000
v -0.143088 0.831951 0.219458
v -0.160473 0.831951 0.259176
v -0.190428 0.831951 0.285046
v -0.236417 0.831951 0.300060
v -0.340000 0.831951 0.305008
v -0.443583 0.831951 0.300060
v -0.489572 0.831951 0.285046
v -0.519527 0.831951 0.259176
v -0.536912 0.831951 0.219458
v -0.542640 0.831951 0.130000
v -0.536912 0.831951 0.040542
v -0.519527 0.831951 0.000824
v -0.489572 0.831951 -0.025046
v -0.443583 0.831951 -0.040060
v -0.340000 0.831951 -0.045008
v -0.236417 0.831951 -0.040060
v -0.190428 0.831951 -0.025046
v -0.160473 0.831951 0.000824
v -0.143088 0.831951 0.040542
v -0.124315 0.878377 0.130000
v -0.130412 0.878377 0.225216
v -0.148916 0.878377 0.267491
v -0.180800 0.878377 0.295027
v -0.229750 0.878377 0.311007
v -0.340000 0.878377 0.316273
v -0.450250 0.878377 0.311007
v -0.499200 0.878377 0.295027
v -0.531084 0.878377 0.267491
v -0.549588 0.878377 0.225216
v -0.555685 0.878377 0.130000
v -0.549588 0.878377 0.034784
v -0.531084 0.878377 -0.007491
v -0.499200 0.878377 -0.035027
v -0.450250 0.878377 -0.051007
v -0.340000 0.878377 -0.056273
v -0.229750 0.878377 -0.051007
v -0.180800 0.878377 -0.035027
v -0.148916 0.878377 -0.007491
v -0.130412 0.878377 0.034784
v -0.120000 0.980000 0.130000
v -0.126219 0.980000 0.227121
v -0.145093 0.980000 0.270242
v -0.177614 0.980000 0.298329
v -0.227544 0.980000 0.314629
v -0.340000 0.980000 0.320000
v -0.452456 0.980000 0.314629
v -0.502386 0.980000 0.298329
v -0.534907 0.980000 0.270242
v -0.553781 0.980000 0.227121
v -0.560000 0.980000 0.130000
v -0.553781 0.980000 0.032879
v -0.534907 0.980000 -0.010242
v -0.502386 0.980000 -0.038329
v -0.452456 0.980000 -0.054629
v -0.340000 0.980000 -0.060000
v -0.227544 0.980000 -0.054629
v -0.177614 0.980000 -0.038329
v -0.145093 0.980000 -0.010242
v -0.126219 0.980000 0.032879
v -0.124315 1.081623 0.130000
v -0.130412 1.081623 0.225216
v -0.148916 1.081623 0.267491
v -0.180800 1.081623 0.295027
v -0.229750 1.081623 0.311007
v -0.340000 1.081623 0.316273
v -0.450250 1.081623 0.311007
v -0.499200 1.081623 0.295027
v -0.531084 1.081623 0.267491
v -0.549588 1.081623 0.225216
v -0.555685 1.081623 0.130000
v -0.549588 1.081623 0.034784
v -0.531084 1.081623 -0.007491
v -0.499200 1.081623 -0.035027
v -0.450250 1.081623 -0.051007
v -0.340000 1.081623 -0.056273
v -0.229750 1.081623 -0.051007
v -0.180800 1.081623 -0.035027
v -0.148916 1.081623 -0.007491
v -0.130412 1.081623 0.034784
v -0.137360 1.128049 0.130000
v -0.143088 1.128049 0.219458
v -0.160473 1.128049 0.259176
v -0.190428 1.128049 0.285046
v -0.236417 1.128049 0.300060
v -0.340000 1.128049 0.305008
v -0.443583 1.128049 0.300060
v -0.489572 1.128049 0.285046
v -0.519527 1.128049 0.259176
v -0.536912 1.128049 0.219458
v -0.542640 1.128049 0.130000
v -0.536912 1.128049 0.040542
v -0.519527 1.128049 0.000824
v -0.489572 1.128049 -0.025046
v -0.443583 1.128049 -0.040060
v -0.340000 1.128049 -0.045008
v -0.236417 1.128049 -0.040060
v -0.190428 1.128049 -0.025046
v -0.160473 1.128049 0.000824
v -0.143088 1.128049 0.040542
v -0.159526 1.160474 0.130000
v -0.164628 1.160474 0.209672
v -0.180111 1.160474 0.245046
v -0.206789 1.160474 0.268086
v -0.247748 1.160474 0.281458
v -0.340000 1.160474 0.285864
v -0.432252 1.160474 0.281458
v -0.473211 1.160474 0.268086
v -0.499889 1.160474 0.245046
v -0.515372 1.160474 0.209672
v -0.520474 1.160474 0.130000
v -0.515372 1.160474 0.050328
v -0.499889 1.160474 0.014954
v -0.473211 1.160474 -0.008086
v -0.432252 1.160474 -0.021458
v -0.340000 1.160474 -0.025864
v -0.247748 1.160474 -0.021458
v -0.206789 1.160474 -0.008086
v -0.180111 1.160474 0.014954
v -0.164628 1.160474 0.050328
v -0.191951 1.182640 0.130000
v -0.196136 1.182640 0.195358
v -0.208837 1.182640 0.224376
v -0.230723 1.182640 0.243277
v -0.264322 1.182640 0.254246
v -0.340000 1.182640 0.257861
v -0.415678 1.182640 0.254246
v -0.449277 1.182640 0.243277
v -0.471163 1.182640 0.224376
v -0.483864 1.182640 0.195358
v -0.488049 1.182640 0.130000
v -0.483864 1.182640 0.064642
v -0.471163 1.182640 0.035624
v -0.449277 1.182640 0.016723
v -0.415678 1.182640 0.005754
v -0.340000 1.182640 0.002139
v -0.264322 1.182640 0.005754
v -0.230723 1.182640 0.016723
v -0.208837 1.182640 0.035624
v -0.196136 1.182640 0.064642
v -0.238377 1.195685 0.130000
v -0.241250 1.195685 0.174863
v -0.249968 1.195685 0.194781
v -0.264990 1.195685 0.207755
v -0.288054 1.195685 0.215284
v -0.340000 1.195685 0.217765
v -0.391946 1.195685 0.215284
v -0.415010 1.195685 0.207755
v -0.430032 1.195685 0.194781
v -0.438750 1.195685 0.174863
v -0.441623 1.195685 0.130000
v -0.438750 1.195685 0.085137
v -0.430032 1.195685 0.065219
v -0.415010 1.195685 0.052245
v -0.391946 1.195685 0.044716
v -0.340000 1.195685 0.042235
v -0.288054 1.195685 0.044716
v -0.264990 1.195685 0.052245
v -0.249968 1.195685 0.065219
v -0.241250 1.195685 0.085137
v -0.340000 1.200000 0.130000
v -0.340000 1.200000 0.130000
v -0.340000 1.200000 0.130000
v -0.340000 1.200000 0.130000
v -0.340000 1.200000 0.130000
v -0.340000 1.200000 0.130000
v -0.340000 1.200000 0.130000
v -0.340000 1.200000 0.130000
v -0.340000 1.200000 0.130000
v -0.340000 1.200000 0.130000
v -0.340000 1.200000 0.130000
v -0.340000 1.200000 0.130000
v -0.340000 1.200000 0.130000
v -0.340000 1.200000 0.130000
v -0.340000 1.200000 0.130000
v -0.340000 1.200000 0.130000
v -0.340000 1.200000 0.130000
v -0.340000 1.200000 0.130000
v -0.340000 1.200000 0.130000
v -0.340000 1.200000 0.130000
f 815 816 836
f 815 836 835
f 816 817 837
f 816 837 836
f 817 818 838
f 817 838 837
f 818 819 839
f 818 839 838
f 819 820 840
f 819 840 839
f 820 821 841
f 820 841 840
f 821 822 842
f 821 842 841
f 822 823 843
f 822 843 842
f 823 824 844
f 823 844 843
f 824 825 845
f 824 845 844
f 825 826 846
f 825 846 845
f 826 827 847
f 826 847 846
f 827 828 848
f 827 848 847
f 828 829 849
f 828 849 848
f 829 830 850
f 829 850 849
f 830 831 851
f 830 851 850
f 831 832 852
f 831 852 851
f 832 833 853
f 832 853 852
f 833 834 854
f 833 854 853
f 834 815 835
f 834 835 854
f 835 836 856
f 835 856 855
f 836 837 857
f 836 857 856
f 837 838 858
f 837 858 857
f 838 839 859
f 838 859 858
f 839 840 860
f 839 860 859
f 840 841 861
f 840 861 860
f 841 842 862
f 841 862 861
f 842 843 863
f 842 863 862
f 843 844 864
f 843 864 863
f 844 845 865
f 844 865 864
f 845 846 866
f 845 866 865
f 846 847 867
f 846 867 866
f 847 848 868
f 847 868 867
f 848 849 869
f 848 869 868
f 849 850 870
f 849 870 869
f 850 851 871
f 850 871 870
f 851 852 872
f 851 872 871
f 852 853 873
f 852 873 872
f 853 854 874
f 853 874 873
f 854 835 855
f 854 855 874
f 855 856 876
f 855 876 875
f 856 857 877
f 856 877 876
f 857 858 878
f 857 878 877
f 858 859 879
f 858 879 878
f 859 860 880
f 859 880 879
f 860 861 881
f 860 881 880
f 861 862 882
f 861 882 881
f 862 863 883
f 862 883 882
f 863 864 884
f 863 884 883
f 864 865 885
f 864 885 884
f 865 866 886
f 865 886 885
f 866 867 887
f 866 887 886
f 867 868 888
f 867 888 887
f 868 869 889
f 868 889 888
f 869 870 890
f 869 890 889
f 870 871 891
f 870 891 890
f 871 872 892
f 871 892 891
f 872 873 893
f 872 893 892
f 873 874 894
f 873 894 893
f 874 855 875
f 874 875 894
f 875 876 896
f 875 896 895
f 876 877 897
f 876 897 896
f 877 878 898
f 877 898 897
f 878 879 899
f 878 899 898
f 879 880 900
f 879 900 899
f 880 881 901
f 880 901 900
f 881 882 902
f 881 902 901
f 882 883 903
f 882 903 902
f 883 884 904
f 883 904 903
f 884 885 905
f 884 905 904
f 885 886 906
f 885 906 905
f 886 887 907
f 886 907 906
f 887 888 908
f 887 908 907
f 888 889 909
f 888 909 908
f 889 890 910
f 889 910 909
f 890 891 911
f 890 911 910
f 891 892 912
f 891 912 911
f 892 893 913
f 892 913 912
f 893 894 914
f 893 914 913
f 894 875 895
f 894 895 914
f 895 896 916
f 895 916 915
f 896 897 917
f 896 917 916
f 897 898 918
f 897 918 917
f 898 899 919
f 898 919 918
f 899 900 920
f 899 920 919
f 900 901 921
f 900 921 920
f 901 902 922
f 901 922 921
f 902 903 923
f 902 923 922
f 903 904 924
f 903 924 923
f 904 905 925
f 904 925 924
f 905 906 926
f 905 926 925
f 906 907 927
f 906 927 926
f 907 908 928
f 907 928 927
f 908 909 929
f 908 929 928
f 909 910 930
f 909 930 929
f 910 911 931
f 910 931 930
f 911 912 932
f 911 932 931
f 912 913 933
f 912 933 932
f 913 914 934
f 913 934 933
f 914 895 915
f 914 915 934
f 915 916 936
f 915 936 935
f 916 917 937
f 916 937 936
f 917 918 938
f 917 938 937
f 918 919 939
f 918 939 938
f 919 920 940
f 919 940 939
f 920 921 941
f 920 941 940
f 921 922 942
f 921 942 941
f 922 923 943
f 922 943 942
f 923 924 944
f 923 944 943
f 924 925 945
f 924 945 944
f 925 926 946
f 925 946 945
f 926 927 947
f 926 947 946
f 927 928 948
f 927 948 947
f 928 929 949
f 928 949 948
f 929 930 950
f 929 950 949
f 930 931 951
f 930 951 950
f 931 932 952
f 931 952 951
f 932 933 953
f 932 953 952
f 933 934 954
f 933 954 953
f 934 915 935
f 934 935 954
f 935 936 956
f 935 956 955
f 936 937 957
f 936 957 956
f 937 938 958
f 937 958 957
f 938 939 959
f 938 959 958
f 939 940 960
f 939 960 959
f 940 941 961
f 940 961 960
f 941 942 962
f 941 962 961
f 942 943 963
f 942 963 962
f 943 944 964
f 943 964 963
f 944 945 965
f 944 965 964
f 945 946 966
f 945 966 965
f 946 947 967
f 946 967 966
f 947 948 968
f 947 968 967
f 948 949 969
f 948 969 968
f 949 950 970
f 949 970 969
f 950 951 971
f 950 971 970
f 951 952 972
f 951 972 971
f 952 953 973
f 952 973 972
f 953 954 974
f 953 974 973
f 954 935 955
f 954 955 974
f 955 956 976
f 955 976 975
f 956 957 977
f 956 977 976
f 957 958 978
f 957 978 977
f 958 959 979
f 958 979 978
f 959 960 980
f 959 980 979
f 960 961 981
f 960 981 980
f 961 962 982
f 961 982 981
f 962 963 983
f 962 983 982
f 963 964 984
f 963 984 983
f 964 965 985
f 964 985 984
f 965 966 986
f 965 986 985
f 966 967 987
f 966 987 986
f 967 968 988
f 967 988 987
f 968 969 989
f 968 989 988
f 969 970 990
f 969 990 989
f 970 971 991
f 970 991 990
f 971 972 992
f 971 992 991
f 972 973 993
f 972 993 992
f 973 974 994
f 973 994 993
f 974 955 975
f 974 975 994
f 975 976 996
f 975 996 995
f 976 977 997
f 976 997 996
f 977 978 998
f 977 998 997
f 978 979 999
f 978 999 998
f 979 980 1000
f 979 1000 999
f 980 981 1001
f 980 1001 1000
f 981 982 1002
f 981 1002 1001
f 982 983 1003
f 982 1003 1002
f 983 984 1004
f 983 1004 1003
f 984 985 1005
f 984 1005 1004
f 985 986 1006
f 985 1006 1005
f 986 987 1007
f 986 1007 1006
f 987 988 1008
f 987 1008 1007
f 988 989 1009
f 988 1009 1008
f 989 990 1010
f 989 1010 1009
f 990 991 1011
f 990 1011 1010
f 991 992 1012
f 991 1012 1011
f 992 993 1013
f 992 1013 1012
f 993 994 1014
f 993 1014 1013
f 994 975 995
f 994 995 1014
f 995 996 1016
f 995 1016 1015
f 996 997 1017
f 996 1017 1016
f 997 998 1018
f 997 1018 1017
f 998 999 1019
f 998 1019 1018
f 999 1000 1020
f 999 1020 1019
f 1000 1001 1021
f 1000 1021 1020
f 1001 1002 1022
f 1001 1022 1021
f 1002 1003 1023
f 1002 1023 1022
f 1003 1004 1024
f 1003 1024 1023
f 1004 1005 1025
f 1004 1025 1024
f 1005 1006 1026
f 1005 1026 1025
f 1006 1007 1027
f 1006 1027 1026
f 1007 1008 1028
f 1007 1028 1027
f 1008 1009 1029
f 1008 1029 1028
f 1009 1010 1030
f 1009 1030 1029
f 1010 1011 1031
f 1010 1031 1030
f 1011 1012 1032
f 1011 1032 1031
f 1012 1013 1033
f 1012 1033 1032
f 1013 1014 1034
f 1013 1034 1033
f 1014 995 1015
f 1014 1015 1034
f 1015 1016 1036
f 1015 1036 1035
f 1016 1017 1037
f 1016 1037 1036
f 1017 1018 1038
f 1017 1038 1037
f 1018 1019 1039
f 1018 1039 1038
f 1019 1020 1040
f 1019 1040 1039
f 1020 1021 1041
f 1020 1041 1040
f 1021 1022 1042
f 1021 1042 1041
f 1022 1023 1043
f 1022 1043 1042
f 1023 1024 1044
f 1023 1044 1043
f 1024 1025 1045
f 1024 1045 1044
f 1025 1026 1046
f 1025 1046 1045
f 1026 1027 1047
f 1026 1047 1046
f 1027 1028 1048
f 1027 1048 1047
f 1028 1029 1049
f 1028 1049 1048
f 1029 1030 1050
f 1029 1050 1049
f 1030 1031 1051
f 1030 1051 1050
f 1031 1032 1052
f 1031 1052 1051
f 1032 1033 1053
f 1032 1053 1052
f 1033 1034 1054
f 1033 1054 1053
f 1034 1015 1035
f 1034 1035 1054
f 1035 1036 1056
f 1035 1056 1055
f 1036 1037 1057
f 1036 1057 1056
f 1037 1038 1058
f 1037 1058 1057
f 1038 1039 1059
f 1038 1059 1058
f 1039 1040 1060
f 1039 1060 1059
f 1040 1041 1061
f 1040 1061 1060
f 1041 1042 1062
f 1041 1062 1061
f 1042 1043 1063
f 1042 1063 1062
f 1043 1044 1064
f 1043 1064 1063
f 1044 1045 1065
f 1044 1065 1064
f 1045 1046 1066
f 1045 1066 1065
f 1046 1047 1067
f 1046 1067 1066
f 1047 1048 1068
f 1047 1068 1067
f 1048 1049 1069
f 1048 1069 1068
f 1049 1050 1070
f 1049 1070 1069
f 1050 1051 1071
f 1050 1071 1070
f 1051 1052 1072
f 1051 1072 1071
f 1052 1053 1073
f 1052 1073 1072
f 1053 1054 1074
f 1053 1074 1073
f 1054 1035 1055
f 1054 1055 1074
o L_Knee_Cap
g L_Knee_Cap
usemtl Bastion_Yellow
v -0.340000 0.840000 0.290000
v -0.340000 0.840000 0.290000
v -0.340000 0.840000 0.290000
v -0.340000 0.840000 0.290000
v -0.340000 0.840000 0.290000
v -0.340000 0.840000 0.290000
v -0.340000 0.840000 0.290000
v -0.340000 0.840000 0.290000
v -0.340000 0.840000 0.290000
v -0.340000 0.840000 0.290000
v -0.340000 0.840000 0.290000
v -0.340000 0.840000 0.290000
v -0.340000 0.840000 0.290000
v -0.340000 0.840000 0.290000
v -0.340000 0.840000 0.290000
v -0.340000 0.840000 0.290000
v -0.340000 0.840000 0.290000
v -0.340000 0.840000 0.290000
v -0.340000 0.840000 0.290000
v -0.340000 0.840000 0.290000
v -0.258601 0.842750 0.290000
v -0.260618 0.842750 0.309796
v -0.266786 0.842750 0.317303
v -0.277594 0.842750 0.322031
v -0.294751 0.842750 0.324730
v -0.340000 0.842750 0.325612
v -0.385249 0.842750 0.324730
v -0.402406 0.842750 0.322031
v -0.413214 0.842750 0.317303
v -0.419382 0.842750 0.309796
v -0.421399 0.842750 0.290000
v -0.419382 0.842750 0.270204
v -0.413214 0.842750 0.262697
v -0.402406 0.842750 0.257969
v -0.385249 0.842750 0.255270
v -0.340000 0.842750 0.254388
v -0.294751 0.842750 0.255270
v -0.277594 0.842750 0.257969
v -0.266786 0.842750 0.262697
v -0.260618 0.842750 0.270204
v -0.226863 0.851103 0.290000
v -0.229666 0.851103 0.317515
v -0.238238 0.851103 0.327948
v -0.253261 0.851103 0.334521
v -0.277108 0.851103 0.338271
v -0.340000 0.851103 0.339497
v -0.402892 0.851103 0.338271
v -0.426739 0.851103 0.334521
v -0.441762 0.851103 0.327948
v -0.450334 0.851103 0.317515
v -0.453137 0.851103 0.290000
v -0.450334 0.851103 0.262485
v -0.441762 0.851103 0.252052
v -0.426739 0.851103 0.245479
v -0.402892 0.851103 0.241729
v -0.340000 0.851103 0.240503
v -0.277108 0.851103 0.241729
v -0.253261 0.851103 0.245479
v -0.238238 0.851103 0.252052
v -0.229666 0.851103 0.262485
v -0.205457 0.865457 0.290000
v -0.208790 0.865457 0.322721
v -0.218984 0.865457 0.335128
v -0.236849 0.865457 0.342944
v -0.265208 0.865457 0.347404
v -0.340000 0.865457 0.348863
v -0.414792 0.865457 0.347404
v -0.443151 0.865457 0.342944
v -0.461016 0.865457 0.335128
v -0.471210 0.865457 0.322721
v -0.474543 0.865457 0.290000
v -0.471210 0.865457 0.257279
v -0.461016 0.865457 0.244872
v -0.443151 0.865457 0.237056
v -0.414792 0.865457 0.232596
v -0.340000 0.865457 0.231137
v -0.265208 0.865457 0.232596
v -0.236849 0.865457 0.237056
v -0.218984 0.865457 0.244872
v -0.208790 0.865457 0.257279
v -0.191103 0.886863 0.290000
v -0.194793 0.886863 0.326212
v -0.206074 0.886863 0.339943
v -0.225845 0.886863 0.348593
v -0.257229 0.886863 0.353528
v -0.340000 0.886863 0.355142
v -0.422771 0.886863 0.353528
v -0.454155 0.886863 0.348593
v -0.473926 0.886863 0.339943
v -0.485207 0.886863 0.326212
v -0.488897 0.886863 0.290000
v -0.485207 0.886863 0.253788
v -0.473926 0.886863 0.240057
v -0.454155 0.886863 0.231407
v -0.422771 0.886863 0.226472
v -0.340000 0.886863 0.224858
v -0.257229 0.886863 0.226472
v -0.225845 0.886863 0.231407
v -0.206074 0.886863 0.240057
v -0.194793 0.886863 0.253788
v -0.182750 0.918601 0.290000
v -0.186646 0.918601 0.328244
v -0.198561 0.918601 0.342745
v -0.219441 0.918601 0.351880
v -0.252586 0.918601 0.357092
v -0.340000 0.918601 0.358797
v -0.427414 0.918601 0.357092
v -0.460559 0.918601 0.351880
v -0.481439 0.918601 0.342745
v -0.493354 0.918601 0.328244
v -0.497250 0.918601 0.290000
v -0.493354 0.918601 0.251756
v -0.481439 0.918601 0.237255
v -0.460559 0.918601 0.228120
v -0.427414 0.918601 0.222908
v -0.340000 0.918601 0.221203
v -0.252586 0.918601 0.222908
v -0.219441 0.918601 0.228120
v -0.198561 0.918601 0.237255
v -0.186646 0.918601 0.251756
v -0.180000 1.000000 0.290000
v -0.183965 1.000000 0.328913
v -0.196087 1.000000 0.343667
v -0.217333 1.000000 0.352962
v -0.251057 1.000000 0.358265
v -0.340000 1.000000 0.360000
v -0.428943 1.000000 0.358265
v -0.462667 1.000000 0.352962
v -0.483913 1.000000 0.343667
v -0.496035 1.000000 0.328913
v -0.500000 1.000000 0.290000
v -0.496035 1.000000 0.251087
v -0.483913 1.000000 0.236333
v -0.462667 1.000000 0.227038
v -0.428943 1.000000 0.221735
v -0.340000 1.000000 0.220000
v -0.251057 1.000000 0.221735
v -0.217333 1.000000 0.227038
v -0.196087 1.000000 0.236333
v -0.183965 1.000000 0.251087
v -0.182750 1.081399 0.290000
v -0.186646 1.081399 0.328244
v -0.198561 1.081399 0.342745
v -0.219441 1.081399 0.351880
v -0.252586 1.081399 0.357092
v -0.340000 1.081399 0.358797
v -0.427414 1.081399 0.357092
v -0.460559 1.081399 0.351880
v -0.481439 1.081399 0.342745
v -0.493354 1.081399 0.328244
v -0.497250 1.081399 0.290000
v -0.493354 1.081399 0.251756
v -0.481439 1.081399 0.237255
v -0.460559 1.081399 0.228120
v -0.427414 1.081399 0.222908
v -0.340000 1.081399 0.221203
v -0.252586 1.081399 0.222908
v -0.219441 1.081399 0.228120
v -0.198561 1.081399 0.237255
v -0.186646 1.081399 0.251756
v -0.191103 1.113137 0.290000
v -0.194793 1.113137 0.326212
v -0.206074 1.113137 0.339943
v -0.225845 1.113137 0.348593
v -0.257229 1.113137 0.353528
v -0.340000 1.113137 0.355142
v -0.422771 1.113137 0.353528
v -0.454155 1.113137 0.348593
v -0.473926 1.113137 0.339943
v -0.485207 1.113137 0.326212
v -0.488897 1.113137 0.290000
v -0.485207 1.113137 0.253788
v -0.473926 1.113137 0.240057
v -0.454155 1.113137 0.231407
v -0.422771 1.113137 0.226472
v -0.340000 1.113137 0.224858
v -0.257229 1.113137 0.226472
v -0.225845 1.113137 0.231407
v -0.206074 1.113137 0.240057
v -0.194793 1.113137 0.253788
v -0.205457 1.134543 0.290000
v -0.208790 1.134543 0.322721
v -0.218984 1.134543 0.335128
v -0.236849 1.134543 0.342944
v -0.265208 1.134543 0.347404
v -0.340000 1.134543 0.348863
v -0.414792 1.134543 0.347404
v -0.443151 1.134543 0.342944
v -0.461016 1.134543 0.335128
v -0.471210 1.134543 0.322721
v -0.474543 1.134543 0.290000
v -0.471210 1.134543 0.257279
v -0.461016 1.134543 0.244872
v -0.443151 1.134543 0.237056
v -0.414792 1.134543 0.232596
v -0.340000 1.134543 0.231137
v -0.265208 1.134543 0.232596
v -0.236849 1.134543 0.237056
v -0.218984 1.134543 0.244872
v -0.208790 1.134543 0.257279
v -0.226863 1.148897 0.290000
v -0.229666 1.148897 0.317515
v -0.238238 1.148897 0.327948
v -0.253261 1.148897 0.334521
v -0.277108 1.148897 0.338271
v -0.340000 1.148897 0.339497
v -0.402892 1.148897 0.338271
v -0.426739 1.148897 0.334521
v -0.441762 1.148897 0.327948
v -0.450334 1.148897 0.317515
v -0.453137 1.148897 0.290000
v -0.450334 1.148897 0.262485
v -0.441762 1.148897 0.252052
v -0.426739 1.148897 0.245479
v -0.402892 1.148897 0.241729
v -0.340000 1.148897 0.240503
v -0.277108 1.148897 0.241729
v -0.253261 1.148897 0.245479
v -0.238238 1.148897 0.252052
v -0.229666 1.148897 0.262485
v -0.258601 1.157250 0.290000
v -0.260618 1.157250 0.309796
v -0.266786 1.157250 0.317303
v -0.277594 1.157250 0.322031
v -0.294751 1.157250 0.324730
v -0.340000 1.157250 0.325612
v -0.385249 1.157250 0.324730
v -0.402406 1.157250 0.322031
v -0.413214 1.157250 0.317303
v -0.419382 1.157250 0.309796
v -0.421399 1.157250 0.290000
v -0.419382 1.157250 0.270204
v -0.413214 1.157250 0.262697
v -0.402406 1.157250 0.257969
v -0.385249 1.157250 0.255270
v -0.340000 1.157250 0.254388
v -0.294751 1.157250 0.255270
v -0.277594 1.157250 0.257969
v -0.266786 1.157250 0.262697
v -0.260618 1.157250 0.270204
v -0.340000 1.160000 0.290000
v -0.340000 1.160000 0.290000
v -0.340000 1.160000 0.290000
v -0.340000 1.160000 0.290000
v -0.340000 1.160000 0.290000
v -0.340000 1.160000 0.290000
v -0.340000 1.160000 0.290000
v -0.340000 1.160000 0.290000
v -0.340000 1.160000 0.290000
v -0.340000 1.160000 0.290000
v -0.340000 1.160000 0.290000
v -0.340000 1.160000 0.290000
v -0.340000 1.160000 0.290000
v -0.340000 1.160000 0.290000
v -0.340000 1.160000 0.290000
v -0.340000 1.160000 0.290000
v -0.340000 1.160000 0.290000
v -0.340000 1.160000 0.290000
v -0.340000 1.160000 0.290000
v -0.340000 1.160000 0.290000
f 1075 1076 1096
f 1075 1096 1095
f 1076 1077 1097
f 1076 1097 1096
f 1077 1078 1098
f 1077 1098 1097
f 1078 1079 1099
f 1078 1099 1098
f 1079 1080 1100
f 1079 1100 1099
f 1080 1081 1101
f 1080 1101 1100
f 1081 1082 1102
f 1081 1102 1101
f 1082 1083 1103
f 1082 1103 1102
f 1083 1084 1104
f 1083 1104 1103
f 1084 1085 1105
f 1084 1105 1104
f 1085 1086 1106
f 1085 1106 1105
f 1086 1087 1107
f 1086 1107 1106
f 1087 1088 1108
f 1087 1108 1107
f 1088 1089 1109
f 1088 1109 1108
f 1089 1090 1110
f 1089 1110 1109
f 1090 1091 1111
f 1090 1111 1110
f 1091 1092 1112
f 1091 1112 1111
f 1092 1093 1113
f 1092 1113 1112
f 1093 1094 1114
f 1093 1114 1113
f 1094 1075 1095
f 1094 1095 1114
f 1095 1096 1116
f 1095 1116 1115
f 1096 1097 1117
f 1096 1117 1116
f 1097 1098 1118
f 1097 1118 1117
f 1098 1099 1119
f 1098 1119 1118
f 1099 1100 1120
f 1099 1120 1119
f 1100 1101 1121
f 1100 1121 1120
f 1101 1102 1122
f 1101 1122 1121
f 1102 1103 1123
f 1102 1123 1122
f 1103 1104 1124
f 1103 1124 1123
f 1104 1105 1125
f 1104 1125 1124
f 1105 1106 1126
f 1105 1126 1125
f 1106 1107 1127
f 1106 1127 1126
f 1107 1108 1128
f 1107 1128 1127
f 1108 1109 1129
f 1108 1129 1128
f 1109 1110 1130
f 1109 1130 1129
f 1110 1111 1131
f 1110 1131 1130
f 1111 1112 1132
f 1111 1132 1131
f 1112 1113 1133
f 1112 1133 1132
f 1113 1114 1134
f 1113 1134 1133
f 1114 1095 1115
f 1114 1115 1134
f 1115 1116 1136
f 1115 1136 1135
f 1116 1117 1137
f 1116 1137 1136
f 1117 1118 1138
f 1117 1138 1137
f 1118 1119 1139
f 1118 1139 1138
f 1119 1120 1140
f 1119 1140 1139
f 1120 1121 1141
f 1120 1141 1140
f 1121 1122 1142
f 1121 1142 1141
f 1122 1123 1143
f 1122 1143 1142
f 1123 1124 1144
f 1123 1144 1143
f 1124 1125 1145
f 1124 1145 1144
f 1125 1126 1146
f 1125 1146 1145
f 1126 1127 1147
f 1126 1147 1146
f 1127 1128 1148
f 1127 1148 1147
f 1128 1129 1149
f 1128 1149 1148
f 1129 1130 1150
f 1129 1150 1149
f 1130 1131 1151
f 1130 1151 1150
f 1131 1132 1152
f 1131 1152 1151
f 1132 1133 1153
f 1132 1153 1152
f 1133 1134 1154
f 1133 1154 1153
f 1134 1115 1135
f 1134 1135 1154
f 1135 1136 1156
f 1135 1156 1155
f 1136 1137 1157
f 1136 1157 1156
f 1137 1138 1158
f 1137 1158 1157
f 1138 1139 1159
f 1138 1159 1158
f 1139 1140 1160
f 1139 1160 1159
f 1140 1141 1161
f 1140 1161 1160
f 1141 1142 1162
f 1141 1162 1161
f 1142 1143 1163
f 1142 1163 1162
f 1143 1144 1164
f 1143 1164 1163
f 1144 1145 1165
f 1144 1165 1164
f 1145 1146 1166
f 1145 1166 1165
f 1146 1147 1167
f 1146 1167 1166
f 1147 1148 1168
f 1147 1168 1167
f 1148 1149 1169
f 1148 1169 1168
f 1149 1150 1170
f 1149 1170 1169
f 1150 1151 1171
f 1150 1171 1170
f 1151 1152 1172
f 1151 1172 1171
f 1152 1153 1173
f 1152 1173 1172
f 1153 1154 1174
f 1153 1174 1173
f 1154 1135 1155
f 1154 1155 1174
f 1155 1156 1176
f 1155 1176 1175
f 1156 1157 1177
f 1156 1177 1176
f 1157 1158 1178
f 1157 1178 1177
f 1158 1159 1179
f 1158 1179 1178
f 1159 1160 1180
f 1159 1180 1179
f 1160 1161 1181
f 1160 1181 1180
f 1161 1162 1182
f 1161 1182 1181
f 1162 1163 1183
f 1162 1183 1182
f 1163 1164 1184
f 1163 1184 1183
f 1164 1165 1185
f 1164 1185 1184
f 1165 1166 1186
f 1165 1186 1185
f 1166 1167 1187
f 1166 1187 1186
f 1167 1168 1188
f 1167 1188 1187
f 1168 1169 1189
f 1168 1189 1188
f 1169 1170 1190
f 1169 1190 1189
f 1170 1171 1191
f 1170 1191 1190
f 1171 1172 1192
f 1171 1192 1191
f 1172 1173 1193
f 1172 1193 1192
f 1173 1174 1194
f 1173 1194 1193
f 1174 1155 1175
f 1174 1175 1194
f 1175 1176 1196
f 1175 1196 1195
f 1176 1177 1197
f 1176 1197 1196
f 1177 1178 1198
f 1177 1198 1197
f 1178 1179 1199
f 1178 1199 1198
f 1179 1180 1200
f 1179 1200 1199
f 1180 1181 1201
f 1180 1201 1200
f 1181 1182 1202
f 1181 1202 1201
f 1182 1183 1203
f 1182 1203 1202
f 1183 1184 1204
f 1183 1204 1203
f 1184 1185 1205
f 1184 1205 1204
f 1185 1186 1206
f 1185 1206 1205
f 1186 1187 1207
f 1186 1207 1206
f 1187 1188 1208
f 1187 1208 1207
f 1188 1189 1209
f 1188 1209 1208
f 1189 1190 1210
f 1189 1210 1209
f 1190 1191 1211
f 1190 1211 1210
f 1191 1192 1212
f 1191 1212 1211
f 1192 1193 1213
f 1192 1213 1212
f 1193 1194 1214
f 1193 1214 1213
f 1194 1175 1195
f 1194 1195 1214
f 1195 1196 1216
f 1195 1216 1215
f 1196 1197 1217
f 1196 1217 1216
f 1197 1198 1218
f 1197 1218 1217
f 1198 1199 1219
f 1198 1219 1218
f 1199 1200 1220
f 1199 1220 1219
f 1200 1201 1221
f 1200 1221 1220
f 1201 1202 1222
f 1201 1222 1221
f 1202 1203 1223
f 1202 1223 1222
f 1203 1204 1224
f 1203 1224 1223
f 1204 1205 1225
f 1204 1225 1224
f 1205 1206 1226
f 1205 1226 1225
f 1206 1207 1227
f 1206 1227 1226
f 1207 1208 1228
f 1207 1228 1227
f 1208 1209 1229
f 1208 1229 1228
f 1209 1210 1230
f 1209 1230 1229
f 1210 1211 1231
f 1210 1231 1230
f 1211 1212 1232
f 1211 1232 1231
f 1212 1213 1233
f 1212 1233 1232
f 1213 1214 1234
f 1213 1234 1233
f 1214 1195 1215
f 1214 1215 1234
f 1215 1216 1236
f 1215 1236 1235
f 1216 1217 1237
f 1216 1237 1236
f 1217 1218 1238
f 1217 1238 1237
f 1218 1219 1239
f 1218 1239 1238
f 1219 1220 1240
f 1219 1240 1239
f 1220 1221 1241
f 1220 1241 1240
f 1221 1222 1242
f 1221 1242 1241
f 1222 1223 1243
f 1222 1243 1242
f 1223 1224 1244
f 1223 1244 1243
f 1224 1225 1245
f 1224 1245 1244
f 1225 1226 1246
f 1225 1246 1245
f 1226 1227 1247
f 1226 1247 1246
f 1227 1228 1248
f 1227 1248 1247
f 1228 1229 1249
f 1228 1249 1248
f 1229 1230 1250
f 1229 1250 1249
f 1230 1231 1251
f 1230 1251 1250
f 1231 1232 1252
f 1231 1252 1251
f 1232 1233 1253
f 1232 1253 1252
f 1233 1234 1254
f 1233 1254 1253
f 1234 1215 1235
f 1234 1235 1254
f 1235 1236 1256
f 1235 1256 1255
f 1236 1237 1257
f 1236 1257 1256
f 1237 1238 1258
f 1237 1258 1257
f 1238 1239 1259
f 1238 1259 1258
f 1239 1240 1260
f 1239 1260 1259
f 1240 1241 1261
f 1240 1261 1260
f 1241 1242 1262
f 1241 1262 1261
f 1242 1243 1263
f 1242 1263 1262
f 1243 1244 1264
f 1243 1264 1263
f 1244 1245 1265
f 1244 1265 1264
f 1245 1246 1266
f 1245 1266 1265
f 1246 1247 1267
f 1246 1267 1266
f 1247 1248 1268
f 1247 1268 1267
f 1248 1249 1269
f 1248 1269 1268
f 1249 1250 1270
f 1249 1270 1269
f 1250 1251 1271
f 1250 1271 1270
f 1251 1252 1272
f 1251 1272 1271
f 1252 1253 1273
f 1252 1273 1272
f 1253 1254 1274
f 1253 1274 1273
f 1254 1235 1255
f 1254 1255 1274
f 1255 1256 1276
f 1255 1276 1275
f 1256 1257 1277
f 1256 1277 1276
f 1257 1258 1278
f 1257 1278 1277
f 1258 1259 1279
f 1258 1279 1278
f 1259 1260 1280
f 1259 1280 1279
f 1260 1261 1281
f 1260 1281 1280
f 1261 1262 1282
f 1261 1282 1281
f 1262 1263 1283
f 1262 1283 1282
f 1263 1264 1284
f 1263 1284 1283
f 1264 1265 1285
f 1264 1285 1284
f 1265 1266 1286
f 1265 1286 1285
f 1266 1267 1287
f 1266 1287 1286
f 1267 1268 1288
f 1267 1288 1287
f 1268 1269 1289
f 1268 1289 1288
f 1269 1270 1290
f 1269 1290 1289
f 1270 1271 1291
f 1270 1291 1290
f 1271 1272 1292
f 1271 1292 1291
f 1272 1273 1293
f 1272 1293 1292
f 1273 1274 1294
f 1273 1294 1293
f 1274 1255 1275
f 1274 1275 1294
f 1275 1276 1296
f 1275 1296 1295
f 1276 1277 1297
f 1276 1297 1296
f 1277 1278 1298
f 1277 1298 1297
f 1278 1279 1299
f 1278 1299 1298
f 1279 1280 1300
f 1279 1300 1299
f 1280 1281 1301
f 1280 1301 1300
f 1281 1282 1302
f 1281 1302 1301
f 1282 1283 1303
f 1282 1303 1302
f 1283 1284 1304
f 1283 1304 1303
f 1284 1285 1305
f 1284 1305 1304
f 1285 1286 1306
f 1285 1306 1305
f 1286 1287 1307
f 1286 1307 1306
f 1287 1288 1308
f 1287 1308 1307
f 1288 1289 1309
f 1288 1309 1308
f 1289 1290 1310
f 1289 1310 1309
f 1290 1291 1311
f 1290 1311 1310
f 1291 1292 1312
f 1291 1312 1311
f 1292 1293 1313
f 1292 1313 1312
f 1293 1294 1314
f 1293 1314 1313
f 1294 1275 1295
f 1294 1295 1314
f 1295 1296 1316
f 1295 1316 1315
f 1296 1297 1317
f 1296 1317 1316
f 1297 1298 1318
f 1297 1318 1317
f 1298 1299 1319
f 1298 1319 1318
f 1299 1300 1320
f 1299 1320 1319
f 1300 1301 1321
f 1300 1321 1320
f 1301 1302 1322
f 1301 1322 1321
f 1302 1303 1323
f 1302 1323 1322
f 1303 1304 1324
f 1303 1324 1323
f 1304 1305 1325
f 1304 1325 1324
f 1305 1306 1326
f 1305 1326 1325
f 1306 1307 1327
f 1306 1327 1326
f 1307 1308 1328
f 1307 1328 1327
f 1308 1309 1329
f 1308 1329 1328
f 1309 1310 1330
f 1309 1330 1329
f 1310 1311 1331
f 1310 1331 1330
f 1311 1312 1332
f 1311 1332 1331
f 1312 1313 1333
f 1312 1333 1332
f 1313 1314 1334
f 1313 1334 1333
f 1314 1295 1315
f 1314 1315 1334
o L_Thigh
g L_Thigh
usemtl Gunmetal
v -0.340000 1.080000 0.000000
v -0.278800 1.430000 0.000000
v -0.340000 1.080000 -0.230000
v -0.426702 1.095160 -0.212492
v -0.500204 1.108013 -0.162635
v -0.549316 1.116600 -0.088017
v -0.566563 1.119616 -0.000000
v -0.549316 1.116600 0.088017
v -0.500204 1.108013 0.162635
v -0.426702 1.095160 0.212492
v -0.340000 1.080000 0.230000
v -0.253298 1.064840 0.212492
v -0.179796 1.051987 0.162635
v -0.130684 1.043400 0.088017
v -0.113437 1.040384 0.000000
v -0.130684 1.043400 -0.088017
v -0.179796 1.051987 -0.162635
v -0.253298 1.064840 -0.212492
v -0.278800 1.430000 -0.270000
v -0.380580 1.447797 -0.249447
v -0.466865 1.462885 -0.190919
v -0.524519 1.472966 -0.103325
v -0.544765 1.476506 -0.000000
v -0.524519 1.472966 0.103325
v -0.466865 1.462885 0.190919
v -0.380580 1.447797 0.249447
v -0.278800 1.430000 0.270000
v -0.177020 1.412203 0.249447
v -0.090735 1.397115 0.190919
v -0.033081 1.387034 0.103325
v -0.012835 1.383494 0.000000
v -0.033081 1.387034 -0.103325
v -0.090735 1.397115 -0.190919
v -0.177020 1.412203 -0.249447
f 1337 1338 1354
f 1337 1354 1353
f 1335 1338 1337
f 1336 1353 1354
f 1338 1339 1355
f 1338 1355 1354
f 1335 1339 1338
f 1336 1354 1355
f 1339 1340 1356
f 1339 1356 1355
f 1335 1340 1339
f 1336 1355 1356
f 1340 1341 1357
f 1340 1357 1356
f 1335 1341 1340
f 1336 1356 1357
f 1341 1342 1358
f 1341 1358 1357
f 1335 1342 1341
f 1336 1357 1358
f 1342 1343 1359
f 1342 1359 1358
f 1335 1343 1342
f 1336 1358 1359
f 1343 1344 1360
f 1343 1360 1359
f 1335 1344 1343
f 1336 1359 1360
f 1344 1345 1361
f 1344 1361 1360
f 1335 1345 1344
f 1336 1360 1361
f 1345 1346 1362
f 1345 1362 1361
f 1335 1346 1345
f 1336 1361 1362
f 1346 1347 1363
f 1346 1363 1362
f 1335 1347 1346
f 1336 1362 1363
f 1347 1348 1364
f 1347 1364 1363
f 1335 1348 1347
f 1336 1363 1364
f 1348 1349 1365
f 1348 1365 1364
f 1335 1349 1348
f 1336 1364 1365
f 1349 1350 1366
f 1349 1366 1365
f 1335 1350 1349
f 1336 1365 1366
f 1350 1351 1367
f 1350 1367 1366
f 1335 1351 1350
f 1336 1366 1367
f 1351 1352 1368
f 1351 1368 1367
f 1335 1352 1351
f 1336 1367 1368
f 1352 1337 1353
f 1352 1353 1368
f 1335 1337 1352
f 1336 1368 1353
o L_Thigh_Armor
g L_Thigh_Armor
usemtl Armor_Silver
v -0.306000 1.000000 0.100000
v -0.306000 1.000000 0.100000
v -0.306000 1.000000 0.100000
v -0.306000 1.000000 0.100000
v -0.306000 1.000000 0.100000
v -0.306000 1.000000 0.100000
v -0.306000 1.000000 0.100000
v -0.306000 1.000000 0.100000
v -0.306000 1.000000 0.100000
v -0.306000 1.000000 0.100000
v -0.306000 1.000000 0.100000
v -0.306000 1.000000 0.100000
v -0.306000 1.000000 0.100000
v -0.306000 1.000000 0.100000
v -0.306000 1.000000 0.100000
v -0.306000 1.000000 0.100000
v -0.306000 1.000000 0.100000
v -0.306000 1.000000 0.100000
v -0.306000 1.000000 0.100000
v -0.306000 1.000000 0.100000
v -0.163552 1.004640 0.100000
v -0.167082 1.004640 0.165045
v -0.177875 1.004640 0.189709
v -0.196789 1.004640 0.205246
v -0.226814 1.004640 0.214111
v -0.306000 1.004640 0.217011
v -0.385186 1.004640 0.214111
v -0.415211 1.004640 0.205246
v -0.434125 1.004640 0.189709
v -0.444918 1.004640 0.165045
v -0.448448 1.004640 0.100000
v -0.444918 1.004640 0.034955
v -0.434125 1.004640 0.010291
v -0.415211 1.004640 -0.005246
v -0.385186 1.004640 -0.014111
v -0.306000 1.004640 -0.017011
v -0.226814 1.004640 -0.014111
v -0.196789 1.004640 -0.005246
v -0.177875 1.004640 0.010291
v -0.167082 1.004640 0.034955
v -0.108010 1.018737 0.100000
v -0.112916 1.018737 0.190407
v -0.127917 1.018737 0.224687
v -0.154207 1.018737 0.246282
v -0.195939 1.018737 0.258605
v -0.306000 1.018737 0.262635
v -0.416061 1.018737 0.258605
v -0.457793 1.018737 0.246282
v -0.484083 1.018737 0.224687
v -0.499084 1.018737 0.190407
v -0.503990 1.018737 0.100000
v -0.499084 1.018737 0.009593
v -0.484083 1.018737 -0.024687
v -0.457793 1.018737 -0.046282
v -0.416061 1.018737 -0.058605
v -0.306000 1.018737 -0.062635
v -0.195939 1.018737 -0.058605
v -0.154207 1.018737 -0.046282
v -0.127917 1.018737 -0.024687
v -0.112916 1.018737 0.009593
v -0.070549 1.042958 0.100000
v -0.076383 1.042958 0.207513
v -0.094223 1.042958 0.248279
v -0.125486 1.042958 0.273960
v -0.175114 1.042958 0.288614
v -0.306000 1.042958 0.293406
v -0.436886 1.042958 0.288614
v -0.486514 1.042958 0.273960
v -0.517777 1.042958 0.248279
v -0.535617 1.042958 0.207513
v -0.541451 1.042958 0.100000
v -0.535617 1.042958 -0.007513
v -0.517777 1.042958 -0.048279
v -0.486514 1.042958 -0.073960
v -0.436886 1.042958 -0.088614
v -0.306000 1.042958 -0.093406
v -0.175114 1.042958 -0.088614
v -0.125486 1.042958 -0.073960
v -0.094223 1.042958 -0.048279
v -0.076383 1.042958 -0.007513
v -0.045431 1.079081 0.100000
v -0.051887 1.079081 0.218983
v -0.071630 1.079081 0.264098
v -0.106229 1.079081 0.292518
v -0.161151 1.079081 0.308735
v -0.306000 1.079081 0.314039
v -0.450849 1.079081 0.308735
v -0.505771 1.079081 0.292518
v -0.540370 1.079081 0.264098
v -0.560113 1.079081 0.218983
v -0.566569 1.079081 0.100000
v -0.560113 1.079081 -0.018983
v -0.540370 1.079081 -0.064098
v -0.505771 1.079081 -0.092518
v -0.450849 1.079081 -0.108735
v -0.306000 1.079081 -0.114039
v -0.161151 1.079081 -0.108735
v -0.106229 1.079081 -0.092518
v -0.071630 1.079081 -0.064098
v -0.051887 1.079081 -0.018983
v -0.030812 1.132639 0.100000
v -0.037631 1.132639 0.225658
v -0.058481 1.132639 0.273304
v -0.095021 1.132639 0.303319
v -0.153025 1.132639 0.320446
v -0.306000 1.132639 0.326048
v -0.458975 1.132639 0.320446
v -0.516979 1.132639 0.303319
v -0.553519 1.132639 0.273304
v -0.574369 1.132639 0.225658
v -0.581188 1.132639 0.100000
v -0.574369 1.132639 -0.025658
v -0.553519 1.132639 -0.073304
v -0.516979 1.132639 -0.103319
v -0.458975 1.132639 -0.120446
v -0.306000 1.132639 -0.126048
v -0.153025 1.132639 -0.120446
v -0.095021 1.132639 -0.103319
v -0.058481 1.132639 -0.073304
v -0.037631 1.132639 -0.025658
v -0.026000 1.270000 0.100000
v -0.032938 1.270000 0.227855
v -0.054153 1.270000 0.276334
v -0.091332 1.270000 0.306874
v -0.150350 1.270000 0.324301
v -0.306000 1.270000 0.330000
v -0.461650 1.270000 0.324301
v -0.520668 1.270000 0.306874
v -0.557847 1.270000 0.276334
v -0.579062 1.270000 0.227855
v -0.586000 1.270000 0.100000
v -0.579062 1.270000 -0.027855
v -0.557847 1.270000 -0.076334
v -0.520668 1.270000 -0.106874
v -0.461650 1.270000 -0.124301
v -0.306000 1.270000 -0.130000
v -0.150350 1.270000 -0.124301
v -0.091332 1.270000 -0.106874
v -0.054153 1.270000 -0.076334
v -0.032938 1.270000 -0.027855
v -0.030812 1.407361 0.100000
v -0.037631 1.407361 0.225658
v -0.058481 1.407361 0.273304
v -0.095021 1.407361 0.303319
v -0.153025 1.407361 0.320446
v -0.306000 1.407361 0.326048
v -0.458975 1.407361 0.320446
v -0.516979 1.407361 0.303319
v -0.553519 1.407361 0.273304
v -0.574369 1.407361 0.225658
v -0.581188 1.407361 0.100000
v -0.574369 1.407361 -0.025658
v -0.553519 1.407361 -0.073304
v -0.516979 1.407361 -0.103319
v -0.458975 1.407361 -0.120446
v -0.306000 1.407361 -0.126048
v -0.153025 1.407361 -0.120446
v -0.095021 1.407361 -0.103319
v -0.058481 1.407361 -0.073304
v -0.037631 1.407361 -0.025658
v -0.045431 1.460919 0.100000
v -0.051887 1.460919 0.218983
v -0.071630 1.460919 0.264098
v -0.106229 1.460919 0.292518
v -0.161151 1.460919 0.308735
v -0.306000 1.460919 0.314039
v -0.450849 1.460919 0.308735
v -0.505771 1.460919 0.292518
v -0.540370 1.460919 0.264098
v -0.560113 1.460919 0.218983
v -0.566569 1.460919 0.100000
v -0.560113 1.460919 -0.018983
v -0.540370 1.460919 -0.064098
v -0.505771 1.460919 -0.092518
v -0.450849 1.460919 -0.108735
v -0.306000 1.460919 -0.114039
v -0.161151 1.460919 -0.108735
v -0.106229 1.460919 -0.092518
v -0.071630 1.460919 -0.064098
v -0.051887 1.460919 -0.018983
v -0.070549 1.497042 0.100000
v -0.076383 1.497042 0.207513
v -0.094223 1.497042 0.248279
v -0.125486 1.497042 0.273960
v -0.175114 1.497042 0.288614
v -0.306000 1.497042 0.293406
v -0.436886 1.497042 0.288614
v -0.486514 1.497042 0.273960
v -0.517777 1.497042 0.248279
v -0.535617 1.497042 0.207513
v -0.541451 1.497042 0.100000
v -0.535617 1.497042 -0.007513
v -0.517777 1.497042 -0.048279
v -0.486514 1.497042 -0.073960
v -0.436886 1.497042 -0.088614
v -0.306000 1.497042 -0.093406
v -0.175114 1.497042 -0.088614
v -0.125486 1.497042 -0.073960
v -0.094223 1.497042 -0.048279
v -0.076383 1.497042 -0.007513
v -0.108010 1.521263 0.100000
v -0.112916 1.521263 0.190407
v -0.127917 1.521263 0.224687
v -0.154207 1.521263 0.246282
v -0.195939 1.521263 0.258605
v -0.306000 1.521263 0.262635
v -0.416061 1.521263 0.258605
v -0.457793 1.521263 0.246282
v -0.484083 1.521263 0.224687
v -0.499084 1.521263 0.190407
v -0.503990 1.521263 0.100000
v -0.499084 1.521263 0.009593
v -0.484083 1.521263 -0.024687
v -0.457793 1.521263 -0.046282
v -0.416061 1.521263 -0.058605
v -0.306000 1.521263 -0.062635
v -0.195939 1.521263 -0.058605
v -0.154207 1.521263 -0.046282
v -0.127917 1.521263 -0.024687
v -0.112916 1.521263 0.009593
v -0.163552 1.535360 0.100000
v -0.167082 1.535360 0.165045
v -0.177875 1.535360 0.189709
v -0.196789 1.535360 0.205246
v -0.226814 1.535360 0.214111
v -0.306000 1.535360 0.217011
v -0.385186 1.535360 0.214111
v -0.415211 1.535360 0.205246
v -0.434125 1.535360 0.189709
v -0.444918 1.535360 0.165045
v -0.448448 1.535360 0.100000
v -0.444918 1.535360 0.034955
v -0.434125 1.535360 0.010291
v -0.415211 1.535360 -0.005246
v -0.385186 1.535360 -0.014111
v -0.306000 1.535360 -0.017011
v -0.226814 1.535360 -0.014111
v -0.196789 1.535360 -0.005246
v -0.177875 1.535360 0.010291
v -0.167082 1.535360 0.034955
v -0.306000 1.540000 0.100000
v -0.306000 1.540000 0.100000
v -0.306000 1.540000 0.100000
v -0.306000 1.540000 0.100000
v -0.306000 1.540000 0.100000
v -0.306000 1.540000 0.100000
v -0.306000 1.540000 0.100000
v -0.306000 1.540000 0.100000
v -0.306000 1.540000 0.100000
v -0.306000 1.540000 0.100000
v -0.306000 1.540000 0.100000
v -0.306000 1.540000 0.100000
v -0.306000 1.540000 0.100000
v -0.306000 1.540000 0.100000
v -0.306000 1.540000 0.100000
v -0.306000 1.540000 0.100000
v -0.306000 1.540000 0.100000
v -0.306000 1.540000 0.100000
v -0.306000 1.540000 0.100000
v -0.306000 1.540000 0.100000
f 1369 1370 1390
f 1369 1390 1389
f 1370 1371 1391
f 1370 1391 1390
f 1371 1372 1392
f 1371 1392 1391
f 1372 1373 1393
f 1372 1393 1392
f 1373 1374 1394
f 1373 1394 1393
f 1374 1375 1395
f 1374 1395 1394
f 1375 1376 1396
f 1375 1396 1395
f 1376 1377 1397
f 1376 1397 1396
f 1377 1378 1398
f 1377 1398 1397
f 1378 1379 1399
f 1378 1399 1398
f 1379 1380 1400
f 1379 1400 1399
f 1380 1381 1401
f 1380 1401 1400
f 1381 1382 1402
f 1381 1402 1401
f 1382 1383 1403
f 1382 1403 1402
f 1383 1384 1404
f 1383 1404 1403
f 1384 1385 1405
f 1384 1405 1404
f 1385 1386 1406
f 1385 1406 1405
f 1386 1387 1407
f 1386 1407 1406
f 1387 1388 1408
f 1387 1408 1407
f 1388 1369 1389
f 1388 1389 1408
f 1389 1390 1410
f 1389 1410 1409
f 1390 1391 1411
f 1390 1411 1410
f 1391 1392 1412
f 1391 1412 1411
f 1392 1393 1413
f 1392 1413 1412
f 1393 1394 1414
f 1393 1414 1413
f 1394 1395 1415
f 1394 1415 1414
f 1395 1396 1416
f 1395 1416 1415
f 1396 1397 1417
f 1396 1417 1416
f 1397 1398 1418
f 1397 1418 1417
f 1398 1399 1419
f 1398 1419 1418
f 1399 1400 1420
f 1399 1420 1419
f 1400 1401 1421
f 1400 1421 1420
f 1401 1402 1422
f 1401 1422 1421
f 1402 1403 1423
f 1402 1423 1422
f 1403 1404 1424
f 1403 1424 1423
f 1404 1405 1425
f 1404 1425 1424
f 1405 1406 1426
f 1405 1426 1425
f 1406 1407 1427
f 1406 1427 1426
f 1407 1408 1428
f 1407 1428 1427
f 1408 1389 1409
f 1408 1409 1428
f 1409 1410 1430
f 1409 1430 1429
f 1410 1411 1431
f 1410 1431 1430
f 1411 1412 1432
f 1411 1432 1431
f 1412 1413 1433
f 1412 1433 1432
f 1413 1414 1434
f 1413 1434 1433
f 1414 1415 1435
f 1414 1435 1434
f 1415 1416 1436
f 1415 1436 1435
f 1416 1417 1437
f 1416 1437 1436
f 1417 1418 1438
f 1417 1438 1437
f 1418 1419 1439
f 1418 1439 1438
f 1419 1420 1440
f 1419 1440 1439
f 1420 1421 1441
f 1420 1441 1440
f 1421 1422 1442
f 1421 1442 1441
f 1422 1423 1443
f 1422 1443 1442
f 1423 1424 1444
f 1423 1444 1443
f 1424 1425 1445
f 1424 1445 1444
f 1425 1426 1446
f 1425 1446 1445
f 1426 1427 1447
f 1426 1447 1446
f 1427 1428 1448
f 1427 1448 1447
f 1428 1409 1429
f 1428 1429 1448
f 1429 1430 1450
f 1429 1450 1449
f 1430 1431 1451
f 1430 1451 1450
f 1431 1432 1452
f 1431 1452 1451
f 1432 1433 1453
f 1432 1453 1452
f 1433 1434 1454
f 1433 1454 1453
f 1434 1435 1455
f 1434 1455 1454
f 1435 1436 1456
f 1435 1456 1455
f 1436 1437 1457
f 1436 1457 1456
f 1437 1438 1458
f 1437 1458 1457
f 1438 1439 1459
f 1438 1459 1458
f 1439 1440 1460
f 1439 1460 1459
f 1440 1441 1461
f 1440 1461 1460
f 1441 1442 1462
f 1441 1462 1461
f 1442 1443 1463
f 1442 1463 1462
f 1443 1444 1464
f 1443 1464 1463
f 1444 1445 1465
f 1444 1465 1464
f 1445 1446 1466
f 1445 1466 1465
f 1446 1447 1467
f 1446 1467 1466
f 1447 1448 1468
f 1447 1468 1467
f 1448 1429 1449
f 1448 1449 1468
f 1449 1450 1470
f 1449 1470 1469
f 1450 1451 1471
f 1450 1471 1470
f 1451 1452 1472
f 1451 1472 1471
f 1452 1453 1473
f 1452 1473 1472
f 1453 1454 1474
f 1453 1474 1473
f 1454 1455 1475
f 1454 1475 1474
f 1455 1456 1476
f 1455 1476 1475
f 1456 1457 1477
f 1456 1477 1476
f 1457 1458 1478
f 1457 1478 1477
f 1458 1459 1479
f 1458 1479 1478
f 1459 1460 1480
f 1459 1480 1479
f 1460 1461 1481
f 1460 1481 1480
f 1461 1462 1482
f 1461 1482 1481
f 1462 1463 1483
f 1462 1483 1482
f 1463 1464 1484
f 1463 1484 1483
f 1464 1465 1485
f 1464 1485 1484
f 1465 1466 1486
f 1465 1486 1485
f 1466 1467 1487
f 1466 1487 1486
f 1467 1468 1488
f 1467 1488 1487
f 1468 1449 1469
f 1468 1469 1488
f 1469 1470 1490
f 1469 1490 1489
f 1470 1471 1491
f 1470 1491 1490
f 1471 1472 1492
f 1471 1492 1491
f 1472 1473 1493
f 1472 1493 1492
f 1473 1474 1494
f 1473 1494 1493
f 1474 1475 1495
f 1474 1495 1494
f 1475 1476 1496
f 1475 1496 1495
f 1476 1477 1497
f 1476 1497 1496
f 1477 1478 1498
f 1477 1498 1497
f 1478 1479 1499
f 1478 1499 1498
f 1479 1480 1500
f 1479 1500 1499
f 1480 1481 1501
f 1480 1501 1500
f 1481 1482 1502
f 1481 1502 1501
f 1482 1483 1503
f 1482 1503 1502
f 1483 1484 1504
f 1483 1504 1503
f 1484 1485 1505
f 1484 1505 1504
f 1485 1486 1506
f 1485 1506 1505
f 1486 1487 1507
f 1486 1507 1506
f 1487 1488 1508
f 1487 1508 1507
f 1488 1469 1489
f 1488 1489 1508
f 1489 1490 1510
f 1489 1510 1509
f 1490 1491 1511
f 1490 1511 1510
f 1491 1492 1512
f 1491 1512 1511
f 1492 1493 1513
f 1492 1513 1512
f 1493 1494 1514
f 1493 1514 1513
f 1494 1495 1515
f 1494 1515 1514
f 1495 1496 1516
f 1495 1516 1515
f 1496 1497 1517
f 1496 1517 1516
f 1497 1498 1518
f 1497 1518 1517
f 1498 1499 1519
f 1498 1519 1518
f 1499 1500 1520
f 1499 1520 1519
f 1500 1501 1521
f 1500 1521 1520
f 1501 1502 1522
f 1501 1522 1521
f 1502 1503 1523
f 1502 1523 1522
f 1503 1504 1524
f 1503 1524 1523
f 1504 1505 1525
f 1504 1525 1524
f 1505 1506 1526
f 1505 1526 1525
f 1506 1507 1527
f 1506 1527 1526
f 1507 1508 1528
f 1507 1528 1527
f 1508 1489 1509
f 1508 1509 1528
f 1509 1510 1530
f 1509 1530 1529
f 1510 1511 1531
f 1510 1531 1530
f 1511 1512 1532
f 1511 1532 1531
f 1512 1513 1533
f 1512 1533 1532
f 1513 1514 1534
f 1513 1534 1533
f 1514 1515 1535
f 1514 1535 1534
f 1515 1516 1536
f 1515 1536 1535
f 1516 1517 1537
f 1516 1537 1536
f 1517 1518 1538
f 1517 1538 1537
f 1518 1519 1539
f 1518 1539 1538
f 1519 1520 1540
f 1519 1540 1539
f 1520 1521 1541
f 1520 1541 1540
f 1521 1522 1542
f 1521 1542 1541
f 1522 1523 1543
f 1522 1543 1542
f 1523 1524 1544
f 1523 1544 1543
f 1524 1525 1545
f 1524 1545 1544
f 1525 1526 1546
f 1525 1546 1545
f 1526 1527 1547
f 1526 1547 1546
f 1527 1528 1548
f 1527 1548 1547
f 1528 1509 1529
f 1528 1529 1548
f 1529 1530 1550
f 1529 1550 1549
f 1530 1531 1551
f 1530 1551 1550
f 1531 1532 1552
f 1531 1552 1551
f 1532 1533 1553
f 1532 1553 1552
f 1533 1534 1554
f 1533 1554 1553
f 1534 1535 1555
f 1534 1555 1554
f 1535 1536 1556
f 1535 1556 1555
f 1536 1537 1557
f 1536 1557 1556
f 1537 1538 1558
f 1537 1558 1557
f 1538 1539 1559
f 1538 1559 1558
f 1539 1540 1560
f 1539 1560 1559
f 1540 1541 1561
f 1540 1561 1560
f 1541 1542 1562
f 1541 1562 1561
f 1542 1543 1563
f 1542 1563 1562
f 1543 1544 1564
f 1543 1564 1563
f 1544 1545 1565
f 1544 1565 1564
f 1545 1546 1566
f 1545 1566 1565
f 1546 1547 1567
f 1546 1567 1566
f 1547 1548 1568
f 1547 1568 1567
f 1548 1529 1549
f 1548 1549 1568
f 1549 1550 1570
f 1549 1570 1569
f 1550 1551 1571
f 1550 1571 1570
f 1551 1552 1572
f 1551 1572 1571
f 1552 1553 1573
f 1552 1573 1572
f 1553 1554 1574
f 1553 1574 1573
f 1554 1555 1575
f 1554 1575 1574
f 1555 1556 1576
f 1555 1576 1575
f 1556 1557 1577
f 1556 1577 1576
f 1557 1558 1578
f 1557 1578 1577
f 1558 1559 1579
f 1558 1579 1578
f 1559 1560 1580
f 1559 1580 1579
f 1560 1561 1581
f 1560 1581 1580
f 1561 1562 1582
f 1561 1582 1581
f 1562 1563 1583
f 1562 1583 1582
f 1563 1564 1584
f 1563 1584 1583
f 1564 1565 1585
f 1564 1585 1584
f 1565 1566 1586
f 1565 1586 1585
f 1566 1567 1587
f 1566 1587 1586
f 1567 1568 1588
f 1567 1588 1587
f 1568 1549 1569
f 1568 1569 1588
f 1569 1570 1590
f 1569 1590 1589
f 1570 1571 1591
f 1570 1591 1590
f 1571 1572 1592
f 1571 1592 1591
f 1572 1573 1593
f 1572 1593 1592
f 1573 1574 1594
f 1573 1594 1593
f 1574 1575 1595
f 1574 1595 1594
f 1575 1576 1596
f 1575 1596 1595
f 1576 1577 1597
f 1576 1597 1596
f 1577 1578 1598
f 1577 1598 1597
f 1578 1579 1599
f 1578 1599 1598
f 1579 1580 1600
f 1579 1600 1599
f 1580 1581 1601
f 1580 1601 1600
f 1581 1582 1602
f 1581 1602 1601
f 1582 1583 1603
f 1582 1603 1602
f 1583 1584 1604
f 1583 1604 1603
f 1584 1585 1605
f 1584 1605 1604
f 1585 1586 1606
f 1585 1606 1605
f 1586 1587 1607
f 1586 1607 1606
f 1587 1588 1608
f 1587 1608 1607
f 1588 1569 1589
f 1588 1589 1608
f 1589 1590 1610
f 1589 1610 1609
f 1590 1591 1611
f 1590 1611 1610
f 1591 1592 1612
f 1591 1612 1611
f 1592 1593 1613
f 1592 1613 1612
f 1593 1594 1614
f 1593 1614 1613
f 1594 1595 1615
f 1594 1615 1614
f 1595 1596 1616
f 1595 1616 1615
f 1596 1597 1617
f 1596 1617 1616
f 1597 1598 1618
f 1597 1618 1617
f 1598 1599 1619
f 1598 1619 1618
f 1599 1600 1620
f 1599 1620 1619
f 1600 1601 1621
f 1600 1621 1620
f 1601 1602 1622
f 1601 1622 1621
f 1602 1603 1623
f 1602 1623 1622
f 1603 1604 1624
f 1603 1624 1623
f 1604 1605 1625
f 1604 1625 1624
f 1605 1606 1626
f 1605 1626 1625
f 1606 1607 1627
f 1606 1627 1626
f 1607 1608 1628
f 1607 1628 1627
f 1608 1589 1609
f 1608 1609 1628
o R_Foot
g R_Foot
usemtl Deep_Navy
v 0.340000 -0.020000 0.080000
v 0.340000 -0.020000 0.080000
v 0.340000 -0.020000 0.080000
v 0.340000 -0.020000 0.080000
v 0.340000 -0.020000 0.080000
v 0.340000 -0.020000 0.080000
v 0.340000 -0.020000 0.080000
v 0.340000 -0.020000 0.080000
v 0.340000 -0.020000 0.080000
v 0.340000 -0.020000 0.080000
v 0.340000 -0.020000 0.080000
v 0.340000 -0.020000 0.080000
v 0.340000 -0.020000 0.080000
v 0.340000 -0.020000 0.080000
v 0.340000 -0.020000 0.080000
v 0.340000 -0.020000 0.080000
v 0.340000 -0.020000 0.080000
v 0.340000 -0.020000 0.080000
v 0.340000 -0.020000 0.080000
v 0.340000 -0.020000 0.080000
v 0.538006 -0.017521 0.080000
v 0.534071 -0.017521 0.232912
v 0.521912 -0.017521 0.277759
v 0.500090 -0.017521 0.304714
v 0.463786 -0.017521 0.319734
v 0.340000 -0.017521 0.324595
v 0.216214 -0.017521 0.319734
v 0.179910 -0.017521 0.304714
v 0.158088 -0.017521 0.277759
v 0.145929 -0.017521 0.232912
v 0.141994 -0.017521 0.080000
v 0.145929 -0.017521 -0.072912
v 0.158088 -0.017521 -0.117759
v 0.179910 -0.017521 -0.144714
v 0.216214 -0.017521 -0.159734
v 0.340000 -0.017521 -0.164595
v 0.463786 -0.017521 -0.159734
v 0.500090 -0.017521 -0.144714
v 0.521912 -0.017521 -0.117759
v 0.534071 -0.017521 -0.072912
v 0.597672 -0.009936 0.080000
v 0.592551 -0.009936 0.278990
v 0.576728 -0.009936 0.337350
v 0.548331 -0.009936 0.372429
v 0.501087 -0.009936 0.391975
v 0.340000 -0.009936 0.398300
v 0.178913 -0.009936 0.391975
v 0.131669 -0.009936 0.372429
v 0.103272 -0.009936 0.337350
v 0.087449 -0.009936 0.278990
v 0.082328 -0.009936 0.080000
v 0.087449 -0.009936 -0.118990
v 0.103272 -0.009936 -0.177350
v 0.131669 -0.009936 -0.212429
v 0.178913 -0.009936 -0.231975
v 0.340000 -0.009936 -0.238300
v 0.501087 -0.009936 -0.231975
v 0.548331 -0.009936 -0.212429
v 0.576728 -0.009936 -0.177350
v 0.592551 -0.009936 -0.118990
v 0.635987 0.003301 0.080000
v 0.630105 0.003301 0.308579
v 0.611929 0.003301 0.375618
v 0.579310 0.003301 0.415913
v 0.525040 0.003301 0.438365
v 0.340000 0.003301 0.445631
v 0.154960 0.003301 0.438365
v 0.100690 0.003301 0.415913
v 0.068071 0.003301 0.375618
v 0.049895 0.003301 0.308579
v 0.044013 0.003301 0.080000
v 0.049895 0.003301 -0.148579
v 0.068071 0.003301 -0.215618
v 0.100690 0.003301 -0.255913
v 0.154960 0.003301 -0.278365
v 0.340000 0.003301 -0.285631
v 0.525040 0.003301 -0.278365
v 0.579310 0.003301 -0.255913
v 0.611929 0.003301 -0.215618
v 0.630105 0.003301 -0.148579
v 0.660990 0.023586 0.080000
v 0.654611 0.023586 0.327887
v 0.634900 0.023586 0.400589
v 0.599525 0.023586 0.444288
v 0.540671 0.023586 0.468637
v 0.340000 0.023586 0.476517
v 0.139329 0.023586 0.468637
v 0.080475 0.023586 0.444288
v 0.045100 0.023586 0.400589
v 0.025389 0.023586 0.327887
v 0.019010 0.023586 0.080000
v 0.025389 0.023586 -0.167887
v 0.045100 0.023586 -0.240589
v 0.080475 0.023586 -0.284288
v 0.139329 0.023586 -0.308637
v 0.340000 0.023586 -0.316517
v 0.540671 0.023586 -0.308637
v 0.599525 0.023586 -0.284288
v 0.634900 0.023586 -0.240589
v 0.654611 0.023586 -0.167887
v 0.675318 0.055174 0.080000
v 0.668654 0.055174 0.338952
v 0.648063 0.055174 0.414899
v 0.611109 0.055174 0.460548
v 0.549628 0.055174 0.485984
v 0.340000 0.055174 0.494216
v 0.130372 0.055174 0.485984
v 0.068891 0.055174 0.460548
v 0.031937 0.055174 0.414899
v 0.011346 0.055174 0.338952
v 0.004682 0.055174 0.080000
v 0.011346 0.055174 -0.178952
v 0.031937 0.055174 -0.254899
v 0.068891 0.055174 -0.300548
v 0.130372 0.055174 -0.325984
v 0.340000 0.055174 -0.334216
v 0.549628 0.055174 -0.325984
v 0.611109 0.055174 -0.300548
v 0.648063 0.055174 -0.254899
v 0.668654 0.055174 -0.178952
v 0.680000 0.160000 0.080000
v 0.673243 0.160000 0.342568
v 0.652365 0.160000 0.419576
v 0.614895 0.160000 0.465862
v 0.552555 0.160000 0.491654
v 0.340000 0.160000 0.500000
v 0.127445 0.160000 0.491654
v 0.065105 0.160000 0.465862
v 0.027635 0.160000 0.419576
v 0.006757 0.160000 0.342568
v 0.000000 0.160000 0.080000
v 0.006757 0.160000 -0.182568
v 0.027635 0.160000 -0.259576
v 0.065105 0.160000 -0.305862
v 0.127445 0.160000 -0.331654
v 0.340000 0.160000 -0.340000
v 0.552555 0.160000 -0.331654
v 0.614895 0.160000 -0.305862
v 0.652365 0.160000 -0.259576
v 0.673243 0.160000 -0.182568
v 0.675318 0.264826 0.080000
v 0.668654 0.264826 0.338952
v 0.648063 0.264826 0.414899
v 0.611109 0.264826 0.460548
v 0.549628 0.264826 0.485984
v 0.340000 0.264826 0.494216
v 0.130372 0.264826 0.485984
v 0.068891 0.264826 0.460548
v 0.031937 0.264826 0.414899
v 0.011346 0.264826 0.338952
v 0.004682 0.264826 0.080000
v 0.011346 0.264826 -0.178952
v 0.031937 0.264826 -0.254899
v 0.068891 0.264826 -0.300548
v 0.130372 0.264826 -0.325984
v 0.340000 0.264826 -0.334216
v 0.549628 0.264826 -0.325984
v 0.611109 0.264826 -0.300548
v 0.648063 0.264826 -0.254899
v 0.668654 0.264826 -0.178952
v 0.660990 0.296414 0.080000
v 0.654611 0.296414 0.327887
v 0.634900 0.296414 0.400589
v 0.599525 0.296414 0.444288
v 0.540671 0.296414 0.468637
v 0.340000 0.296414 0.476517
v 0.139329 0.296414 0.468637
v 0.080475 0.296414 0.444288
v 0.045100 0.296414 0.400589
v 0.025389 0.296414 0.327887
v 0.019010 0.296414 0.080000
v 0.025389 0.296414 -0.167887
v 0.045100 0.296414 -0.240589
v 0.080475 0.296414 -0.284288
v 0.139329 0.296414 -0.308637
v 0.340000 0.296414 -0.316517
v 0.540671 0.296414 -0.308637
v 0.599525 0.296414 -0.284288
v 0.634900 0.296414 -0.240589
v 0.654611 0.296414 -0.167887
v 0.635987 0.316699 0.080000
v 0.630105 0.316699 0.308579
v 0.611929 0.316699 0.375618
v 0.579310 0.316699 0.415913
v 0.525040 0.316699 0.438365
v 0.340000 0.316699 0.445631
v 0.154960 0.316699 0.438365
v 0.100690 0.316699 0.415913
v 0.068071 0.316699 0.375618
v 0.049895 0.316699 0.308579
v 0.044013 0.316699 0.080000
v 0.049895 0.316699 -0.148579
v 0.068071 0.316699 -0.215618
v 0.100690 0.316699 -0.255913
v 0.154960 0.316699 -0.278365
v 0.340000 0.316699 -0.285631
v 0.525040 0.316699 -0.278365
v 0.579310 0.316699 -0.255913
v 0.611929 0.316699 -0.215618
v 0.630105 0.316699 -0.148579
v 0.597672 0.329936 0.080000
v 0.592551 0.329936 0.278990
v 0.576728 0.329936 0.337350
v 0.548331 0.329936 0.372429
v 0.501087 0.329936 0.391975
v 0.340000 0.329936 0.398300
v 0.178913 0.329936 0.391975
v 0.131669 0.329936 0.372429
v 0.103272 0.329936 0.337350
v 0.087449 0.329936 0.278990
v 0.082328 0.329936 0.080000
v 0.087449 0.329936 -0.118990
v 0.103272 0.329936 -0.177350
v 0.131669 0.329936 -0.212429
v 0.178913 0.329936 -0.231975
v 0.340000 0.329936 -0.238300
v 0.501087 0.329936 -0.231975
v 0.548331 0.329936 -0.212429
v 0.576728 0.329936 -0.177350
v 0.592551 0.329936 -0.118990
v 0.538006 0.337521 0.080000
v 0.534071 0.337521 0.232912
v 0.521912 0.337521 0.277759
v 0.500090 0.337521 0.304714
v 0.463786 0.337521 0.319734
v 0.340000 0.337521 0.324595
v 0.216214 0.337521 0.319734
v 0.179910 0.337521 0.304714
v 0.158088 0.337521 0.277759
v 0.145929 0.337521 0.232912
v 0.141994 0.337521 0.080000
v 0.145929 0.337521 -0.072912
v 0.158088 0.337521 -0.117759
v 0.179910 0.337521 -0.144714
v 0.216214 0.337521 -0.159734
v 0.340000 0.337521 -0.164595
v 0.463786 0.337521 -0.159734
v 0.500090 0.337521 -0.144714
v 0.521912 0.337521 -0.117759
v 0.534071 0.337521 -0.072912
v 0.340000 0.340000 0.080000
v 0.340000 0.340000 0.080000
v 0.340000 0.340000 0.080000
v 0.340000 0.340000 0.080000
v 0.340000 0.340000 0.080000
v 0.340000 0.340000 0.080000
v 0.340000 0.340000 0.080000
v 0.340000 0.340000 0.080000
v 0.340000 0.340000 0.080000
v 0.340000 0.340000 0.080000
v 0.340000 0.340000 0.080000
v 0.340000 0.340000 0.080000
v 0.340000 0.340000 0.080000
v 0.340000 0.340000 0.080000
v 0.340000 0.340000 0.080000
v 0.340000 0.340000 0.080000
v 0.340000 0.340000 0.080000
v 0.340000 0.340000 0.080000
v 0.340000 0.340000 0.080000
v 0.340000 0.340000 0.080000
f 1629 1630 1650
f 1629 1650 1649
f 1630 1631 1651
f 1630 1651 1650
f 1631 1632 1652
f 1631 1652 1651
f 1632 1633 1653
f 1632 1653 1652
f 1633 1634 1654
f 1633 1654 1653
f 1634 1635 1655
f 1634 1655 1654
f 1635 1636 1656
f 1635 1656 1655
f 1636 1637 1657
f 1636 1657 1656
f 1637 1638 1658
f 1637 1658 1657
f 1638 1639 1659
f 1638 1659 1658
f 1639 1640 1660
f 1639 1660 1659
f 1640 1641 1661
f 1640 1661 1660
f 1641 1642 1662
f 1641 1662 1661
f 1642 1643 1663
f 1642 1663 1662
f 1643 1644 1664
f 1643 1664 1663
f 1644 1645 1665
f 1644 1665 1664
f 1645 1646 1666
f 1645 1666 1665
f 1646 1647 1667
f 1646 1667 1666
f 1647 1648 1668
f 1647 1668 1667
f 1648 1629 1649
f 1648 1649 1668
f 1649 1650 1670
f 1649 1670 1669
f 1650 1651 1671
f 1650 1671 1670
f 1651 1652 1672
f 1651 1672 1671
f 1652 1653 1673
f 1652 1673 1672
f 1653 1654 1674
f 1653 1674 1673
f 1654 1655 1675
f 1654 1675 1674
f 1655 1656 1676
f 1655 1676 1675
f 1656 1657 1677
f 1656 1677 1676
f 1657 1658 1678
f 1657 1678 1677
f 1658 1659 1679
f 1658 1679 1678
f 1659 1660 1680
f 1659 1680 1679
f 1660 1661 1681
f 1660 1681 1680
f 1661 1662 1682
f 1661 1682 1681
f 1662 1663 1683
f 1662 1683 1682
f 1663 1664 1684
f 1663 1684 1683
f 1664 1665 1685
f 1664 1685 1684
f 1665 1666 1686
f 1665 1686 1685
f 1666 1667 1687
f 1666 1687 1686
f 1667 1668 1688
f 1667 1688 1687
f 1668 1649 1669
f 1668 1669 1688
f 1669 1670 1690
f 1669 1690 1689
f 1670 1671 1691
f 1670 1691 1690
f 1671 1672 1692
f 1671 1692 1691
f 1672 1673 1693
f 1672 1693 1692
f 1673 1674 1694
f 1673 1694 1693
f 1674 1675 1695
f 1674 1695 1694
f 1675 1676 1696
f 1675 1696 1695
f 1676 1677 1697
f 1676 1697 1696
f 1677 1678 1698
f 1677 1698 1697
f 1678 1679 1699
f 1678 1699 1698
f 1679 1680 1700
f 1679 1700 1699
f 1680 1681 1701
f 1680 1701 1700
f 1681 1682 1702
f 1681 1702 1701
f 1682 1683 1703
f 1682 1703 1702
f 1683 1684 1704
f 1683 1704 1703
f 1684 1685 1705
f 1684 1705 1704
f 1685 1686 1706
f 1685 1706 1705
f 1686 1687 1707
f 1686 1707 1706
f 1687 1688 1708
f 1687 1708 1707
f 1688 1669 1689
f 1688 1689 1708
f 1689 1690 1710
f 1689 1710 1709
f 1690 1691 1711
f 1690 1711 1710
f 1691 1692 1712
f 1691 1712 1711
f 1692 1693 1713
f 1692 1713 1712
f 1693 1694 1714
f 1693 1714 1713
f 1694 1695 1715
f 1694 1715 1714
f 1695 1696 1716
f 1695 1716 1715
f 1696 1697 1717
f 1696 1717 1716
f 1697 1698 1718
f 1697 1718 1717
f 1698 1699 1719
f 1698 1719 1718
f 1699 1700 1720
f 1699 1720 1719
f 1700 1701 1721
f 1700 1721 1720
f 1701 1702 1722
f 1701 1722 1721
f 1702 1703 1723
f 1702 1723 1722
f 1703 1704 1724
f 1703 1724 1723
f 1704 1705 1725
f 1704 1725 1724
f 1705 1706 1726
f 1705 1726 1725
f 1706 1707 1727
f 1706 1727 1726
f 1707 1708 1728
f 1707 1728 1727
f 1708 1689 1709
f 1708 1709 1728
f 1709 1710 1730
f 1709 1730 1729
f 1710 1711 1731
f 1710 1731 1730
f 1711 1712 1732
f 1711 1732 1731
f 1712 1713 1733
f 1712 1733 1732
f 1713 1714 1734
f 1713 1734 1733
f 1714 1715 1735
f 1714 1735 1734
f 1715 1716 1736
f 1715 1736 1735
f 1716 1717 1737
f 1716 1737 1736
f 1717 1718 1738
f 1717 1738 1737
f 1718 1719 1739
f 1718 1739 1738
f 1719 1720 1740
f 1719 1740 1739
f 1720 1721 1741
f 1720 1741 1740
f 1721 1722 1742
f 1721 1742 1741
f 1722 1723 1743
f 1722 1743 1742
f 1723 1724 1744
f 1723 1744 1743
f 1724 1725 1745
f 1724 1745 1744
f 1725 1726 1746
f 1725 1746 1745
f 1726 1727 1747
f 1726 1747 1746
f 1727 1728 1748
f 1727 1748 1747
f 1728 1709 1729
f 1728 1729 1748
f 1729 1730 1750
f 1729 1750 1749
f 1730 1731 1751
f 1730 1751 1750
f 1731 1732 1752
f 1731 1752 1751
f 1732 1733 1753
f 1732 1753 1752
f 1733 1734 1754
f 1733 1754 1753
f 1734 1735 1755
f 1734 1755 1754
f 1735 1736 1756
f 1735 1756 1755
f 1736 1737 1757
f 1736 1757 1756
f 1737 1738 1758
f 1737 1758 1757
f 1738 1739 1759
f 1738 1759 1758
f 1739 1740 1760
f 1739 1760 1759
f 1740 1741 1761
f 1740 1761 1760
f 1741 1742 1762
f 1741 1762 1761
f 1742 1743 1763
f 1742 1763 1762
f 1743 1744 1764
f 1743 1764 1763
f 1744 1745 1765
f 1744 1765 1764
f 1745 1746 1766
f 1745 1766 1765
f 1746 1747 1767
f 1746 1767 1766
f 1747 1748 1768
f 1747 1768 1767
f 1748 1729 1749
f 1748 1749 1768
f 1749 1750 1770
f 1749 1770 1769
f 1750 1751 1771
f 1750 1771 1770
f 1751 1752 1772
f 1751 1772 1771
f 1752 1753 1773
f 1752 1773 1772
f 1753 1754 1774
f 1753 1774 1773
f 1754 1755 1775
f 1754 1775 1774
f 1755 1756 1776
f 1755 1776 1775
f 1756 1757 1777
f 1756 1777 1776
f 1757 1758 1778
f 1757 1778 1777
f 1758 1759 1779
f 1758 1779 1778
f 1759 1760 1780
f 1759 1780 1779
f 1760 1761 1781
f 1760 1781 1780
f 1761 1762 1782
f 1761 1782 1781
f 1762 1763 1783
f 1762 1783 1782
f 1763 1764 1784
f 1763 1784 1783
f 1764 1765 1785
f 1764 1785 1784
f 1765 1766 1786
f 1765 1786 1785
f 1766 1767 1787
f 1766 1787 1786
f 1767 1768 1788
f 1767 1788 1787
f 1768 1749 1769
f 1768 1769 1788
f 1769 1770 1790
f 1769 1790 1789
f 1770 1771 1791
f 1770 1791 1790
f 1771 1772 1792
f 1771 1792 1791
f 1772 1773 1793
f 1772 1793 1792
f 1773 1774 1794
f 1773 1794 1793
f 1774 1775 1795
f 1774 1795 1794
f 1775 1776 1796
f 1775 1796 1795
f 1776 1777 1797
f 1776 1797 1796
f 1777 1778 1798
f 1777 1798 1797
f 1778 1779 1799
f 1778 1799 1798
f 1779 1780 1800
f 1779 1800 1799
f 1780 1781 1801
f 1780 1801 1800
f 1781 1782 1802
f 1781 1802 1801
f 1782 1783 1803
f 1782 1803 1802
f 1783 1784 1804
f 1783 1804 1803
f 1784 1785 1805
f 1784 1805 1804
f 1785 1786 1806
f 1785 1806 1805
f 1786 1787 1807
f 1786 1807 1806
f 1787 1788 1808
f 1787 1808 1807
f 1788 1769 1789
f 1788 1789 1808
f 1789 1790 1810
f 1789 1810 1809
f 1790 1791 1811
f 1790 1811 1810
f 1791 1792 1812
f 1791 1812 1811
f 1792 1793 1813
f 1792 1813 1812
f 1793 1794 1814
f 1793 1814 1813
f 1794 1795 1815
f 1794 1815 1814
f 1795 1796 1816
f 1795 1816 1815
f 1796 1797 1817
f 1796 1817 1816
f 1797 1798 1818
f 1797 1818 1817
f 1798 1799 1819
f 1798 1819 1818
f 1799 1800 1820
f 1799 1820 1819
f 1800 1801 1821
f 1800 1821 1820
f 1801 1802 1822
f 1801 1822 1821
f 1802 1803 1823
f 1802 1823 1822
f 1803 1804 1824
f 1803 1824 1823
f 1804 1805 1825
f 1804 1825 1824
f 1805 1806 1826
f 1805 1826 1825
f 1806 1807 1827
f 1806 1827 1826
f 1807 1808 1828
f 1807 1828 1827
f 1808 1789 1809
f 1808 1809 1828
f 1809 1810 1830
f 1809 1830 1829
f 1810 1811 1831
f 1810 1831 1830
f 1811 1812 1832
f 1811 1832 1831
f 1812 1813 1833
f 1812 1833 1832
f 1813 1814 1834
f 1813 1834 1833
f 1814 1815 1835
f 1814 1835 1834
f 1815 1816 1836
f 1815 1836 1835
f 1816 1817 1837
f 1816 1837 1836
f 1817 1818 1838
f 1817 1838 1837
f 1818 1819 1839
f 1818 1839 1838
f 1819 1820 1840
f 1819 1840 1839
f 1820 1821 1841
f 1820 1841 1840
f 1821 1822 1842
f 1821 1842 1841
f 1822 1823 1843
f 1822 1843 1842
f 1823 1824 1844
f 1823 1844 1843
f 1824 1825 1845
f 1824 1845 1844
f 1825 1826 1846
f 1825 1846 1845
f 1826 1827 1847
f 1826 1847 1846
f 1827 1828 1848
f 1827 1848 1847
f 1828 1809 1829
f 1828 1829 1848
f 1829 1830 1850
f 1829 1850 1849
f 1830 1831 1851
f 1830 1851 1850
f 1831 1832 1852
f 1831 1852 1851
f 1832 1833 1853
f 1832 1853 1852
f 1833 1834 1854
f 1833 1854 1853
f 1834 1835 1855
f 1834 1855 1854
f 1835 1836 1856
f 1835 1856 1855
f 1836 1837 1857
f 1836 1857 1856
f 1837 1838 1858
f 1837 1858 1857
f 1838 1839 1859
f 1838 1859 1858
f 1839 1840 1860
f 1839 1860 1859
f 1840 1841 1861
f 1840 1861 1860
f 1841 1842 1862
f 1841 1862 1861
f 1842 1843 1863
f 1842 1863 1862
f 1843 1844 1864
f 1843 1864 1863
f 1844 1845 1865
f 1844 1865 1864
f 1845 1846 1866
f 1845 1866 1865
f 1846 1847 1867
f 1846 1867 1866
f 1847 1848 1868
f 1847 1868 1867
f 1848 1829 1849
f 1848 1849 1868
f 1849 1850 1870
f 1849 1870 1869
f 1850 1851 1871
f 1850 1871 1870
f 1851 1852 1872
f 1851 1872 1871
f 1852 1853 1873
f 1852 1873 1872
f 1853 1854 1874
f 1853 1874 1873
f 1854 1855 1875
f 1854 1875 1874
f 1855 1856 1876
f 1855 1876 1875
f 1856 1857 1877
f 1856 1877 1876
f 1857 1858 1878
f 1857 1878 1877
f 1858 1859 1879
f 1858 1879 1878
f 1859 1860 1880
f 1859 1880 1879
f 1860 1861 1881
f 1860 1881 1880
f 1861 1862 1882
f 1861 1882 1881
f 1862 1863 1883
f 1862 1883 1882
f 1863 1864 1884
f 1863 1884 1883
f 1864 1865 1885
f 1864 1885 1884
f 1865 1866 1886
f 1865 1886 1885
f 1866 1867 1887
f 1866 1887 1886
f 1867 1868 1888
f 1867 1888 1887
f 1868 1849 1869
f 1868 1869 1888
o R_Toe_Armor
g R_Toe_Armor
usemtl Bastion_Yellow
v 0.340000 0.050000 0.290000
v 0.340000 0.050000 0.290000
v 0.340000 0.050000 0.290000
v 0.340000 0.050000 0.290000
v 0.340000 0.050000 0.290000
v 0.340000 0.050000 0.290000
v 0.340000 0.050000 0.290000
v 0.340000 0.050000 0.290000
v 0.340000 0.050000 0.290000
v 0.340000 0.050000 0.290000
v 0.340000 0.050000 0.290000
v 0.340000 0.050000 0.290000
v 0.340000 0.050000 0.290000
v 0.340000 0.050000 0.290000
v 0.340000 0.050000 0.290000
v 0.340000 0.050000 0.290000
v 0.340000 0.050000 0.290000
v 0.340000 0.050000 0.290000
v 0.340000 0.050000 0.290000
v 0.340000 0.050000 0.290000
v 0.514711 0.051928 0.290000
v 0.511239 0.051928 0.359174
v 0.500510 0.051928 0.379462
v 0.481256 0.051928 0.391656
v 0.449223 0.051928 0.398451
v 0.340000 0.051928 0.400650
v 0.230777 0.051928 0.398451
v 0.198744 0.051928 0.391656
v 0.179490 0.051928 0.379462
v 0.168761 0.051928 0.359174
v 0.165289 0.051928 0.290000
v 0.168761 0.051928 0.220826
v 0.179490 0.051928 0.200538
v 0.198744 0.051928 0.188344
v 0.230777 0.051928 0.181549
v 0.340000 0.051928 0.179350
v 0.449223 0.051928 0.181549
v 0.481256 0.051928 0.188344
v 0.500510 0.051928 0.200538
v 0.511239 0.051928 0.220826
v 0.567357 0.057828 0.290000
v 0.562839 0.057828 0.380019
v 0.548878 0.057828 0.406420
v 0.523822 0.057828 0.422289
v 0.482135 0.057828 0.431132
v 0.340000 0.057828 0.433993
v 0.197865 0.057828 0.431132
v 0.156178 0.057828 0.422289
v 0.131122 0.057828 0.406420
v 0.117161 0.057828 0.380019
v 0.112643 0.057828 0.290000
v 0.117161 0.057828 0.199981
v 0.131122 0.057828 0.173580
v 0.156178 0.057828 0.157711
v 0.197865 0.057828 0.148868
v 0.340000 0.057828 0.146007
v 0.482135 0.057828 0.148868
v 0.523822 0.057828 0.157711
v 0.548878 0.057828 0.173580
v 0.562839 0.057828 0.199981
v 0.601165 0.068123 0.290000
v 0.595975 0.068123 0.393405
v 0.579938 0.068123 0.423732
v 0.551156 0.068123 0.441960
v 0.503271 0.068123 0.452118
v 0.340000 0.068123 0.455405
v 0.176729 0.068123 0.452118
v 0.128844 0.068123 0.441960
v 0.100062 0.068123 0.423732
v 0.084025 0.068123 0.393405
v 0.078835 0.068123 0.290000
v 0.084025 0.068123 0.186595
v 0.100062 0.068123 0.156268
v 0.128844 0.068123 0.138040
v 0.176729 0.068123 0.127882
v 0.340000 0.068123 0.124595
v 0.503271 0.068123 0.127882
v 0.551156 0.068123 0.138040
v 0.579938 0.068123 0.156268
v 0.595975 0.068123 0.186595
v 0.623226 0.083900 0.290000
v 0.617598 0.083900 0.402140
v 0.600206 0.083900 0.435028
v 0.568992 0.083900 0.454797
v 0.517062 0.083900 0.465812
v 0.340000 0.083900 0.469377
v 0.162938 0.083900 0.465812
v 0.111008 0.083900 0.454797
v 0.079794 0.083900 0.435028
v 0.062402 0.083900 0.402140
v 0.056774 0.083900 0.290000
v 0.062402 0.083900 0.177860
v 0.079794 0.083900 0.144972
v 0.111008 0.083900 0.125203
v 0.162938 0.083900 0.114188
v 0.340000 0.083900 0.110623
v 0.517062 0.083900 0.114188
v 0.568992 0.083900 0.125203
v 0.600206 0.083900 0.144972
v 0.617598 0.083900 0.177860
v 0.635869 0.108468 0.290000
v 0.629989 0.108468 0.407145
v 0.611820 0.108468 0.441502
v 0.579214 0.108468 0.462153
v 0.524966 0.108468 0.473660
v 0.340000 0.108468 0.477383
v 0.155034 0.108468 0.473660
v 0.100786 0.108468 0.462153
v 0.068180 0.108468 0.441502
v 0.050011 0.108468 0.407145
v 0.044131 0.108468 0.290000
v 0.050011 0.108468 0.172855
v 0.068180 0.108468 0.138498
v 0.100786 0.108468 0.117847
v 0.155034 0.108468 0.106340
v 0.340000 0.108468 0.102617
v 0.524966 0.108468 0.106340
v 0.579214 0.108468 0.117847
v 0.611820 0.108468 0.138498
v 0.629989 0.108468 0.172855
v 0.640000 0.190000 0.290000
v 0.634038 0.190000 0.408781
v 0.615616 0.190000 0.443618
v 0.582554 0.190000 0.464557
v 0.527549 0.190000 0.476224
v 0.340000 0.190000 0.480000
v 0.152451 0.190000 0.476224
v 0.097446 0.190000 0.464557
v 0.064384 0.190000 0.443618
v 0.045962 0.190000 0.408781
v 0.040000 0.190000 0.290000
v 0.045962 0.190000 0.171219
v 0.064384 0.190000 0.136382
v 0.097446 0.190000 0.115443
v 0.152451 0.190000 0.103776
v 0.340000 0.190000 0.100000
v 0.527549 0.190000 0.103776
v 0.582554 0.190000 0.115443
v 0.615616 0.190000 0.136382
v 0.634038 0.190000 0.171219
v 0.635869 0.271532 0.290000
v 0.629989 0.271532 0.407145
v 0.611820 0.271532 0.441502
v 0.579214 0.271532 0.462153
v 0.524966 0.271532 0.473660
v 0.340000 0.271532 0.477383
v 0.155034 0.271532 0.473660
v 0.100786 0.271532 0.462153
v 0.068180 0.271532 0.441502
v 0.050011 0.271532 0.407145
v 0.044131 0.271532 0.290000
v 0.050011 0.271532 0.172855
v 0.068180 0.271532 0.138498
v 0.100786 0.271532 0.117847
v 0.155034 0.271532 0.106340
v 0.340000 0.271532 0.102617
v 0.524966 0.271532 0.106340
v 0.579214 0.271532 0.117847
v 0.611820 0.271532 0.138498
v 0.629989 0.271532 0.172855
v 0.623226 0.296100 0.290000
v 0.617598 0.296100 0.402140
v 0.600206 0.296100 0.435028
v 0.568992 0.296100 0.454797
v 0.517062 0.296100 0.465812
v 0.340000 0.296100 0.469377
v 0.162938 0.296100 0.465812
v 0.111008 0.296100 0.454797
v 0.079794 0.296100 0.435028
v 0.062402 0.296100 0.402140
v 0.056774 0.296100 0.290000
v 0.062402 0.296100 0.177860
v 0.079794 0.296100 0.144972
v 0.111008 0.296100 0.125203
v 0.162938 0.296100 0.114188
v 0.340000 0.296100 0.110623
v 0.517062 0.296100 0.114188
v 0.568992 0.296100 0.125203
v 0.600206 0.296100 0.144972
v 0.617598 0.296100 0.177860
v 0.601165 0.311877 0.290000
v 0.595975 0.311877 0.393405
v 0.579938 0.311877 0.423732
v 0.551156 0.311877 0.441960
v 0.503271 0.311877 0.452118
v 0.340000 0.311877 0.455405
v 0.176729 0.311877 0.452118
v 0.128844 0.311877 0.441960
v 0.100062 0.311877 0.423732
v 0.084025 0.311877 0.393405
v 0.078835 0.311877 0.290000
v 0.084025 0.311877 0.186595
v 0.100062 0.311877 0.156268
v 0.128844 0.311877 0.138040
v 0.176729 0.311877 0.127882
v 0.340000 0.311877 0.124595
v 0.503271 0.311877 0.127882
v 0.551156 0.311877 0.138040
v 0.579938 0.311877 0.156268
v 0.595975 0.311877 0.186595
v 0.567357 0.322172 0.290000
v 0.562839 0.322172 0.380019
v 0.548878 0.322172 0.406420
v 0.523822 0.322172 0.422289
v 0.482135 0.322172 0.431132
v 0.340000 0.322172 0.433993
v 0.197865 0.322172 0.431132
v 0.156178 0.322172 0.422289
v 0.131122 0.322172 0.406420
v 0.117161 0.322172 0.380019
v 0.112643 0.322172 0.290000
v 0.117161 0.322172 0.199981
v 0.131122 0.322172 0.173580
v 0.156178 0.322172 0.157711
v 0.197865 0.322172 0.148868
v 0.340000 0.322172 0.146007
v 0.482135 0.322172 0.148868
v 0.523822 0.322172 0.157711
v 0.548878 0.322172 0.173580
v 0.562839 0.322172 0.199981
v 0.514711 0.328072 0.290000
v 0.511239 0.328072 0.359174
v 0.500510 0.328072 0.379462
v 0.481256 0.328072 0.391656
v 0.449223 0.328072 0.398451
v 0.340000 0.328072 0.400650
v 0.230777 0.328072 0.398451
v 0.198744 0.328072 0.391656
v 0.179490 0.328072 0.379462
v 0.168761 0.328072 0.359174
v 0.165289 0.328072 0.290000
v 0.168761 0.328072 0.220826
v 0.179490 0.328072 0.200538
v 0.198744 0.328072 0.188344
v 0.230777 0.328072 0.181549
v 0.340000 0.328072 0.179350
v 0.449223 0.328072 0.181549
v 0.481256 0.328072 0.188344
v 0.500510 0.328072 0.200538
v 0.511239 0.328072 0.220826
v 0.340000 0.330000 0.290000
v 0.340000 0.330000 0.290000
v 0.340000 0.330000 0.290000
v 0.340000 0.330000 0.290000
v 0.340000 0.330000 0.290000
v 0.340000 0.330000 0.290000
v 0.340000 0.330000 0.290000
v 0.340000 0.330000 0.290000
v 0.340000 0.330000 0.290000
v 0.340000 0.330000 0.290000
v 0.340000 0.330000 0.290000
v 0.340000 0.330000 0.290000
v 0.340000 0.330000 0.290000
v 0.340000 0.330000 0.290000
v 0.340000 0.330000 0.290000
v 0.340000 0.330000 0.290000
v 0.340000 0.330000 0.290000
v 0.340000 0.330000 0.290000
v 0.340000 0.330000 0.290000
v 0.340000 0.330000 0.290000
f 1889 1890 1910
f 1889 1910 1909
f 1890 1891 1911
f 1890 1911 1910
f 1891 1892 1912
f 1891 1912 1911
f 1892 1893 1913
f 1892 1913 1912
f 1893 1894 1914
f 1893 1914 1913
f 1894 1895 1915
f 1894 1915 1914
f 1895 1896 1916
f 1895 1916 1915
f 1896 1897 1917
f 1896 1917 1916
f 1897 1898 1918
f 1897 1918 1917
f 1898 1899 1919
f 1898 1919 1918
f 1899 1900 1920
f 1899 1920 1919
f 1900 1901 1921
f 1900 1921 1920
f 1901 1902 1922
f 1901 1922 1921
f 1902 1903 1923
f 1902 1923 1922
f 1903 1904 1924
f 1903 1924 1923
f 1904 1905 1925
f 1904 1925 1924
f 1905 1906 1926
f 1905 1926 1925
f 1906 1907 1927
f 1906 1927 1926
f 1907 1908 1928
f 1907 1928 1927
f 1908 1889 1909
f 1908 1909 1928
f 1909 1910 1930
f 1909 1930 1929
f 1910 1911 1931
f 1910 1931 1930
f 1911 1912 1932
f 1911 1932 1931
f 1912 1913 1933
f 1912 1933 1932
f 1913 1914 1934
f 1913 1934 1933
f 1914 1915 1935
f 1914 1935 1934
f 1915 1916 1936
f 1915 1936 1935
f 1916 1917 1937
f 1916 1937 1936
f 1917 1918 1938
f 1917 1938 1937
f 1918 1919 1939
f 1918 1939 1938
f 1919 1920 1940
f 1919 1940 1939
f 1920 1921 1941
f 1920 1941 1940
f 1921 1922 1942
f 1921 1942 1941
f 1922 1923 1943
f 1922 1943 1942
f 1923 1924 1944
f 1923 1944 1943
f 1924 1925 1945
f 1924 1945 1944
f 1925 1926 1946
f 1925 1946 1945
f 1926 1927 1947
f 1926 1947 1946
f 1927 1928 1948
f 1927 1948 1947
f 1928 1909 1929
f 1928 1929 1948
f 1929 1930 1950
f 1929 1950 1949
f 1930 1931 1951
f 1930 1951 1950
f 1931 1932 1952
f 1931 1952 1951
f 1932 1933 1953
f 1932 1953 1952
f 1933 1934 1954
f 1933 1954 1953
f 1934 1935 1955
f 1934 1955 1954
f 1935 1936 1956
f 1935 1956 1955
f 1936 1937 1957
f 1936 1957 1956
f 1937 1938 1958
f 1937 1958 1957
f 1938 1939 1959
f 1938 1959 1958
f 1939 1940 1960
f 1939 1960 1959
f 1940 1941 1961
f 1940 1961 1960
f 1941 1942 1962
f 1941 1962 1961
f 1942 1943 1963
f 1942 1963 1962
f 1943 1944 1964
f 1943 1964 1963
f 1944 1945 1965
f 1944 1965 1964
f 1945 1946 1966
f 1945 1966 1965
f 1946 1947 1967
f 1946 1967 1966
f 1947 1948 1968
f 1947 1968 1967
f 1948 1929 1949
f 1948 1949 1968
f 1949 1950 1970
f 1949 1970 1969
f 1950 1951 1971
f 1950 1971 1970
f 1951 1952 1972
f 1951 1972 1971
f 1952 1953 1973
f 1952 1973 1972
f 1953 1954 1974
f 1953 1974 1973
f 1954 1955 1975
f 1954 1975 1974
f 1955 1956 1976
f 1955 1976 1975
f 1956 1957 1977
f 1956 1977 1976
f 1957 1958 1978
f 1957 1978 1977
f 1958 1959 1979
f 1958 1979 1978
f 1959 1960 1980
f 1959 1980 1979
f 1960 1961 1981
f 1960 1981 1980
f 1961 1962 1982
f 1961 1982 1981
f 1962 1963 1983
f 1962 1983 1982
f 1963 1964 1984
f 1963 1984 1983
f 1964 1965 1985
f 1964 1985 1984
f 1965 1966 1986
f 1965 1986 1985
f 1966 1967 1987
f 1966 1987 1986
f 1967 1968 1988
f 1967 1988 1987
f 1968 1949 1969
f 1968 1969 1988
f 1969 1970 1990
f 1969 1990 1989
f 1970 1971 1991
f 1970 1991 1990
f 1971 1972 1992
f 1971 1992 1991
f 1972 1973 1993
f 1972 1993 1992
f 1973 1974 1994
f 1973 1994 1993
f 1974 1975 1995
f 1974 1995 1994
f 1975 1976 1996
f 1975 1996 1995
f 1976 1977 1997
f 1976 1997 1996
f 1977 1978 1998
f 1977 1998 1997
f 1978 1979 1999
f 1978 1999 1998
f 1979 1980 2000
f 1979 2000 1999
f 1980 1981 2001
f 1980 2001 2000
f 1981 1982 2002
f 1981 2002 2001
f 1982 1983 2003
f 1982 2003 2002
f 1983 1984 2004
f 1983 2004 2003
f 1984 1985 2005
f 1984 2005 2004
f 1985 1986 2006
f 1985 2006 2005
f 1986 1987 2007
f 1986 2007 2006
f 1987 1988 2008
f 1987 2008 2007
f 1988 1969 1989
f 1988 1989 2008
f 1989 1990 2010
f 1989 2010 2009
f 1990 1991 2011
f 1990 2011 2010
f 1991 1992 2012
f 1991 2012 2011
f 1992 1993 2013
f 1992 2013 2012
f 1993 1994 2014
f 1993 2014 2013
f 1994 1995 2015
f 1994 2015 2014
f 1995 1996 2016
f 1995 2016 2015
f 1996 1997 2017
f 1996 2017 2016
f 1997 1998 2018
f 1997 2018 2017
f 1998 1999 2019
f 1998 2019 2018
f 1999 2000 2020
f 1999 2020 2019
f 2000 2001 2021
f 2000 2021 2020
f 2001 2002 2022
f 2001 2022 2021
f 2002 2003 2023
f 2002 2023 2022
f 2003 2004 2024
f 2003 2024 2023
f 2004 2005 2025
f 2004 2025 2024
f 2005 2006 2026
f 2005 2026 2025
f 2006 2007 2027
f 2006 2027 2026
f 2007 2008 2028
f 2007 2028 2027
f 2008 1989 2009
f 2008 2009 2028
f 2009 2010 2030
f 2009 2030 2029
f 2010 2011 2031
f 2010 2031 2030
f 2011 2012 2032
f 2011 2032 2031
f 2012 2013 2033
f 2012 2033 2032
f 2013 2014 2034
f 2013 2034 2033
f 2014 2015 2035
f 2014 2035 2034
f 2015 2016 2036
f 2015 2036 2035
f 2016 2017 2037
f 2016 2037 2036
f 2017 2018 2038
f 2017 2038 2037
f 2018 2019 2039
f 2018 2039 2038
f 2019 2020 2040
f 2019 2040 2039
f 2020 2021 2041
f 2020 2041 2040
f 2021 2022 2042
f 2021 2042 2041
f 2022 2023 2043
f 2022 2043 2042
f 2023 2024 2044
f 2023 2044 2043
f 2024 2025 2045
f 2024 2045 2044
f 2025 2026 2046
f 2025 2046 2045
f 2026 2027 2047
f 2026 2047 2046
f 2027 2028 2048
f 2027 2048 2047
f 2028 2009 2029
f 2028 2029 2048
f 2029 2030 2050
f 2029 2050 2049
f 2030 2031 2051
f 2030 2051 2050
f 2031 2032 2052
f 2031 2052 2051
f 2032 2033 2053
f 2032 2053 2052
f 2033 2034 2054
f 2033 2054 2053
f 2034 2035 2055
f 2034 2055 2054
f 2035 2036 2056
f 2035 2056 2055
f 2036 2037 2057
f 2036 2057 2056
f 2037 2038 2058
f 2037 2058 2057
f 2038 2039 2059
f 2038 2059 2058
f 2039 2040 2060
f 2039 2060 2059
f 2040 2041 2061
f 2040 2061 2060
f 2041 2042 2062
f 2041 2062 2061
f 2042 2043 2063
f 2042 2063 2062
f 2043 2044 2064
f 2043 2064 2063
f 2044 2045 2065
f 2044 2065 2064
f 2045 2046 2066
f 2045 2066 2065
f 2046 2047 2067
f 2046 2067 2066
f 2047 2048 2068
f 2047 2068 2067
f 2048 2029 2049
f 2048 2049 2068
f 2049 2050 2070
f 2049 2070 2069
f 2050 2051 2071
f 2050 2071 2070
f 2051 2052 2072
f 2051 2072 2071
f 2052 2053 2073
f 2052 2073 2072
f 2053 2054 2074
f 2053 2074 2073
f 2054 2055 2075
f 2054 2075 2074
f 2055 2056 2076
f 2055 2076 2075
f 2056 2057 2077
f 2056 2077 2076
f 2057 2058 2078
f 2057 2078 2077
f 2058 2059 2079
f 2058 2079 2078
f 2059 2060 2080
f 2059 2080 2079
f 2060 2061 2081
f 2060 2081 2080
f 2061 2062 2082
f 2061 2082 2081
f 2062 2063 2083
f 2062 2083 2082
f 2063 2064 2084
f 2063 2084 2083
f 2064 2065 2085
f 2064 2085 2084
f 2065 2066 2086
f 2065 2086 2085
f 2066 2067 2087
f 2066 2087 2086
f 2067 2068 2088
f 2067 2088 2087
f 2068 2049 2069
f 2068 2069 2088
f 2069 2070 2090
f 2069 2090 2089
f 2070 2071 2091
f 2070 2091 2090
f 2071 2072 2092
f 2071 2092 2091
f 2072 2073 2093
f 2072 2093 2092
f 2073 2074 2094
f 2073 2094 2093
f 2074 2075 2095
f 2074 2095 2094
f 2075 2076 2096
f 2075 2096 2095
f 2076 2077 2097
f 2076 2097 2096
f 2077 2078 2098
f 2077 2098 2097
f 2078 2079 2099
f 2078 2099 2098
f 2079 2080 2100
f 2079 2100 2099
f 2080 2081 2101
f 2080 2101 2100
f 2081 2082 2102
f 2081 2102 2101
f 2082 2083 2103
f 2082 2103 2102
f 2083 2084 2104
f 2083 2104 2103
f 2084 2085 2105
f 2084 2105 2104
f 2085 2086 2106
f 2085 2106 2105
f 2086 2087 2107
f 2086 2107 2106
f 2087 2088 2108
f 2087 2108 2107
f 2088 2069 2089
f 2088 2089 2108
f 2089 2090 2110
f 2089 2110 2109
f 2090 2091 2111
f 2090 2111 2110
f 2091 2092 2112
f 2091 2112 2111
f 2092 2093 2113
f 2092 2113 2112
f 2093 2094 2114
f 2093 2114 2113
f 2094 2095 2115
f 2094 2115 2114
f 2095 2096 2116
f 2095 2116 2115
f 2096 2097 2117
f 2096 2117 2116
f 2097 2098 2118
f 2097 2118 2117
f 2098 2099 2119
f 2098 2119 2118
f 2099 2100 2120
f 2099 2120 2119
f 2100 2101 2121
f 2100 2121 2120
f 2101 2102 2122
f 2101 2122 2121
f 2102 2103 2123
f 2102 2123 2122
f 2103 2104 2124
f 2103 2124 2123
f 2104 2105 2125
f 2104 2125 2124
f 2105 2106 2126
f 2105 2126 2125
f 2106 2107 2127
f 2106 2127 2126
f 2107 2108 2128
f 2107 2128 2127
f 2108 2089 2109
f 2108 2109 2128
f 2109 2110 2130
f 2109 2130 2129
f 2110 2111 2131
f 2110 2131 2130
f 2111 2112 2132
f 2111 2132 2131
f 2112 2113 2133
f 2112 2133 2132
f 2113 2114 2134
f 2113 2134 2133
f 2114 2115 2135
f 2114 2135 2134
f 2115 2116 2136
f 2115 2136 2135
f 2116 2117 2137
f 2116 2137 2136
f 2117 2118 2138
f 2117 2138 2137
f 2118 2119 2139
f 2118 2139 2138
f 2119 2120 2140
f 2119 2140 2139
f 2120 2121 2141
f 2120 2141 2140
f 2121 2122 2142
f 2121 2142 2141
f 2122 2123 2143
f 2122 2143 2142
f 2123 2124 2144
f 2123 2144 2143
f 2124 2125 2145
f 2124 2145 2144
f 2125 2126 2146
f 2125 2146 2145
f 2126 2127 2147
f 2126 2147 2146
f 2127 2128 2148
f 2127 2148 2147
f 2128 2109 2129
f 2128 2129 2148
o R_Ankle
g R_Ankle
usemtl Gunmetal
v 0.340000 0.300000 0.000000
v 0.340000 0.480000 0.000000
v 0.340000 0.300000 -0.160000
v 0.278771 0.300000 -0.147821
v 0.226863 0.300000 -0.113137
v 0.192179 0.300000 -0.061229
v 0.180000 0.300000 -0.000000
v 0.192179 0.300000 0.061229
v 0.226863 0.300000 0.113137
v 0.278771 0.300000 0.147821
v 0.340000 0.300000 0.160000
v 0.401229 0.300000 0.147821
v 0.453137 0.300000 0.113137
v 0.487821 0.300000 0.061229
v 0.500000 0.300000 0.000000
v 0.487821 0.300000 -0.061229
v 0.453137 0.300000 -0.113137
v 0.401229 0.300000 -0.147821
v 0.340000 0.480000 -0.160000
v 0.278771 0.480000 -0.147821
v 0.226863 0.480000 -0.113137
v 0.192179 0.480000 -0.061229
v 0.180000 0.480000 -0.000000
v 0.192179 0.480000 0.061229
v 0.226863 0.480000 0.113137
v 0.278771 0.480000 0.147821
v 0.340000 0.480000 0.160000
v 0.401229 0.480000 0.147821
v 0.453137 0.480000 0.113137
v 0.487821 0.480000 0.061229
v 0.500000 0.480000 0.000000
v 0.487821 0.480000 -0.061229
v 0.453137 0.480000 -0.113137
v 0.401229 0.480000 -0.147821
f 2151 2152 2168
f 2151 2168 2167
f 2149 2152 2151
f 2150 2167 2168
f 2152 2153 2169
f 2152 2169 2168
f 2149 2153 2152
f 2150 2168 2169
f 2153 2154 2170
f 2153 2170 2169
f 2149 2154 2153
f 2150 2169 2170
f 2154 2155 2171
f 2154 2171 2170
f 2149 2155 2154
f 2150 2170 2171
f 2155 2156 2172
f 2155 2172 2171
f 2149 2156 2155
f 2150 2171 2172
f 2156 2157 2173
f 2156 2173 2172
f 2149 2157 2156
f 2150 2172 2173
f 2157 2158 2174
f 2157 2174 2173
f 2149 2158 2157
f 2150 2173 2174
f 2158 2159 2175
f 2158 2175 2174
f 2149 2159 2158
f 2150 2174 2175
f 2159 2160 2176
f 2159 2176 2175
f 2149 2160 2159
f 2150 2175 2176
f 2160 2161 2177
f 2160 2177 2176
f 2149 2161 2160
f 2150 2176 2177
f 2161 2162 2178
f 2161 2178 2177
f 2149 2162 2161
f 2150 2177 2178
f 2162 2163 2179
f 2162 2179 2178
f 2149 2163 2162
f 2150 2178 2179
f 2163 2164 2180
f 2163 2180 2179
f 2149 2164 2163
f 2150 2179 2180
f 2164 2165 2181
f 2164 2181 2180
f 2149 2165 2164
f 2150 2180 2181
f 2165 2166 2182
f 2165 2182 2181
f 2149 2166 2165
f 2150 2181 2182
f 2166 2151 2167
f 2166 2167 2182
f 2149 2151 2166
f 2150 2182 2167
o R_Shin_Armor
g R_Shin_Armor
usemtl Armor_Silver
v 0.340000 0.330000 0.050000
v 0.340000 0.330000 0.050000
v 0.340000 0.330000 0.050000
v 0.340000 0.330000 0.050000
v 0.340000 0.330000 0.050000
v 0.340000 0.330000 0.050000
v 0.340000 0.330000 0.050000
v 0.340000 0.330000 0.050000
v 0.340000 0.330000 0.050000
v 0.340000 0.330000 0.050000
v 0.340000 0.330000 0.050000
v 0.340000 0.330000 0.050000
v 0.340000 0.330000 0.050000
v 0.340000 0.330000 0.050000
v 0.340000 0.330000 0.050000
v 0.340000 0.330000 0.050000
v 0.340000 0.330000 0.050000
v 0.340000 0.330000 0.050000
v 0.340000 0.330000 0.050000
v 0.340000 0.330000 0.050000
v 0.488072 0.335352 0.050000
v 0.484806 0.335352 0.134607
v 0.474761 0.335352 0.162593
v 0.456924 0.335352 0.179770
v 0.427862 0.335352 0.189443
v 0.340000 0.335352 0.192588
v 0.252138 0.335352 0.189443
v 0.223076 0.335352 0.179770
v 0.205239 0.335352 0.162593
v 0.195194 0.335352 0.134607
v 0.191928 0.335352 0.050000
v 0.195194 0.335352 -0.034607
v 0.205239 0.335352 -0.062593
v 0.223076 0.335352 -0.079770
v 0.252138 0.335352 -0.089443
v 0.340000 0.335352 -0.092588
v 0.427862 0.335352 -0.089443
v 0.456924 0.335352 -0.079770
v 0.474761 0.335352 -0.062593
v 0.484806 0.335352 -0.034607
v 0.538414 0.351675 0.050000
v 0.534038 0.351675 0.163373
v 0.520578 0.351675 0.200873
v 0.496676 0.351675 0.223890
v 0.457733 0.351675 0.236851
v 0.340000 0.351675 0.241065
v 0.222267 0.351675 0.236851
v 0.183324 0.351675 0.223890
v 0.159422 0.351675 0.200873
v 0.145962 0.351675 0.163373
v 0.141586 0.351675 0.050000
v 0.145962 0.351675 -0.063373
v 0.159422 0.351675 -0.100873
v 0.183324 0.351675 -0.123890
v 0.222267 0.351675 -0.136851
v 0.340000 0.351675 -0.141065
v 0.457733 0.351675 -0.136851
v 0.496676 0.351675 -0.123890
v 0.520578 0.351675 -0.100873
v 0.534038 0.351675 -0.063373
v 0.571456 0.379965 0.050000
v 0.566351 0.379965 0.182252
v 0.550650 0.379965 0.225998
v 0.522767 0.379965 0.252848
v 0.477339 0.379965 0.267967
v 0.340000 0.379965 0.272883
v 0.202661 0.379965 0.267967
v 0.157233 0.379965 0.252848
v 0.129350 0.379965 0.225998
v 0.113649 0.379965 0.182252
v 0.108544 0.379965 0.050000
v 0.113649 0.379965 -0.082252
v 0.129350 0.379965 -0.125998
v 0.157233 0.379965 -0.152848
v 0.202661 0.379965 -0.167967
v 0.340000 0.379965 -0.172883
v 0.477339 0.379965 -0.167967
v 0.522767 0.379965 -0.152848
v 0.550650 0.379965 -0.125998
v 0.566351 0.379965 -0.082252
v 0.593279 0.422796 0.050000
v 0.587693 0.422796 0.194722
v 0.570511 0.422796 0.242593
v 0.540000 0.422796 0.271974
v 0.490288 0.422796 0.288519
v 0.340000 0.422796 0.293899
v 0.189712 0.422796 0.288519
v 0.140000 0.422796 0.271974
v 0.109489 0.422796 0.242593
v 0.092307 0.422796 0.194722
v 0.086721 0.422796 0.050000
v 0.092307 0.422796 -0.094722
v 0.109489 0.422796 -0.142593
v 0.140000 0.422796 -0.171974
v 0.189712 0.422796 -0.188519
v 0.340000 0.422796 -0.193899
v 0.490288 0.422796 -0.188519
v 0.540000 0.422796 -0.171974
v 0.570511 0.422796 -0.142593
v 0.587693 0.422796 -0.094722
v 0.605872 0.488055 0.050000
v 0.600008 0.488055 0.201917
v 0.581972 0.488055 0.252168
v 0.549944 0.488055 0.283010
v 0.497760 0.488055 0.300378
v 0.340000 0.488055 0.306025
v 0.182240 0.488055 0.300378
v 0.130056 0.488055 0.283010
v 0.098028 0.488055 0.252168
v 0.079992 0.488055 0.201917
v 0.074128 0.488055 0.050000
v 0.079992 0.488055 -0.101917
v 0.098028 0.488055 -0.152168
v 0.130056 0.488055 -0.183010
v 0.182240 0.488055 -0.200378
v 0.340000 0.488055 -0.206025
v 0.497760 0.488055 -0.200378
v 0.549944 0.488055 -0.183010
v 0.581972 0.488055 -0.152168
v 0.600008 0.488055 -0.101917
v 0.610000 0.680000 0.050000
v 0.604045 0.680000 0.204276
v 0.585729 0.680000 0.255307
v 0.553203 0.680000 0.286628
v 0.500210 0.680000 0.304265
v 0.340000 0.680000 0.310000
v 0.179790 0.680000 0.304265
v 0.126797 0.680000 0.286628
v 0.094271 0.680000 0.255307
v 0.075955 0.680000 0.204276
v 0.070000 0.680000 0.050000
v 0.075955 0.680000 -0.104276
v 0.094271 0.680000 -0.155307
v 0.126797 0.680000 -0.186628
v 0.179790 0.680000 -0.204265
v 0.340000 0.680000 -0.210000
v 0.500210 0.680000 -0.204265
v 0.553203 0.680000 -0.186628
v 0.585729 0.680000 -0.155307
v 0.604045 0.680000 -0.104276
v 0.605872 0.871945 0.050000
v 0.600008 0.871945 0.201917
v 0.581972 0.871945 0.252168
v 0.549944 0.871945 0.283010
v 0.497760 0.871945 0.300378
v 0.340000 0.871945 0.306025
v 0.182240 0.871945 0.300378
v 0.130056 0.871945 0.283010
v 0.098028 0.871945 0.252168
v 0.079992 0.871945 0.201917
v 0.074128 0.871945 0.050000
v 0.079992 0.871945 -0.101917
v 0.098028 0.871945 -0.152168
v 0.130056 0.871945 -0.183010
v 0.182240 0.871945 -0.200378
v 0.340000 0.871945 -0.206025
v 0.497760 0.871945 -0.200378
v 0.549944 0.871945 -0.183010
v 0.581972 0.871945 -0.152168
v 0.600008 0.871945 -0.101917
v 0.593279 0.937204 0.050000
v 0.587693 0.937204 0.194722
v 0.570511 0.937204 0.242593
v 0.540000 0.937204 0.271974
v 0.490288 0.937204 0.288519
v 0.340000 0.937204 0.293899
v 0.189712 0.937204 0.288519
v 0.140000 0.937204 0.271974
v 0.109489 0.937204 0.242593
v 0.092307 0.937204 0.194722
v 0.086721 0.937204 0.050000
v 0.092307 0.937204 -0.094722
v 0.109489 0.937204 -0.142593
v 0.140000 0.937204 -0.171974
v 0.189712 0.937204 -0.188519
v 0.340000 0.937204 -0.193899
v 0.490288 0.937204 -0.188519
v 0.540000 0.937204 -0.171974
v 0.570511 0.937204 -0.142593
v 0.587693 0.937204 -0.094722
v 0.571456 0.980035 0.050000
v 0.566351 0.980035 0.182252
v 0.550650 0.980035 0.225998
v 0.522767 0.980035 0.252848
v 0.477339 0.980035 0.267967
v 0.340000 0.980035 0.272883
v 0.202661 0.980035 0.267967
v 0.157233 0.980035 0.252848
v 0.129350 0.980035 0.225998
v 0.113649 0.980035 0.182252
v 0.108544 0.980035 0.050000
v 0.113649 0.980035 -0.082252
v 0.129350 0.980035 -0.125998
v 0.157233 0.980035 -0.152848
v 0.202661 0.980035 -0.167967
v 0.340000 0.980035 -0.172883
v 0.477339 0.980035 -0.167967
v 0.522767 0.980035 -0.152848
v 0.550650 0.980035 -0.125998
v 0.566351 0.980035 -0.082252
v 0.538414 1.008325 0.050000
v 0.534038 1.008325 0.163373
v 0.520578 1.008325 0.200873
v 0.496676 1.008325 0.223890
v 0.457733 1.008325 0.236851
v 0.340000 1.008325 0.241065
v 0.222267 1.008325 0.236851
v 0.183324 1.008325 0.223890
v 0.159422 1.008325 0.200873
v 0.145962 1.008325 0.163373
v 0.141586 1.008325 0.050000
v 0.145962 1.008325 -0.063373
v 0.159422 1.008325 -0.100873
v 0.183324 1.008325 -0.123890
v 0.222267 1.008325 -0.136851
v 0.340000 1.008325 -0.141065
v 0.457733 1.008325 -0.136851
v 0.496676 1.008325 -0.123890
v 0.520578 1.008325 -0.100873
v 0.534038 1.008325 -0.063373
v 0.488072 1.024648 0.050000
v 0.484806 1.024648 0.134607
v 0.474761 1.024648 0.162593
v 0.456924 1.024648 0.179770
v 0.427862 1.024648 0.189443
v 0.340000 1.024648 0.192588
v 0.252138 1.024648 0.189443
v 0.223076 1.024648 0.179770
v 0.205239 1.024648 0.162593
v 0.195194 1.024648 0.134607
v 0.191928 1.024648 0.050000
v 0.195194 1.024648 -0.034607
v 0.205239 1.024648 -0.062593
v 0.223076 1.024648 -0.079770
v 0.252138 1.024648 -0.089443
v 0.340000 1.024648 -0.092588
v 0.427862 1.024648 -0.089443
v 0.456924 1.024648 -0.079770
v 0.474761 1.024648 -0.062593
v 0.484806 1.024648 -0.034607
v 0.340000 1.030000 0.050000
v 0.340000 1.030000 0.050000
v 0.340000 1.030000 0.050000
v 0.340000 1.030000 0.050000
v 0.340000 1.030000 0.050000
v 0.340000 1.030000 0.050000
v 0.340000 1.030000 0.050000
v 0.340000 1.030000 0.050000
v 0.340000 1.030000 0.050000
v 0.340000 1.030000 0.050000
v 0.340000 1.030000 0.050000
v 0.340000 1.030000 0.050000
v 0.340000 1.030000 0.050000
v 0.340000 1.030000 0.050000
v 0.340000 1.030000 0.050000
v 0.340000 1.030000 0.050000
v 0.340000 1.030000 0.050000
v 0.340000 1.030000 0.050000
v 0.340000 1.030000 0.050000
v 0.340000 1.030000 0.050000
f 2183 2184 2204
f 2183 2204 2203
f 2184 2185 2205
f 2184 2205 2204
f 2185 2186 2206
f 2185 2206 2205
f 2186 2187 2207
f 2186 2207 2206
f 2187 2188 2208
f 2187 2208 2207
f 2188 2189 2209
f 2188 2209 2208
f 2189 2190 2210
f 2189 2210 2209
f 2190 2191 2211
f 2190 2211 2210
f 2191 2192 2212
f 2191 2212 2211
f 2192 2193 2213
f 2192 2213 2212
f 2193 2194 2214
f 2193 2214 2213
f 2194 2195 2215
f 2194 2215 2214
f 2195 2196 2216
f 2195 2216 2215
f 2196 2197 2217
f 2196 2217 2216
f 2197 2198 2218
f 2197 2218 2217
f 2198 2199 2219
f 2198 2219 2218
f 2199 2200 2220
f 2199 2220 2219
f 2200 2201 2221
f 2200 2221 2220
f 2201 2202 2222
f 2201 2222 2221
f 2202 2183 2203
f 2202 2203 2222
f 2203 2204 2224
f 2203 2224 2223
f 2204 2205 2225
f 2204 2225 2224
f 2205 2206 2226
f 2205 2226 2225
f 2206 2207 2227
f 2206 2227 2226
f 2207 2208 2228
f 2207 2228 2227
f 2208 2209 2229
f 2208 2229 2228
f 2209 2210 2230
f 2209 2230 2229
f 2210 2211 2231
f 2210 2231 2230
f 2211 2212 2232
f 2211 2232 2231
f 2212 2213 2233
f 2212 2233 2232
f 2213 2214 2234
f 2213 2234 2233
f 2214 2215 2235
f 2214 2235 2234
f 2215 2216 2236
f 2215 2236 2235
f 2216 2217 2237
f 2216 2237 2236
f 2217 2218 2238
f 2217 2238 2237
f 2218 2219 2239
f 2218 2239 2238
f 2219 2220 2240
f 2219 2240 2239
f 2220 2221 2241
f 2220 2241 2240
f 2221 2222 2242
f 2221 2242 2241
f 2222 2203 2223
f 2222 2223 2242
f 2223 2224 2244
f 2223 2244 2243
f 2224 2225 2245
f 2224 2245 2244
f 2225 2226 2246
f 2225 2246 2245
f 2226 2227 2247
f 2226 2247 2246
f 2227 2228 2248
f 2227 2248 2247
f 2228 2229 2249
f 2228 2249 2248
f 2229 2230 2250
f 2229 2250 2249
f 2230 2231 2251
f 2230 2251 2250
f 2231 2232 2252
f 2231 2252 2251
f 2232 2233 2253
f 2232 2253 2252
f 2233 2234 2254
f 2233 2254 2253
f 2234 2235 2255
f 2234 2255 2254
f 2235 2236 2256
f 2235 2256 2255
f 2236 2237 2257
f 2236 2257 2256
f 2237 2238 2258
f 2237 2258 2257
f 2238 2239 2259
f 2238 2259 2258
f 2239 2240 2260
f 2239 2260 2259
f 2240 2241 2261
f 2240 2261 2260
f 2241 2242 2262
f 2241 2262 2261
f 2242 2223 2243
f 2242 2243 2262
f 2243 2244 2264
f 2243 2264 2263
f 2244 2245 2265
f 2244 2265 2264
f 2245 2246 2266
f 2245 2266 2265
f 2246 2247 2267
f 2246 2267 2266
f 2247 2248 2268
f 2247 2268 2267
f 2248 2249 2269
f 2248 2269 2268
f 2249 2250 2270
f 2249 2270 2269
f 2250 2251 2271
f 2250 2271 2270
f 2251 2252 2272
f 2251 2272 2271
f 2252 2253 2273
f 2252 2273 2272
f 2253 2254 2274
f 2253 2274 2273
f 2254 2255 2275
f 2254 2275 2274
f 2255 2256 2276
f 2255 2276 2275
f 2256 2257 2277
f 2256 2277 2276
f 2257 2258 2278
f 2257 2278 2277
f 2258 2259 2279
f 2258 2279 2278
f 2259 2260 2280
f 2259 2280 2279
f 2260 2261 2281
f 2260 2281 2280
f 2261 2262 2282
f 2261 2282 2281
f 2262 2243 2263
f 2262 2263 2282
f 2263 2264 2284
f 2263 2284 2283
f 2264 2265 2285
f 2264 2285 2284
f 2265 2266 2286
f 2265 2286 2285
f 2266 2267 2287
f 2266 2287 2286
f 2267 2268 2288
f 2267 2288 2287
f 2268 2269 2289
f 2268 2289 2288
f 2269 2270 2290
f 2269 2290 2289
f 2270 2271 2291
f 2270 2291 2290
f 2271 2272 2292
f 2271 2292 2291
f 2272 2273 2293
f 2272 2293 2292
f 2273 2274 2294
f 2273 2294 2293
f 2274 2275 2295
f 2274 2295 2294
f 2275 2276 2296
f 2275 2296 2295
f 2276 2277 2297
f 2276 2297 2296
f 2277 2278 2298
f 2277 2298 2297
f 2278 2279 2299
f 2278 2299 2298
f 2279 2280 2300
f 2279 2300 2299
f 2280 2281 2301
f 2280 2301 2300
f 2281 2282 2302
f 2281 2302 2301
f 2282 2263 2283
f 2282 2283 2302
f 2283 2284 2304
f 2283 2304 2303
f 2284 2285 2305
f 2284 2305 2304
f 2285 2286 2306
f 2285 2306 2305
f 2286 2287 2307
f 2286 2307 2306
f 2287 2288 2308
f 2287 2308 2307
f 2288 2289 2309
f 2288 2309 2308
f 2289 2290 2310
f 2289 2310 2309
f 2290 2291 2311
f 2290 2311 2310
f 2291 2292 2312
f 2291 2312 2311
f 2292 2293 2313
f 2292 2313 2312
f 2293 2294 2314
f 2293 2314 2313
f 2294 2295 2315
f 2294 2315 2314
f 2295 2296 2316
f 2295 2316 2315
f 2296 2297 2317
f 2296 2317 2316
f 2297 2298 2318
f 2297 2318 2317
f 2298 2299 2319
f 2298 2319 2318
f 2299 2300 2320
f 2299 2320 2319
f 2300 2301 2321
f 2300 2321 2320
f 2301 2302 2322
f 2301 2322 2321
f 2302 2283 2303
f 2302 2303 2322
f 2303 2304 2324
f 2303 2324 2323
f 2304 2305 2325
f 2304 2325 2324
f 2305 2306 2326
f 2305 2326 2325
f 2306 2307 2327
f 2306 2327 2326
f 2307 2308 2328
f 2307 2328 2327
f 2308 2309 2329
f 2308 2329 2328
f 2309 2310 2330
f 2309 2330 2329
f 2310 2311 2331
f 2310 2331 2330
f 2311 2312 2332
f 2311 2332 2331
f 2312 2313 2333
f 2312 2333 2332
f 2313 2314 2334
f 2313 2334 2333
f 2314 2315 2335
f 2314 2335 2334
f 2315 2316 2336
f 2315 2336 2335
f 2316 2317 2337
f 2316 2337 2336
f 2317 2318 2338
f 2317 2338 2337
f 2318 2319 2339
f 2318 2339 2338
f 2319 2320 2340
f 2319 2340 2339
f 2320 2321 2341
f 2320 2341 2340
f 2321 2322 2342
f 2321 2342 2341
f 2322 2303 2323
f 2322 2323 2342
f 2323 2324 2344
f 2323 2344 2343
f 2324 2325 2345
f 2324 2345 2344
f 2325 2326 2346
f 2325 2346 2345
f 2326 2327 2347
f 2326 2347 2346
f 2327 2328 2348
f 2327 2348 2347
f 2328 2329 2349
f 2328 2349 2348
f 2329 2330 2350
f 2329 2350 2349
f 2330 2331 2351
f 2330 2351 2350
f 2331 2332 2352
f 2331 2352 2351
f 2332 2333 2353
f 2332 2353 2352
f 2333 2334 2354
f 2333 2354 2353
f 2334 2335 2355
f 2334 2355 2354
f 2335 2336 2356
f 2335 2356 2355
f 2336 2337 2357
f 2336 2357 2356
f 2337 2338 2358
f 2337 2358 2357
f 2338 2339 2359
f 2338 2359 2358
f 2339 2340 2360
f 2339 2360 2359
f 2340 2341 2361
f 2340 2361 2360
f 2341 2342 2362
f 2341 2362 2361
f 2342 2323 2343
f 2342 2343 2362
f 2343 2344 2364
f 2343 2364 2363
f 2344 2345 2365
f 2344 2365 2364
f 2345 2346 2366
f 2345 2366 2365
f 2346 2347 2367
f 2346 2367 2366
f 2347 2348 2368
f 2347 2368 2367
f 2348 2349 2369
f 2348 2369 2368
f 2349 2350 2370
f 2349 2370 2369
f 2350 2351 2371
f 2350 2371 2370
f 2351 2352 2372
f 2351 2372 2371
f 2352 2353 2373
f 2352 2373 2372
f 2353 2354 2374
f 2353 2374 2373
f 2354 2355 2375
f 2354 2375 2374
f 2355 2356 2376
f 2355 2376 2375
f 2356 2357 2377
f 2356 2377 2376
f 2357 2358 2378
f 2357 2378 2377
f 2358 2359 2379
f 2358 2379 2378
f 2359 2360 2380
f 2359 2380 2379
f 2360 2361 2381
f 2360 2381 2380
f 2361 2362 2382
f 2361 2382 2381
f 2362 2343 2363
f 2362 2363 2382
f 2363 2364 2384
f 2363 2384 2383
f 2364 2365 2385
f 2364 2385 2384
f 2365 2366 2386
f 2365 2386 2385
f 2366 2367 2387
f 2366 2387 2386
f 2367 2368 2388
f 2367 2388 2387
f 2368 2369 2389
f 2368 2389 2388
f 2369 2370 2390
f 2369 2390 2389
f 2370 2371 2391
f 2370 2391 2390
f 2371 2372 2392
f 2371 2392 2391
f 2372 2373 2393
f 2372 2393 2392
f 2373 2374 2394
f 2373 2394 2393
f 2374 2375 2395
f 2374 2395 2394
f 2375 2376 2396
f 2375 2396 2395
f 2376 2377 2397
f 2376 2397 2396
f 2377 2378 2398
f 2377 2398 2397
f 2378 2379 2399
f 2378 2399 2398
f 2379 2380 2400
f 2379 2400 2399
f 2380 2381 2401
f 2380 2401 2400
f 2381 2382 2402
f 2381 2402 2401
f 2382 2363 2383
f 2382 2383 2402
f 2383 2384 2404
f 2383 2404 2403
f 2384 2385 2405
f 2384 2405 2404
f 2385 2386 2406
f 2385 2406 2405
f 2386 2387 2407
f 2386 2407 2406
f 2387 2388 2408
f 2387 2408 2407
f 2388 2389 2409
f 2388 2409 2408
f 2389 2390 2410
f 2389 2410 2409
f 2390 2391 2411
f 2390 2411 2410
f 2391 2392 2412
f 2391 2412 2411
f 2392 2393 2413
f 2392 2413 2412
f 2393 2394 2414
f 2393 2414 2413
f 2394 2395 2415
f 2394 2415 2414
f 2395 2396 2416
f 2395 2416 2415
f 2396 2397 2417
f 2396 2417 2416
f 2397 2398 2418
f 2397 2418 2417
f 2398 2399 2419
f 2398 2419 2418
f 2399 2400 2420
f 2399 2420 2419
f 2400 2401 2421
f 2400 2421 2420
f 2401 2402 2422
f 2401 2422 2421
f 2402 2383 2403
f 2402 2403 2422
f 2403 2404 2424
f 2403 2424 2423
f 2404 2405 2425
f 2404 2425 2424
f 2405 2406 2426
f 2405 2426 2425
f 2406 2407 2427
f 2406 2427 2426
f 2407 2408 2428
f 2407 2428 2427
f 2408 2409 2429
f 2408 2429 2428
f 2409 2410 2430
f 2409 2430 2429
f 2410 2411 2431
f 2410 2431 2430
f 2411 2412 2432
f 2411 2432 2431
f 2412 2413 2433
f 2412 2433 2432
f 2413 2414 2434
f 2413 2434 2433
f 2414 2415 2435
f 2414 2435 2434
f 2415 2416 2436
f 2415 2436 2435
f 2416 2417 2437
f 2416 2437 2436
f 2417 2418 2438
f 2417 2438 2437
f 2418 2419 2439
f 2418 2439 2438
f 2419 2420 2440
f 2419 2440 2439
f 2420 2421 2441
f 2420 2441 2440
f 2421 2422 2442
f 2421 2442 2441
f 2422 2403 2423
f 2422 2423 2442
o R_Knee
g R_Knee
usemtl Deep_Navy
v 0.340000 0.760000 0.130000
v 0.340000 0.760000 0.130000
v 0.340000 0.760000 0.130000
v 0.340000 0.760000 0.130000
v 0.340000 0.760000 0.130000
v 0.340000 0.760000 0.130000
v 0.340000 0.760000 0.130000
v 0.340000 0.760000 0.130000
v 0.340000 0.760000 0.130000
v 0.340000 0.760000 0.130000
v 0.340000 0.760000 0.130000
v 0.340000 0.760000 0.130000
v 0.340000 0.760000 0.130000
v 0.340000 0.760000 0.130000
v 0.340000 0.760000 0.130000
v 0.340000 0.760000 0.130000
v 0.340000 0.760000 0.130000
v 0.340000 0.760000 0.130000
v 0.340000 0.760000 0.130000
v 0.340000 0.760000 0.130000
v 0.441623 0.764315 0.130000
v 0.438750 0.764315 0.174863
v 0.430032 0.764315 0.194781
v 0.415010 0.764315 0.207755
v 0.391946 0.764315 0.215284
v 0.340000 0.764315 0.217765
v 0.288054 0.764315 0.215284
v 0.264990 0.764315 0.207755
v 0.249968 0.764315 0.194781
v 0.241250 0.764315 0.174863
v 0.238377 0.764315 0.130000
v 0.241250 0.764315 0.085137
v 0.249968 0.764315 0.065219
v 0.264990 0.764315 0.052245
v 0.288054 0.764315 0.044716
v 0.340000 0.764315 0.042235
v 0.391946 0.764315 0.044716
v 0.415010 0.764315 0.052245
v 0.430032 0.764315 0.065219
v 0.438750 0.764315 0.085137
v 0.488049 0.777360 0.130000
v 0.483864 0.777360 0.195358
v 0.471163 0.777360 0.224376
v 0.449277 0.777360 0.243277
v 0.415678 0.777360 0.254246
v 0.340000 0.777360 0.257861
v 0.264322 0.777360 0.254246
v 0.230723 0.777360 0.243277
v 0.208837 0.777360 0.224376
v 0.196136 0.777360 0.195358
v 0.191951 0.777360 0.130000
v 0.196136 0.777360 0.064642
v 0.208837 0.777360 0.035624
v 0.230723 0.777360 0.016723
v 0.264322 0.777360 0.005754
v 0.340000 0.777360 0.002139
v 0.415678 0.777360 0.005754
v 0.449277 0.777360 0.016723
v 0.471163 0.777360 0.035624
v 0.483864 0.777360 0.064642
v 0.520474 0.799526 0.130000
v 0.515372 0.799526 0.209672
v 0.499889 0.799526 0.245046
v 0.473211 0.799526 0.268086
v 0.432252 0.799526 0.281458
v 0.340000 0.799526 0.285864
v 0.247748 0.799526 0.281458
v 0.206789 0.799526 0.268086
v 0.180111 0.799526 0.245046
v 0.164628 0.799526 0.209672
v 0.159526 0.799526 0.130000
v 0.164628 0.799526 0.050328
v 0.180111 0.799526 0.014954
v 0.206789 0.799526 -0.008086
v 0.247748 0.799526 -0.021458
v 0.340000 0.799526 -0.025864
v 0.432252 0.799526 -0.021458
v 0.473211 0.799526 -0.008086
v 0.499889 0.799526 0.014954
v 0.515372 0.799526 0.050328
v 0.542640 0.831951 0.130000
v 0.536912 0.831951 0.219458
v 0.519527 0.831951 0.259176
v 0.489572 0.831951 0.285046
v 0.443583 0.831951 0.300060
v 0.340000 0.831951 0.305008
v 0.236417 0.831951 0.300060
v 0.190428 0.831951 0.285046
v 0.160473 0.831951 0.259176
v 0.143088 0.831951 0.219458
v 0.137360 0.831951 0.130000
v 0.143088 0.831951 0.040542
v 0.160473 0.831951 0.000824
v 0.190428 0.831951 -0.025046
v 0.236417 0.831951 -0.040060
v 0.340000 0.831951 -0.045008
v 0.443583 0.831951 -0.040060
v 0.489572 0.831951 -0.025046
v 0.519527 0.831951 0.000824
v 0.536912 0.831951 0.040542
v 0.555685 0.878377 0.130000
v 0.549588 0.878377 0.225216
v 0.531084 0.878377 0.267491
v 0.499200 0.878377 0.295027
v 0.450250 0.878377 0.311007
v 0.340000 0.878377 0.316273
v 0.229750 0.878377 0.311007
v 0.180800 0.878377 0.295027
v 0.148916 0.878377 0.267491
v 0.130412 0.878377 0.225216
v 0.124315 0.878377 0.130000
v 0.130412 0.878377 0.034784
v 0.148916 0.878377 -0.007491
v 0.180800 0.878377 -0.035027
v 0.229750 0.878377 -0.051007
v 0.340000 0.878377 -0.056273
v 0.450250 0.878377 -0.051007
v 0.499200 0.878377 -0.035027
v 0.531084 0.878377 -0.007491
v 0.549588 0.878377 0.034784
v 0.560000 0.980000 0.130000
v 0.553781 0.980000 0.227121
v 0.534907 0.980000 0.270242
v 0.502386 0.980000 0.298329
v 0.452456 0.980000 0.314629
v 0.340000 0.980000 0.320000
v 0.227544 0.980000 0.314629
v 0.177614 0.980000 0.298329
v 0.145093 0.980000 0.270242
v 0.126219 0.980000 0.227121
v 0.120000 0.980000 0.130000
v 0.126219 0.980000 0.032879
v 0.145093 0.980000 -0.010242
v 0.177614 0.980000 -0.038329
v 0.227544 0.980000 -0.054629
v 0.340000 0.980000 -0.060000
v 0.452456 0.980000 -0.054629
v 0.502386 0.980000 -0.038329
v 0.534907 0.980000 -0.010242
v 0.553781 0.980000 0.032879
v 0.555685 1.081623 0.130000
v 0.549588 1.081623 0.225216
v 0.531084 1.081623 0.267491
v 0.499200 1.081623 0.295027
v 0.450250 1.081623 0.311007
v 0.340000 1.081623 0.316273
v 0.229750 1.081623 0.311007
v 0.180800 1.081623 0.295027
v 0.148916 1.081623 0.267491
v 0.130412 1.081623 0.225216
v 0.124315 1.081623 0.130000
v 0.130412 1.081623 0.034784
v 0.148916 1.081623 -0.007491
v 0.180800 1.081623 -0.035027
v 0.229750 1.081623 -0.051007
v 0.340000 1.081623 -0.056273
v 0.450250 1.081623 -0.051007
v 0.499200 1.081623 -0.035027
v 0.531084 1.081623 -0.007491
v 0.549588 1.081623 0.034784
v 0.542640 1.128049 0.130000
v 0.536912 1.128049 0.219458
v 0.519527 1.128049 0.259176
v 0.489572 1.128049 0.285046
v 0.443583 1.128049 0.300060
v 0.340000 1.128049 0.305008
v 0.236417 1.128049 0.300060
v 0.190428 1.128049 0.285046
v 0.160473 1.128049 0.259176
v 0.143088 1.128049 0.219458
v 0.137360 1.128049 0.130000
v 0.143088 1.128049 0.040542
v 0.160473 1.128049 0.000824
v 0.190428 1.128049 -0.025046
v 0.236417 1.128049 -0.040060
v 0.340000 1.128049 -0.045008
v 0.443583 1.128049 -0.040060
v 0.489572 1.128049 -0.025046
v 0.519527 1.128049 0.000824
v 0.536912 1.128049 0.040542
v 0.520474 1.160474 0.130000
v 0.515372 1.160474 0.209672
v 0.499889 1.160474 0.245046
v 0.473211 1.160474 0.268086
v 0.432252 1.160474 0.281458
v 0.340000 1.160474 0.285864
v 0.247748 1.160474 0.281458
v 0.206789 1.160474 0.268086
v 0.180111 1.160474 0.245046
v 0.164628 1.160474 0.209672
v 0.159526 1.160474 0.130000
v 0.164628 1.160474 0.050328
v 0.180111 1.160474 0.014954
v 0.206789 1.160474 -0.008086
v 0.247748 1.160474 -0.021458
v 0.340000 1.160474 -0.025864
v 0.432252 1.160474 -0.021458
v 0.473211 1.160474 -0.008086
v 0.499889 1.160474 0.014954
v 0.515372 1.160474 0.050328
v 0.488049 1.182640 0.130000
v 0.483864 1.182640 0.195358
v 0.471163 1.182640 0.224376
v 0.449277 1.182640 0.243277
v 0.415678 1.182640 0.254246
v 0.340000 1.182640 0.257861
v 0.264322 1.182640 0.254246
v 0.230723 1.182640 0.243277
v 0.208837 1.182640 0.224376
v 0.196136 1.182640 0.195358
v 0.191951 1.182640 0.130000
v 0.196136 1.182640 0.064642
v 0.208837 1.182640 0.035624
v 0.230723 1.182640 0.016723
v 0.264322 1.182640 0.005754
v 0.340000 1.182640 0.002139
v 0.415678 1.182640 0.005754
v 0.449277 1.182640 0.016723
v 0.471163 1.182640 0.035624
v 0.483864 1.182640 0.064642
v 0.441623 1.195685 0.130000
v 0.438750 1.195685 0.174863
v 0.430032 1.195685 0.194781
v 0.415010 1.195685 0.207755
v 0.391946 1.195685 0.215284
v 0.340000 1.195685 0.217765
v 0.288054 1.195685 0.215284
v 0.264990 1.195685 0.207755
v 0.249968 1.195685 0.194781
v 0.241250 1.195685 0.174863
v 0.238377 1.195685 0.130000
v 0.241250 1.195685 0.085137
v 0.249968 1.195685 0.065219
v 0.264990 1.195685 0.052245
v 0.288054 1.195685 0.044716
v 0.340000 1.195685 0.042235
v 0.391946 1.195685 0.044716
v 0.415010 1.195685 0.052245
v 0.430032 1.195685 0.065219
v 0.438750 1.195685 0.085137
v 0.340000 1.200000 0.130000
v 0.340000 1.200000 0.130000
v 0.340000 1.200000 0.130000
v 0.340000 1.200000 0.130000
v 0.340000 1.200000 0.130000
v 0.340000 1.200000 0.130000
v 0.340000 1.200000 0.130000
v 0.340000 1.200000 0.130000
v 0.340000 1.200000 0.130000
v 0.340000 1.200000 0.130000
v 0.340000 1.200000 0.130000
v 0.340000 1.200000 0.130000
v 0.340000 1.200000 0.130000
v 0.340000 1.200000 0.130000
v 0.340000 1.200000 0.130000
v 0.340000 1.200000 0.130000
v 0.340000 1.200000 0.130000
v 0.340000 1.200000 0.130000
v 0.340000 1.200000 0.130000
v 0.340000 1.200000 0.130000
f 2443 2444 2464
f 2443 2464 2463
f 2444 2445 2465
f 2444 2465 2464
f 2445 2446 2466
f 2445 2466 2465
f 2446 2447 2467
f 2446 2467 2466
f 2447 2448 2468
f 2447 2468 2467
f 2448 2449 2469
f 2448 2469 2468
f 2449 2450 2470
f 2449 2470 2469
f 2450 2451 2471
f 2450 2471 2470
f 2451 2452 2472
f 2451 2472 2471
f 2452 2453 2473
f 2452 2473 2472
f 2453 2454 2474
f 2453 2474 2473
f 2454 2455 2475
f 2454 2475 2474
f 2455 2456 2476
f 2455 2476 2475
f 2456 2457 2477
f 2456 2477 2476
f 2457 2458 2478
f 2457 2478 2477
f 2458 2459 2479
f 2458 2479 2478
f 2459 2460 2480
f 2459 2480 2479
f 2460 2461 2481
f 2460 2481 2480
f 2461 2462 2482
f 2461 2482 2481
f 2462 2443 2463
f 2462 2463 2482
f 2463 2464 2484
f 2463 2484 2483
f 2464 2465 2485
f 2464 2485 2484
f 2465 2466 2486
f 2465 2486 2485
f 2466 2467 2487
f 2466 2487 2486
f 2467 2468 2488
f 2467 2488 2487
f 2468 2469 2489
f 2468 2489 2488
f 2469 2470 2490
f 2469 2490 2489
f 2470 2471 2491
f 2470 2491 2490
f 2471 2472 2492
f 2471 2492 2491
f 2472 2473 2493
f 2472 2493 2492
f 2473 2474 2494
f 2473 2494 2493
f 2474 2475 2495
f 2474 2495 2494
f 2475 2476 2496
f 2475 2496 2495
f 2476 2477 2497
f 2476 2497 2496
f 2477 2478 2498
f 2477 2498 2497
f 2478 2479 2499
f 2478 2499 2498
f 2479 2480 2500
f 2479 2500 2499
f 2480 2481 2501
f 2480 2501 2500
f 2481 2482 2502
f 2481 2502 2501
f 2482 2463 2483
f 2482 2483 2502
f 2483 2484 2504
f 2483 2504 2503
f 2484 2485 2505
f 2484 2505 2504
f 2485 2486 2506
f 2485 2506 2505
f 2486 2487 2507
f 2486 2507 2506
f 2487 2488 2508
f 2487 2508 2507
f 2488 2489 2509
f 2488 2509 2508
f 2489 2490 2510
f 2489 2510 2509
f 2490 2491 2511
f 2490 2511 2510
f 2491 2492 2512
f 2491 2512 2511
f 2492 2493 2513
f 2492 2513 2512
f 2493 2494 2514
f 2493 2514 2513
f 2494 2495 2515
f 2494 2515 2514
f 2495 2496 2516
f 2495 2516 2515
f 2496 2497 2517
f 2496 2517 2516
f 2497 2498 2518
f 2497 2518 2517
f 2498 2499 2519
f 2498 2519 2518
f 2499 2500 2520
f 2499 2520 2519
f 2500 2501 2521
f 2500 2521 2520
f 2501 2502 2522
f 2501 2522 2521
f 2502 2483 2503
f 2502 2503 2522
f 2503 2504 2524
f 2503 2524 2523
f 2504 2505 2525
f 2504 2525 2524
f 2505 2506 2526
f 2505 2526 2525
f 2506 2507 2527
f 2506 2527 2526
f 2507 2508 2528
f 2507 2528 2527
f 2508 2509 2529
f 2508 2529 2528
f 2509 2510 2530
f 2509 2530 2529
f 2510 2511 2531
f 2510 2531 2530
f 2511 2512 2532
f 2511 2532 2531
f 2512 2513 2533
f 2512 2533 2532
f 2513 2514 2534
f 2513 2534 2533
f 2514 2515 2535
f 2514 2535 2534
f 2515 2516 2536
f 2515 2536 2535
f 2516 2517 2537
f 2516 2537 2536
f 2517 2518 2538
f 2517 2538 2537
f 2518 2519 2539
f 2518 2539 2538
f 2519 2520 2540
f 2519 2540 2539
f 2520 2521 2541
f 2520 2541 2540
f 2521 2522 2542
f 2521 2542 2541
f 2522 2503 2523
f 2522 2523 2542
f 2523 2524 2544
f 2523 2544 2543
f 2524 2525 2545
f 2524 2545 2544
f 2525 2526 2546
f 2525 2546 2545
f 2526 2527 2547
f 2526 2547 2546
f 2527 2528 2548
f 2527 2548 2547
f 2528 2529 2549
f 2528 2549 2548
f 2529 2530 2550
f 2529 2550 2549
f 2530 2531 2551
f 2530 2551 2550
f 2531 2532 2552
f 2531 2552 2551
f 2532 2533 2553
f 2532 2553 2552
f 2533 2534 2554
f 2533 2554 2553
f 2534 2535 2555
f 2534 2555 2554
f 2535 2536 2556
f 2535 2556 2555
f 2536 2537 2557
f 2536 2557 2556
f 2537 2538 2558
f 2537 2558 2557
f 2538 2539 2559
f 2538 2559 2558
f 2539 2540 2560
f 2539 2560 2559
f 2540 2541 2561
f 2540 2561 2560
f 2541 2542 2562
f 2541 2562 2561
f 2542 2523 2543
f 2542 2543 2562
f 2543 2544 2564
f 2543 2564 2563
f 2544 2545 2565
f 2544 2565 2564
f 2545 2546 2566
f 2545 2566 2565
f 2546 2547 2567
f 2546 2567 2566
f 2547 2548 2568
f 2547 2568 2567
f 2548 2549 2569
f 2548 2569 2568
f 2549 2550 2570
f 2549 2570 2569
f 2550 2551 2571
f 2550 2571 2570
f 2551 2552 2572
f 2551 2572 2571
f 2552 2553 2573
f 2552 2573 2572
f 2553 2554 2574
f 2553 2574 2573
f 2554 2555 2575
f 2554 2575 2574
f 2555 2556 2576
f 2555 2576 2575
f 2556 2557 2577
f 2556 2577 2576
f 2557 2558 2578
f 2557 2578 2577
f 2558 2559 2579
f 2558 2579 2578
f 2559 2560 2580
f 2559 2580 2579
f 2560 2561 2581
f 2560 2581 2580
f 2561 2562 2582
f 2561 2582 2581
f 2562 2543 2563
f 2562 2563 2582
f 2563 2564 2584
f 2563 2584 2583
f 2564 2565 2585
f 2564 2585 2584
f 2565 2566 2586
f 2565 2586 2585
f 2566 2567 2587
f 2566 2587 2586
f 2567 2568 2588
f 2567 2588 2587
f 2568 2569 2589
f 2568 2589 2588
f 2569 2570 2590
f 2569 2590 2589
f 2570 2571 2591
f 2570 2591 2590
f 2571 2572 2592
f 2571 2592 2591
f 2572 2573 2593
f 2572 2593 2592
f 2573 2574 2594
f 2573 2594 2593
f 2574 2575 2595
f 2574 2595 2594
f 2575 2576 2596
f 2575 2596 2595
f 2576 2577 2597
f 2576 2597 2596
f 2577 2578 2598
f 2577 2598 2597
f 2578 2579 2599
f 2578 2599 2598
f 2579 2580 2600
f 2579 2600 2599
f 2580 2581 2601
f 2580 2601 2600
f 2581 2582 2602
f 2581 2602 2601
f 2582 2563 2583
f 2582 2583 2602
f 2583 2584 2604
f 2583 2604 2603
f 2584 2585 2605
f 2584 2605 2604
f 2585 2586 2606
f 2585 2606 2605
f 2586 2587 2607
f 2586 2607 2606
f 2587 2588 2608
f 2587 2608 2607
f 2588 2589 2609
f 2588 2609 2608
f 2589 2590 2610
f 2589 2610 2609
f 2590 2591 2611
f 2590 2611 2610
f 2591 2592 2612
f 2591 2612 2611
f 2592 2593 2613
f 2592 2613 2612
f 2593 2594 2614
f 2593 2614 2613
f 2594 2595 2615
f 2594 2615 2614
f 2595 2596 2616
f 2595 2616 2615
f 2596 2597 2617
f 2596 2617 2616
f 2597 2598 2618
f 2597 2618 2617
f 2598 2599 2619
f 2598 2619 2618
f 2599 2600 2620
f 2599 2620 2619
f 2600 2601 2621
f 2600 2621 2620
f 2601 2602 2622
f 2601 2622 2621
f 2602 2583 2603
f 2602 2603 2622
f 2603 2604 2624
f 2603 2624 2623
f 2604 2605 2625
f 2604 2625 2624
f 2605 2606 2626
f 2605 2626 2625
f 2606 2607 2627
f 2606 2627 2626
f 2607 2608 2628
f 2607 2628 2627
f 2608 2609 2629
f 2608 2629 2628
f 2609 2610 2630
f 2609 2630 2629
f 2610 2611 2631
f 2610 2631 2630
f 2611 2612 2632
f 2611 2632 2631
f 2612 2613 2633
f 2612 2633 2632
f 2613 2614 2634
f 2613 2634 2633
f 2614 2615 2635
f 2614 2635 2634
f 2615 2616 2636
f 2615 2636 2635
f 2616 2617 2637
f 2616 2637 2636
f 2617 2618 2638
f 2617 2638 2637
f 2618 2619 2639
f 2618 2639 2638
f 2619 2620 2640
f 2619 2640 2639
f 2620 2621 2641
f 2620 2641 2640
f 2621 2622 2642
f 2621 2642 2641
f 2622 2603 2623
f 2622 2623 2642
f 2623 2624 2644
f 2623 2644 2643
f 2624 2625 2645
f 2624 2645 2644
f 2625 2626 2646
f 2625 2646 2645
f 2626 2627 2647
f 2626 2647 2646
f 2627 2628 2648
f 2627 2648 2647
f 2628 2629 2649
f 2628 2649 2648
f 2629 2630 2650
f 2629 2650 2649
f 2630 2631 2651
f 2630 2651 2650
f 2631 2632 2652
f 2631 2652 2651
f 2632 2633 2653
f 2632 2653 2652
f 2633 2634 2654
f 2633 2654 2653
f 2634 2635 2655
f 2634 2655 2654
f 2635 2636 2656
f 2635 2656 2655
f 2636 2637 2657
f 2636 2657 2656
f 2637 2638 2658
f 2637 2658 2657
f 2638 2639 2659
f 2638 2659 2658
f 2639 2640 2660
f 2639 2660 2659
f 2640 2641 2661
f 2640 2661 2660
f 2641 2642 2662
f 2641 2662 2661
f 2642 2623 2643
f 2642 2643 2662
f 2643 2644 2664
f 2643 2664 2663
f 2644 2645 2665
f 2644 2665 2664
f 2645 2646 2666
f 2645 2666 2665
f 2646 2647 2667
f 2646 2667 2666
f 2647 2648 2668
f 2647 2668 2667
f 2648 2649 2669
f 2648 2669 2668
f 2649 2650 2670
f 2649 2670 2669
f 2650 2651 2671
f 2650 2671 2670
f 2651 2652 2672
f 2651 2672 2671
f 2652 2653 2673
f 2652 2673 2672
f 2653 2654 2674
f 2653 2674 2673
f 2654 2655 2675
f 2654 2675 2674
f 2655 2656 2676
f 2655 2676 2675
f 2656 2657 2677
f 2656 2677 2676
f 2657 2658 2678
f 2657 2678 2677
f 2658 2659 2679
f 2658 2679 2678
f 2659 2660 2680
f 2659 2680 2679
f 2660 2661 2681
f 2660 2681 2680
f 2661 2662 2682
f 2661 2682 2681
f 2662 2643 2663
f 2662 2663 2682
f 2663 2664 2684
f 2663 2684 2683
f 2664 2665 2685
f 2664 2685 2684
f 2665 2666 2686
f 2665 2686 2685
f 2666 2667 2687
f 2666 2687 2686
f 2667 2668 2688
f 2667 2688 2687
f 2668 2669 2689
f 2668 2689 2688
f 2669 2670 2690
f 2669 2690 2689
f 2670 2671 2691
f 2670 2691 2690
f 2671 2672 2692
f 2671 2692 2691
f 2672 2673 2693
f 2672 2693 2692
f 2673 2674 2694
f 2673 2694 2693
f 2674 2675 2695
f 2674 2695 2694
f 2675 2676 2696
f 2675 2696 2695
f 2676 2677 2697
f 2676 2697 2696
f 2677 2678 2698
f 2677 2698 2697
f 2678 2679 2699
f 2678 2699 2698
f 2679 2680 2700
f 2679 2700 2699
f 2680 2681 2701
f 2680 2701 2700
f 2681 2682 2702
f 2681 2702 2701
f 2682 2663 2683
f 2682 2683 2702
o R_Knee_Cap
g R_Knee_Cap
usemtl Bastion_Yellow
v 0.340000 0.840000 0.290000
v 0.340000 0.840000 0.290000
v 0.340000 0.840000 0.290000
v 0.340000 0.840000 0.290000
v 0.340000 0.840000 0.290000
v 0.340000 0.840000 0.290000
v 0.340000 0.840000 0.290000
v 0.340000 0.840000 0.290000
v 0.340000 0.840000 0.290000
v 0.340000 0.840000 0.290000
v 0.340000 0.840000 0.290000
v 0.340000 0.840000 0.290000
v 0.340000 0.840000 0.290000
v 0.340000 0.840000 0.290000
v 0.340000 0.840000 0.290000
v 0.340000 0.840000 0.290000
v 0.340000 0.840000 0.290000
v 0.340000 0.840000 0.290000
v 0.340000 0.840000 0.290000
v 0.340000 0.840000 0.290000
v 0.421399 0.842750 0.290000
v 0.419382 0.842750 0.309796
v 0.413214 0.842750 0.317303
v 0.402406 0.842750 0.322031
v 0.385249 0.842750 0.324730
v 0.340000 0.842750 0.325612
v 0.294751 0.842750 0.324730
v 0.277594 0.842750 0.322031
v 0.266786 0.842750 0.317303
v 0.260618 0.842750 0.309796
v 0.258601 0.842750 0.290000
v 0.260618 0.842750 0.270204
v 0.266786 0.842750 0.262697
v 0.277594 0.842750 0.257969
v 0.294751 0.842750 0.255270
v 0.340000 0.842750 0.254388
v 0.385249 0.842750 0.255270
v 0.402406 0.842750 0.257969
v 0.413214 0.842750 0.262697
v 0.419382 0.842750 0.270204
v 0.453137 0.851103 0.290000
v 0.450334 0.851103 0.317515
v 0.441762 0.851103 0.327948
v 0.426739 0.851103 0.334521
v 0.402892 0.851103 0.338271
v 0.340000 0.851103 0.339497
v 0.277108 0.851103 0.338271
v 0.253261 0.851103 0.334521
v 0.238238 0.851103 0.327948
v 0.229666 0.851103 0.317515
v 0.226863 0.851103 0.290000
v 0.229666 0.851103 0.262485
v 0.238238 0.851103 0.252052
v 0.253261 0.851103 0.245479
v 0.277108 0.851103 0.241729
v 0.340000 0.851103 0.240503
v 0.402892 0.851103 0.241729
v 0.426739 0.851103 0.245479
v 0.441762 0.851103 0.252052
v 0.450334 0.851103 0.262485
v 0.474543 0.865457 0.290000
v 0.471210 0.865457 0.322721
v 0.461016 0.865457 0.335128
v 0.443151 0.865457 0.342944
v 0.414792 0.865457 0.347404
v 0.340000 0.865457 0.348863
v 0.265208 0.865457 0.347404
v 0.236849 0.865457 0.342944
v 0.218984 0.865457 0.335128
v 0.208790 0.865457 0.322721
v 0.205457 0.865457 0.290000
v 0.208790 0.865457 0.257279
v 0.218984 0.865457 0.244872
v 0.236849 0.865457 0.237056
v 0.265208 0.865457 0.232596
v 0.340000 0.865457 0.231137
v 0.414792 0.865457 0.232596
v 0.443151 0.865457 0.237056
v 0.461016 0.865457 0.244872
v 0.471210 0.865457 0.257279
v 0.488897 0.886863 0.290000
v 0.485207 0.886863 0.326212
v 0.473926 0.886863 0.339943
v 0.454155 0.886863 0.348593
v 0.422771 0.886863 0.353528
v 0.340000 0.886863 0.355142
v 0.257229 0.886863 0.353528
v 0.225845 0.886863 0.348593
v 0.206074 0.886863 0.339943
v 0.194793 0.886863 0.326212
v 0.191103 0.886863 0.290000
v 0.194793 0.886863 0.253788
v 0.206074 0.886863 0.240057
v 0.225845 0.886863 0.231407
v 0.257229 0.886863 0.226472
v 0.340000 0.886863 0.224858
v 0.422771 0.886863 0.226472
v 0.454155 0.886863 0.231407
v 0.473926 0.886863 0.240057
v 0.485207 0.886863 0.253788
v 0.497250 0.918601 0.290000
v 0.493354 0.918601 0.328244
v 0.481439 0.918601 0.342745
v 0.460559 0.918601 0.351880
v 0.427414 0.918601 0.357092
v 0.340000 0.918601 0.358797
v 0.252586 0.918601 0.357092
v 0.219441 0.918601 0.351880
v 0.198561 0.918601 0.342745
v 0.186646 0.918601 0.328244
v 0.182750 0.918601 0.290000
v 0.186646 0.918601 0.251756
v 0.198561 0.918601 0.237255
v 0.219441 0.918601 0.228120
v 0.252586 0.918601 0.222908
v 0.340000 0.918601 0.221203
v 0.427414 0.918601 0.222908
v 0.460559 0.918601 0.228120
v 0.481439 0.918601 0.237255
v 0.493354 0.918601 0.251756
v 0.500000 1.000000 0.290000
v 0.496035 1.000000 0.328913
v 0.483913 1.000000 0.343667
v 0.462667 1.000000 0.352962
v 0.428943 1.000000 0.358265
v 0.340000 1.000000 0.360000
v 0.251057 1.000000 0.358265
v 0.217333 1.000000 0.352962
v 0.196087 1.000000 0.343667
v 0.183965 1.000000 0.328913
v 0.180000 1.000000 0.290000
v 0.183965 1.000000 0.251087
v 0.196087 1.000000 0.236333
v 0.217333 1.000000 0.227038
v 0.251057 1.000000 0.221735
v 0.340000 1.000000 0.220000
v 0.428943 1.000000 0.221735
v 0.462667 1.000000 0.227038
v 0.483913 1.000000 0.236333
v 0.496035 1.000000 0.251087
v 0.497250 1.081399 0.290000
v 0.493354 1.081399 0.328244
v 0.481439 1.081399 0.342745
v 0.460559 1.081399 0.351880
v 0.427414 1.081399 0.357092
v 0.340000 1.081399 0.358797
v 0.252586 1.081399 0.357092
v 0.219441 1.081399 0.351880
v 0.198561 1.081399 0.342745
v 0.186646 1.081399 0.328244
v 0.182750 1.081399 0.290000
v 0.186646 1.081399 0.251756
v 0.198561 1.081399 0.237255
v 0.219441 1.081399 0.228120
v 0.252586 1.081399 0.222908
v 0.340000 1.081399 0.221203
v 0.427414 1.081399 0.222908
v 0.460559 1.081399 0.228120
v 0.481439 1.081399 0.237255
v 0.493354 1.081399 0.251756
v 0.488897 1.113137 0.290000
v 0.485207 1.113137 0.326212
v 0.473926 1.113137 0.339943
v 0.454155 1.113137 0.348593
v 0.422771 1.113137 0.353528
v 0.340000 1.113137 0.355142
v 0.257229 1.113137 0.353528
v 0.225845 1.113137 0.348593
v 0.206074 1.113137 0.339943
v 0.194793 1.113137 0.326212
v 0.191103 1.113137 0.290000
v 0.194793 1.113137 0.253788
v 0.206074 1.113137 0.240057
v 0.225845 1.113137 0.231407
v 0.257229 1.113137 0.226472
v 0.340000 1.113137 0.224858
v 0.422771 1.113137 0.226472
v 0.454155 1.113137 0.231407
v 0.473926 1.113137 0.240057
v 0.485207 1.113137 0.253788
v 0.474543 1.134543 0.290000
v 0.471210 1.134543 0.322721
v 0.461016 1.134543 0.335128
v 0.443151 1.134543 0.342944
v 0.414792 1.134543 0.347404
v 0.340000 1.134543 0.348863
v 0.265208 1.134543 0.347404
v 0.236849 1.134543 0.342944
v 0.218984 1.134543 0.335128
v 0.208790 1.134543 0.322721
v 0.205457 1.134543 0.290000
v 0.208790 1.134543 0.257279
v 0.218984 1.134543 0.244872
v 0.236849 1.134543 0.237056
v 0.265208 1.134543 0.232596
v 0.340000 1.134543 0.231137
v 0.414792 1.134543 0.232596
v 0.443151 1.134543 0.237056
v 0.461016 1.134543 0.244872
v 0.471210 1.134543 0.257279
v 0.453137 1.148897 0.290000
v 0.450334 1.148897 0.317515
v 0.441762 1.148897 0.327948
v 0.426739 1.148897 0.334521
v 0.402892 1.148897 0.338271
v 0.340000 1.148897 0.339497
v 0.277108 1.148897 0.338271
v 0.253261 1.148897 0.334521
v 0.238238 1.148897 0.327948
v 0.229666 1.148897 0.317515
v 0.226863 1.148897 0.290000
v 0.229666 1.148897 0.262485
v 0.238238 1.148897 0.252052
v 0.253261 1.148897 0.245479
v 0.277108 1.148897 0.241729
v 0.340000 1.148897 0.240503
v 0.402892 1.148897 0.241729
v 0.426739 1.148897 0.245479
v 0.441762 1.148897 0.252052
v 0.450334 1.148897 0.262485
v 0.421399 1.157250 0.290000
v 0.419382 1.157250 0.309796
v 0.413214 1.157250 0.317303
v 0.402406 1.157250 0.322031
v 0.385249 1.157250 0.324730
v 0.340000 1.157250 0.325612
v 0.294751 1.157250 0.324730
v 0.277594 1.157250 0.322031
v 0.266786 1.157250 0.317303
v 0.260618 1.157250 0.309796
v 0.258601 1.157250 0.290000
v 0.260618 1.157250 0.270204
v 0.266786 1.157250 0.262697
v 0.277594 1.157250 0.257969
v 0.294751 1.157250 0.255270
v 0.340000 1.157250 0.254388
v 0.385249 1.157250 0.255270
v 0.402406 1.157250 0.257969
v 0.413214 1.157250 0.262697
v 0.419382 1.157250 0.270204
v 0.340000 1.160000 0.290000
v 0.340000 1.160000 0.290000
v 0.340000 1.160000 0.290000
v 0.340000 1.160000 0.290000
v 0.340000 1.160000 0.290000
v 0.340000 1.160000 0.290000
v 0.340000 1.160000 0.290000
v 0.340000 1.160000 0.290000
v 0.340000 1.160000 0.290000
v 0.340000 1.160000 0.290000
v 0.340000 1.160000 0.290000
v 0.340000 1.160000 0.290000
v 0.340000 1.160000 0.290000
v 0.340000 1.160000 0.290000
v 0.340000 1.160000 0.290000
v 0.340000 1.160000 0.290000
v 0.340000 1.160000 0.290000
v 0.340000 1.160000 0.290000
v 0.340000 1.160000 0.290000
v 0.340000 1.160000 0.290000
f 2703 2704 2724
f 2703 2724 2723
f 2704 2705 2725
f 2704 2725 2724
f 2705 2706 2726
f 2705 2726 2725
f 2706 2707 2727
f 2706 2727 2726
f 2707 2708 2728
f 2707 2728 2727
f 2708 2709 2729
f 2708 2729 2728
f 2709 2710 2730
f 2709 2730 2729
f 2710 2711 2731
f 2710 2731 2730
f 2711 2712 2732
f 2711 2732 2731
f 2712 2713 2733
f 2712 2733 2732
f 2713 2714 2734
f 2713 2734 2733
f 2714 2715 2735
f 2714 2735 2734
f 2715 2716 2736
f 2715 2736 2735
f 2716 2717 2737
f 2716 2737 2736
f 2717 2718 2738
f 2717 2738 2737
f 2718 2719 2739
f 2718 2739 2738
f 2719 2720 2740
f 2719 2740 2739
f 2720 2721 2741
f 2720 2741 2740
f 2721 2722 2742
f 2721 2742 2741
f 2722 2703 2723
f 2722 2723 2742
f 2723 2724 2744
f 2723 2744 2743
f 2724 2725 2745
f 2724 2745 2744
f 2725 2726 2746
f 2725 2746 2745
f 2726 2727 2747
f 2726 2747 2746
f 2727 2728 2748
f 2727 2748 2747
f 2728 2729 2749
f 2728 2749 2748
f 2729 2730 2750
f 2729 2750 2749
f 2730 2731 2751
f 2730 2751 2750
f 2731 2732 2752
f 2731 2752 2751
f 2732 2733 2753
f 2732 2753 2752
f 2733 2734 2754
f 2733 2754 2753
f 2734 2735 2755
f 2734 2755 2754
f 2735 2736 2756
f 2735 2756 2755
f 2736 2737 2757
f 2736 2757 2756
f 2737 2738 2758
f 2737 2758 2757
f 2738 2739 2759
f 2738 2759 2758
f 2739 2740 2760
f 2739 2760 2759
f 2740 2741 2761
f 2740 2761 2760
f 2741 2742 2762
f 2741 2762 2761
f 2742 2723 2743
f 2742 2743 2762
f 2743 2744 2764
f 2743 2764 2763
f 2744 2745 2765
f 2744 2765 2764
f 2745 2746 2766
f 2745 2766 2765
f 2746 2747 2767
f 2746 2767 2766
f 2747 2748 2768
f 2747 2768 2767
f 2748 2749 2769
f 2748 2769 2768
f 2749 2750 2770
f 2749 2770 2769
f 2750 2751 2771
f 2750 2771 2770
f 2751 2752 2772
f 2751 2772 2771
f 2752 2753 2773
f 2752 2773 2772
f 2753 2754 2774
f 2753 2774 2773
f 2754 2755 2775
f 2754 2775 2774
f 2755 2756 2776
f 2755 2776 2775
f 2756 2757 2777
f 2756 2777 2776
f 2757 2758 2778
f 2757 2778 2777
f 2758 2759 2779
f 2758 2779 2778
f 2759 2760 2780
f 2759 2780 2779
f 2760 2761 2781
f 2760 2781 2780
f 2761 2762 2782
f 2761 2782 2781
f 2762 2743 2763
f 2762 2763 2782
f 2763 2764 2784
f 2763 2784 2783
f 2764 2765 2785
f 2764 2785 2784
f 2765 2766 2786
f 2765 2786 2785
f 2766 2767 2787
f 2766 2787 2786
f 2767 2768 2788
f 2767 2788 2787
f 2768 2769 2789
f 2768 2789 2788
f 2769 2770 2790
f 2769 2790 2789
f 2770 2771 2791
f 2770 2791 2790
f 2771 2772 2792
f 2771 2792 2791
f 2772 2773 2793
f 2772 2793 2792
f 2773 2774 2794
f 2773 2794 2793
f 2774 2775 2795
f 2774 2795 2794
f 2775 2776 2796
f 2775 2796 2795
f 2776 2777 2797
f 2776 2797 2796
f 2777 2778 2798
f 2777 2798 2797
f 2778 2779 2799
f 2778 2799 2798
f 2779 2780 2800
f 2779 2800 2799
f 2780 2781 2801
f 2780 2801 2800
f 2781 2782 2802
f 2781 2802 2801
f 2782 2763 2783
f 2782 2783 2802
f 2783 2784 2804
f 2783 2804 2803
f 2784 2785 2805
f 2784 2805 2804
f 2785 2786 2806
f 2785 2806 2805
f 2786 2787 2807
f 2786 2807 2806
f 2787 2788 2808
f 2787 2808 2807
f 2788 2789 2809
f 2788 2809 2808
f 2789 2790 2810
f 2789 2810 2809
f 2790 2791 2811
f 2790 2811 2810
f 2791 2792 2812
f 2791 2812 2811
f 2792 2793 2813
f 2792 2813 2812
f 2793 2794 2814
f 2793 2814 2813
f 2794 2795 2815
f 2794 2815 2814
f 2795 2796 2816
f 2795 2816 2815
f 2796 2797 2817
f 2796 2817 2816
f 2797 2798 2818
f 2797 2818 2817
f 2798 2799 2819
f 2798 2819 2818
f 2799 2800 2820
f 2799 2820 2819
f 2800 2801 2821
f 2800 2821 2820
f 2801 2802 2822
f 2801 2822 2821
f 2802 2783 2803
f 2802 2803 2822
f 2803 2804 2824
f 2803 2824 2823
f 2804 2805 2825
f 2804 2825 2824
f 2805 2806 2826
f 2805 2826 2825
f 2806 2807 2827
f 2806 2827 2826
f 2807 2808 2828
f 2807 2828 2827
f 2808 2809 2829
f 2808 2829 2828
f 2809 2810 2830
f 2809 2830 2829
f 2810 2811 2831
f 2810 2831 2830
f 2811 2812 2832
f 2811 2832 2831
f 2812 2813 2833
f 2812 2833 2832
f 2813 2814 2834
f 2813 2834 2833
f 2814 2815 2835
f 2814 2835 2834
f 2815 2816 2836
f 2815 2836 2835
f 2816 2817 2837
f 2816 2837 2836
f 2817 2818 2838
f 2817 2838 2837
f 2818 2819 2839
f 2818 2839 2838
f 2819 2820 2840
f 2819 2840 2839
f 2820 2821 2841
f 2820 2841 2840
f 2821 2822 2842
f 2821 2842 2841
f 2822 2803 2823
f 2822 2823 2842
f 2823 2824 2844
f 2823 2844 2843
f 2824 2825 2845
f 2824 2845 2844
f 2825 2826 2846
f 2825 2846 2845
f 2826 2827 2847
f 2826 2847 2846
f 2827 2828 2848
f 2827 2848 2847
f 2828 2829 2849
f 2828 2849 2848
f 2829 2830 2850
f 2829 2850 2849
f 2830 2831 2851
f 2830 2851 2850
f 2831 2832 2852
f 2831 2852 2851
f 2832 2833 2853
f 2832 2853 2852
f 2833 2834 2854
f 2833 2854 2853
f 2834 2835 2855
f 2834 2855 2854
f 2835 2836 2856
f 2835 2856 2855
f 2836 2837 2857
f 2836 2857 2856
f 2837 2838 2858
f 2837 2858 2857
f 2838 2839 2859
f 2838 2859 2858
f 2839 2840 2860
f 2839 2860 2859
f 2840 2841 2861
f 2840 2861 2860
f 2841 2842 2862
f 2841 2862 2861
f 2842 2823 2843
f 2842 2843 2862
f 2843 2844 2864
f 2843 2864 2863
f 2844 2845 2865
f 2844 2865 2864
f 2845 2846 2866
f 2845 2866 2865
f 2846 2847 2867
f 2846 2867 2866
f 2847 2848 2868
f 2847 2868 2867
f 2848 2849 2869
f 2848 2869 2868
f 2849 2850 2870
f 2849 2870 2869
f 2850 2851 2871
f 2850 2871 2870
f 2851 2852 2872
f 2851 2872 2871
f 2852 2853 2873
f 2852 2873 2872
f 2853 2854 2874
f 2853 2874 2873
f 2854 2855 2875
f 2854 2875 2874
f 2855 2856 2876
f 2855 2876 2875
f 2856 2857 2877
f 2856 2877 2876
f 2857 2858 2878
f 2857 2878 2877
f 2858 2859 2879
f 2858 2879 2878
f 2859 2860 2880
f 2859 2880 2879
f 2860 2861 2881
f 2860 2881 2880
f 2861 2862 2882
f 2861 2882 2881
f 2862 2843 2863
f 2862 2863 2882
f 2863 2864 2884
f 2863 2884 2883
f 2864 2865 2885
f 2864 2885 2884
f 2865 2866 2886
f 2865 2886 2885
f 2866 2867 2887
f 2866 2887 2886
f 2867 2868 2888
f 2867 2888 2887
f 2868 2869 2889
f 2868 2889 2888
f 2869 2870 2890
f 2869 2890 2889
f 2870 2871 2891
f 2870 2891 2890
f 2871 2872 2892
f 2871 2892 2891
f 2872 2873 2893
f 2872 2893 2892
f 2873 2874 2894
f 2873 2894 2893
f 2874 2875 2895
f 2874 2895 2894
f 2875 2876 2896
f 2875 2896 2895
f 2876 2877 2897
f 2876 2897 2896
f 2877 2878 2898
f 2877 2898 2897
f 2878 2879 2899
f 2878 2899 2898
f 2879 2880 2900
f 2879 2900 2899
f 2880 2881 2901
f 2880 2901 2900
f 2881 2882 2902
f 2881 2902 2901
f 2882 2863 2883
f 2882 2883 2902
f 2883 2884 2904
f 2883 2904 2903
f 2884 2885 2905
f 2884 2905 2904
f 2885 2886 2906
f 2885 2906 2905
f 2886 2887 2907
f 2886 2907 2906
f 2887 2888 2908
f 2887 2908 2907
f 2888 2889 2909
f 2888 2909 2908
f 2889 2890 2910
f 2889 2910 2909
f 2890 2891 2911
f 2890 2911 2910
f 2891 2892 2912
f 2891 2912 2911
f 2892 2893 2913
f 2892 2913 2912
f 2893 2894 2914
f 2893 2914 2913
f 2894 2895 2915
f 2894 2915 2914
f 2895 2896 2916
f 2895 2916 2915
f 2896 2897 2917
f 2896 2917 2916
f 2897 2898 2918
f 2897 2918 2917
f 2898 2899 2919
f 2898 2919 2918
f 2899 2900 2920
f 2899 2920 2919
f 2900 2901 2921
f 2900 2921 2920
f 2901 2902 2922
f 2901 2922 2921
f 2902 2883 2903
f 2902 2903 2922
f 2903 2904 2924
f 2903 2924 2923
f 2904 2905 2925
f 2904 2925 2924
f 2905 2906 2926
f 2905 2926 2925
f 2906 2907 2927
f 2906 2927 2926
f 2907 2908 2928
f 2907 2928 2927
f 2908 2909 2929
f 2908 2929 2928
f 2909 2910 2930
f 2909 2930 2929
f 2910 2911 2931
f 2910 2931 2930
f 2911 2912 2932
f 2911 2932 2931
f 2912 2913 2933
f 2912 2933 2932
f 2913 2914 2934
f 2913 2934 2933
f 2914 2915 2935
f 2914 2935 2934
f 2915 2916 2936
f 2915 2936 2935
f 2916 2917 2937
f 2916 2937 2936
f 2917 2918 2938
f 2917 2938 2937
f 2918 2919 2939
f 2918 2939 2938
f 2919 2920 2940
f 2919 2940 2939
f 2920 2921 2941
f 2920 2941 2940
f 2921 2922 2942
f 2921 2942 2941
f 2922 2903 2923
f 2922 2923 2942
f 2923 2924 2944
f 2923 2944 2943
f 2924 2925 2945
f 2924 2945 2944
f 2925 2926 2946
f 2925 2946 2945
f 2926 2927 2947
f 2926 2947 2946
f 2927 2928 2948
f 2927 2948 2947
f 2928 2929 2949
f 2928 2949 2948
f 2929 2930 2950
f 2929 2950 2949
f 2930 2931 2951
f 2930 2951 2950
f 2931 2932 2952
f 2931 2952 2951
f 2932 2933 2953
f 2932 2953 2952
f 2933 2934 2954
f 2933 2954 2953
f 2934 2935 2955
f 2934 2955 2954
f 2935 2936 2956
f 2935 2956 2955
f 2936 2937 2957
f 2936 2957 2956
f 2937 2938 2958
f 2937 2958 2957
f 2938 2939 2959
f 2938 2959 2958
f 2939 2940 2960
f 2939 2960 2959
f 2940 2941 2961
f 2940 2961 2960
f 2941 2942 2962
f 2941 2962 2961
f 2942 2923 2943
f 2942 2943 2962
o R_Thigh
g R_Thigh
usemtl Gunmetal
v 0.340000 1.080000 0.000000
v 0.278800 1.430000 0.000000
v 0.340000 1.080000 -0.230000
v 0.253298 1.064840 -0.212492
v 0.179796 1.051987 -0.162635
v 0.130684 1.043400 -0.088017
v 0.113437 1.040384 -0.000000
v 0.130684 1.043400 0.088017
v 0.179796 1.051987 0.162635
v 0.253298 1.064840 0.212492
v 0.340000 1.080000 0.230000
v 0.426702 1.095160 0.212492
v 0.500204 1.108013 0.162635
v 0.549316 1.116600 0.088017
v 0.566563 1.119616 0.000000
v 0.549316 1.116600 -0.088017
v 0.500204 1.108013 -0.162635
v 0.426702 1.095160 -0.212492
v 0.278800 1.430000 -0.270000
v 0.177020 1.412203 -0.249447
v 0.090735 1.397115 -0.190919
v 0.033081 1.387034 -0.103325
v 0.012835 1.383494 -0.000000
v 0.033081 1.387034 0.103325
v 0.090735 1.397115 0.190919
v 0.177020 1.412203 0.249447
v 0.278800 1.430000 0.270000
v 0.380580 1.447797 0.249447
v 0.466865 1.462885 0.190919
v 0.524519 1.472966 0.103325
v 0.544765 1.476506 0.000000
v 0.524519 1.472966 -0.103325
v 0.466865 1.462885 -0.190919
v 0.380580 1.447797 -0.249447
f 2965 2966 2982
f 2965 2982 2981
f 2963 2966 2965
f 2964 2981 2982
f 2966 2967 2983
f 2966 2983 2982
f 2963 2967 2966
f 2964 2982 2983
f 2967 2968 2984
f 2967 2984 2983
f 2963 2968 2967
f 2964 2983 2984
f 2968 2969 2985
f 2968 2985 2984
f 2963 2969 2968
f 2964 2984 2985
f 2969 2970 2986
f 2969 2986 2985
f 2963 2970 2969
f 2964 2985 2986
f 2970 2971 2987
f 2970 2987 2986
f 2963 2971 2970
f 2964 2986 2987
f 2971 2972 2988
f 2971 2988 2987
f 2963 2972 2971
f 2964 2987 2988
f 2972 2973 2989
f 2972 2989 2988
f 2963 2973 2972
f 2964 2988 2989
f 2973 2974 2990
f 2973 2990 2989
f 2963 2974 2973
f 2964 2989 2990
f 2974 2975 2991
f 2974 2991 2990
f 2963 2975 2974
f 2964 2990 2991
f 2975 2976 2992
f 2975 2992 2991
f 2963 2976 2975
f 2964 2991 2992
f 2976 2977 2993
f 2976 2993 2992
f 2963 2977 2976
f 2964 2992 2993
f 2977 2978 2994
f 2977 2994 2993
f 2963 2978 2977
f 2964 2993 2994
f 2978 2979 2995
f 2978 2995 2994
f 2963 2979 2978
f 2964 2994 2995
f 2979 2980 2996
f 2979 2996 2995
f 2963 2980 2979
f 2964 2995 2996
f 2980 2965 2981
f 2980 2981 2996
f 2963 2965 2980
f 2964 2996 2981
o R_Thigh_Armor
g R_Thigh_Armor
usemtl Armor_Silver
v 0.306000 1.000000 0.100000
v 0.306000 1.000000 0.100000
v 0.306000 1.000000 0.100000
v 0.306000 1.000000 0.100000
v 0.306000 1.000000 0.100000
v 0.306000 1.000000 0.100000
v 0.306000 1.000000 0.100000
v 0.306000 1.000000 0.100000
v 0.306000 1.000000 0.100000
v 0.306000 1.000000 0.100000
v 0.306000 1.000000 0.100000
v 0.306000 1.000000 0.100000
v 0.306000 1.000000 0.100000
v 0.306000 1.000000 0.100000
v 0.306000 1.000000 0.100000
v 0.306000 1.000000 0.100000
v 0.306000 1.000000 0.100000
v 0.306000 1.000000 0.100000
v 0.306000 1.000000 0.100000
v 0.306000 1.000000 0.100000
v 0.448448 1.004640 0.100000
v 0.444918 1.004640 0.165045
v 0.434125 1.004640 0.189709
v 0.415211 1.004640 0.205246
v 0.385186 1.004640 0.214111
v 0.306000 1.004640 0.217011
v 0.226814 1.004640 0.214111
v 0.196789 1.004640 0.205246
v 0.177875 1.004640 0.189709
v 0.167082 1.004640 0.165045
v 0.163552 1.004640 0.100000
v 0.167082 1.004640 0.034955
v 0.177875 1.004640 0.010291
v 0.196789 1.004640 -0.005246
v 0.226814 1.004640 -0.014111
v 0.306000 1.004640 -0.017011
v 0.385186 1.004640 -0.014111
v 0.415211 1.004640 -0.005246
v 0.434125 1.004640 0.010291
v 0.444918 1.004640 0.034955
v 0.503990 1.018737 0.100000
v 0.499084 1.018737 0.190407
v 0.484083 1.018737 0.224687
v 0.457793 1.018737 0.246282
v 0.416061 1.018737 0.258605
v 0.306000 1.018737 0.262635
v 0.195939 1.018737 0.258605
v 0.154207 1.018737 0.246282
v 0.127917 1.018737 0.224687
v 0.112916 1.018737 0.190407
v 0.108010 1.018737 0.100000
v 0.112916 1.018737 0.009593
v 0.127917 1.018737 -0.024687
v 0.154207 1.018737 -0.046282
v 0.195939 1.018737 -0.058605
v 0.306000 1.018737 -0.062635
v 0.416061 1.018737 -0.058605
v 0.457793 1.018737 -0.046282
v 0.484083 1.018737 -0.024687
v 0.499084 1.018737 0.009593
v 0.541451 1.042958 0.100000
v 0.535617 1.042958 0.207513
v 0.517777 1.042958 0.248279
v 0.486514 1.042958 0.273960
v 0.436886 1.042958 0.288614
v 0.306000 1.042958 0.293406
v 0.175114 1.042958 0.288614
v 0.125486 1.042958 0.273960
v 0.094223 1.042958 0.248279
v 0.076383 1.042958 0.207513
v 0.070549 1.042958 0.100000
v 0.076383 1.042958 -0.007513
v 0.094223 1.042958 -0.048279
v 0.125486 1.042958 -0.073960
v 0.175114 1.042958 -0.088614
v 0.306000 1.042958 -0.093406
v 0.436886 1.042958 -0.088614
v 0.486514 1.042958 -0.073960
v 0.517777 1.042958 -0.048279
v 0.535617 1.042958 -0.007513
v 0.566569 1.079081 0.100000
v 0.560113 1.079081 0.218983
v 0.540370 1.079081 0.264098
v 0.505771 1.079081 0.292518
v 0.450849 1.079081 0.308735
v 0.306000 1.079081 0.314039
v 0.161151 1.079081 0.308735
v 0.106229 1.079081 0.292518
v 0.071630 1.079081 0.264098
v 0.051887 1.079081 0.218983
v 0.045431 1.079081 0.100000
v 0.051887 1.079081 -0.018983
v 0.071630 1.079081 -0.064098
v 0.106229 1.079081 -0.092518
v 0.161151 1.079081 -0.108735
v 0.306000 1.079081 -0.114039
v 0.450849 1.079081 -0.108735
v 0.505771 1.079081 -0.092518
v 0.540370 1.079081 -0.064098
v 0.560113 1.079081 -0.018983
v 0.581188 1.132639 0.100000
v 0.574369 1.132639 0.225658
v 0.553519 1.132639 0.273304
v 0.516979 1.132639 0.303319
v 0.458975 1.132639 0.320446
v 0.306000 1.132639 0.326048
v 0.153025 1.132639 0.320446
v 0.095021 1.132639 0.303319
v 0.058481 1.132639 0.273304
v 0.037631 1.132639 0.225658
v 0.030812 1.132639 0.100000
v 0.037631 1.132639 -0.025658
v 0.058481 1.132639 -0.073304
v 0.095021 1.132639 -0.103319
v 0.153025 1.132639 -0.120446
v 0.306000 1.132639 -0.126048
v 0.458975 1.132639 -0.120446
v 0.516979 1.132639 -0.103319
v 0.553519 1.132639 -0.073304
v 0.574369 1.132639 -0.025658
v 0.586000 1.270000 0.100000
v 0.579062 1.270000 0.227855
v 0.557847 1.270000 0.276334
v 0.520668 1.270000 0.306874
v 0.461650 1.270000 0.324301
v 0.306000 1.270000 0.330000
v 0.150350 1.270000 0.324301
v 0.091332 1.270000 0.306874
v 0.054153 1.270000 0.276334
v 0.032938 1.270000 0.227855
v 0.026000 1.270000 0.100000
v 0.032938 1.270000 -0.027855
v 0.054153 1.270000 -0.076334
v 0.091332 1.270000 -0.106874
v 0.150350 1.270000 -0.124301
v 0.306000 1.270000 -0.130000
v 0.461650 1.270000 -0.124301
v 0.520668 1.270000 -0.106874
v 0.557847 1.270000 -0.076334
v 0.579062 1.270000 -0.027855
v 0.581188 1.407361 0.100000
v 0.574369 1.407361 0.225658
v 0.553519 1.407361 0.273304
v 0.516979 1.407361 0.303319
v 0.458975 1.407361 0.320446
v 0.306000 1.407361 0.326048
v 0.153025 1.407361 0.320446
v 0.095021 1.407361 0.303319
v 0.058481 1.407361 0.273304
v 0.037631 1.407361 0.225658
v 0.030812 1.407361 0.100000
v 0.037631 1.407361 -0.025658
v 0.058481 1.407361 -0.073304
v 0.095021 1.407361 -0.103319
v 0.153025 1.407361 -0.120446
v 0.306000 1.407361 -0.126048
v 0.458975 1.407361 -0.120446
v 0.516979 1.407361 -0.103319
v 0.553519 1.407361 -0.073304
v 0.574369 1.407361 -0.025658
v 0.566569 1.460919 0.100000
v 0.560113 1.460919 0.218983
v 0.540370 1.460919 0.264098
v 0.505771 1.460919 0.292518
v 0.450849 1.460919 0.308735
v 0.306000 1.460919 0.314039
v 0.161151 1.460919 0.308735
v 0.106229 1.460919 0.292518
v 0.071630 1.460919 0.264098
v 0.051887 1.460919 0.218983
v 0.045431 1.460919 0.100000
v 0.051887 1.460919 -0.018983
v 0.071630 1.460919 -0.064098
v 0.106229 1.460919 -0.092518
v 0.161151 1.460919 -0.108735
v 0.306000 1.460919 -0.114039
v 0.450849 1.460919 -0.108735
v 0.505771 1.460919 -0.092518
v 0.540370 1.460919 -0.064098
v 0.560113 1.460919 -0.018983
v 0.541451 1.497042 0.100000
v 0.535617 1.497042 0.207513
v 0.517777 1.497042 0.248279
v 0.486514 1.497042 0.273960
v 0.436886 1.497042 0.288614
v 0.306000 1.497042 0.293406
v 0.175114 1.497042 0.288614
v 0.125486 1.497042 0.273960
v 0.094223 1.497042 0.248279
v 0.076383 1.497042 0.207513
v 0.070549 1.497042 0.100000
v 0.076383 1.497042 -0.007513
v 0.094223 1.497042 -0.048279
v 0.125486 1.497042 -0.073960
v 0.175114 1.497042 -0.088614
v 0.306000 1.497042 -0.093406
v 0.436886 1.497042 -0.088614
v 0.486514 1.497042 -0.073960
v 0.517777 1.497042 -0.048279
v 0.535617 1.497042 -0.007513
v 0.503990 1.521263 0.100000
v 0.499084 1.521263 0.190407
v 0.484083 1.521263 0.224687
v 0.457793 1.521263 0.246282
v 0.416061 1.521263 0.258605
v 0.306000 1.521263 0.262635
v 0.195939 1.521263 0.258605
v 0.154207 1.521263 0.246282
v 0.127917 1.521263 0.224687
v 0.112916 1.521263 0.190407
v 0.108010 1.521263 0.100000
v 0.112916 1.521263 0.009593
v 0.127917 1.521263 -0.024687
v 0.154207 1.521263 -0.046282
v 0.195939 1.521263 -0.058605
v 0.306000 1.521263 -0.062635
v 0.416061 1.521263 -0.058605
v 0.457793 1.521263 -0.046282
v 0.484083 1.521263 -0.024687
v 0.499084 1.521263 0.009593
v 0.448448 1.535360 0.100000
v 0.444918 1.535360 0.165045
v 0.434125 1.535360 0.189709
v 0.415211 1.535360 0.205246
v 0.385186 1.535360 0.214111
v 0.306000 1.535360 0.217011
v 0.226814 1.535360 0.214111
v 0.196789 1.535360 0.205246
v 0.177875 1.535360 0.189709
v 0.167082 1.535360 0.165045
v 0.163552 1.535360 0.100000
v 0.167082 1.535360 0.034955
v 0.177875 1.535360 0.010291
v 0.196789 1.535360 -0.005246
v 0.226814 1.535360 -0.014111
v 0.306000 1.535360 -0.017011
v 0.385186 1.535360 -0.014111
v 0.415211 1.535360 -0.005246
v 0.434125 1.535360 0.010291
v 0.444918 1.535360 0.034955
v 0.306000 1.540000 0.100000
v 0.306000 1.540000 0.100000
v 0.306000 1.540000 0.100000
v 0.306000 1.540000 0.100000
v 0.306000 1.540000 0.100000
v 0.306000 1.540000 0.100000
v 0.306000 1.540000 0.100000
v 0.306000 1.540000 0.100000
v 0.306000 1.540000 0.100000
v 0.306000 1.540000 0.100000
v 0.306000 1.540000 0.100000
v 0.306000 1.540000 0.100000
v 0.306000 1.540000 0.100000
v 0.306000 1.540000 0.100000
v 0.306000 1.540000 0.100000
v 0.306000 1.540000 0.100000
v 0.306000 1.540000 0.100000
v 0.306000 1.540000 0.100000
v 0.306000 1.540000 0.100000
v 0.306000 1.540000 0.100000
f 2997 2998 3018
f 2997 3018 3017
f 2998 2999 3019
f 2998 3019 3018
f 2999 3000 3020
f 2999 3020 3019
f 3000 3001 3021
f 3000 3021 3020
f 3001 3002 3022
f 3001 3022 3021
f 3002 3003 3023
f 3002 3023 3022
f 3003 3004 3024
f 3003 3024 3023
f 3004 3005 3025
f 3004 3025 3024
f 3005 3006 3026
f 3005 3026 3025
f 3006 3007 3027
f 3006 3027 3026
f 3007 3008 3028
f 3007 3028 3027
f 3008 3009 3029
f 3008 3029 3028
f 3009 3010 3030
f 3009 3030 3029
f 3010 3011 3031
f 3010 3031 3030
f 3011 3012 3032
f 3011 3032 3031
f 3012 3013 3033
f 3012 3033 3032
f 3013 3014 3034
f 3013 3034 3033
f 3014 3015 3035
f 3014 3035 3034
f 3015 3016 3036
f 3015 3036 3035
f 3016 2997 3017
f 3016 3017 3036
f 3017 3018 3038
f 3017 3038 3037
f 3018 3019 3039
f 3018 3039 3038
f 3019 3020 3040
f 3019 3040 3039
f 3020 3021 3041
f 3020 3041 3040
f 3021 3022 3042
f 3021 3042 3041
f 3022 3023 3043
f 3022 3043 3042
f 3023 3024 3044
f 3023 3044 3043
f 3024 3025 3045
f 3024 3045 3044
f 3025 3026 3046
f 3025 3046 3045
f 3026 3027 3047
f 3026 3047 3046
f 3027 3028 3048
f 3027 3048 3047
f 3028 3029 3049
f 3028 3049 3048
f 3029 3030 3050
f 3029 3050 3049
f 3030 3031 3051
f 3030 3051 3050
f 3031 3032 3052
f 3031 3052 3051
f 3032 3033 3053
f 3032 3053 3052
f 3033 3034 3054
f 3033 3054 3053
f 3034 3035 3055
f 3034 3055 3054
f 3035 3036 3056
f 3035 3056 3055
f 3036 3017 3037
f 3036 3037 3056
f 3037 3038 3058
f 3037 3058 3057
f 3038 3039 3059
f 3038 3059 3058
f 3039 3040 3060
f 3039 3060 3059
f 3040 3041 3061
f 3040 3061 3060
f 3041 3042 3062
f 3041 3062 3061
f 3042 3043 3063
f 3042 3063 3062
f 3043 3044 3064
f 3043 3064 3063
f 3044 3045 3065
f 3044 3065 3064
f 3045 3046 3066
f 3045 3066 3065
f 3046 3047 3067
f 3046 3067 3066
f 3047 3048 3068
f 3047 3068 3067
f 3048 3049 3069
f 3048 3069 3068
f 3049 3050 3070
f 3049 3070 3069
f 3050 3051 3071
f 3050 3071 3070
f 3051 3052 3072
f 3051 3072 3071
f 3052 3053 3073
f 3052 3073 3072
f 3053 3054 3074
f 3053 3074 3073
f 3054 3055 3075
f 3054 3075 3074
f 3055 3056 3076
f 3055 3076 3075
f 3056 3037 3057
f 3056 3057 3076
f 3057 3058 3078
f 3057 3078 3077
f 3058 3059 3079
f 3058 3079 3078
f 3059 3060 3080
f 3059 3080 3079
f 3060 3061 3081
f 3060 3081 3080
f 3061 3062 3082
f 3061 3082 3081
f 3062 3063 3083
f 3062 3083 3082
f 3063 3064 3084
f 3063 3084 3083
f 3064 3065 3085
f 3064 3085 3084
f 3065 3066 3086
f 3065 3086 3085
f 3066 3067 3087
f 3066 3087 3086
f 3067 3068 3088
f 3067 3088 3087
f 3068 3069 3089
f 3068 3089 3088
f 3069 3070 3090
f 3069 3090 3089
f 3070 3071 3091
f 3070 3091 3090
f 3071 3072 3092
f 3071 3092 3091
f 3072 3073 3093
f 3072 3093 3092
f 3073 3074 3094
f 3073 3094 3093
f 3074 3075 3095
f 3074 3095 3094
f 3075 3076 3096
f 3075 3096 3095
f 3076 3057 3077
f 3076 3077 3096
f 3077 3078 3098
f 3077 3098 3097
f 3078 3079 3099
f 3078 3099 3098
f 3079 3080 3100
f 3079 3100 3099
f 3080 3081 3101
f 3080 3101 3100
f 3081 3082 3102
f 3081 3102 3101
f 3082 3083 3103
f 3082 3103 3102
f 3083 3084 3104
f 3083 3104 3103
f 3084 3085 3105
f 3084 3105 3104
f 3085 3086 3106
f 3085 3106 3105
f 3086 3087 3107
f 3086 3107 3106
f 3087 3088 3108
f 3087 3108 3107
f 3088 3089 3109
f 3088 3109 3108
f 3089 3090 3110
f 3089 3110 3109
f 3090 3091 3111
f 3090 3111 3110
f 3091 3092 3112
f 3091 3112 3111
f 3092 3093 3113
f 3092 3113 3112
f 3093 3094 3114
f 3093 3114 3113
f 3094 3095 3115
f 3094 3115 3114
f 3095 3096 3116
f 3095 3116 3115
f 3096 3077 3097
f 3096 3097 3116
f 3097 3098 3118
f 3097 3118 3117
f 3098 3099 3119
f 3098 3119 3118
f 3099 3100 3120
f 3099 3120 3119
f 3100 3101 3121
f 3100 3121 3120
f 3101 3102 3122
f 3101 3122 3121
f 3102 3103 3123
f 3102 3123 3122
f 3103 3104 3124
f 3103 3124 3123
f 3104 3105 3125
f 3104 3125 3124
f 3105 3106 3126
f 3105 3126 3125
f 3106 3107 3127
f 3106 3127 3126
f 3107 3108 3128
f 3107 3128 3127
f 3108 3109 3129
f 3108 3129 3128
f 3109 3110 3130
f 3109 3130 3129
f 3110 3111 3131
f 3110 3131 3130
f 3111 3112 3132
f 3111 3132 3131
f 3112 3113 3133
f 3112 3133 3132
f 3113 3114 3134
f 3113 3134 3133
f 3114 3115 3135
f 3114 3135 3134
f 3115 3116 3136
f 3115 3136 3135
f 3116 3097 3117
f 3116 3117 3136
f 3117 3118 3138
f 3117 3138 3137
f 3118 3119 3139
f 3118 3139 3138
f 3119 3120 3140
f 3119 3140 3139
f 3120 3121 3141
f 3120 3141 3140
f 3121 3122 3142
f 3121 3142 3141
f 3122 3123 3143
f 3122 3143 3142
f 3123 3124 3144
f 3123 3144 3143
f 3124 3125 3145
f 3124 3145 3144
f 3125 3126 3146
f 3125 3146 3145
f 3126 3127 3147
f 3126 3147 3146
f 3127 3128 3148
f 3127 3148 3147
f 3128 3129 3149
f 3128 3149 3148
f 3129 3130 3150
f 3129 3150 3149
f 3130 3131 3151
f 3130 3151 3150
f 3131 3132 3152
f 3131 3152 3151
f 3132 3133 3153
f 3132 3153 3152
f 3133 3134 3154
f 3133 3154 3153
f 3134 3135 3155
f 3134 3155 3154
f 3135 3136 3156
f 3135 3156 3155
f 3136 3117 3137
f 3136 3137 3156
f 3137 3138 3158
f 3137 3158 3157
f 3138 3139 3159
f 3138 3159 3158
f 3139 3140 3160
f 3139 3160 3159
f 3140 3141 3161
f 3140 3161 3160
f 3141 3142 3162
f 3141 3162 3161
f 3142 3143 3163
f 3142 3163 3162
f 3143 3144 3164
f 3143 3164 3163
f 3144 3145 3165
f 3144 3165 3164
f 3145 3146 3166
f 3145 3166 3165
f 3146 3147 3167
f 3146 3167 3166
f 3147 3148 3168
f 3147 3168 3167
f 3148 3149 3169
f 3148 3169 3168
f 3149 3150 3170
f 3149 3170 3169
f 3150 3151 3171
f 3150 3171 3170
f 3151 3152 3172
f 3151 3172 3171
f 3152 3153 3173
f 3152 3173 3172
f 3153 3154 3174
f 3153 3174 3173
f 3154 3155 3175
f 3154 3175 3174
f 3155 3156 3176
f 3155 3176 3175
f 3156 3137 3157
f 3156 3157 3176
f 3157 3158 3178
f 3157 3178 3177
f 3158 3159 3179
f 3158 3179 3178
f 3159 3160 3180
f 3159 3180 3179
f 3160 3161 3181
f 3160 3181 3180
f 3161 3162 3182
f 3161 3182 3181
f 3162 3163 3183
f 3162 3183 3182
f 3163 3164 3184
f 3163 3184 3183
f 3164 3165 3185
f 3164 3185 3184
f 3165 3166 3186
f 3165 3186 3185
f 3166 3167 3187
f 3166 3187 3186
f 3167 3168 3188
f 3167 3188 3187
f 3168 3169 3189
f 3168 3189 3188
f 3169 3170 3190
f 3169 3190 3189
f 3170 3171 3191
f 3170 3191 3190
f 3171 3172 3192
f 3171 3192 3191
f 3172 3173 3193
f 3172 3193 3192
f 3173 3174 3194
f 3173 3194 3193
f 3174 3175 3195
f 3174 3195 3194
f 3175 3176 3196
f 3175 3196 3195
f 3176 3157 3177
f 3176 3177 3196
f 3177 3178 3198
f 3177 3198 3197
f 3178 3179 3199
f 3178 3199 3198
f 3179 3180 3200
f 3179 3200 3199
f 3180 3181 3201
f 3180 3201 3200
f 3181 3182 3202
f 3181 3202 3201
f 3182 3183 3203
f 3182 3203 3202
f 3183 3184 3204
f 3183 3204 3203
f 3184 3185 3205
f 3184 3205 3204
f 3185 3186 3206
f 3185 3206 3205
f 3186 3187 3207
f 3186 3207 3206
f 3187 3188 3208
f 3187 3208 3207
f 3188 3189 3209
f 3188 3209 3208
f 3189 3190 3210
f 3189 3210 3209
f 3190 3191 3211
f 3190 3211 3210
f 3191 3192 3212
f 3191 3212 3211
f 3192 3193 3213
f 3192 3213 3212
f 3193 3194 3214
f 3193 3214 3213
f 3194 3195 3215
f 3194 3215 3214
f 3195 3196 3216
f 3195 3216 3215
f 3196 3177 3197
f 3196 3197 3216
f 3197 3198 3218
f 3197 3218 3217
f 3198 3199 3219
f 3198 3219 3218
f 3199 3200 3220
f 3199 3220 3219
f 3200 3201 3221
f 3200 3221 3220
f 3201 3202 3222
f 3201 3222 3221
f 3202 3203 3223
f 3202 3223 3222
f 3203 3204 3224
f 3203 3224 3223
f 3204 3205 3225
f 3204 3225 3224
f 3205 3206 3226
f 3205 3226 3225
f 3206 3207 3227
f 3206 3227 3226
f 3207 3208 3228
f 3207 3228 3227
f 3208 3209 3229
f 3208 3229 3228
f 3209 3210 3230
f 3209 3230 3229
f 3210 3211 3231
f 3210 3231 3230
f 3211 3212 3232
f 3211 3232 3231
f 3212 3213 3233
f 3212 3233 3232
f 3213 3214 3234
f 3213 3234 3233
f 3214 3215 3235
f 3214 3235 3234
f 3215 3216 3236
f 3215 3236 3235
f 3216 3197 3217
f 3216 3217 3236
f 3217 3218 3238
f 3217 3238 3237
f 3218 3219 3239
f 3218 3239 3238
f 3219 3220 3240
f 3219 3240 3239
f 3220 3221 3241
f 3220 3241 3240
f 3221 3222 3242
f 3221 3242 3241
f 3222 3223 3243
f 3222 3243 3242
f 3223 3224 3244
f 3223 3244 3243
f 3224 3225 3245
f 3224 3245 3244
f 3225 3226 3246
f 3225 3246 3245
f 3226 3227 3247
f 3226 3247 3246
f 3227 3228 3248
f 3227 3248 3247
f 3228 3229 3249
f 3228 3249 3248
f 3229 3230 3250
f 3229 3250 3249
f 3230 3231 3251
f 3230 3251 3250
f 3231 3232 3252
f 3231 3252 3251
f 3232 3233 3253
f 3232 3253 3252
f 3233 3234 3254
f 3233 3254 3253
f 3234 3235 3255
f 3234 3255 3254
f 3235 3236 3256
f 3235 3256 3255
f 3236 3217 3237
f 3236 3237 3256
o Pelvis
g Pelvis
usemtl Deep_Navy
v 0.000000 1.140000 0.000000
v 0.000000 1.140000 0.000000
v 0.000000 1.140000 0.000000
v 0.000000 1.140000 0.000000
v 0.000000 1.140000 0.000000
v 0.000000 1.140000 0.000000
v -0.000000 1.140000 0.000000
v -0.000000 1.140000 0.000000
v -0.000000 1.140000 0.000000
v -0.000000 1.140000 0.000000
v -0.000000 1.140000 0.000000
v -0.000000 1.140000 -0.000000
v -0.000000 1.140000 -0.000000
v -0.000000 1.140000 -0.000000
v -0.000000 1.140000 -0.000000
v -0.000000 1.140000 -0.000000
v 0.000000 1.140000 -0.000000
v 0.000000 1.140000 -0.000000
v 0.000000 1.140000 -0.000000
v 0.000000 1.140000 -0.000000
v 0.279537 1.144407 0.000000
v 0.273982 1.144407 0.131067
v 0.256816 1.144407 0.169507
v 0.226010 1.144407 0.192612
v 0.174756 1.144407 0.205487
v 0.000000 1.144407 0.209653
v -0.174756 1.144407 0.205487
v -0.226010 1.144407 0.192612
v -0.256816 1.144407 0.169507
v -0.273982 1.144407 0.131067
v -0.279537 1.144407 0.000000
v -0.273982 1.144407 -0.131067
v -0.256816 1.144407 -0.169507
v -0.226010 1.144407 -0.192612
v -0.174756 1.144407 -0.205487
v -0.000000 1.144407 -0.209653
v 0.174756 1.144407 -0.205487
v 0.226010 1.144407 -0.192612
v 0.256816 1.144407 -0.169507
v 0.273982 1.144407 -0.131067
v 0.363772 1.157892 0.000000
v 0.356543 1.157892 0.170562
v 0.334205 1.157892 0.220586
v 0.294115 1.157892 0.250653
v 0.227417 1.157892 0.267407
v 0.000000 1.157892 0.272829
v -0.227417 1.157892 0.267407
v -0.294115 1.157892 0.250653
v -0.334205 1.157892 0.220586
v -0.356543 1.157892 0.170562
v -0.363772 1.157892 0.000000
v -0.356543 1.157892 -0.170562
v -0.334205 1.157892 -0.220586
v -0.294115 1.157892 -0.250653
v -0.227417 1.157892 -0.267407
v -0.000000 1.157892 -0.272829
v 0.227417 1.157892 -0.267407
v 0.294115 1.157892 -0.250653
v 0.334205 1.157892 -0.220586
v 0.356543 1.157892 -0.170562
v 0.417864 1.181424 0.000000
v 0.409560 1.181424 0.195925
v 0.383900 1.181424 0.253387
v 0.337849 1.181424 0.287925
v 0.261233 1.181424 0.307170
v 0.000000 1.181424 0.313398
v -0.261233 1.181424 0.307170
v -0.337849 1.181424 0.287925
v -0.383900 1.181424 0.253387
v -0.409560 1.181424 0.195925
v -0.417864 1.181424 0.000000
v -0.409560 1.181424 -0.195925
v -0.383900 1.181424 -0.253387
v -0.337849 1.181424 -0.287925
v -0.261233 1.181424 -0.307170
v -0.000000 1.181424 -0.313398
v 0.261233 1.181424 -0.307170
v 0.337849 1.181424 -0.287925
v 0.383900 1.181424 -0.253387
v 0.409560 1.181424 -0.195925
v 0.453162 1.217485 0.000000
v 0.444156 1.217485 0.212475
v 0.416329 1.217485 0.274791
v 0.366388 1.217485 0.312247
v 0.283300 1.217485 0.333117
v 0.000000 1.217485 0.339872
v -0.283300 1.217485 0.333117
v -0.366388 1.217485 0.312247
v -0.416329 1.217485 0.274791
v -0.444156 1.217485 0.212475
v -0.453162 1.217485 0.000000
v -0.444156 1.217485 -0.212475
v -0.416329 1.217485 -0.274791
v -0.366388 1.217485 -0.312247
v -0.283300 1.217485 -0.333117
v -0.000000 1.217485 -0.339872
v 0.283300 1.217485 -0.333117
v 0.366388 1.217485 -0.312247
v 0.416329 1.217485 -0.274791
v 0.444156 1.217485 -0.212475
v 0.473390 1.273642 0.000000
v 0.463982 1.273642 0.221959
v 0.434912 1.273642 0.287057
v 0.382742 1.273642 0.326184
v 0.295945 1.273642 0.347987
v 0.000000 1.273642 0.355042
v -0.295945 1.273642 0.347987
v -0.382742 1.273642 0.326184
v -0.434912 1.273642 0.287057
v -0.463982 1.273642 0.221959
v -0.473390 1.273642 0.000000
v -0.463982 1.273642 -0.221959
v -0.434912 1.273642 -0.287057
v -0.382742 1.273642 -0.326184
v -0.295945 1.273642 -0.347987
v -0.000000 1.273642 -0.355042
v 0.295945 1.273642 -0.347987
v 0.382742 1.273642 -0.326184
v 0.434912 1.273642 -0.287057
v 0.463982 1.273642 -0.221959
v 0.480000 1.460000 0.000000
v 0.470461 1.460000 0.225059
v 0.440985 1.460000 0.291065
v 0.388087 1.460000 0.330739
v 0.300078 1.460000 0.352846
v 0.000000 1.460000 0.360000
v -0.300078 1.460000 0.352846
v -0.388087 1.460000 0.330739
v -0.440985 1.460000 0.291065
v -0.470461 1.460000 0.225059
v -0.480000 1.460000 0.000000
v -0.470461 1.460000 -0.225059
v -0.440985 1.460000 -0.291065
v -0.388087 1.460000 -0.330739
v -0.300078 1.460000 -0.352846
v -0.000000 1.460000 -0.360000
v 0.300078 1.460000 -0.352846
v 0.388087 1.460000 -0.330739
v 0.440985 1.460000 -0.291065
v 0.470461 1.460000 -0.225059
v 0.473390 1.646358 0.000000
v 0.463982 1.646358 0.221959
v 0.434912 1.646358 0.287057
v 0.382742 1.646358 0.326184
v 0.295945 1.646358 0.347987
v 0.000000 1.646358 0.355042
v -0.295945 1.646358 0.347987
v -0.382742 1.646358 0.326184
v -0.434912 1.646358 0.287057
v -0.463982 1.646358 0.221959
v -0.473390 1.646358 0.000000
v -0.463982 1.646358 -0.221959
v -0.434912 1.646358 -0.287057
v -0.382742 1.646358 -0.326184
v -0.295945 1.646358 -0.347987
v -0.000000 1.646358 -0.355042
v 0.295945 1.646358 -0.347987
v 0.382742 1.646358 -0.326184
v 0.434912 1.646358 -0.287057
v 0.463982 1.646358 -0.221959
v 0.453162 1.702515 0.000000
v 0.444156 1.702515 0.212475
v 0.416329 1.702515 0.274791
v 0.366388 1.702515 0.312247
v 0.283300 1.702515 0.333117
v 0.000000 1.702515 0.339872
v -0.283300 1.702515 0.333117
v -0.366388 1.702515 0.312247
v -0.416329 1.702515 0.274791
v -0.444156 1.702515 0.212475
v -0.453162 1.702515 0.000000
v -0.444156 1.702515 -0.212475
v -0.416329 1.702515 -0.274791
v -0.366388 1.702515 -0.312247
v -0.283300 1.702515 -0.333117
v -0.000000 1.702515 -0.339872
v 0.283300 1.702515 -0.333117
v 0.366388 1.702515 -0.312247
v 0.416329 1.702515 -0.274791
v 0.444156 1.702515 -0.212475
v 0.417864 1.738576 0.000000
v 0.409560 1.738576 0.195925
v 0.383900 1.738576 0.253387
v 0.337849 1.738576 0.287925
v 0.261233 1.738576 0.307170
v 0.000000 1.738576 0.313398
v -0.261233 1.738576 0.307170
v -0.337849 1.738576 0.287925
v -0.383900 1.738576 0.253387
v -0.409560 1.738576 0.195925
v -0.417864 1.738576 0.000000
v -0.409560 1.738576 -0.195925
v -0.383900 1.738576 -0.253387
v -0.337849 1.738576 -0.287925
v -0.261233 1.738576 -0.307170
v -0.000000 1.738576 -0.313398
v 0.261233 1.738576 -0.307170
v 0.337849 1.738576 -0.287925
v 0.383900 1.738576 -0.253387
v 0.409560 1.738576 -0.195925
v 0.363772 1.762108 0.000000
v 0.356543 1.762108 0.170562
v 0.334205 1.762108 0.220586
v 0.294115 1.762108 0.250653
v 0.227417 1.762108 0.267407
v 0.000000 1.762108 0.272829
v -0.227417 1.762108 0.267407
v -0.294115 1.762108 0.250653
v -0.334205 1.762108 0.220586
v -0.356543 1.762108 0.170562
v -0.363772 1.762108 0.000000
v -0.356543 1.762108 -0.170562
v -0.334205 1.762108 -0.220586
v -0.294115 1.762108 -0.250653
v -0.227417 1.762108 -0.267407
v -0.000000 1.762108 -0.272829
v 0.227417 1.762108 -0.267407
v 0.294115 1.762108 -0.250653
v 0.334205 1.762108 -0.220586
v 0.356543 1.762108 -0.170562
v 0.279537 1.775593 0.000000
v 0.273982 1.775593 0.131067
v 0.256816 1.775593 0.169507
v 0.226010 1.775593 0.192612
v 0.174756 1.775593 0.205487
v 0.000000 1.775593 0.209653
v -0.174756 1.775593 0.205487
v -0.226010 1.775593 0.192612
v -0.256816 1.775593 0.169507
v -0.273982 1.775593 0.131067
v -0.279537 1.775593 0.000000
v -0.273982 1.775593 -0.131067
v -0.256816 1.775593 -0.169507
v -0.226010 1.775593 -0.192612
v -0.174756 1.775593 -0.205487
v -0.000000 1.775593 -0.209653
v 0.174756 1.775593 -0.205487
v 0.226010 1.775593 -0.192612
v 0.256816 1.775593 -0.169507
v 0.273982 1.775593 -0.131067
v 0.000000 1.780000 0.000000
v 0.000000 1.780000 0.000000
v 0.000000 1.780000 0.000000
v 0.000000 1.780000 0.000000
v 0.000000 1.780000 0.000000
v 0.000000 1.780000 0.000000
v -0.000000 1.780000 0.000000
v -0.000000 1.780000 0.000000
v -0.000000 1.780000 0.000000
v -0.000000 1.780000 0.000000
v -0.000000 1.780000 0.000000
v -0.000000 1.780000 -0.000000
v -0.000000 1.780000 -0.000000
v -0.000000 1.780000 -0.000000
v -0.000000 1.780000 -0.000000
v -0.000000 1.780000 -0.000000
v 0.000000 1.780000 -0.000000
v 0.000000 1.780000 -0.000000
v 0.000000 1.780000 -0.000000
v 0.000000 1.780000 -0.000000
f 3257 3258 3278
f 3257 3278 3277
f 3258 3259 3279
f 3258 3279 3278
f 3259 3260 3280
f 3259 3280 3279
f 3260 3261 3281
f 3260 3281 3280
f 3261 3262 3282
f 3261 3282 3281
f 3262 3263 3283
f 3262 3283 3282
f 3263 3264 3284
f 3263 3284 3283
f 3264 3265 3285
f 3264 3285 3284
f 3265 3266 3286
f 3265 3286 3285
f 3266 3267 3287
f 3266 3287 3286
f 3267 3268 3288
f 3267 3288 3287
f 3268 3269 3289
f 3268 3289 3288
f 3269 3270 3290
f 3269 3290 3289
f 3270 3271 3291
f 3270 3291 3290
f 3271 3272 3292
f 3271 3292 3291
f 3272 3273 3293
f 3272 3293 3292
f 3273 3274 3294
f 3273 3294 3293
f 3274 3275 3295
f 3274 3295 3294
f 3275 3276 3296
f 3275 3296 3295
f 3276 3257 3277
f 3276 3277 3296
f 3277 3278 3298
f 3277 3298 3297
f 3278 3279 3299
f 3278 3299 3298
f 3279 3280 3300
f 3279 3300 3299
f 3280 3281 3301
f 3280 3301 3300
f 3281 3282 3302
f 3281 3302 3301
f 3282 3283 3303
f 3282 3303 3302
f 3283 3284 3304
f 3283 3304 3303
f 3284 3285 3305
f 3284 3305 3304
f 3285 3286 3306
f 3285 3306 3305
f 3286 3287 3307
f 3286 3307 3306
f 3287 3288 3308
f 3287 3308 3307
f 3288 3289 3309
f 3288 3309 3308
f 3289 3290 3310
f 3289 3310 3309
f 3290 3291 3311
f 3290 3311 3310
f 3291 3292 3312
f 3291 3312 3311
f 3292 3293 3313
f 3292 3313 3312
f 3293 3294 3314
f 3293 3314 3313
f 3294 3295 3315
f 3294 3315 3314
f 3295 3296 3316
f 3295 3316 3315
f 3296 3277 3297
f 3296 3297 3316
f 3297 3298 3318
f 3297 3318 3317
f 3298 3299 3319
f 3298 3319 3318
f 3299 3300 3320
f 3299 3320 3319
f 3300 3301 3321
f 3300 3321 3320
f 3301 3302 3322
f 3301 3322 3321
f 3302 3303 3323
f 3302 3323 3322
f 3303 3304 3324
f 3303 3324 3323
f 3304 3305 3325
f 3304 3325 3324
f 3305 3306 3326
f 3305 3326 3325
f 3306 3307 3327
f 3306 3327 3326
f 3307 3308 3328
f 3307 3328 3327
f 3308 3309 3329
f 3308 3329 3328
f 3309 3310 3330
f 3309 3330 3329
f 3310 3311 3331
f 3310 3331 3330
f 3311 3312 3332
f 3311 3332 3331
f 3312 3313 3333
f 3312 3333 3332
f 3313 3314 3334
f 3313 3334 3333
f 3314 3315 3335
f 3314 3335 3334
f 3315 3316 3336
f 3315 3336 3335
f 3316 3297 3317
f 3316 3317 3336
f 3317 3318 3338
f 3317 3338 3337
f 3318 3319 3339
f 3318 3339 3338
f 3319 3320 3340
f 3319 3340 3339
f 3320 3321 3341
f 3320 3341 3340
f 3321 3322 3342
f 3321 3342 3341
f 3322 3323 3343
f 3322 3343 3342
f 3323 3324 3344
f 3323 3344 3343
f 3324 3325 3345
f 3324 3345 3344
f 3325 3326 3346
f 3325 3346 3345
f 3326 3327 3347
f 3326 3347 3346
f 3327 3328 3348
f 3327 3348 3347
f 3328 3329 3349
f 3328 3349 3348
f 3329 3330 3350
f 3329 3350 3349
f 3330 3331 3351
f 3330 3351 3350
f 3331 3332 3352
f 3331 3352 3351
f 3332 3333 3353
f 3332 3353 3352
f 3333 3334 3354
f 3333 3354 3353
f 3334 3335 3355
f 3334 3355 3354
f 3335 3336 3356
f 3335 3356 3355
f 3336 3317 3337
f 3336 3337 3356
f 3337 3338 3358
f 3337 3358 3357
f 3338 3339 3359
f 3338 3359 3358
f 3339 3340 3360
f 3339 3360 3359
f 3340 3341 3361
f 3340 3361 3360
f 3341 3342 3362
f 3341 3362 3361
f 3342 3343 3363
f 3342 3363 3362
f 3343 3344 3364
f 3343 3364 3363
f 3344 3345 3365
f 3344 3365 3364
f 3345 3346 3366
f 3345 3366 3365
f 3346 3347 3367
f 3346 3367 3366
f 3347 3348 3368
f 3347 3368 3367
f 3348 3349 3369
f 3348 3369 3368
f 3349 3350 3370
f 3349 3370 3369
f 3350 3351 3371
f 3350 3371 3370
f 3351 3352 3372
f 3351 3372 3371
f 3352 3353 3373
f 3352 3373 3372
f 3353 3354 3374
f 3353 3374 3373
f 3354 3355 3375
f 3354 3375 3374
f 3355 3356 3376
f 3355 3376 3375
f 3356 3337 3357
f 3356 3357 3376
f 3357 3358 3378
f 3357 3378 3377
f 3358 3359 3379
f 3358 3379 3378
f 3359 3360 3380
f 3359 3380 3379
f 3360 3361 3381
f 3360 3381 3380
f 3361 3362 3382
f 3361 3382 3381
f 3362 3363 3383
f 3362 3383 3382
f 3363 3364 3384
f 3363 3384 3383
f 3364 3365 3385
f 3364 3385 3384
f 3365 3366 3386
f 3365 3386 3385
f 3366 3367 3387
f 3366 3387 3386
f 3367 3368 3388
f 3367 3388 3387
f 3368 3369 3389
f 3368 3389 3388
f 3369 3370 3390
f 3369 3390 3389
f 3370 3371 3391
f 3370 3391 3390
f 3371 3372 3392
f 3371 3392 3391
f 3372 3373 3393
f 3372 3393 3392
f 3373 3374 3394
f 3373 3394 3393
f 3374 3375 3395
f 3374 3395 3394
f 3375 3376 3396
f 3375 3396 3395
f 3376 3357 3377
f 3376 3377 3396
f 3377 3378 3398
f 3377 3398 3397
f 3378 3379 3399
f 3378 3399 3398
f 3379 3380 3400
f 3379 3400 3399
f 3380 3381 3401
f 3380 3401 3400
f 3381 3382 3402
f 3381 3402 3401
f 3382 3383 3403
f 3382 3403 3402
f 3383 3384 3404
f 3383 3404 3403
f 3384 3385 3405
f 3384 3405 3404
f 3385 3386 3406
f 3385 3406 3405
f 3386 3387 3407
f 3386 3407 3406
f 3387 3388 3408
f 3387 3408 3407
f 3388 3389 3409
f 3388 3409 3408
f 3389 3390 3410
f 3389 3410 3409
f 3390 3391 3411
f 3390 3411 3410
f 3391 3392 3412
f 3391 3412 3411
f 3392 3393 3413
f 3392 3413 3412
f 3393 3394 3414
f 3393 3414 3413
f 3394 3395 3415
f 3394 3415 3414
f 3395 3396 3416
f 3395 3416 3415
f 3396 3377 3397
f 3396 3397 3416
f 3397 3398 3418
f 3397 3418 3417
f 3398 3399 3419
f 3398 3419 3418
f 3399 3400 3420
f 3399 3420 3419
f 3400 3401 3421
f 3400 3421 3420
f 3401 3402 3422
f 3401 3422 3421
f 3402 3403 3423
f 3402 3423 3422
f 3403 3404 3424
f 3403 3424 3423
f 3404 3405 3425
f 3404 3425 3424
f 3405 3406 3426
f 3405 3426 3425
f 3406 3407 3427
f 3406 3427 3426
f 3407 3408 3428
f 3407 3428 3427
f 3408 3409 3429
f 3408 3429 3428
f 3409 3410 3430
f 3409 3430 3429
f 3410 3411 3431
f 3410 3431 3430
f 3411 3412 3432
f 3411 3432 3431
f 3412 3413 3433
f 3412 3433 3432
f 3413 3414 3434
f 3413 3434 3433
f 3414 3415 3435
f 3414 3435 3434
f 3415 3416 3436
f 3415 3436 3435
f 3416 3397 3417
f 3416 3417 3436
f 3417 3418 3438
f 3417 3438 3437
f 3418 3419 3439
f 3418 3439 3438
f 3419 3420 3440
f 3419 3440 3439
f 3420 3421 3441
f 3420 3441 3440
f 3421 3422 3442
f 3421 3442 3441
f 3422 3423 3443
f 3422 3443 3442
f 3423 3424 3444
f 3423 3444 3443
f 3424 3425 3445
f 3424 3445 3444
f 3425 3426 3446
f 3425 3446 3445
f 3426 3427 3447
f 3426 3447 3446
f 3427 3428 3448
f 3427 3448 3447
f 3428 3429 3449
f 3428 3449 3448
f 3429 3430 3450
f 3429 3450 3449
f 3430 3431 3451
f 3430 3451 3450
f 3431 3432 3452
f 3431 3452 3451
f 3432 3433 3453
f 3432 3453 3452
f 3433 3434 3454
f 3433 3454 3453
f 3434 3435 3455
f 3434 3455 3454
f 3435 3436 3456
f 3435 3456 3455
f 3436 3417 3437
f 3436 3437 3456
f 3437 3438 3458
f 3437 3458 3457
f 3438 3439 3459
f 3438 3459 3458
f 3439 3440 3460
f 3439 3460 3459
f 3440 3441 3461
f 3440 3461 3460
f 3441 3442 3462
f 3441 3462 3461
f 3442 3443 3463
f 3442 3463 3462
f 3443 3444 3464
f 3443 3464 3463
f 3444 3445 3465
f 3444 3465 3464
f 3445 3446 3466
f 3445 3466 3465
f 3446 3447 3467
f 3446 3467 3466
f 3447 3448 3468
f 3447 3468 3467
f 3448 3449 3469
f 3448 3469 3468
f 3449 3450 3470
f 3449 3470 3469
f 3450 3451 3471
f 3450 3471 3470
f 3451 3452 3472
f 3451 3472 3471
f 3452 3453 3473
f 3452 3473 3472
f 3453 3454 3474
f 3453 3474 3473
f 3454 3455 3475
f 3454 3475 3474
f 3455 3456 3476
f 3455 3476 3475
f 3456 3437 3457
f 3456 3457 3476
f 3457 3458 3478
f 3457 3478 3477
f 3458 3459 3479
f 3458 3479 3478
f 3459 3460 3480
f 3459 3480 3479
f 3460 3461 3481
f 3460 3481 3480
f 3461 3462 3482
f 3461 3482 3481
f 3462 3463 3483
f 3462 3483 3482
f 3463 3464 3484
f 3463 3484 3483
f 3464 3465 3485
f 3464 3485 3484
f 3465 3466 3486
f 3465 3486 3485
f 3466 3467 3487
f 3466 3487 3486
f 3467 3468 3488
f 3467 3488 3487
f 3468 3469 3489
f 3468 3489 3488
f 3469 3470 3490
f 3469 3490 3489
f 3470 3471 3491
f 3470 3491 3490
f 3471 3472 3492
f 3471 3492 3491
f 3472 3473 3493
f 3472 3493 3492
f 3473 3474 3494
f 3473 3494 3493
f 3474 3475 3495
f 3474 3495 3494
f 3475 3476 3496
f 3475 3496 3495
f 3476 3457 3477
f 3476 3477 3496
f 3477 3478 3498
f 3477 3498 3497
f 3478 3479 3499
f 3478 3499 3498
f 3479 3480 3500
f 3479 3500 3499
f 3480 3481 3501
f 3480 3501 3500
f 3481 3482 3502
f 3481 3502 3501
f 3482 3483 3503
f 3482 3503 3502
f 3483 3484 3504
f 3483 3504 3503
f 3484 3485 3505
f 3484 3505 3504
f 3485 3486 3506
f 3485 3506 3505
f 3486 3487 3507
f 3486 3507 3506
f 3487 3488 3508
f 3487 3508 3507
f 3488 3489 3509
f 3488 3509 3508
f 3489 3490 3510
f 3489 3510 3509
f 3490 3491 3511
f 3490 3511 3510
f 3491 3492 3512
f 3491 3512 3511
f 3492 3493 3513
f 3492 3513 3512
f 3493 3494 3514
f 3493 3514 3513
f 3494 3495 3515
f 3494 3515 3514
f 3495 3496 3516
f 3495 3516 3515
f 3496 3477 3497
f 3496 3497 3516
o Torso_Core
g Torso_Core
usemtl Gunmetal
v 0.000000 1.360000 0.000000
v 0.000000 1.360000 0.000000
v 0.000000 1.360000 0.000000
v 0.000000 1.360000 0.000000
v 0.000000 1.360000 0.000000
v 0.000000 1.360000 0.000000
v -0.000000 1.360000 0.000000
v -0.000000 1.360000 0.000000
v -0.000000 1.360000 0.000000
v -0.000000 1.360000 0.000000
v -0.000000 1.360000 0.000000
v -0.000000 1.360000 -0.000000
v -0.000000 1.360000 -0.000000
v -0.000000 1.360000 -0.000000
v -0.000000 1.360000 -0.000000
v -0.000000 1.360000 -0.000000
v 0.000000 1.360000 -0.000000
v 0.000000 1.360000 -0.000000
v 0.000000 1.360000 -0.000000
v 0.000000 1.360000 -0.000000
v 0.334533 1.368410 0.000000
v 0.327155 1.368410 0.136673
v 0.304461 1.368410 0.181882
v 0.264162 1.368410 0.209629
v 0.198502 1.368410 0.225254
v 0.000000 1.368410 0.230334
v -0.198502 1.368410 0.225254
v -0.264162 1.368410 0.209629
v -0.304461 1.368410 0.181882
v -0.327155 1.368410 0.136673
v -0.334533 1.368410 0.000000
v -0.327155 1.368410 -0.136673
v -0.304461 1.368410 -0.181882
v -0.264162 1.368410 -0.209629
v -0.198502 1.368410 -0.225254
v -0.000000 1.368410 -0.230334
v 0.198502 1.368410 -0.225254
v 0.264162 1.368410 -0.209629
v 0.304461 1.368410 -0.181882
v 0.327155 1.368410 -0.136673
v 0.448269 1.394061 0.000000
v 0.438382 1.394061 0.183140
v 0.407973 1.394061 0.243719
v 0.353972 1.394061 0.280899
v 0.265989 1.394061 0.301837
v 0.000000 1.394061 0.308644
v -0.265989 1.394061 0.301837
v -0.353972 1.394061 0.280899
v -0.407973 1.394061 0.243719
v -0.438382 1.394061 0.183140
v -0.448269 1.394061 0.000000
v -0.438382 1.394061 -0.183140
v -0.407973 1.394061 -0.243719
v -0.353972 1.394061 -0.280899
v -0.265989 1.394061 -0.301837
v -0.000000 1.394061 -0.308644
v 0.265989 1.394061 -0.301837
v 0.353972 1.394061 -0.280899
v 0.407973 1.394061 -0.243719
v 0.438382 1.394061 -0.183140
v 0.522919 1.438516 0.000000
v 0.511385 1.438516 0.213638
v 0.475912 1.438516 0.284305
v 0.412919 1.438516 0.327677
v 0.310284 1.438516 0.352101
v 0.000000 1.438516 0.360042
v -0.310284 1.438516 0.352101
v -0.412919 1.438516 0.327677
v -0.475912 1.438516 0.284305
v -0.511385 1.438516 0.213638
v -0.522919 1.438516 0.000000
v -0.511385 1.438516 -0.213638
v -0.475912 1.438516 -0.284305
v -0.412919 1.438516 -0.327677
v -0.310284 1.438516 -0.352101
v -0.000000 1.438516 -0.360042
v 0.310284 1.438516 -0.352101
v 0.412919 1.438516 -0.327677
v 0.475912 1.438516 -0.284305
v 0.511385 1.438516 -0.213638
v 0.572223 1.505823 0.000000
v 0.559602 1.505823 0.233782
v 0.520784 1.505823 0.311111
v 0.451852 1.505823 0.358573
v 0.339540 1.505823 0.385300
v 0.000000 1.505823 0.393990
v -0.339540 1.505823 0.385300
v -0.451852 1.505823 0.358573
v -0.520784 1.505823 0.311111
v -0.559602 1.505823 0.233782
v -0.572223 1.505823 0.000000
v -0.559602 1.505823 -0.233782
v -0.520784 1.505823 -0.311111
v -0.451852 1.505823 -0.358573
v -0.339540 1.505823 -0.385300
v -0.000000 1.505823 -0.393990
v 0.339540 1.505823 -0.385300
v 0.451852 1.505823 -0.358573
v 0.520784 1.505823 -0.311111
v 0.559602 1.505823 -0.233782
v 0.600673 1.608372 0.000000
v 0.587425 1.608372 0.245405
v 0.546677 1.608372 0.326579
v 0.474317 1.608372 0.376400
v 0.356421 1.608372 0.404456
v 0.000000 1.608372 0.413578
v -0.356421 1.608372 0.404456
v -0.474317 1.608372 0.376400
v -0.546677 1.608372 0.326579
v -0.587425 1.608372 0.245405
v -0.600673 1.608372 0.000000
v -0.587425 1.608372 -0.245405
v -0.546677 1.608372 -0.326579
v -0.474317 1.608372 -0.376400
v -0.356421 1.608372 -0.404456
v -0.000000 1.608372 -0.413578
v 0.356421 1.608372 -0.404456
v 0.474317 1.608372 -0.376400
v 0.546677 1.608372 -0.326579
v 0.587425 1.608372 -0.245405
v 0.610000 1.910000 0.000000
v 0.596546 1.910000 0.249215
v 0.555165 1.910000 0.331650
v 0.481682 1.910000 0.382245
v 0.361956 1.910000 0.410736
v 0.000000 1.910000 0.420000
v -0.361956 1.910000 0.410736
v -0.481682 1.910000 0.382245
v -0.555165 1.910000 0.331650
v -0.596546 1.910000 0.249215
v -0.610000 1.910000 0.000000
v -0.596546 1.910000 -0.249215
v -0.555165 1.910000 -0.331650
v -0.481682 1.910000 -0.382245
v -0.361956 1.910000 -0.410736
v -0.000000 1.910000 -0.420000
v 0.361956 1.910000 -0.410736
v 0.481682 1.910000 -0.382245
v 0.555165 1.910000 -0.331650
v 0.596546 1.910000 -0.249215
v 0.600673 2.211628 0.000000
v 0.587425 2.211628 0.245405
v 0.546677 2.211628 0.326579
v 0.474317 2.211628 0.376400
v 0.356421 2.211628 0.404456
v 0.000000 2.211628 0.413578
v -0.356421 2.211628 0.404456
v -0.474317 2.211628 0.376400
v -0.546677 2.211628 0.326579
v -0.587425 2.211628 0.245405
v -0.600673 2.211628 0.000000
v -0.587425 2.211628 -0.245405
v -0.546677 2.211628 -0.326579
v -0.474317 2.211628 -0.376400
v -0.356421 2.211628 -0.404456
v -0.000000 2.211628 -0.413578
v 0.356421 2.211628 -0.404456
v 0.474317 2.211628 -0.376400
v 0.546677 2.211628 -0.326579
v 0.587425 2.211628 -0.245405
v 0.572223 2.314177 0.000000
v 0.559602 2.314177 0.233782
v 0.520784 2.314177 0.311111
v 0.451852 2.314177 0.358573
v 0.339540 2.314177 0.385300
v 0.000000 2.314177 0.393990
v -0.339540 2.314177 0.385300
v -0.451852 2.314177 0.358573
v -0.520784 2.314177 0.311111
v -0.559602 2.314177 0.233782
v -0.572223 2.314177 0.000000
v -0.559602 2.314177 -0.233782
v -0.520784 2.314177 -0.311111
v -0.451852 2.314177 -0.358573
v -0.339540 2.314177 -0.385300
v -0.000000 2.314177 -0.393990
v 0.339540 2.314177 -0.385300
v 0.451852 2.314177 -0.358573
v 0.520784 2.314177 -0.311111
v 0.559602 2.314177 -0.233782
v 0.522919 2.381484 0.000000
v 0.511385 2.381484 0.213638
v 0.475912 2.381484 0.284305
v 0.412919 2.381484 0.327677
v 0.310284 2.381484 0.352101
v 0.000000 2.381484 0.360042
v -0.310284 2.381484 0.352101
v -0.412919 2.381484 0.327677
v -0.475912 2.381484 0.284305
v -0.511385 2.381484 0.213638
v -0.522919 2.381484 0.000000
v -0.511385 2.381484 -0.213638
v -0.475912 2.381484 -0.284305
v -0.412919 2.381484 -0.327677
v -0.310284 2.381484 -0.352101
v -0.000000 2.381484 -0.360042
v 0.310284 2.381484 -0.352101
v 0.412919 2.381484 -0.327677
v 0.475912 2.381484 -0.284305
v 0.511385 2.381484 -0.213638
v 0.448269 2.425939 0.000000
v 0.438382 2.425939 0.183140
v 0.407973 2.425939 0.243719
v 0.353972 2.425939 0.280899
v 0.265989 2.425939 0.301837
v 0.000000 2.425939 0.308644
v -0.265989 2.425939 0.301837
v -0.353972 2.425939 0.280899
v -0.407973 2.425939 0.243719
v -0.438382 2.425939 0.183140
v -0.448269 2.425939 0.000000
v -0.438382 2.425939 -0.183140
v -0.407973 2.425939 -0.243719
v -0.353972 2.425939 -0.280899
v -0.265989 2.425939 -0.301837
v -0.000000 2.425939 -0.308644
v 0.265989 2.425939 -0.301837
v 0.353972 2.425939 -0.280899
v 0.407973 2.425939 -0.243719
v 0.438382 2.425939 -0.183140
v 0.334533 2.451590 0.000000
v 0.327155 2.451590 0.136673
v 0.304461 2.451590 0.181882
v 0.264162 2.451590 0.209629
v 0.198502 2.451590 0.225254
v 0.000000 2.451590 0.230334
v -0.198502 2.451590 0.225254
v -0.264162 2.451590 0.209629
v -0.304461 2.451590 0.181882
v -0.327155 2.451590 0.136673
v -0.334533 2.451590 0.000000
v -0.327155 2.451590 -0.136673
v -0.304461 2.451590 -0.181882
v -0.264162 2.451590 -0.209629
v -0.198502 2.451590 -0.225254
v -0.000000 2.451590 -0.230334
v 0.198502 2.451590 -0.225254
v 0.264162 2.451590 -0.209629
v 0.304461 2.451590 -0.181882
v 0.327155 2.451590 -0.136673
v 0.000000 2.460000 0.000000
v 0.000000 2.460000 0.000000
v 0.000000 2.460000 0.000000
v 0.000000 2.460000 0.000000
v 0.000000 2.460000 0.000000
v 0.000000 2.460000 0.000000
v -0.000000 2.460000 0.000000
v -0.000000 2.460000 0.000000
v -0.000000 2.460000 0.000000
v -0.000000 2.460000 0.000000
v -0.000000 2.460000 0.000000
v -0.000000 2.460000 -0.000000
v -0.000000 2.460000 -0.000000
v -0.000000 2.460000 -0.000000
v -0.000000 2.460000 -0.000000
v -0.000000 2.460000 -0.000000
v 0.000000 2.460000 -0.000000
v 0.000000 2.460000 -0.000000
v 0.000000 2.460000 -0.000000
v 0.000000 2.460000 -0.000000
f 3517 3518 3538
f 3517 3538 3537
f 3518 3519 3539
f 3518 3539 3538
f 3519 3520 3540
f 3519 3540 3539
f 3520 3521 3541
f 3520 3541 3540
f 3521 3522 3542
f 3521 3542 3541
f 3522 3523 3543
f 3522 3543 3542
f 3523 3524 3544
f 3523 3544 3543
f 3524 3525 3545
f 3524 3545 3544
f 3525 3526 3546
f 3525 3546 3545
f 3526 3527 3547
f 3526 3547 3546
f 3527 3528 3548
f 3527 3548 3547
f 3528 3529 3549
f 3528 3549 3548
f 3529 3530 3550
f 3529 3550 3549
f 3530 3531 3551
f 3530 3551 3550
f 3531 3532 3552
f 3531 3552 3551
f 3532 3533 3553
f 3532 3553 3552
f 3533 3534 3554
f 3533 3554 3553
f 3534 3535 3555
f 3534 3555 3554
f 3535 3536 3556
f 3535 3556 3555
f 3536 3517 3537
f 3536 3537 3556
f 3537 3538 3558
f 3537 3558 3557
f 3538 3539 3559
f 3538 3559 3558
f 3539 3540 3560
f 3539 3560 3559
f 3540 3541 3561
f 3540 3561 3560
f 3541 3542 3562
f 3541 3562 3561
f 3542 3543 3563
f 3542 3563 3562
f 3543 3544 3564
f 3543 3564 3563
f 3544 3545 3565
f 3544 3565 3564
f 3545 3546 3566
f 3545 3566 3565
f 3546 3547 3567
f 3546 3567 3566
f 3547 3548 3568
f 3547 3568 3567
f 3548 3549 3569
f 3548 3569 3568
f 3549 3550 3570
f 3549 3570 3569
f 3550 3551 3571
f 3550 3571 3570
f 3551 3552 3572
f 3551 3572 3571
f 3552 3553 3573
f 3552 3573 3572
f 3553 3554 3574
f 3553 3574 3573
f 3554 3555 3575
f 3554 3575 3574
f 3555 3556 3576
f 3555 3576 3575
f 3556 3537 3557
f 3556 3557 3576
f 3557 3558 3578
f 3557 3578 3577
f 3558 3559 3579
f 3558 3579 3578
f 3559 3560 3580
f 3559 3580 3579
f 3560 3561 3581
f 3560 3581 3580
f 3561 3562 3582
f 3561 3582 3581
f 3562 3563 3583
f 3562 3583 3582
f 3563 3564 3584
f 3563 3584 3583
f 3564 3565 3585
f 3564 3585 3584
f 3565 3566 3586
f 3565 3586 3585
f 3566 3567 3587
f 3566 3587 3586
f 3567 3568 3588
f 3567 3588 3587
f 3568 3569 3589
f 3568 3589 3588
f 3569 3570 3590
f 3569 3590 3589
f 3570 3571 3591
f 3570 3591 3590
f 3571 3572 3592
f 3571 3592 3591
f 3572 3573 3593
f 3572 3593 3592
f 3573 3574 3594
f 3573 3594 3593
f 3574 3575 3595
f 3574 3595 3594
f 3575 3576 3596
f 3575 3596 3595
f 3576 3557 3577
f 3576 3577 3596
f 3577 3578 3598
f 3577 3598 3597
f 3578 3579 3599
f 3578 3599 3598
f 3579 3580 3600
f 3579 3600 3599
f 3580 3581 3601
f 3580 3601 3600
f 3581 3582 3602
f 3581 3602 3601
f 3582 3583 3603
f 3582 3603 3602
f 3583 3584 3604
f 3583 3604 3603
f 3584 3585 3605
f 3584 3605 3604
f 3585 3586 3606
f 3585 3606 3605
f 3586 3587 3607
f 3586 3607 3606
f 3587 3588 3608
f 3587 3608 3607
f 3588 3589 3609
f 3588 3609 3608
f 3589 3590 3610
f 3589 3610 3609
f 3590 3591 3611
f 3590 3611 3610
f 3591 3592 3612
f 3591 3612 3611
f 3592 3593 3613
f 3592 3613 3612
f 3593 3594 3614
f 3593 3614 3613
f 3594 3595 3615
f 3594 3615 3614
f 3595 3596 3616
f 3595 3616 3615
f 3596 3577 3597
f 3596 3597 3616
f 3597 3598 3618
f 3597 3618 3617
f 3598 3599 3619
f 3598 3619 3618
f 3599 3600 3620
f 3599 3620 3619
f 3600 3601 3621
f 3600 3621 3620
f 3601 3602 3622
f 3601 3622 3621
f 3602 3603 3623
f 3602 3623 3622
f 3603 3604 3624
f 3603 3624 3623
f 3604 3605 3625
f 3604 3625 3624
f 3605 3606 3626
f 3605 3626 3625
f 3606 3607 3627
f 3606 3627 3626
f 3607 3608 3628
f 3607 3628 3627
f 3608 3609 3629
f 3608 3629 3628
f 3609 3610 3630
f 3609 3630 3629
f 3610 3611 3631
f 3610 3631 3630
f 3611 3612 3632
f 3611 3632 3631
f 3612 3613 3633
f 3612 3633 3632
f 3613 3614 3634
f 3613 3634 3633
f 3614 3615 3635
f 3614 3635 3634
f 3615 3616 3636
f 3615 3636 3635
f 3616 3597 3617
f 3616 3617 3636
f 3617 3618 3638
f 3617 3638 3637
f 3618 3619 3639
f 3618 3639 3638
f 3619 3620 3640
f 3619 3640 3639
f 3620 3621 3641
f 3620 3641 3640
f 3621 3622 3642
f 3621 3642 3641
f 3622 3623 3643
f 3622 3643 3642
f 3623 3624 3644
f 3623 3644 3643
f 3624 3625 3645
f 3624 3645 3644
f 3625 3626 3646
f 3625 3646 3645
f 3626 3627 3647
f 3626 3647 3646
f 3627 3628 3648
f 3627 3648 3647
f 3628 3629 3649
f 3628 3649 3648
f 3629 3630 3650
f 3629 3650 3649
f 3630 3631 3651
f 3630 3651 3650
f 3631 3632 3652
f 3631 3652 3651
f 3632 3633 3653
f 3632 3653 3652
f 3633 3634 3654
f 3633 3654 3653
f 3634 3635 3655
f 3634 3655 3654
f 3635 3636 3656
f 3635 3656 3655
f 3636 3617 3637
f 3636 3637 3656
f 3637 3638 3658
f 3637 3658 3657
f 3638 3639 3659
f 3638 3659 3658
f 3639 3640 3660
f 3639 3660 3659
f 3640 3641 3661
f 3640 3661 3660
f 3641 3642 3662
f 3641 3662 3661
f 3642 3643 3663
f 3642 3663 3662
f 3643 3644 3664
f 3643 3664 3663
f 3644 3645 3665
f 3644 3665 3664
f 3645 3646 3666
f 3645 3666 3665
f 3646 3647 3667
f 3646 3667 3666
f 3647 3648 3668
f 3647 3668 3667
f 3648 3649 3669
f 3648 3669 3668
f 3649 3650 3670
f 3649 3670 3669
f 3650 3651 3671
f 3650 3671 3670
f 3651 3652 3672
f 3651 3672 3671
f 3652 3653 3673
f 3652 3673 3672
f 3653 3654 3674
f 3653 3674 3673
f 3654 3655 3675
f 3654 3675 3674
f 3655 3656 3676
f 3655 3676 3675
f 3656 3637 3657
f 3656 3657 3676
f 3657 3658 3678
f 3657 3678 3677
f 3658 3659 3679
f 3658 3679 3678
f 3659 3660 3680
f 3659 3680 3679
f 3660 3661 3681
f 3660 3681 3680
f 3661 3662 3682
f 3661 3682 3681
f 3662 3663 3683
f 3662 3683 3682
f 3663 3664 3684
f 3663 3684 3683
f 3664 3665 3685
f 3664 3685 3684
f 3665 3666 3686
f 3665 3686 3685
f 3666 3667 3687
f 3666 3687 3686
f 3667 3668 3688
f 3667 3688 3687
f 3668 3669 3689
f 3668 3689 3688
f 3669 3670 3690
f 3669 3690 3689
f 3670 3671 3691
f 3670 3691 3690
f 3671 3672 3692
f 3671 3692 3691
f 3672 3673 3693
f 3672 3693 3692
f 3673 3674 3694
f 3673 3694 3693
f 3674 3675 3695
f 3674 3695 3694
f 3675 3676 3696
f 3675 3696 3695
f 3676 3657 3677
f 3676 3677 3696
f 3677 3678 3698
f 3677 3698 3697
f 3678 3679 3699
f 3678 3699 3698
f 3679 3680 3700
f 3679 3700 3699
f 3680 3681 3701
f 3680 3701 3700
f 3681 3682 3702
f 3681 3702 3701
f 3682 3683 3703
f 3682 3703 3702
f 3683 3684 3704
f 3683 3704 3703
f 3684 3685 3705
f 3684 3705 3704
f 3685 3686 3706
f 3685 3706 3705
f 3686 3687 3707
f 3686 3707 3706
f 3687 3688 3708
f 3687 3708 3707
f 3688 3689 3709
f 3688 3709 3708
f 3689 3690 3710
f 3689 3710 3709
f 3690 3691 3711
f 3690 3711 3710
f 3691 3692 3712
f 3691 3712 3711
f 3692 3693 3713
f 3692 3713 3712
f 3693 3694 3714
f 3693 3714 3713
f 3694 3695 3715
f 3694 3715 3714
f 3695 3696 3716
f 3695 3716 3715
f 3696 3677 3697
f 3696 3697 3716
f 3697 3698 3718
f 3697 3718 3717
f 3698 3699 3719
f 3698 3719 3718
f 3699 3700 3720
f 3699 3720 3719
f 3700 3701 3721
f 3700 3721 3720
f 3701 3702 3722
f 3701 3722 3721
f 3702 3703 3723
f 3702 3723 3722
f 3703 3704 3724
f 3703 3724 3723
f 3704 3705 3725
f 3704 3725 3724
f 3705 3706 3726
f 3705 3726 3725
f 3706 3707 3727
f 3706 3727 3726
f 3707 3708 3728
f 3707 3728 3727
f 3708 3709 3729
f 3708 3729 3728
f 3709 3710 3730
f 3709 3730 3729
f 3710 3711 3731
f 3710 3731 3730
f 3711 3712 3732
f 3711 3732 3731
f 3712 3713 3733
f 3712 3733 3732
f 3713 3714 3734
f 3713 3734 3733
f 3714 3715 3735
f 3714 3735 3734
f 3715 3716 3736
f 3715 3736 3735
f 3716 3697 3717
f 3716 3717 3736
f 3717 3718 3738
f 3717 3738 3737
f 3718 3719 3739
f 3718 3739 3738
f 3719 3720 3740
f 3719 3740 3739
f 3720 3721 3741
f 3720 3741 3740
f 3721 3722 3742
f 3721 3742 3741
f 3722 3723 3743
f 3722 3743 3742
f 3723 3724 3744
f 3723 3744 3743
f 3724 3725 3745
f 3724 3745 3744
f 3725 3726 3746
f 3725 3746 3745
f 3726 3727 3747
f 3726 3747 3746
f 3727 3728 3748
f 3727 3748 3747
f 3728 3729 3749
f 3728 3749 3748
f 3729 3730 3750
f 3729 3750 3749
f 3730 3731 3751
f 3730 3751 3750
f 3731 3732 3752
f 3731 3752 3751
f 3732 3733 3753
f 3732 3753 3752
f 3733 3734 3754
f 3733 3754 3753
f 3734 3735 3755
f 3734 3755 3754
f 3735 3736 3756
f 3735 3756 3755
f 3736 3717 3737
f 3736 3737 3756
f 3737 3738 3758
f 3737 3758 3757
f 3738 3739 3759
f 3738 3759 3758
f 3739 3740 3760
f 3739 3760 3759
f 3740 3741 3761
f 3740 3761 3760
f 3741 3742 3762
f 3741 3762 3761
f 3742 3743 3763
f 3742 3763 3762
f 3743 3744 3764
f 3743 3764 3763
f 3744 3745 3765
f 3744 3765 3764
f 3745 3746 3766
f 3745 3766 3765
f 3746 3747 3767
f 3746 3767 3766
f 3747 3748 3768
f 3747 3768 3767
f 3748 3749 3769
f 3748 3769 3768
f 3749 3750 3770
f 3749 3770 3769
f 3750 3751 3771
f 3750 3771 3770
f 3751 3752 3772
f 3751 3772 3771
f 3752 3753 3773
f 3752 3773 3772
f 3753 3754 3774
f 3753 3774 3773
f 3754 3755 3775
f 3754 3775 3774
f 3755 3756 3776
f 3755 3776 3775
f 3756 3737 3757
f 3756 3757 3776
o Chest_Armor
g Chest_Armor
usemtl Armor_Silver
v 0.000000 1.590000 0.310000
v 0.000000 1.590000 0.310000
v 0.000000 1.590000 0.310000
v 0.000000 1.590000 0.310000
v 0.000000 1.590000 0.310000
v 0.000000 1.590000 0.310000
v -0.000000 1.590000 0.310000
v -0.000000 1.590000 0.310000
v -0.000000 1.590000 0.310000
v -0.000000 1.590000 0.310000
v -0.000000 1.590000 0.310000
v -0.000000 1.590000 0.310000
v -0.000000 1.590000 0.310000
v -0.000000 1.590000 0.310000
v -0.000000 1.590000 0.310000
v -0.000000 1.590000 0.310000
v 0.000000 1.590000 0.310000
v 0.000000 1.590000 0.310000
v 0.000000 1.590000 0.310000
v 0.000000 1.590000 0.310000
v 0.250419 1.595371 0.310000
v 0.245442 1.595371 0.368252
v 0.230065 1.595371 0.385337
v 0.202467 1.595371 0.395605
v 0.156552 1.595371 0.401327
v 0.000000 1.595371 0.403179
v -0.156552 1.595371 0.401327
v -0.202467 1.595371 0.395605
v -0.230065 1.595371 0.385337
v -0.245442 1.595371 0.368252
v -0.250419 1.595371 0.310000
v -0.245442 1.595371 0.251748
v -0.230065 1.595371 0.234663
v -0.202467 1.595371 0.224395
v -0.156552 1.595371 0.218673
v -0.000000 1.595371 0.216821
v 0.156552 1.595371 0.218673
v 0.202467 1.595371 0.224395
v 0.230065 1.595371 0.234663
v 0.245442 1.595371 0.251748
v 0.325879 1.611806 0.310000
v 0.319403 1.611806 0.385806
v 0.299392 1.611806 0.408038
v 0.263478 1.611806 0.421402
v 0.203727 1.611806 0.428848
v 0.000000 1.611806 0.431257
v -0.203727 1.611806 0.428848
v -0.263478 1.611806 0.421402
v -0.299392 1.611806 0.408038
v -0.319403 1.611806 0.385806
v -0.325879 1.611806 0.310000
v -0.319403 1.611806 0.234194
v -0.299392 1.611806 0.211962
v -0.263478 1.611806 0.198598
v -0.203727 1.611806 0.191152
v -0.000000 1.611806 0.188743
v 0.203727 1.611806 0.191152
v 0.263478 1.611806 0.198598
v 0.299392 1.611806 0.211962
v 0.319403 1.611806 0.234194
v 0.374337 1.640485 0.310000
v 0.366898 1.640485 0.397078
v 0.343911 1.640485 0.422616
v 0.302656 1.640485 0.437967
v 0.234021 1.640485 0.446520
v 0.000000 1.640485 0.449288
v -0.234021 1.640485 0.446520
v -0.302656 1.640485 0.437967
v -0.343911 1.640485 0.422616
v -0.366898 1.640485 0.397078
v -0.374337 1.640485 0.310000
v -0.366898 1.640485 0.222922
v -0.343911 1.640485 0.197384
v -0.302656 1.640485 0.182033
v -0.234021 1.640485 0.173480
v -0.000000 1.640485 0.170712
v 0.234021 1.640485 0.173480
v 0.302656 1.640485 0.182033
v 0.343911 1.640485 0.197384
v 0.366898 1.640485 0.222922
v 0.405958 1.684435 0.310000
v 0.397890 1.684435 0.404433
v 0.372961 1.684435 0.432129
v 0.328222 1.684435 0.448776
v 0.253790 1.684435 0.458052
v 0.000000 1.684435 0.461054
v -0.253790 1.684435 0.458052
v -0.328222 1.684435 0.448776
v -0.372961 1.684435 0.432129
v -0.397890 1.684435 0.404433
v -0.405958 1.684435 0.310000
v -0.397890 1.684435 0.215567
v -0.372961 1.684435 0.187871
v -0.328222 1.684435 0.171224
v -0.253790 1.684435 0.161948
v -0.000000 1.684435 0.158946
v 0.253790 1.684435 0.161948
v 0.328222 1.684435 0.171224
v 0.372961 1.684435 0.187871
v 0.397890 1.684435 0.215567
v 0.424078 1.752876 0.310000
v 0.415651 1.752876 0.408648
v 0.389609 1.752876 0.437581
v 0.342873 1.752876 0.454971
v 0.265118 1.752876 0.464661
v 0.000000 1.752876 0.467797
v -0.265118 1.752876 0.464661
v -0.342873 1.752876 0.454971
v -0.389609 1.752876 0.437581
v -0.415651 1.752876 0.408648
v -0.424078 1.752876 0.310000
v -0.415651 1.752876 0.211352
v -0.389609 1.752876 0.182419
v -0.342873 1.752876 0.165029
v -0.265118 1.752876 0.155339
v -0.000000 1.752876 0.152203
v 0.265118 1.752876 0.155339
v 0.342873 1.752876 0.165029
v 0.389609 1.752876 0.182419
v 0.415651 1.752876 0.211352
v 0.430000 1.980000 0.310000
v 0.421455 1.980000 0.410026
v 0.395049 1.980000 0.439362
v 0.347661 1.980000 0.456995
v 0.268820 1.980000 0.466820
v 0.000000 1.980000 0.470000
v -0.268820 1.980000 0.466820
v -0.347661 1.980000 0.456995
v -0.395049 1.980000 0.439362
v -0.421455 1.980000 0.410026
v -0.430000 1.980000 0.310000
v -0.421455 1.980000 0.209974
v -0.395049 1.980000 0.180638
v -0.347661 1.980000 0.163005
v -0.268820 1.980000 0.153180
v -0.000000 1.980000 0.150000
v 0.268820 1.980000 0.153180
v 0.347661 1.980000 0.163005
v 0.395049 1.980000 0.180638
v 0.421455 1.980000 0.209974
v 0.424078 2.207124 0.310000
v 0.415651 2.207124 0.408648
v 0.389609 2.207124 0.437581
v 0.342873 2.207124 0.454971
v 0.265118 2.207124 0.464661
v 0.000000 2.207124 0.467797
v -0.265118 2.207124 0.464661
v -0.342873 2.207124 0.454971
v -0.389609 2.207124 0.437581
v -0.415651 2.207124 0.408648
v -0.424078 2.207124 0.310000
v -0.415651 2.207124 0.211352
v -0.389609 2.207124 0.182419
v -0.342873 2.207124 0.165029
v -0.265118 2.207124 0.155339
v -0.000000 2.207124 0.152203
v 0.265118 2.207124 0.155339
v 0.342873 2.207124 0.165029
v 0.389609 2.207124 0.182419
v 0.415651 2.207124 0.211352
v 0.405958 2.275565 0.310000
v 0.397890 2.275565 0.404433
v 0.372961 2.275565 0.432129
v 0.328222 2.275565 0.448776
v 0.253790 2.275565 0.458052
v 0.000000 2.275565 0.461054
v -0.253790 2.275565 0.458052
v -0.328222 2.275565 0.448776
v -0.372961 2.275565 0.432129
v -0.397890 2.275565 0.404433
v -0.405958 2.275565 0.310000
v -0.397890 2.275565 0.215567
v -0.372961 2.275565 0.187871
v -0.328222 2.275565 0.171224
v -0.253790 2.275565 0.161948
v -0.000000 2.275565 0.158946
v 0.253790 2.275565 0.161948
v 0.328222 2.275565 0.171224
v 0.372961 2.275565 0.187871
v 0.397890 2.275565 0.215567
v 0.374337 2.319515 0.310000
v 0.366898 2.319515 0.397078
v 0.343911 2.319515 0.422616
v 0.302656 2.319515 0.437967
v 0.234021 2.319515 0.446520
v 0.000000 2.319515 0.449288
v -0.234021 2.319515 0.446520
v -0.302656 2.319515 0.437967
v -0.343911 2.319515 0.422616
v -0.366898 2.319515 0.397078
v -0.374337 2.319515 0.310000
v -0.366898 2.319515 0.222922
v -0.343911 2.319515 0.197384
v -0.302656 2.319515 0.182033
v -0.234021 2.319515 0.173480
v -0.000000 2.319515 0.170712
v 0.234021 2.319515 0.173480
v 0.302656 2.319515 0.182033
v 0.343911 2.319515 0.197384
v 0.366898 2.319515 0.222922
v 0.325879 2.348194 0.310000
v 0.319403 2.348194 0.385806
v 0.299392 2.348194 0.408038
v 0.263478 2.348194 0.421402
v 0.203727 2.348194 0.428848
v 0.000000 2.348194 0.431257
v -0.203727 2.348194 0.428848
v -0.263478 2.348194 0.421402
v -0.299392 2.348194 0.408038
v -0.319403 2.348194 0.385806
v -0.325879 2.348194 0.310000
v -0.319403 2.348194 0.234194
v -0.299392 2.348194 0.211962
v -0.263478 2.348194 0.198598
v -0.203727 2.348194 0.191152
v -0.000000 2.348194 0.188743
v 0.203727 2.348194 0.191152
v 0.263478 2.348194 0.198598
v 0.299392 2.348194 0.211962
v 0.319403 2.348194 0.234194
v 0.250419 2.364629 0.310000
v 0.245442 2.364629 0.368252
v 0.230065 2.364629 0.385337
v 0.202467 2.364629 0.395605
v 0.156552 2.364629 0.401327
v 0.000000 2.364629 0.403179
v -0.156552 2.364629 0.401327
v -0.202467 2.364629 0.395605
v -0.230065 2.364629 0.385337
v -0.245442 2.364629 0.368252
v -0.250419 2.364629 0.310000
v -0.245442 2.364629 0.251748
v -0.230065 2.364629 0.234663
v -0.202467 2.364629 0.224395
v -0.156552 2.364629 0.218673
v -0.000000 2.364629 0.216821
v 0.156552 2.364629 0.218673
v 0.202467 2.364629 0.224395
v 0.230065 2.364629 0.234663
v 0.245442 2.364629 0.251748
v 0.000000 2.370000 0.310000
v 0.000000 2.370000 0.310000
v 0.000000 2.370000 0.310000
v 0.000000 2.370000 0.310000
v 0.000000 2.370000 0.310000
v 0.000000 2.370000 0.310000
v -0.000000 2.370000 0.310000
v -0.000000 2.370000 0.310000
v -0.000000 2.370000 0.310000
v -0.000000 2.370000 0.310000
v -0.000000 2.370000 0.310000
v -0.000000 2.370000 0.310000
v -0.000000 2.370000 0.310000
v -0.000000 2.370000 0.310000
v -0.000000 2.370000 0.310000
v -0.000000 2.370000 0.310000
v 0.000000 2.370000 0.310000
v 0.000000 2.370000 0.310000
v 0.000000 2.370000 0.310000
v 0.000000 2.370000 0.310000
f 3777 3778 3798
f 3777 3798 3797
f 3778 3779 3799
f 3778 3799 3798
f 3779 3780 3800
f 3779 3800 3799
f 3780 3781 3801
f 3780 3801 3800
f 3781 3782 3802
f 3781 3802 3801
f 3782 3783 3803
f 3782 3803 3802
f 3783 3784 3804
f 3783 3804 3803
f 3784 3785 3805
f 3784 3805 3804
f 3785 3786 3806
f 3785 3806 3805
f 3786 3787 3807
f 3786 3807 3806
f 3787 3788 3808
f 3787 3808 3807
f 3788 3789 3809
f 3788 3809 3808
f 3789 3790 3810
f 3789 3810 3809
f 3790 3791 3811
f 3790 3811 3810
f 3791 3792 3812
f 3791 3812 3811
f 3792 3793 3813
f 3792 3813 3812
f 3793 3794 3814
f 3793 3814 3813
f 3794 3795 3815
f 3794 3815 3814
f 3795 3796 3816
f 3795 3816 3815
f 3796 3777 3797
f 3796 3797 3816
f 3797 3798 3818
f 3797 3818 3817
f 3798 3799 3819
f 3798 3819 3818
f 3799 3800 3820
f 3799 3820 3819
f 3800 3801 3821
f 3800 3821 3820
f 3801 3802 3822
f 3801 3822 3821
f 3802 3803 3823
f 3802 3823 3822
f 3803 3804 3824
f 3803 3824 3823
f 3804 3805 3825
f 3804 3825 3824
f 3805 3806 3826
f 3805 3826 3825
f 3806 3807 3827
f 3806 3827 3826
f 3807 3808 3828
f 3807 3828 3827
f 3808 3809 3829
f 3808 3829 3828
f 3809 3810 3830
f 3809 3830 3829
f 3810 3811 3831
f 3810 3831 3830
f 3811 3812 3832
f 3811 3832 3831
f 3812 3813 3833
f 3812 3833 3832
f 3813 3814 3834
f 3813 3834 3833
f 3814 3815 3835
f 3814 3835 3834
f 3815 3816 3836
f 3815 3836 3835
f 3816 3797 3817
f 3816 3817 3836
f 3817 3818 3838
f 3817 3838 3837
f 3818 3819 3839
f 3818 3839 3838
f 3819 3820 3840
f 3819 3840 3839
f 3820 3821 3841
f 3820 3841 3840
f 3821 3822 3842
f 3821 3842 3841
f 3822 3823 3843
f 3822 3843 3842
f 3823 3824 3844
f 3823 3844 3843
f 3824 3825 3845
f 3824 3845 3844
f 3825 3826 3846
f 3825 3846 3845
f 3826 3827 3847
f 3826 3847 3846
f 3827 3828 3848
f 3827 3848 3847
f 3828 3829 3849
f 3828 3849 3848
f 3829 3830 3850
f 3829 3850 3849
f 3830 3831 3851
f 3830 3851 3850
f 3831 3832 3852
f 3831 3852 3851
f 3832 3833 3853
f 3832 3853 3852
f 3833 3834 3854
f 3833 3854 3853
f 3834 3835 3855
f 3834 3855 3854
f 3835 3836 3856
f 3835 3856 3855
f 3836 3817 3837
f 3836 3837 3856
f 3837 3838 3858
f 3837 3858 3857
f 3838 3839 3859
f 3838 3859 3858
f 3839 3840 3860
f 3839 3860 3859
f 3840 3841 3861
f 3840 3861 3860
f 3841 3842 3862
f 3841 3862 3861
f 3842 3843 3863
f 3842 3863 3862
f 3843 3844 3864
f 3843 3864 3863
f 3844 3845 3865
f 3844 3865 3864
f 3845 3846 3866
f 3845 3866 3865
f 3846 3847 3867
f 3846 3867 3866
f 3847 3848 3868
f 3847 3868 3867
f 3848 3849 3869
f 3848 3869 3868
f 3849 3850 3870
f 3849 3870 3869
f 3850 3851 3871
f 3850 3871 3870
f 3851 3852 3872
f 3851 3872 3871
f 3852 3853 3873
f 3852 3873 3872
f 3853 3854 3874
f 3853 3874 3873
f 3854 3855 3875
f 3854 3875 3874
f 3855 3856 3876
f 3855 3876 3875
f 3856 3837 3857
f 3856 3857 3876
f 3857 3858 3878
f 3857 3878 3877
f 3858 3859 3879
f 3858 3879 3878
f 3859 3860 3880
f 3859 3880 3879
f 3860 3861 3881
f 3860 3881 3880
f 3861 3862 3882
f 3861 3882 3881
f 3862 3863 3883
f 3862 3883 3882
f 3863 3864 3884
f 3863 3884 3883
f 3864 3865 3885
f 3864 3885 3884
f 3865 3866 3886
f 3865 3886 3885
f 3866 3867 3887
f 3866 3887 3886
f 3867 3868 3888
f 3867 3888 3887
f 3868 3869 3889
f 3868 3889 3888
f 3869 3870 3890
f 3869 3890 3889
f 3870 3871 3891
f 3870 3891 3890
f 3871 3872 3892
f 3871 3892 3891
f 3872 3873 3893
f 3872 3893 3892
f 3873 3874 3894
f 3873 3894 3893
f 3874 3875 3895
f 3874 3895 3894
f 3875 3876 3896
f 3875 3896 3895
f 3876 3857 3877
f 3876 3877 3896
f 3877 3878 3898
f 3877 3898 3897
f 3878 3879 3899
f 3878 3899 3898
f 3879 3880 3900
f 3879 3900 3899
f 3880 3881 3901
f 3880 3901 3900
f 3881 3882 3902
f 3881 3902 3901
f 3882 3883 3903
f 3882 3903 3902
f 3883 3884 3904
f 3883 3904 3903
f 3884 3885 3905
f 3884 3905 3904
f 3885 3886 3906
f 3885 3906 3905
f 3886 3887 3907
f 3886 3907 3906
f 3887 3888 3908
f 3887 3908 3907
f 3888 3889 3909
f 3888 3909 3908
f 3889 3890 3910
f 3889 3910 3909
f 3890 3891 3911
f 3890 3911 3910
f 3891 3892 3912
f 3891 3912 3911
f 3892 3893 3913
f 3892 3913 3912
f 3893 3894 3914
f 3893 3914 3913
f 3894 3895 3915
f 3894 3915 3914
f 3895 3896 3916
f 3895 3916 3915
f 3896 3877 3897
f 3896 3897 3916
f 3897 3898 3918
f 3897 3918 3917
f 3898 3899 3919
f 3898 3919 3918
f 3899 3900 3920
f 3899 3920 3919
f 3900 3901 3921
f 3900 3921 3920
f 3901 3902 3922
f 3901 3922 3921
f 3902 3903 3923
f 3902 3923 3922
f 3903 3904 3924
f 3903 3924 3923
f 3904 3905 3925
f 3904 3925 3924
f 3905 3906 3926
f 3905 3926 3925
f 3906 3907 3927
f 3906 3927 3926
f 3907 3908 3928
f 3907 3928 3927
f 3908 3909 3929
f 3908 3929 3928
f 3909 3910 3930
f 3909 3930 3929
f 3910 3911 3931
f 3910 3931 3930
f 3911 3912 3932
f 3911 3932 3931
f 3912 3913 3933
f 3912 3933 3932
f 3913 3914 3934
f 3913 3934 3933
f 3914 3915 3935
f 3914 3935 3934
f 3915 3916 3936
f 3915 3936 3935
f 3916 3897 3917
f 3916 3917 3936
f 3917 3918 3938
f 3917 3938 3937
f 3918 3919 3939
f 3918 3939 3938
f 3919 3920 3940
f 3919 3940 3939
f 3920 3921 3941
f 3920 3941 3940
f 3921 3922 3942
f 3921 3942 3941
f 3922 3923 3943
f 3922 3943 3942
f 3923 3924 3944
f 3923 3944 3943
f 3924 3925 3945
f 3924 3945 3944
f 3925 3926 3946
f 3925 3946 3945
f 3926 3927 3947
f 3926 3947 3946
f 3927 3928 3948
f 3927 3948 3947
f 3928 3929 3949
f 3928 3949 3948
f 3929 3930 3950
f 3929 3950 3949
f 3930 3931 3951
f 3930 3951 3950
f 3931 3932 3952
f 3931 3952 3951
f 3932 3933 3953
f 3932 3953 3952
f 3933 3934 3954
f 3933 3954 3953
f 3934 3935 3955
f 3934 3955 3954
f 3935 3936 3956
f 3935 3956 3955
f 3936 3917 3937
f 3936 3937 3956
f 3937 3938 3958
f 3937 3958 3957
f 3938 3939 3959
f 3938 3959 3958
f 3939 3940 3960
f 3939 3960 3959
f 3940 3941 3961
f 3940 3961 3960
f 3941 3942 3962
f 3941 3962 3961
f 3942 3943 3963
f 3942 3963 3962
f 3943 3944 3964
f 3943 3964 3963
f 3944 3945 3965
f 3944 3965 3964
f 3945 3946 3966
f 3945 3966 3965
f 3946 3947 3967
f 3946 3967 3966
f 3947 3948 3968
f 3947 3968 3967
f 3948 3949 3969
f 3948 3969 3968
f 3949 3950 3970
f 3949 3970 3969
f 3950 3951 3971
f 3950 3971 3970
f 3951 3952 3972
f 3951 3972 3971
f 3952 3953 3973
f 3952 3973 3972
f 3953 3954 3974
f 3953 3974 3973
f 3954 3955 3975
f 3954 3975 3974
f 3955 3956 3976
f 3955 3976 3975
f 3956 3937 3957
f 3956 3957 3976
f 3957 3958 3978
f 3957 3978 3977
f 3958 3959 3979
f 3958 3979 3978
f 3959 3960 3980
f 3959 3980 3979
f 3960 3961 3981
f 3960 3981 3980
f 3961 3962 3982
f 3961 3982 3981
f 3962 3963 3983
f 3962 3983 3982
f 3963 3964 3984
f 3963 3984 3983
f 3964 3965 3985
f 3964 3985 3984
f 3965 3966 3986
f 3965 3986 3985
f 3966 3967 3987
f 3966 3987 3986
f 3967 3968 3988
f 3967 3988 3987
f 3968 3969 3989
f 3968 3989 3988
f 3969 3970 3990
f 3969 3990 3989
f 3970 3971 3991
f 3970 3991 3990
f 3971 3972 3992
f 3971 3992 3991
f 3972 3973 3993
f 3972 3993 3992
f 3973 3974 3994
f 3973 3994 3993
f 3974 3975 3995
f 3974 3995 3994
f 3975 3976 3996
f 3975 3996 3995
f 3976 3957 3977
f 3976 3977 3996
f 3977 3978 3998
f 3977 3998 3997
f 3978 3979 3999
f 3978 3999 3998
f 3979 3980 4000
f 3979 4000 3999
f 3980 3981 4001
f 3980 4001 4000
f 3981 3982 4002
f 3981 4002 4001
f 3982 3983 4003
f 3982 4003 4002
f 3983 3984 4004
f 3983 4004 4003
f 3984 3985 4005
f 3984 4005 4004
f 3985 3986 4006
f 3985 4006 4005
f 3986 3987 4007
f 3986 4007 4006
f 3987 3988 4008
f 3987 4008 4007
f 3988 3989 4009
f 3988 4009 4008
f 3989 3990 4010
f 3989 4010 4009
f 3990 3991 4011
f 3990 4011 4010
f 3991 3992 4012
f 3991 4012 4011
f 3992 3993 4013
f 3992 4013 4012
f 3993 3994 4014
f 3993 4014 4013
f 3994 3995 4015
f 3994 4015 4014
f 3995 3996 4016
f 3995 4016 4015
f 3996 3977 3997
f 3996 3997 4016
f 3997 3998 4018
f 3997 4018 4017
f 3998 3999 4019
f 3998 4019 4018
f 3999 4000 4020
f 3999 4020 4019
f 4000 4001 4021
f 4000 4021 4020
f 4001 4002 4022
f 4001 4022 4021
f 4002 4003 4023
f 4002 4023 4022
f 4003 4004 4024
f 4003 4024 4023
f 4004 4005 4025
f 4004 4025 4024
f 4005 4006 4026
f 4005 4026 4025
f 4006 4007 4027
f 4006 4027 4026
f 4007 4008 4028
f 4007 4028 4027
f 4008 4009 4029
f 4008 4029 4028
f 4009 4010 4030
f 4009 4030 4029
f 4010 4011 4031
f 4010 4031 4030
f 4011 4012 4032
f 4011 4032 4031
f 4012 4013 4033
f 4012 4033 4032
f 4013 4014 4034
f 4013 4034 4033
f 4014 4015 4035
f 4014 4035 4034
f 4015 4016 4036
f 4015 4036 4035
f 4016 3997 4017
f 4016 4017 4036
o Upper_Chest
g Upper_Chest
usemtl Bastion_Yellow
v 0.000000 1.970000 0.120000
v 0.000000 1.970000 0.120000
v 0.000000 1.970000 0.120000
v 0.000000 1.970000 0.120000
v 0.000000 1.970000 0.120000
v 0.000000 1.970000 0.120000
v -0.000000 1.970000 0.120000
v -0.000000 1.970000 0.120000
v -0.000000 1.970000 0.120000
v -0.000000 1.970000 0.120000
v -0.000000 1.970000 0.120000
v -0.000000 1.970000 0.120000
v -0.000000 1.970000 0.120000
v -0.000000 1.970000 0.120000
v -0.000000 1.970000 0.120000
v -0.000000 1.970000 0.120000
v 0.000000 1.970000 0.120000
v 0.000000 1.970000 0.120000
v 0.000000 1.970000 0.120000
v 0.000000 1.970000 0.120000
v 0.302832 1.974131 0.120000
v 0.296814 1.974131 0.254708
v 0.278218 1.974131 0.294216
v 0.244844 1.974131 0.317963
v 0.189319 1.974131 0.331195
v 0.000000 1.974131 0.335477
v -0.189319 1.974131 0.331195
v -0.244844 1.974131 0.317963
v -0.278218 1.974131 0.294216
v -0.296814 1.974131 0.254708
v -0.302832 1.974131 0.120000
v -0.296814 1.974131 -0.014708
v -0.278218 1.974131 -0.054216
v -0.244844 1.974131 -0.077963
v -0.189319 1.974131 -0.091195
v -0.000000 1.974131 -0.095477
v 0.189319 1.974131 -0.091195
v 0.244844 1.974131 -0.077963
v 0.278218 1.974131 -0.054216
v 0.296814 1.974131 -0.014708
v 0.394086 1.986774 0.120000
v 0.386255 1.986774 0.295300
v 0.362055 1.986774 0.346713
v 0.318624 1.986774 0.377616
v 0.246368 1.986774 0.394835
v 0.000000 1.986774 0.400408
v -0.246368 1.986774 0.394835
v -0.318624 1.986774 0.377616
v -0.362055 1.986774 0.346713
v -0.386255 1.986774 0.295300
v -0.394086 1.986774 0.120000
v -0.386255 1.986774 -0.055300
v -0.362055 1.986774 -0.106713
v -0.318624 1.986774 -0.137616
v -0.246368 1.986774 -0.154835
v -0.000000 1.986774 -0.160408
v 0.246368 1.986774 -0.154835
v 0.318624 1.986774 -0.137616
v 0.362055 1.986774 -0.106713
v 0.386255 1.986774 -0.055300
v 0.452686 2.008835 0.120000
v 0.443690 2.008835 0.321367
v 0.415892 2.008835 0.380425
v 0.366003 2.008835 0.415923
v 0.283003 2.008835 0.435703
v 0.000000 2.008835 0.442104
v -0.283003 2.008835 0.435703
v -0.366003 2.008835 0.415923
v -0.415892 2.008835 0.380425
v -0.443690 2.008835 0.321367
v -0.452686 2.008835 0.120000
v -0.443690 2.008835 -0.081367
v -0.415892 2.008835 -0.140425
v -0.366003 2.008835 -0.175923
v -0.283003 2.008835 -0.195703
v -0.000000 2.008835 -0.202104
v 0.283003 2.008835 -0.195703
v 0.366003 2.008835 -0.175923
v 0.415892 2.008835 -0.140425
v 0.443690 2.008835 -0.081367
v 0.490926 2.042643 0.120000
v 0.481170 2.042643 0.338377
v 0.451023 2.042643 0.402424
v 0.396920 2.042643 0.440920
v 0.306908 2.042643 0.462371
v 0.000000 2.042643 0.469312
v -0.306908 2.042643 0.462371
v -0.396920 2.042643 0.440920
v -0.451023 2.042643 0.402424
v -0.481170 2.042643 0.338377
v -0.490926 2.042643 0.120000
v -0.481170 2.042643 -0.098377
v -0.451023 2.042643 -0.162424
v -0.396920 2.042643 -0.200920
v -0.306908 2.042643 -0.222371
v -0.000000 2.042643 -0.229312
v 0.306908 2.042643 -0.222371
v 0.396920 2.042643 -0.200920
v 0.451023 2.042643 -0.162424
v 0.481170 2.042643 -0.098377
v 0.512839 2.095289 0.120000
v 0.502647 2.095289 0.348125
v 0.471155 2.095289 0.415030
v 0.414637 2.095289 0.455245
v 0.320608 2.095289 0.477653
v 0.000000 2.095289 0.484905
v -0.320608 2.095289 0.477653
v -0.414637 2.095289 0.455245
v -0.471155 2.095289 0.415030
v -0.502647 2.095289 0.348125
v -0.512839 2.095289 0.120000
v -0.502647 2.095289 -0.108125
v -0.471155 2.095289 -0.175030
v -0.414637 2.095289 -0.215245
v -0.320608 2.095289 -0.237653
v -0.000000 2.095289 -0.244905
v 0.320608 2.095289 -0.237653
v 0.414637 2.095289 -0.215245
v 0.471155 2.095289 -0.175030
v 0.502647 2.095289 -0.108125
v 0.520000 2.270000 0.120000
v 0.509666 2.270000 0.351310
v 0.477734 2.270000 0.419150
v 0.420427 2.270000 0.459926
v 0.325085 2.270000 0.482647
v 0.000000 2.270000 0.490000
v -0.325085 2.270000 0.482647
v -0.420427 2.270000 0.459926
v -0.477734 2.270000 0.419150
v -0.509666 2.270000 0.351310
v -0.520000 2.270000 0.120000
v -0.509666 2.270000 -0.111310
v -0.477734 2.270000 -0.179150
v -0.420427 2.270000 -0.219926
v -0.325085 2.270000 -0.242647
v -0.000000 2.270000 -0.250000
v 0.325085 2.270000 -0.242647
v 0.420427 2.270000 -0.219926
v 0.477734 2.270000 -0.179150
v 0.509666 2.270000 -0.111310
v 0.512839 2.444711 0.120000
v 0.502647 2.444711 0.348125
v 0.471155 2.444711 0.415030
v 0.414637 2.444711 0.455245
v 0.320608 2.444711 0.477653
v 0.000000 2.444711 0.484905
v -0.320608 2.444711 0.477653
v -0.414637 2.444711 0.455245
v -0.471155 2.444711 0.415030
v -0.502647 2.444711 0.348125
v -0.512839 2.444711 0.120000
v -0.502647 2.444711 -0.108125
v -0.471155 2.444711 -0.175030
v -0.414637 2.444711 -0.215245
v -0.320608 2.444711 -0.237653
v -0.000000 2.444711 -0.244905
v 0.320608 2.444711 -0.237653
v 0.414637 2.444711 -0.215245
v 0.471155 2.444711 -0.175030
v 0.502647 2.444711 -0.108125
v 0.490926 2.497357 0.120000
v 0.481170 2.497357 0.338377
v 0.451023 2.497357 0.402424
v 0.396920 2.497357 0.440920
v 0.306908 2.497357 0.462371
v 0.000000 2.497357 0.469312
v -0.306908 2.497357 0.462371
v -0.396920 2.497357 0.440920
v -0.451023 2.497357 0.402424
v -0.481170 2.497357 0.338377
v -0.490926 2.497357 0.120000
v -0.481170 2.497357 -0.098377
v -0.451023 2.497357 -0.162424
v -0.396920 2.497357 -0.200920
v -0.306908 2.497357 -0.222371
v -0.000000 2.497357 -0.229312
v 0.306908 2.497357 -0.222371
v 0.396920 2.497357 -0.200920
v 0.451023 2.497357 -0.162424
v 0.481170 2.497357 -0.098377
v 0.452686 2.531165 0.120000
v 0.443690 2.531165 0.321367
v 0.415892 2.531165 0.380425
v 0.366003 2.531165 0.415923
v 0.283003 2.531165 0.435703
v 0.000000 2.531165 0.442104
v -0.283003 2.531165 0.435703
v -0.366003 2.531165 0.415923
v -0.415892 2.531165 0.380425
v -0.443690 2.531165 0.321367
v -0.452686 2.531165 0.120000
v -0.443690 2.531165 -0.081367
v -0.415892 2.531165 -0.140425
v -0.366003 2.531165 -0.175923
v -0.283003 2.531165 -0.195703
v -0.000000 2.531165 -0.202104
v 0.283003 2.531165 -0.195703
v 0.366003 2.531165 -0.175923
v 0.415892 2.531165 -0.140425
v 0.443690 2.531165 -0.081367
v 0.394086 2.553226 0.120000
v 0.386255 2.553226 0.295300
v 0.362055 2.553226 0.346713
v 0.318624 2.553226 0.377616
v 0.246368 2.553226 0.394835
v 0.000000 2.553226 0.400408
v -0.246368 2.553226 0.394835
v -0.318624 2.553226 0.377616
v -0.362055 2.553226 0.346713
v -0.386255 2.553226 0.295300
v -0.394086 2.553226 0.120000
v -0.386255 2.553226 -0.055300
v -0.362055 2.553226 -0.106713
v -0.318624 2.553226 -0.137616
v -0.246368 2.553226 -0.154835
v -0.000000 2.553226 -0.160408
v 0.246368 2.553226 -0.154835
v 0.318624 2.553226 -0.137616
v 0.362055 2.553226 -0.106713
v 0.386255 2.553226 -0.055300
v 0.302832 2.565869 0.120000
v 0.296814 2.565869 0.254708
v 0.278218 2.565869 0.294216
v 0.244844 2.565869 0.317963
v 0.189319 2.565869 0.331195
v 0.000000 2.565869 0.335477
v -0.189319 2.565869 0.331195
v -0.244844 2.565869 0.317963
v -0.278218 2.565869 0.294216
v -0.296814 2.565869 0.254708
v -0.302832 2.565869 0.120000
v -0.296814 2.565869 -0.014708
v -0.278218 2.565869 -0.054216
v -0.244844 2.565869 -0.077963
v -0.189319 2.565869 -0.091195
v -0.000000 2.565869 -0.095477
v 0.189319 2.565869 -0.091195
v 0.244844 2.565869 -0.077963
v 0.278218 2.565869 -0.054216
v 0.296814 2.565869 -0.014708
v 0.000000 2.570000 0.120000
v 0.000000 2.570000 0.120000
v 0.000000 2.570000 0.120000
v 0.000000 2.570000 0.120000
v 0.000000 2.570000 0.120000
v 0.000000 2.570000 0.120000
v -0.000000 2.570000 0.120000
v -0.000000 2.570000 0.120000
v -0.000000 2.570000 0.120000
v -0.000000 2.570000 0.120000
v -0.000000 2.570000 0.120000
v -0.000000 2.570000 0.120000
v -0.000000 2.570000 0.120000
v -0.000000 2.570000 0.120000
v -0.000000 2.570000 0.120000
v -0.000000 2.570000 0.120000
v 0.000000 2.570000 0.120000
v 0.000000 2.570000 0.120000
v 0.000000 2.570000 0.120000
v 0.000000 2.570000 0.120000
f 4037 4038 4058
f 4037 4058 4057
f 4038 4039 4059
f 4038 4059 4058
f 4039 4040 4060
f 4039 4060 4059
f 4040 4041 4061
f 4040 4061 4060
f 4041 4042 4062
f 4041 4062 4061
f 4042 4043 4063
f 4042 4063 4062
f 4043 4044 4064
f 4043 4064 4063
f 4044 4045 4065
f 4044 4065 4064
f 4045 4046 4066
f 4045 4066 4065
f 4046 4047 4067
f 4046 4067 4066
f 4047 4048 4068
f 4047 4068 4067
f 4048 4049 4069
f 4048 4069 4068
f 4049 4050 4070
f 4049 4070 4069
f 4050 4051 4071
f 4050 4071 4070
f 4051 4052 4072
f 4051 4072 4071
f 4052 4053 4073
f 4052 4073 4072
f 4053 4054 4074
f 4053 4074 4073
f 4054 4055 4075
f 4054 4075 4074
f 4055 4056 4076
f 4055 4076 4075
f 4056 4037 4057
f 4056 4057 4076
f 4057 4058 4078
f 4057 4078 4077
f 4058 4059 4079
f 4058 4079 4078
f 4059 4060 4080
f 4059 4080 4079
f 4060 4061 4081
f 4060 4081 4080
f 4061 4062 4082
f 4061 4082 4081
f 4062 4063 4083
f 4062 4083 4082
f 4063 4064 4084
f 4063 4084 4083
f 4064 4065 4085
f 4064 4085 4084
f 4065 4066 4086
f 4065 4086 4085
f 4066 4067 4087
f 4066 4087 4086
f 4067 4068 4088
f 4067 4088 4087
f 4068 4069 4089
f 4068 4089 4088
f 4069 4070 4090
f 4069 4090 4089
f 4070 4071 4091
f 4070 4091 4090
f 4071 4072 4092
f 4071 4092 4091
f 4072 4073 4093
f 4072 4093 4092
f 4073 4074 4094
f 4073 4094 4093
f 4074 4075 4095
f 4074 4095 4094
f 4075 4076 4096
f 4075 4096 4095
f 4076 4057 4077
f 4076 4077 4096
f 4077 4078 4098
f 4077 4098 4097
f 4078 4079 4099
f 4078 4099 4098
f 4079 4080 4100
f 4079 4100 4099
f 4080 4081 4101
f 4080 4101 4100
f 4081 4082 4102
f 4081 4102 4101
f 4082 4083 4103
f 4082 4103 4102
f 4083 4084 4104
f 4083 4104 4103
f 4084 4085 4105
f 4084 4105 4104
f 4085 4086 4106
f 4085 4106 4105
f 4086 4087 4107
f 4086 4107 4106
f 4087 4088 4108
f 4087 4108 4107
f 4088 4089 4109
f 4088 4109 4108
f 4089 4090 4110
f 4089 4110 4109
f 4090 4091 4111
f 4090 4111 4110
f 4091 4092 4112
f 4091 4112 4111
f 4092 4093 4113
f 4092 4113 4112
f 4093 4094 4114
f 4093 4114 4113
f 4094 4095 4115
f 4094 4115 4114
f 4095 4096 4116
f 4095 4116 4115
f 4096 4077 4097
f 4096 4097 4116
f 4097 4098 4118
f 4097 4118 4117
f 4098 4099 4119
f 4098 4119 4118
f 4099 4100 4120
f 4099 4120 4119
f 4100 4101 4121
f 4100 4121 4120
f 4101 4102 4122
f 4101 4122 4121
f 4102 4103 4123
f 4102 4123 4122
f 4103 4104 4124
f 4103 4124 4123
f 4104 4105 4125
f 4104 4125 4124
f 4105 4106 4126
f 4105 4126 4125
f 4106 4107 4127
f 4106 4127 4126
f 4107 4108 4128
f 4107 4128 4127
f 4108 4109 4129
f 4108 4129 4128
f 4109 4110 4130
f 4109 4130 4129
f 4110 4111 4131
f 4110 4131 4130
f 4111 4112 4132
f 4111 4132 4131
f 4112 4113 4133
f 4112 4133 4132
f 4113 4114 4134
f 4113 4134 4133
f 4114 4115 4135
f 4114 4135 4134
f 4115 4116 4136
f 4115 4136 4135
f 4116 4097 4117
f 4116 4117 4136
f 4117 4118 4138
f 4117 4138 4137
f 4118 4119 4139
f 4118 4139 4138
f 4119 4120 4140
f 4119 4140 4139
f 4120 4121 4141
f 4120 4141 4140
f 4121 4122 4142
f 4121 4142 4141
f 4122 4123 4143
f 4122 4143 4142
f 4123 4124 4144
f 4123 4144 4143
f 4124 4125 4145
f 4124 4145 4144
f 4125 4126 4146
f 4125 4146 4145
f 4126 4127 4147
f 4126 4147 4146
f 4127 4128 4148
f 4127 4148 4147
f 4128 4129 4149
f 4128 4149 4148
f 4129 4130 4150
f 4129 4150 4149
f 4130 4131 4151
f 4130 4151 4150
f 4131 4132 4152
f 4131 4152 4151
f 4132 4133 4153
f 4132 4153 4152
f 4133 4134 4154
f 4133 4154 4153
f 4134 4135 4155
f 4134 4155 4154
f 4135 4136 4156
f 4135 4156 4155
f 4136 4117 4137
f 4136 4137 4156
f 4137 4138 4158
f 4137 4158 4157
f 4138 4139 4159
f 4138 4159 4158
f 4139 4140 4160
f 4139 4160 4159
f 4140 4141 4161
f 4140 4161 4160
f 4141 4142 4162
f 4141 4162 4161
f 4142 4143 4163
f 4142 4163 4162
f 4143 4144 4164
f 4143 4164 4163
f 4144 4145 4165
f 4144 4165 4164
f 4145 4146 4166
f 4145 4166 4165
f 4146 4147 4167
f 4146 4167 4166
f 4147 4148 4168
f 4147 4168 4167
f 4148 4149 4169
f 4148 4169 4168
f 4149 4150 4170
f 4149 4170 4169
f 4150 4151 4171
f 4150 4171 4170
f 4151 4152 4172
f 4151 4172 4171
f 4152 4153 4173
f 4152 4173 4172
f 4153 4154 4174
f 4153 4174 4173
f 4154 4155 4175
f 4154 4175 4174
f 4155 4156 4176
f 4155 4176 4175
f 4156 4137 4157
f 4156 4157 4176
f 4157 4158 4178
f 4157 4178 4177
f 4158 4159 4179
f 4158 4179 4178
f 4159 4160 4180
f 4159 4180 4179
f 4160 4161 4181
f 4160 4181 4180
f 4161 4162 4182
f 4161 4182 4181
f 4162 4163 4183
f 4162 4183 4182
f 4163 4164 4184
f 4163 4184 4183
f 4164 4165 4185
f 4164 4185 4184
f 4165 4166 4186
f 4165 4186 4185
f 4166 4167 4187
f 4166 4187 4186
f 4167 4168 4188
f 4167 4188 4187
f 4168 4169 4189
f 4168 4189 4188
f 4169 4170 4190
f 4169 4190 4189
f 4170 4171 4191
f 4170 4191 4190
f 4171 4172 4192
f 4171 4192 4191
f 4172 4173 4193
f 4172 4193 4192
f 4173 4174 4194
f 4173 4194 4193
f 4174 4175 4195
f 4174 4195 4194
f 4175 4176 4196
f 4175 4196 4195
f 4176 4157 4177
f 4176 4177 4196
f 4177 4178 4198
f 4177 4198 4197
f 4178 4179 4199
f 4178 4199 4198
f 4179 4180 4200
f 4179 4200 4199
f 4180 4181 4201
f 4180 4201 4200
f 4181 4182 4202
f 4181 4202 4201
f 4182 4183 4203
f 4182 4203 4202
f 4183 4184 4204
f 4183 4204 4203
f 4184 4185 4205
f 4184 4205 4204
f 4185 4186 4206
f 4185 4206 4205
f 4186 4187 4207
f 4186 4207 4206
f 4187 4188 4208
f 4187 4208 4207
f 4188 4189 4209
f 4188 4209 4208
f 4189 4190 4210
f 4189 4210 4209
f 4190 4191 4211
f 4190 4211 4210
f 4191 4192 4212
f 4191 4212 4211
f 4192 4193 4213
f 4192 4213 4212
f 4193 4194 4214
f 4193 4214 4213
f 4194 4195 4215
f 4194 4215 4214
f 4195 4196 4216
f 4195 4216 4215
f 4196 4177 4197
f 4196 4197 4216
f 4197 4198 4218
f 4197 4218 4217
f 4198 4199 4219
f 4198 4219 4218
f 4199 4200 4220
f 4199 4220 4219
f 4200 4201 4221
f 4200 4221 4220
f 4201 4202 4222
f 4201 4222 4221
f 4202 4203 4223
f 4202 4223 4222
f 4203 4204 4224
f 4203 4224 4223
f 4204 4205 4225
f 4204 4225 4224
f 4205 4206 4226
f 4205 4226 4225
f 4206 4207 4227
f 4206 4227 4226
f 4207 4208 4228
f 4207 4228 4227
f 4208 4209 4229
f 4208 4229 4228
f 4209 4210 4230
f 4209 4230 4229
f 4210 4211 4231
f 4210 4231 4230
f 4211 4212 4232
f 4211 4232 4231
f 4212 4213 4233
f 4212 4233 4232
f 4213 4214 4234
f 4213 4234 4233
f 4214 4215 4235
f 4214 4235 4234
f 4215 4216 4236
f 4215 4236 4235
f 4216 4197 4217
f 4216 4217 4236
f 4217 4218 4238
f 4217 4238 4237
f 4218 4219 4239
f 4218 4239 4238
f 4219 4220 4240
f 4219 4240 4239
f 4220 4221 4241
f 4220 4241 4240
f 4221 4222 4242
f 4221 4242 4241
f 4222 4223 4243
f 4222 4243 4242
f 4223 4224 4244
f 4223 4244 4243
f 4224 4225 4245
f 4224 4245 4244
f 4225 4226 4246
f 4225 4246 4245
f 4226 4227 4247
f 4226 4247 4246
f 4227 4228 4248
f 4227 4248 4247
f 4228 4229 4249
f 4228 4249 4248
f 4229 4230 4250
f 4229 4250 4249
f 4230 4231 4251
f 4230 4251 4250
f 4231 4232 4252
f 4231 4252 4251
f 4232 4233 4253
f 4232 4253 4252
f 4233 4234 4254
f 4233 4254 4253
f 4234 4235 4255
f 4234 4255 4254
f 4235 4236 4256
f 4235 4256 4255
f 4236 4217 4237
f 4236 4237 4256
f 4237 4238 4258
f 4237 4258 4257
f 4238 4239 4259
f 4238 4259 4258
f 4239 4240 4260
f 4239 4260 4259
f 4240 4241 4261
f 4240 4261 4260
f 4241 4242 4262
f 4241 4262 4261
f 4242 4243 4263
f 4242 4263 4262
f 4243 4244 4264
f 4243 4264 4263
f 4244 4245 4265
f 4244 4265 4264
f 4245 4246 4266
f 4245 4266 4265
f 4246 4247 4267
f 4246 4267 4266
f 4247 4248 4268
f 4247 4268 4267
f 4248 4249 4269
f 4248 4269 4268
f 4249 4250 4270
f 4249 4270 4269
f 4250 4251 4271
f 4250 4271 4270
f 4251 4252 4272
f 4251 4272 4271
f 4252 4253 4273
f 4252 4273 4272
f 4253 4254 4274
f 4253 4274 4273
f 4254 4255 4275
f 4254 4275 4274
f 4255 4256 4276
f 4255 4276 4275
f 4256 4237 4257
f 4256 4257 4276
f 4257 4258 4278
f 4257 4278 4277
f 4258 4259 4279
f 4258 4279 4278
f 4259 4260 4280
f 4259 4280 4279
f 4260 4261 4281
f 4260 4281 4280
f 4261 4262 4282
f 4261 4282 4281
f 4262 4263 4283
f 4262 4283 4282
f 4263 4264 4284
f 4263 4284 4283
f 4264 4265 4285
f 4264 4285 4284
f 4265 4266 4286
f 4265 4286 4285
f 4266 4267 4287
f 4266 4287 4286
f 4267 4268 4288
f 4267 4288 4287
f 4268 4269 4289
f 4268 4289 4288
f 4269 4270 4290
f 4269 4290 4289
f 4270 4271 4291
f 4270 4291 4290
f 4271 4272 4292
f 4271 4292 4291
f 4272 4273 4293
f 4272 4293 4292
f 4273 4274 4294
f 4273 4294 4293
f 4274 4275 4295
f 4274 4295 4294
f 4275 4276 4296
f 4275 4296 4295
f 4276 4257 4277
f 4276 4277 4296
o Backpack
g Backpack
usemtl Deep_Navy
v 0.000000 1.530000 -0.360000
v 0.000000 1.530000 -0.360000
v 0.000000 1.530000 -0.360000
v 0.000000 1.530000 -0.360000
v 0.000000 1.530000 -0.360000
v 0.000000 1.530000 -0.360000
v -0.000000 1.530000 -0.360000
v -0.000000 1.530000 -0.360000
v -0.000000 1.530000 -0.360000
v -0.000000 1.530000 -0.360000
v -0.000000 1.530000 -0.360000
v -0.000000 1.530000 -0.360000
v -0.000000 1.530000 -0.360000
v -0.000000 1.530000 -0.360000
v -0.000000 1.530000 -0.360000
v -0.000000 1.530000 -0.360000
v 0.000000 1.530000 -0.360000
v 0.000000 1.530000 -0.360000
v 0.000000 1.530000 -0.360000
v 0.000000 1.530000 -0.360000
v 0.262066 1.536748 -0.360000
v 0.256858 1.536748 -0.287185
v 0.240765 1.536748 -0.265829
v 0.211884 1.536748 -0.252993
v 0.163834 1.536748 -0.245841
v 0.000000 1.536748 -0.243526
v -0.163834 1.536748 -0.245841
v -0.211884 1.536748 -0.252993
v -0.240765 1.536748 -0.265829
v -0.256858 1.536748 -0.287185
v -0.262066 1.536748 -0.360000
v -0.256858 1.536748 -0.432815
v -0.240765 1.536748 -0.454171
v -0.211884 1.536748 -0.467007
v -0.163834 1.536748 -0.474159
v -0.000000 1.536748 -0.476474
v 0.163834 1.536748 -0.474159
v 0.211884 1.536748 -0.467007
v 0.240765 1.536748 -0.454171
v 0.256858 1.536748 -0.432815
v 0.341036 1.557397 -0.360000
v 0.334259 1.557397 -0.265243
v 0.313317 1.557397 -0.237452
v 0.275733 1.557397 -0.220748
v 0.213203 1.557397 -0.211440
v 0.000000 1.557397 -0.208428
v -0.213203 1.557397 -0.211440
v -0.275733 1.557397 -0.220748
v -0.313317 1.557397 -0.237452
v -0.334259 1.557397 -0.265243
v -0.341036 1.557397 -0.360000
v -0.334259 1.557397 -0.454757
v -0.313317 1.557397 -0.482548
v -0.275733 1.557397 -0.499252
v -0.213203 1.557397 -0.508560
v -0.000000 1.557397 -0.511572
v 0.213203 1.557397 -0.508560
v 0.275733 1.557397 -0.499252
v 0.313317 1.557397 -0.482548
v 0.334259 1.557397 -0.454757
v 0.391748 1.593430 -0.360000
v 0.383963 1.593430 -0.251153
v 0.359906 1.593430 -0.219230
v 0.316733 1.593430 -0.200042
v 0.244906 1.593430 -0.189350
v 0.000000 1.593430 -0.185890
v -0.244906 1.593430 -0.189350
v -0.316733 1.593430 -0.200042
v -0.359906 1.593430 -0.219230
v -0.383963 1.593430 -0.251153
v -0.391748 1.593430 -0.360000
v -0.383963 1.593430 -0.468847
v -0.359906 1.593430 -0.500770
v -0.316733 1.593430 -0.519958
v -0.244906 1.593430 -0.530650
v -0.000000 1.593430 -0.534110
v 0.244906 1.593430 -0.530650
v 0.316733 1.593430 -0.519958
v 0.359906 1.593430 -0.500770
v 0.383963 1.593430 -0.468847
v 0.424839 1.648649 -0.360000
v 0.416397 1.648649 -0.241958
v 0.390308 1.648649 -0.207338
v 0.343489 1.648649 -0.186530
v 0.265594 1.648649 -0.174935
v 0.000000 1.648649 -0.171182
v -0.265594 1.648649 -0.174935
v -0.343489 1.648649 -0.186530
v -0.390308 1.648649 -0.207338
v -0.416397 1.648649 -0.241958
v -0.424839 1.648649 -0.360000
v -0.416397 1.648649 -0.478042
v -0.390308 1.648649 -0.512662
v -0.343489 1.648649 -0.533470
v -0.265594 1.648649 -0.545065
v -0.000000 1.648649 -0.548818
v 0.265594 1.648649 -0.545065
v 0.343489 1.648649 -0.533470
v 0.390308 1.648649 -0.512662
v 0.416397 1.648649 -0.478042
v 0.443803 1.734639 -0.360000
v 0.434983 1.734639 -0.236689
v 0.407730 1.734639 -0.200524
v 0.358821 1.734639 -0.178786
v 0.277449 1.734639 -0.166674
v 0.000000 1.734639 -0.162754
v -0.277449 1.734639 -0.166674
v -0.358821 1.734639 -0.178786
v -0.407730 1.734639 -0.200524
v -0.434983 1.734639 -0.236689
v -0.443803 1.734639 -0.360000
v -0.434983 1.734639 -0.483311
v -0.407730 1.734639 -0.519476
v -0.358821 1.734639 -0.541214
v -0.277449 1.734639 -0.553326
v -0.000000 1.734639 -0.557246
v 0.277449 1.734639 -0.553326
v 0.358821 1.734639 -0.541214
v 0.407730 1.734639 -0.519476
v 0.434983 1.734639 -0.483311
v 0.450000 2.020000 -0.360000
v 0.441057 2.020000 -0.234967
v 0.413424 2.020000 -0.198297
v 0.363831 2.020000 -0.176256
v 0.281323 2.020000 -0.163975
v 0.000000 2.020000 -0.160000
v -0.281323 2.020000 -0.163975
v -0.363831 2.020000 -0.176256
v -0.413424 2.020000 -0.198297
v -0.441057 2.020000 -0.234967
v -0.450000 2.020000 -0.360000
v -0.441057 2.020000 -0.485033
v -0.413424 2.020000 -0.521703
v -0.363831 2.020000 -0.543744
v -0.281323 2.020000 -0.556025
v -0.000000 2.020000 -0.560000
v 0.281323 2.020000 -0.556025
v 0.363831 2.020000 -0.543744
v 0.413424 2.020000 -0.521703
v 0.441057 2.020000 -0.485033
v 0.443803 2.305361 -0.360000
v 0.434983 2.305361 -0.236689
v 0.407730 2.305361 -0.200524
v 0.358821 2.305361 -0.178786
v 0.277449 2.305361 -0.166674
v 0.000000 2.305361 -0.162754
v -0.277449 2.305361 -0.166674
v -0.358821 2.305361 -0.178786
v -0.407730 2.305361 -0.200524
v -0.434983 2.305361 -0.236689
v -0.443803 2.305361 -0.360000
v -0.434983 2.305361 -0.483311
v -0.407730 2.305361 -0.519476
v -0.358821 2.305361 -0.541214
v -0.277449 2.305361 -0.553326
v -0.000000 2.305361 -0.557246
v 0.277449 2.305361 -0.553326
v 0.358821 2.305361 -0.541214
v 0.407730 2.305361 -0.519476
v 0.434983 2.305361 -0.483311
v 0.424839 2.391351 -0.360000
v 0.416397 2.391351 -0.241958
v 0.390308 2.391351 -0.207338
v 0.343489 2.391351 -0.186530
v 0.265594 2.391351 -0.174935
v 0.000000 2.391351 -0.171182
v -0.265594 2.391351 -0.174935
v -0.343489 2.391351 -0.186530
v -0.390308 2.391351 -0.207338
v -0.416397 2.391351 -0.241958
v -0.424839 2.391351 -0.360000
v -0.416397 2.391351 -0.478042
v -0.390308 2.391351 -0.512662
v -0.343489 2.391351 -0.533470
v -0.265594 2.391351 -0.545065
v -0.000000 2.391351 -0.548818
v 0.265594 2.391351 -0.545065
v 0.343489 2.391351 -0.533470
v 0.390308 2.391351 -0.512662
v 0.416397 2.391351 -0.478042
v 0.391748 2.446570 -0.360000
v 0.383963 2.446570 -0.251153
v 0.359906 2.446570 -0.219230
v 0.316733 2.446570 -0.200042
v 0.244906 2.446570 -0.189350
v 0.000000 2.446570 -0.185890
v -0.244906 2.446570 -0.189350
v -0.316733 2.446570 -0.200042
v -0.359906 2.446570 -0.219230
v -0.383963 2.446570 -0.251153
v -0.391748 2.446570 -0.360000
v -0.383963 2.446570 -0.468847
v -0.359906 2.446570 -0.500770
v -0.316733 2.446570 -0.519958
v -0.244906 2.446570 -0.530650
v -0.000000 2.446570 -0.534110
v 0.244906 2.446570 -0.530650
v 0.316733 2.446570 -0.519958
v 0.359906 2.446570 -0.500770
v 0.383963 2.446570 -0.468847
v 0.341036 2.482603 -0.360000
v 0.334259 2.482603 -0.265243
v 0.313317 2.482603 -0.237452
v 0.275733 2.482603 -0.220748
v 0.213203 2.482603 -0.211440
v 0.000000 2.482603 -0.208428
v -0.213203 2.482603 -0.211440
v -0.275733 2.482603 -0.220748
v -0.313317 2.482603 -0.237452
v -0.334259 2.482603 -0.265243
v -0.341036 2.482603 -0.360000
v -0.334259 2.482603 -0.454757
v -0.313317 2.482603 -0.482548
v -0.275733 2.482603 -0.499252
v -0.213203 2.482603 -0.508560
v -0.000000 2.482603 -0.511572
v 0.213203 2.482603 -0.508560
v 0.275733 2.482603 -0.499252
v 0.313317 2.482603 -0.482548
v 0.334259 2.482603 -0.454757
v 0.262066 2.503252 -0.360000
v 0.256858 2.503252 -0.287185
v 0.240765 2.503252 -0.265829
v 0.211884 2.503252 -0.252993
v 0.163834 2.503252 -0.245841
v 0.000000 2.503252 -0.243526
v -0.163834 2.503252 -0.245841
v -0.211884 2.503252 -0.252993
v -0.240765 2.503252 -0.265829
v -0.256858 2.503252 -0.287185
v -0.262066 2.503252 -0.360000
v -0.256858 2.503252 -0.432815
v -0.240765 2.503252 -0.454171
v -0.211884 2.503252 -0.467007
v -0.163834 2.503252 -0.474159
v -0.000000 2.503252 -0.476474
v 0.163834 2.503252 -0.474159
v 0.211884 2.503252 -0.467007
v 0.240765 2.503252 -0.454171
v 0.256858 2.503252 -0.432815
v 0.000000 2.510000 -0.360000
v 0.000000 2.510000 -0.360000
v 0.000000 2.510000 -0.360000
v 0.000000 2.510000 -0.360000
v 0.000000 2.510000 -0.360000
v 0.000000 2.510000 -0.360000
v -0.000000 2.510000 -0.360000
v -0.000000 2.510000 -0.360000
v -0.000000 2.510000 -0.360000
v -0.000000 2.510000 -0.360000
v -0.000000 2.510000 -0.360000
v -0.000000 2.510000 -0.360000
v -0.000000 2.510000 -0.360000
v -0.000000 2.510000 -0.360000
v -0.000000 2.510000 -0.360000
v -0.000000 2.510000 -0.360000
v 0.000000 2.510000 -0.360000
v 0.000000 2.510000 -0.360000
v 0.000000 2.510000 -0.360000
v 0.000000 2.510000 -0.360000
f 4297 4298 4318
f 4297 4318 4317
f 4298 4299 4319
f 4298 4319 4318
f 4299 4300 4320
f 4299 4320 4319
f 4300 4301 4321
f 4300 4321 4320
f 4301 4302 4322
f 4301 4322 4321
f 4302 4303 4323
f 4302 4323 4322
f 4303 4304 4324
f 4303 4324 4323
f 4304 4305 4325
f 4304 4325 4324
f 4305 4306 4326
f 4305 4326 4325
f 4306 4307 4327
f 4306 4327 4326
f 4307 4308 4328
f 4307 4328 4327
f 4308 4309 4329
f 4308 4329 4328
f 4309 4310 4330
f 4309 4330 4329
f 4310 4311 4331
f 4310 4331 4330
f 4311 4312 4332
f 4311 4332 4331
f 4312 4313 4333
f 4312 4333 4332
f 4313 4314 4334
f 4313 4334 4333
f 4314 4315 4335
f 4314 4335 4334
f 4315 4316 4336
f 4315 4336 4335
f 4316 4297 4317
f 4316 4317 4336
f 4317 4318 4338
f 4317 4338 4337
f 4318 4319 4339
f 4318 4339 4338
f 4319 4320 4340
f 4319 4340 4339
f 4320 4321 4341
f 4320 4341 4340
f 4321 4322 4342
f 4321 4342 4341
f 4322 4323 4343
f 4322 4343 4342
f 4323 4324 4344
f 4323 4344 4343
f 4324 4325 4345
f 4324 4345 4344
f 4325 4326 4346
f 4325 4346 4345
f 4326 4327 4347
f 4326 4347 4346
f 4327 4328 4348
f 4327 4348 4347
f 4328 4329 4349
f 4328 4349 4348
f 4329 4330 4350
f 4329 4350 4349
f 4330 4331 4351
f 4330 4351 4350
f 4331 4332 4352
f 4331 4352 4351
f 4332 4333 4353
f 4332 4353 4352
f 4333 4334 4354
f 4333 4354 4353
f 4334 4335 4355
f 4334 4355 4354
f 4335 4336 4356
f 4335 4356 4355
f 4336 4317 4337
f 4336 4337 4356
f 4337 4338 4358
f 4337 4358 4357
f 4338 4339 4359
f 4338 4359 4358
f 4339 4340 4360
f 4339 4360 4359
f 4340 4341 4361
f 4340 4361 4360
f 4341 4342 4362
f 4341 4362 4361
f 4342 4343 4363
f 4342 4363 4362
f 4343 4344 4364
f 4343 4364 4363
f 4344 4345 4365
f 4344 4365 4364
f 4345 4346 4366
f 4345 4366 4365
f 4346 4347 4367
f 4346 4367 4366
f 4347 4348 4368
f 4347 4368 4367
f 4348 4349 4369
f 4348 4369 4368
f 4349 4350 4370
f 4349 4370 4369
f 4350 4351 4371
f 4350 4371 4370
f 4351 4352 4372
f 4351 4372 4371
f 4352 4353 4373
f 4352 4373 4372
f 4353 4354 4374
f 4353 4374 4373
f 4354 4355 4375
f 4354 4375 4374
f 4355 4356 4376
f 4355 4376 4375
f 4356 4337 4357
f 4356 4357 4376
f 4357 4358 4378
f 4357 4378 4377
f 4358 4359 4379
f 4358 4379 4378
f 4359 4360 4380
f 4359 4380 4379
f 4360 4361 4381
f 4360 4381 4380
f 4361 4362 4382
f 4361 4382 4381
f 4362 4363 4383
f 4362 4383 4382
f 4363 4364 4384
f 4363 4384 4383
f 4364 4365 4385
f 4364 4385 4384
f 4365 4366 4386
f 4365 4386 4385
f 4366 4367 4387
f 4366 4387 4386
f 4367 4368 4388
f 4367 4388 4387
f 4368 4369 4389
f 4368 4389 4388
f 4369 4370 4390
f 4369 4390 4389
f 4370 4371 4391
f 4370 4391 4390
f 4371 4372 4392
f 4371 4392 4391
f 4372 4373 4393
f 4372 4393 4392
f 4373 4374 4394
f 4373 4394 4393
f 4374 4375 4395
f 4374 4395 4394
f 4375 4376 4396
f 4375 4396 4395
f 4376 4357 4377
f 4376 4377 4396
f 4377 4378 4398
f 4377 4398 4397
f 4378 4379 4399
f 4378 4399 4398
f 4379 4380 4400
f 4379 4400 4399
f 4380 4381 4401
f 4380 4401 4400
f 4381 4382 4402
f 4381 4402 4401
f 4382 4383 4403
f 4382 4403 4402
f 4383 4384 4404
f 4383 4404 4403
f 4384 4385 4405
f 4384 4405 4404
f 4385 4386 4406
f 4385 4406 4405
f 4386 4387 4407
f 4386 4407 4406
f 4387 4388 4408
f 4387 4408 4407
f 4388 4389 4409
f 4388 4409 4408
f 4389 4390 4410
f 4389 4410 4409
f 4390 4391 4411
f 4390 4411 4410
f 4391 4392 4412
f 4391 4412 4411
f 4392 4393 4413
f 4392 4413 4412
f 4393 4394 4414
f 4393 4414 4413
f 4394 4395 4415
f 4394 4415 4414
f 4395 4396 4416
f 4395 4416 4415
f 4396 4377 4397
f 4396 4397 4416
f 4397 4398 4418
f 4397 4418 4417
f 4398 4399 4419
f 4398 4419 4418
f 4399 4400 4420
f 4399 4420 4419
f 4400 4401 4421
f 4400 4421 4420
f 4401 4402 4422
f 4401 4422 4421
f 4402 4403 4423
f 4402 4423 4422
f 4403 4404 4424
f 4403 4424 4423
f 4404 4405 4425
f 4404 4425 4424
f 4405 4406 4426
f 4405 4426 4425
f 4406 4407 4427
f 4406 4427 4426
f 4407 4408 4428
f 4407 4428 4427
f 4408 4409 4429
f 4408 4429 4428
f 4409 4410 4430
f 4409 4430 4429
f 4410 4411 4431
f 4410 4431 4430
f 4411 4412 4432
f 4411 4432 4431
f 4412 4413 4433
f 4412 4433 4432
f 4413 4414 4434
f 4413 4434 4433
f 4414 4415 4435
f 4414 4435 4434
f 4415 4416 4436
f 4415 4436 4435
f 4416 4397 4417
f 4416 4417 4436
f 4417 4418 4438
f 4417 4438 4437
f 4418 4419 4439
f 4418 4439 4438
f 4419 4420 4440
f 4419 4440 4439
f 4420 4421 4441
f 4420 4441 4440
f 4421 4422 4442
f 4421 4442 4441
f 4422 4423 4443
f 4422 4443 4442
f 4423 4424 4444
f 4423 4444 4443
f 4424 4425 4445
f 4424 4445 4444
f 4425 4426 4446
f 4425 4446 4445
f 4426 4427 4447
f 4426 4447 4446
f 4427 4428 4448
f 4427 4448 4447
f 4428 4429 4449
f 4428 4449 4448
f 4429 4430 4450
f 4429 4450 4449
f 4430 4431 4451
f 4430 4451 4450
f 4431 4432 4452
f 4431 4452 4451
f 4432 4433 4453
f 4432 4453 4452
f 4433 4434 4454
f 4433 4454 4453
f 4434 4435 4455
f 4434 4455 4454
f 4435 4436 4456
f 4435 4456 4455
f 4436 4417 4437
f 4436 4437 4456
f 4437 4438 4458
f 4437 4458 4457
f 4438 4439 4459
f 4438 4459 4458
f 4439 4440 4460
f 4439 4460 4459
f 4440 4441 4461
f 4440 4461 4460
f 4441 4442 4462
f 4441 4462 4461
f 4442 4443 4463
f 4442 4463 4462
f 4443 4444 4464
f 4443 4464 4463
f 4444 4445 4465
f 4444 4465 4464
f 4445 4446 4466
f 4445 4466 4465
f 4446 4447 4467
f 4446 4467 4466
f 4447 4448 4468
f 4447 4468 4467
f 4448 4449 4469
f 4448 4469 4468
f 4449 4450 4470
f 4449 4470 4469
f 4450 4451 4471
f 4450 4471 4470
f 4451 4452 4472
f 4451 4472 4471
f 4452 4453 4473
f 4452 4473 4472
f 4453 4454 4474
f 4453 4474 4473
f 4454 4455 4475
f 4454 4475 4474
f 4455 4456 4476
f 4455 4476 4475
f 4456 4437 4457
f 4456 4457 4476
f 4457 4458 4478
f 4457 4478 4477
f 4458 4459 4479
f 4458 4479 4478
f 4459 4460 4480
f 4459 4480 4479
f 4460 4461 4481
f 4460 4481 4480
f 4461 4462 4482
f 4461 4482 4481
f 4462 4463 4483
f 4462 4483 4482
f 4463 4464 4484
f 4463 4484 4483
f 4464 4465 4485
f 4464 4485 4484
f 4465 4466 4486
f 4465 4486 4485
f 4466 4467 4487
f 4466 4487 4486
f 4467 4468 4488
f 4467 4488 4487
f 4468 4469 4489
f 4468 4489 4488
f 4469 4470 4490
f 4469 4490 4489
f 4470 4471 4491
f 4470 4491 4490
f 4471 4472 4492
f 4471 4492 4491
f 4472 4473 4493
f 4472 4493 4492
f 4473 4474 4494
f 4473 4494 4493
f 4474 4475 4495
f 4474 4495 4494
f 4475 4476 4496
f 4475 4496 4495
f 4476 4457 4477
f 4476 4477 4496
f 4477 4478 4498
f 4477 4498 4497
f 4478 4479 4499
f 4478 4499 4498
f 4479 4480 4500
f 4479 4500 4499
f 4480 4481 4501
f 4480 4501 4500
f 4481 4482 4502
f 4481 4502 4501
f 4482 4483 4503
f 4482 4503 4502
f 4483 4484 4504
f 4483 4504 4503
f 4484 4485 4505
f 4484 4505 4504
f 4485 4486 4506
f 4485 4506 4505
f 4486 4487 4507
f 4486 4507 4506
f 4487 4488 4508
f 4487 4508 4507
f 4488 4489 4509
f 4488 4509 4508
f 4489 4490 4510
f 4489 4510 4509
f 4490 4491 4511
f 4490 4511 4510
f 4491 4492 4512
f 4491 4512 4511
f 4492 4493 4513
f 4492 4513 4512
f 4493 4494 4514
f 4493 4514 4513
f 4494 4495 4515
f 4494 4515 4514
f 4495 4496 4516
f 4495 4516 4515
f 4496 4477 4497
f 4496 4497 4516
f 4497 4498 4518
f 4497 4518 4517
f 4498 4499 4519
f 4498 4519 4518
f 4499 4500 4520
f 4499 4520 4519
f 4500 4501 4521
f 4500 4521 4520
f 4501 4502 4522
f 4501 4522 4521
f 4502 4503 4523
f 4502 4523 4522
f 4503 4504 4524
f 4503 4524 4523
f 4504 4505 4525
f 4504 4525 4524
f 4505 4506 4526
f 4505 4526 4525
f 4506 4507 4527
f 4506 4527 4526
f 4507 4508 4528
f 4507 4528 4527
f 4508 4509 4529
f 4508 4529 4528
f 4509 4510 4530
f 4509 4530 4529
f 4510 4511 4531
f 4510 4531 4530
f 4511 4512 4532
f 4511 4532 4531
f 4512 4513 4533
f 4512 4533 4532
f 4513 4514 4534
f 4513 4534 4533
f 4514 4515 4535
f 4514 4535 4534
f 4515 4516 4536
f 4515 4536 4535
f 4516 4497 4517
f 4516 4517 4536
f 4517 4518 4538
f 4517 4538 4537
f 4518 4519 4539
f 4518 4539 4538
f 4519 4520 4540
f 4519 4540 4539
f 4520 4521 4541
f 4520 4541 4540
f 4521 4522 4542
f 4521 4542 4541
f 4522 4523 4543
f 4522 4543 4542
f 4523 4524 4544
f 4523 4544 4543
f 4524 4525 4545
f 4524 4545 4544
f 4525 4526 4546
f 4525 4546 4545
f 4526 4527 4547
f 4526 4547 4546
f 4527 4528 4548
f 4527 4548 4547
f 4528 4529 4549
f 4528 4549 4548
f 4529 4530 4550
f 4529 4550 4549
f 4530 4531 4551
f 4530 4551 4550
f 4531 4532 4552
f 4531 4552 4551
f 4532 4533 4553
f 4532 4553 4552
f 4533 4534 4554
f 4533 4554 4553
f 4534 4535 4555
f 4534 4555 4554
f 4535 4536 4556
f 4535 4556 4555
f 4536 4517 4537
f 4536 4537 4556
o Chest_Core
g Chest_Core
usemtl Core_Cyan
v 0.000000 1.770000 0.470000
v 0.000000 1.770000 0.470000
v 0.000000 1.770000 0.470000
v 0.000000 1.770000 0.470000
v 0.000000 1.770000 0.470000
v 0.000000 1.770000 0.470000
v -0.000000 1.770000 0.470000
v -0.000000 1.770000 0.470000
v -0.000000 1.770000 0.470000
v -0.000000 1.770000 0.470000
v -0.000000 1.770000 0.470000
v -0.000000 1.770000 0.470000
v -0.000000 1.770000 0.470000
v -0.000000 1.770000 0.470000
v -0.000000 1.770000 0.470000
v -0.000000 1.770000 0.470000
v 0.000000 1.770000 0.470000
v 0.000000 1.770000 0.470000
v 0.000000 1.770000 0.470000
v 0.000000 1.770000 0.470000
v 0.061049 1.771890 0.470000
v 0.059536 1.771890 0.485554
v 0.054911 1.771890 0.491452
v 0.046805 1.771890 0.495167
v 0.033937 1.771890 0.497288
v 0.000000 1.771890 0.497981
v -0.033937 1.771890 0.497288
v -0.046805 1.771890 0.495167
v -0.054911 1.771890 0.491452
v -0.059536 1.771890 0.485554
v -0.061049 1.771890 0.470000
v -0.059536 1.771890 0.454446
v -0.054911 1.771890 0.448548
v -0.046805 1.771890 0.444833
v -0.033937 1.771890 0.442712
v -0.000000 1.771890 0.442019
v 0.033937 1.771890 0.442712
v 0.046805 1.771890 0.444833
v 0.054911 1.771890 0.448548
v 0.059536 1.771890 0.454446
v 0.084853 1.777633 0.470000
v 0.082750 1.777633 0.491619
v 0.076321 1.777633 0.499817
v 0.065054 1.777633 0.504981
v 0.047169 1.777633 0.507927
v 0.000000 1.777633 0.508891
v -0.047169 1.777633 0.507927
v -0.065054 1.777633 0.504981
v -0.076321 1.777633 0.499817
v -0.082750 1.777633 0.491619
v -0.084853 1.777633 0.470000
v -0.082750 1.777633 0.448381
v -0.076321 1.777633 0.440183
v -0.065054 1.777633 0.435019
v -0.047169 1.777633 0.432073
v -0.000000 1.777633 0.431109
v 0.047169 1.777633 0.432073
v 0.065054 1.777633 0.435019
v 0.076321 1.777633 0.440183
v 0.082750 1.777633 0.448381
v 0.100908 1.787501 0.470000
v 0.098407 1.787501 0.495710
v 0.090762 1.787501 0.505458
v 0.077363 1.787501 0.511599
v 0.056094 1.787501 0.515103
v 0.000000 1.787501 0.516249
v -0.056094 1.787501 0.515103
v -0.077363 1.787501 0.511599
v -0.090762 1.787501 0.505458
v -0.098407 1.787501 0.495710
v -0.100908 1.787501 0.470000
v -0.098407 1.787501 0.444290
v -0.090762 1.787501 0.434542
v -0.077363 1.787501 0.428401
v -0.056094 1.787501 0.424897
v -0.000000 1.787501 0.423751
v 0.056094 1.787501 0.424897
v 0.077363 1.787501 0.428401
v 0.090762 1.787501 0.434542
v 0.098407 1.787501 0.444290
v 0.111673 1.802218 0.470000
v 0.108905 1.802218 0.498452
v 0.100444 1.802218 0.509241
v 0.085616 1.802218 0.516037
v 0.062078 1.802218 0.519915
v 0.000000 1.802218 0.521183
v -0.062078 1.802218 0.519915
v -0.085616 1.802218 0.516037
v -0.100444 1.802218 0.509241
v -0.108905 1.802218 0.498452
v -0.111673 1.802218 0.470000
v -0.108905 1.802218 0.441548
v -0.100444 1.802218 0.430759
v -0.085616 1.802218 0.423963
v -0.062078 1.802218 0.420085
v -0.000000 1.802218 0.418817
v 0.062078 1.802218 0.420085
v 0.085616 1.802218 0.423963
v 0.100444 1.802218 0.430759
v 0.108905 1.802218 0.441548
v 0.117938 1.824038 0.470000
v 0.115015 1.824038 0.500049
v 0.106080 1.824038 0.511442
v 0.090420 1.824038 0.518620
v 0.065561 1.824038 0.522715
v 0.000000 1.824038 0.524055
v -0.065561 1.824038 0.522715
v -0.090420 1.824038 0.518620
v -0.106080 1.824038 0.511442
v -0.115015 1.824038 0.500049
v -0.117938 1.824038 0.470000
v -0.115015 1.824038 0.439951
v -0.106080 1.824038 0.428558
v -0.090420 1.824038 0.421380
v -0.065561 1.824038 0.417285
v -0.000000 1.824038 0.415945
v 0.065561 1.824038 0.417285
v 0.090420 1.824038 0.421380
v 0.106080 1.824038 0.428558
v 0.115015 1.824038 0.439951
v 0.120000 1.880000 0.470000
v 0.117027 1.880000 0.500574
v 0.107934 1.880000 0.512167
v 0.092001 1.880000 0.519470
v 0.066707 1.880000 0.523637
v 0.000000 1.880000 0.525000
v -0.066707 1.880000 0.523637
v -0.092001 1.880000 0.519470
v -0.107934 1.880000 0.512167
v -0.117027 1.880000 0.500574
v -0.120000 1.880000 0.470000
v -0.117027 1.880000 0.439426
v -0.107934 1.880000 0.427833
v -0.092001 1.880000 0.420530
v -0.066707 1.880000 0.416363
v -0.000000 1.880000 0.415000
v 0.066707 1.880000 0.416363
v 0.092001 1.880000 0.420530
v 0.107934 1.880000 0.427833
v 0.117027 1.880000 0.439426
v 0.117938 1.935962 0.470000
v 0.115015 1.935962 0.500049
v 0.106080 1.935962 0.511442
v 0.090420 1.935962 0.518620
v 0.065561 1.935962 0.522715
v 0.000000 1.935962 0.524055
v -0.065561 1.935962 0.522715
v -0.090420 1.935962 0.518620
v -0.106080 1.935962 0.511442
v -0.115015 1.935962 0.500049
v -0.117938 1.935962 0.470000
v -0.115015 1.935962 0.439951
v -0.106080 1.935962 0.428558
v -0.090420 1.935962 0.421380
v -0.065561 1.935962 0.417285
v -0.000000 1.935962 0.415945
v 0.065561 1.935962 0.417285
v 0.090420 1.935962 0.421380
v 0.106080 1.935962 0.428558
v 0.115015 1.935962 0.439951
v 0.111673 1.957782 0.470000
v 0.108905 1.957782 0.498452
v 0.100444 1.957782 0.509241
v 0.085616 1.957782 0.516037
v 0.062078 1.957782 0.519915
v 0.000000 1.957782 0.521183
v -0.062078 1.957782 0.519915
v -0.085616 1.957782 0.516037
v -0.100444 1.957782 0.509241
v -0.108905 1.957782 0.498452
v -0.111673 1.957782 0.470000
v -0.108905 1.957782 0.441548
v -0.100444 1.957782 0.430759
v -0.085616 1.957782 0.423963
v -0.062078 1.957782 0.420085
v -0.000000 1.957782 0.418817
v 0.062078 1.957782 0.420085
v 0.085616 1.957782 0.423963
v 0.100444 1.957782 0.430759
v 0.108905 1.957782 0.441548
v 0.100908 1.972499 0.470000
v 0.098407 1.972499 0.495710
v 0.090762 1.972499 0.505458
v 0.077363 1.972499 0.511599
v 0.056094 1.972499 0.515103
v 0.000000 1.972499 0.516249
v -0.056094 1.972499 0.515103
v -0.077363 1.972499 0.511599
v -0.090762 1.972499 0.505458
v -0.098407 1.972499 0.495710
v -0.100908 1.972499 0.470000
v -0.098407 1.972499 0.444290
v -0.090762 1.972499 0.434542
v -0.077363 1.972499 0.428401
v -0.056094 1.972499 0.424897
v -0.000000 1.972499 0.423751
v 0.056094 1.972499 0.424897
v 0.077363 1.972499 0.428401
v 0.090762 1.972499 0.434542
v 0.098407 1.972499 0.444290
v 0.084853 1.982367 0.470000
v 0.082750 1.982367 0.491619
v 0.076321 1.982367 0.499817
v 0.065054 1.982367 0.504981
v 0.047169 1.982367 0.507927
v 0.000000 1.982367 0.508891
v -0.047169 1.982367 0.507927
v -0.065054 1.982367 0.504981
v -0.076321 1.982367 0.499817
v -0.082750 1.982367 0.491619
v -0.084853 1.982367 0.470000
v -0.082750 1.982367 0.448381
v -0.076321 1.982367 0.440183
v -0.065054 1.982367 0.435019
v -0.047169 1.982367 0.432073
v -0.000000 1.982367 0.431109
v 0.047169 1.982367 0.432073
v 0.065054 1.982367 0.435019
v 0.076321 1.982367 0.440183
v 0.082750 1.982367 0.448381
v 0.061049 1.988110 0.470000
v 0.059536 1.988110 0.485554
v 0.054911 1.988110 0.491452
v 0.046805 1.988110 0.495167
v 0.033937 1.988110 0.497288
v 0.000000 1.988110 0.497981
v -0.033937 1.988110 0.497288
v -0.046805 1.988110 0.495167
v -0.054911 1.988110 0.491452
v -0.059536 1.988110 0.485554
v -0.061049 1.988110 0.470000
v -0.059536 1.988110 0.454446
v -0.054911 1.988110 0.448548
v -0.046805 1.988110 0.444833
v -0.033937 1.988110 0.442712
v -0.000000 1.988110 0.442019
v 0.033937 1.988110 0.442712
v 0.046805 1.988110 0.444833
v 0.054911 1.988110 0.448548
v 0.059536 1.988110 0.454446
v 0.000000 1.990000 0.470000
v 0.000000 1.990000 0.470000
v 0.000000 1.990000 0.470000
v 0.000000 1.990000 0.470000
v 0.000000 1.990000 0.470000
v 0.000000 1.990000 0.470000
v -0.000000 1.990000 0.470000
v -0.000000 1.990000 0.470000
v -0.000000 1.990000 0.470000
v -0.000000 1.990000 0.470000
v -0.000000 1.990000 0.470000
v -0.000000 1.990000 0.470000
v -0.000000 1.990000 0.470000
v -0.000000 1.990000 0.470000
v -0.000000 1.990000 0.470000
v -0.000000 1.990000 0.470000
v 0.000000 1.990000 0.470000
v 0.000000 1.990000 0.470000
v 0.000000 1.990000 0.470000
v 0.000000 1.990000 0.470000
f 4557 4558 4578
f 4557 4578 4577
f 4558 4559 4579
f 4558 4579 4578
f 4559 4560 4580
f 4559 4580 4579
f 4560 4561 4581
f 4560 4581 4580
f 4561 4562 4582
f 4561 4582 4581
f 4562 4563 4583
f 4562 4583 4582
f 4563 4564 4584
f 4563 4584 4583
f 4564 4565 4585
f 4564 4585 4584
f 4565 4566 4586
f 4565 4586 4585
f 4566 4567 4587
f 4566 4587 4586
f 4567 4568 4588
f 4567 4588 4587
f 4568 4569 4589
f 4568 4589 4588
f 4569 4570 4590
f 4569 4590 4589
f 4570 4571 4591
f 4570 4591 4590
f 4571 4572 4592
f 4571 4592 4591
f 4572 4573 4593
f 4572 4593 4592
f 4573 4574 4594
f 4573 4594 4593
f 4574 4575 4595
f 4574 4595 4594
f 4575 4576 4596
f 4575 4596 4595
f 4576 4557 4577
f 4576 4577 4596
f 4577 4578 4598
f 4577 4598 4597
f 4578 4579 4599
f 4578 4599 4598
f 4579 4580 4600
f 4579 4600 4599
f 4580 4581 4601
f 4580 4601 4600
f 4581 4582 4602
f 4581 4602 4601
f 4582 4583 4603
f 4582 4603 4602
f 4583 4584 4604
f 4583 4604 4603
f 4584 4585 4605
f 4584 4605 4604
f 4585 4586 4606
f 4585 4606 4605
f 4586 4587 4607
f 4586 4607 4606
f 4587 4588 4608
f 4587 4608 4607
f 4588 4589 4609
f 4588 4609 4608
f 4589 4590 4610
f 4589 4610 4609
f 4590 4591 4611
f 4590 4611 4610
f 4591 4592 4612
f 4591 4612 4611
f 4592 4593 4613
f 4592 4613 4612
f 4593 4594 4614
f 4593 4614 4613
f 4594 4595 4615
f 4594 4615 4614
f 4595 4596 4616
f 4595 4616 4615
f 4596 4577 4597
f 4596 4597 4616
f 4597 4598 4618
f 4597 4618 4617
f 4598 4599 4619
f 4598 4619 4618
f 4599 4600 4620
f 4599 4620 4619
f 4600 4601 4621
f 4600 4621 4620
f 4601 4602 4622
f 4601 4622 4621
f 4602 4603 4623
f 4602 4623 4622
f 4603 4604 4624
f 4603 4624 4623
f 4604 4605 4625
f 4604 4625 4624
f 4605 4606 4626
f 4605 4626 4625
f 4606 4607 4627
f 4606 4627 4626
f 4607 4608 4628
f 4607 4628 4627
f 4608 4609 4629
f 4608 4629 4628
f 4609 4610 4630
f 4609 4630 4629
f 4610 4611 4631
f 4610 4631 4630
f 4611 4612 4632
f 4611 4632 4631
f 4612 4613 4633
f 4612 4633 4632
f 4613 4614 4634
f 4613 4634 4633
f 4614 4615 4635
f 4614 4635 4634
f 4615 4616 4636
f 4615 4636 4635
f 4616 4597 4617
f 4616 4617 4636
f 4617 4618 4638
f 4617 4638 4637
f 4618 4619 4639
f 4618 4639 4638
f 4619 4620 4640
f 4619 4640 4639
f 4620 4621 4641
f 4620 4641 4640
f 4621 4622 4642
f 4621 4642 4641
f 4622 4623 4643
f 4622 4643 4642
f 4623 4624 4644
f 4623 4644 4643
f 4624 4625 4645
f 4624 4645 4644
f 4625 4626 4646
f 4625 4646 4645
f 4626 4627 4647
f 4626 4647 4646
f 4627 4628 4648
f 4627 4648 4647
f 4628 4629 4649
f 4628 4649 4648
f 4629 4630 4650
f 4629 4650 4649
f 4630 4631 4651
f 4630 4651 4650
f 4631 4632 4652
f 4631 4652 4651
f 4632 4633 4653
f 4632 4653 4652
f 4633 4634 4654
f 4633 4654 4653
f 4634 4635 4655
f 4634 4655 4654
f 4635 4636 4656
f 4635 4656 4655
f 4636 4617 4637
f 4636 4637 4656
f 4637 4638 4658
f 4637 4658 4657
f 4638 4639 4659
f 4638 4659 4658
f 4639 4640 4660
f 4639 4660 4659
f 4640 4641 4661
f 4640 4661 4660
f 4641 4642 4662
f 4641 4662 4661
f 4642 4643 4663
f 4642 4663 4662
f 4643 4644 4664
f 4643 4664 4663
f 4644 4645 4665
f 4644 4665 4664
f 4645 4646 4666
f 4645 4666 4665
f 4646 4647 4667
f 4646 4667 4666
f 4647 4648 4668
f 4647 4668 4667
f 4648 4649 4669
f 4648 4669 4668
f 4649 4650 4670
f 4649 4670 4669
f 4650 4651 4671
f 4650 4671 4670
f 4651 4652 4672
f 4651 4672 4671
f 4652 4653 4673
f 4652 4673 4672
f 4653 4654 4674
f 4653 4674 4673
f 4654 4655 4675
f 4654 4675 4674
f 4655 4656 4676
f 4655 4676 4675
f 4656 4637 4657
f 4656 4657 4676
f 4657 4658 4678
f 4657 4678 4677
f 4658 4659 4679
f 4658 4679 4678
f 4659 4660 4680
f 4659 4680 4679
f 4660 4661 4681
f 4660 4681 4680
f 4661 4662 4682
f 4661 4682 4681
f 4662 4663 4683
f 4662 4683 4682
f 4663 4664 4684
f 4663 4684 4683
f 4664 4665 4685
f 4664 4685 4684
f 4665 4666 4686
f 4665 4686 4685
f 4666 4667 4687
f 4666 4687 4686
f 4667 4668 4688
f 4667 4688 4687
f 4668 4669 4689
f 4668 4689 4688
f 4669 4670 4690
f 4669 4690 4689
f 4670 4671 4691
f 4670 4691 4690
f 4671 4672 4692
f 4671 4692 4691
f 4672 4673 4693
f 4672 4693 4692
f 4673 4674 4694
f 4673 4694 4693
f 4674 4675 4695
f 4674 4695 4694
f 4675 4676 4696
f 4675 4696 4695
f 4676 4657 4677
f 4676 4677 4696
f 4677 4678 4698
f 4677 4698 4697
f 4678 4679 4699
f 4678 4699 4698
f 4679 4680 4700
f 4679 4700 4699
f 4680 4681 4701
f 4680 4701 4700
f 4681 4682 4702
f 4681 4702 4701
f 4682 4683 4703
f 4682 4703 4702
f 4683 4684 4704
f 4683 4704 4703
f 4684 4685 4705
f 4684 4705 4704
f 4685 4686 4706
f 4685 4706 4705
f 4686 4687 4707
f 4686 4707 4706
f 4687 4688 4708
f 4687 4708 4707
f 4688 4689 4709
f 4688 4709 4708
f 4689 4690 4710
f 4689 4710 4709
f 4690 4691 4711
f 4690 4711 4710
f 4691 4692 4712
f 4691 4712 4711
f 4692 4693 4713
f 4692 4713 4712
f 4693 4694 4714
f 4693 4714 4713
f 4694 4695 4715
f 4694 4715 4714
f 4695 4696 4716
f 4695 4716 4715
f 4696 4677 4697
f 4696 4697 4716
f 4697 4698 4718
f 4697 4718 4717
f 4698 4699 4719
f 4698 4719 4718
f 4699 4700 4720
f 4699 4720 4719
f 4700 4701 4721
f 4700 4721 4720
f 4701 4702 4722
f 4701 4722 4721
f 4702 4703 4723
f 4702 4723 4722
f 4703 4704 4724
f 4703 4724 4723
f 4704 4705 4725
f 4704 4725 4724
f 4705 4706 4726
f 4705 4726 4725
f 4706 4707 4727
f 4706 4727 4726
f 4707 4708 4728
f 4707 4728 4727
f 4708 4709 4729
f 4708 4729 4728
f 4709 4710 4730
f 4709 4730 4729
f 4710 4711 4731
f 4710 4731 4730
f 4711 4712 4732
f 4711 4732 4731
f 4712 4713 4733
f 4712 4733 4732
f 4713 4714 4734
f 4713 4734 4733
f 4714 4715 4735
f 4714 4735 4734
f 4715 4716 4736
f 4715 4736 4735
f 4716 4697 4717
f 4716 4717 4736
f 4717 4718 4738
f 4717 4738 4737
f 4718 4719 4739
f 4718 4739 4738
f 4719 4720 4740
f 4719 4740 4739
f 4720 4721 4741
f 4720 4741 4740
f 4721 4722 4742
f 4721 4742 4741
f 4722 4723 4743
f 4722 4743 4742
f 4723 4724 4744
f 4723 4744 4743
f 4724 4725 4745
f 4724 4745 4744
f 4725 4726 4746
f 4725 4746 4745
f 4726 4727 4747
f 4726 4747 4746
f 4727 4728 4748
f 4727 4748 4747
f 4728 4729 4749
f 4728 4749 4748
f 4729 4730 4750
f 4729 4750 4749
f 4730 4731 4751
f 4730 4751 4750
f 4731 4732 4752
f 4731 4752 4751
f 4732 4733 4753
f 4732 4753 4752
f 4733 4734 4754
f 4733 4754 4753
f 4734 4735 4755
f 4734 4755 4754
f 4735 4736 4756
f 4735 4756 4755
f 4736 4717 4737
f 4736 4737 4756
f 4737 4738 4758
f 4737 4758 4757
f 4738 4739 4759
f 4738 4759 4758
f 4739 4740 4760
f 4739 4760 4759
f 4740 4741 4761
f 4740 4761 4760
f 4741 4742 4762
f 4741 4762 4761
f 4742 4743 4763
f 4742 4763 4762
f 4743 4744 4764
f 4743 4764 4763
f 4744 4745 4765
f 4744 4765 4764
f 4745 4746 4766
f 4745 4766 4765
f 4746 4747 4767
f 4746 4767 4766
f 4747 4748 4768
f 4747 4768 4767
f 4748 4749 4769
f 4748 4769 4768
f 4749 4750 4770
f 4749 4770 4769
f 4750 4751 4771
f 4750 4771 4770
f 4751 4752 4772
f 4751 4772 4771
f 4752 4753 4773
f 4752 4773 4772
f 4753 4754 4774
f 4753 4774 4773
f 4754 4755 4775
f 4754 4775 4774
f 4755 4756 4776
f 4755 4776 4775
f 4756 4737 4757
f 4756 4757 4776
f 4757 4758 4778
f 4757 4778 4777
f 4758 4759 4779
f 4758 4779 4778
f 4759 4760 4780
f 4759 4780 4779
f 4760 4761 4781
f 4760 4781 4780
f 4761 4762 4782
f 4761 4782 4781
f 4762 4763 4783
f 4762 4783 4782
f 4763 4764 4784
f 4763 4784 4783
f 4764 4765 4785
f 4764 4785 4784
f 4765 4766 4786
f 4765 4786 4785
f 4766 4767 4787
f 4766 4787 4786
f 4767 4768 4788
f 4767 4788 4787
f 4768 4769 4789
f 4768 4789 4788
f 4769 4770 4790
f 4769 4790 4789
f 4770 4771 4791
f 4770 4791 4790
f 4771 4772 4792
f 4771 4792 4791
f 4772 4773 4793
f 4772 4793 4792
f 4773 4774 4794
f 4773 4794 4793
f 4774 4775 4795
f 4774 4795 4794
f 4775 4776 4796
f 4775 4796 4795
f 4776 4757 4777
f 4776 4777 4796
f 4777 4778 4798
f 4777 4798 4797
f 4778 4779 4799
f 4778 4799 4798
f 4779 4780 4800
f 4779 4800 4799
f 4780 4781 4801
f 4780 4801 4800
f 4781 4782 4802
f 4781 4802 4801
f 4782 4783 4803
f 4782 4803 4802
f 4783 4784 4804
f 4783 4804 4803
f 4784 4785 4805
f 4784 4805 4804
f 4785 4786 4806
f 4785 4806 4805
f 4786 4787 4807
f 4786 4807 4806
f 4787 4788 4808
f 4787 4808 4807
f 4788 4789 4809
f 4788 4809 4808
f 4789 4790 4810
f 4789 4810 4809
f 4790 4791 4811
f 4790 4811 4810
f 4791 4792 4812
f 4791 4812 4811
f 4792 4793 4813
f 4792 4813 4812
f 4793 4794 4814
f 4793 4814 4813
f 4794 4795 4815
f 4794 4815 4814
f 4795 4796 4816
f 4795 4816 4815
f 4796 4777 4797
f 4796 4797 4816
o L_Shoulder_Joint
g L_Shoulder_Joint
usemtl Gunmetal
v -0.670000 1.990000 0.000000
v -0.670000 1.990000 0.000000
v -0.670000 1.990000 0.000000
v -0.670000 1.990000 0.000000
v -0.670000 1.990000 0.000000
v -0.670000 1.990000 0.000000
v -0.670000 1.990000 0.000000
v -0.670000 1.990000 0.000000
v -0.670000 1.990000 0.000000
v -0.670000 1.990000 0.000000
v -0.670000 1.990000 0.000000
v -0.670000 1.990000 -0.000000
v -0.670000 1.990000 -0.000000
v -0.670000 1.990000 -0.000000
v -0.670000 1.990000 -0.000000
v -0.670000 1.990000 -0.000000
v -0.670000 1.990000 -0.000000
v -0.670000 1.990000 -0.000000
v -0.670000 1.990000 -0.000000
v -0.670000 1.990000 -0.000000
v -0.605295 1.998519 0.000000
v -0.608462 1.998519 0.019995
v -0.617653 1.998519 0.038033
v -0.631967 1.998519 0.052347
v -0.650005 1.998519 0.061538
v -0.670000 1.998519 0.064705
v -0.689995 1.998519 0.061538
v -0.708033 1.998519 0.052347
v -0.722347 1.998519 0.038033
v -0.731538 1.998519 0.019995
v -0.734705 1.998519 0.000000
v -0.731538 1.998519 -0.019995
v -0.722347 1.998519 -0.038033
v -0.708033 1.998519 -0.052347
v -0.689995 1.998519 -0.061538
v -0.670000 1.998519 -0.064705
v -0.650005 1.998519 -0.061538
v -0.631967 1.998519 -0.052347
v -0.617653 1.998519 -0.038033
v -0.608462 1.998519 -0.019995
v -0.545000 2.023494 0.000000
v -0.551118 2.023494 0.038627
v -0.568873 2.023494 0.073473
v -0.596527 2.023494 0.101127
v -0.631373 2.023494 0.118882
v -0.670000 2.023494 0.125000
v -0.708627 2.023494 0.118882
v -0.743473 2.023494 0.101127
v -0.771127 2.023494 0.073473
v -0.788882 2.023494 0.038627
v -0.795000 2.023494 0.000000
v -0.788882 2.023494 -0.038627
v -0.771127 2.023494 -0.073473
v -0.743473 2.023494 -0.101127
v -0.708627 2.023494 -0.118882
v -0.670000 2.023494 -0.125000
v -0.631373 2.023494 -0.118882
v -0.596527 2.023494 -0.101127
v -0.568873 2.023494 -0.073473
v -0.551118 2.023494 -0.038627
v -0.493223 2.063223 0.000000
v -0.501875 2.063223 0.054627
v -0.526985 2.063223 0.103907
v -0.566093 2.063223 0.143015
v -0.615373 2.063223 0.168125
v -0.670000 2.063223 0.176777
v -0.724627 2.063223 0.168125
v -0.773907 2.063223 0.143015
v -0.813015 2.063223 0.103907
v -0.838125 2.063223 0.054627
v -0.846777 2.063223 0.000000
v -0.838125 2.063223 -0.054627
v -0.813015 2.063223 -0.103907
v -0.773907 2.063223 -0.143015
v -0.724627 2.063223 -0.168125
v -0.670000 2.063223 -0.176777
v -0.615373 2.063223 -0.168125
v -0.566093 2.063223 -0.143015
v -0.526985 2.063223 -0.103907
v -0.501875 2.063223 -0.054627
v -0.453494 2.115000 0.000000
v -0.464090 2.115000 0.066904
v -0.494843 2.115000 0.127259
v -0.542741 2.115000 0.175157
v -0.603096 2.115000 0.205910
v -0.670000 2.115000 0.216506
v -0.736904 2.115000 0.205910
v -0.797259 2.115000 0.175157
v -0.845157 2.115000 0.127259
v -0.875910 2.115000 0.066904
v -0.886506 2.115000 0.000000
v -0.875910 2.115000 -0.066904
v -0.845157 2.115000 -0.127259
v -0.797259 2.115000 -0.175157
v -0.736904 2.115000 -0.205910
v -0.670000 2.115000 -0.216506
v -0.603096 2.115000 -0.205910
v -0.542741 2.115000 -0.175157
v -0.494843 2.115000 -0.127259
v -0.464090 2.115000 -0.066904
v -0.428519 2.175295 0.000000
v -0.440337 2.175295 0.074622
v -0.474637 2.175295 0.141939
v -0.528061 2.175295 0.195363
v -0.595378 2.175295 0.229663
v -0.670000 2.175295 0.241481
v -0.744622 2.175295 0.229663
v -0.811939 2.175295 0.195363
v -0.865363 2.175295 0.141939
v -0.899663 2.175295 0.074622
v -0.911481 2.175295 0.000000
v -0.899663 2.175295 -0.074622
v -0.865363 2.175295 -0.141939
v -0.811939 2.175295 -0.195363
v -0.744622 2.175295 -0.229663
v -0.670000 2.175295 -0.241481
v -0.595378 2.175295 -0.229663
v -0.528061 2.175295 -0.195363
v -0.474637 2.175295 -0.141939
v -0.440337 2.175295 -0.074622
v -0.420000 2.240000 0.000000
v -0.432236 2.240000 0.077254
v -0.467746 2.240000 0.146946
v -0.523054 2.240000 0.202254
v -0.592746 2.240000 0.237764
v -0.670000 2.240000 0.250000
v -0.747254 2.240000 0.237764
v -0.816946 2.240000 0.202254
v -0.872254 2.240000 0.146946
v -0.907764 2.240000 0.077254
v -0.920000 2.240000 0.000000
v -0.907764 2.240000 -0.077254
v -0.872254 2.240000 -0.146946
v -0.816946 2.240000 -0.202254
v -0.747254 2.240000 -0.237764
v -0.670000 2.240000 -0.250000
v -0.592746 2.240000 -0.237764
v -0.523054 2.240000 -0.202254
v -0.467746 2.240000 -0.146946
v -0.432236 2.240000 -0.077254
v -0.428519 2.304705 0.000000
v -0.440337 2.304705 0.074622
v -0.474637 2.304705 0.141939
v -0.528061 2.304705 0.195363
v -0.595378 2.304705 0.229663
v -0.670000 2.304705 0.241481
v -0.744622 2.304705 0.229663
v -0.811939 2.304705 0.195363
v -0.865363 2.304705 0.141939
v -0.899663 2.304705 0.074622
v -0.911481 2.304705 0.000000
v -0.899663 2.304705 -0.074622
v -0.865363 2.304705 -0.141939
v -0.811939 2.304705 -0.195363
v -0.744622 2.304705 -0.229663
v -0.670000 2.304705 -0.241481
v -0.595378 2.304705 -0.229663
v -0.528061 2.304705 -0.195363
v -0.474637 2.304705 -0.141939
v -0.440337 2.304705 -0.074622
v -0.453494 2.365000 0.000000
v -0.464090 2.365000 0.066904
v -0.494843 2.365000 0.127259
v -0.542741 2.365000 0.175157
v -0.603096 2.365000 0.205910
v -0.670000 2.365000 0.216506
v -0.736904 2.365000 0.205910
v -0.797259 2.365000 0.175157
v -0.845157 2.365000 0.127259
v -0.875910 2.365000 0.066904
v -0.886506 2.365000 0.000000
v -0.875910 2.365000 -0.066904
v -0.845157 2.365000 -0.127259
v -0.797259 2.365000 -0.175157
v -0.736904 2.365000 -0.205910
v -0.670000 2.365000 -0.216506
v -0.603096 2.365000 -0.205910
v -0.542741 2.365000 -0.175157
v -0.494843 2.365000 -0.127259
v -0.464090 2.365000 -0.066904
v -0.493223 2.416777 0.000000
v -0.501875 2.416777 0.054627
v -0.526985 2.416777 0.103907
v -0.566093 2.416777 0.143015
v -0.615373 2.416777 0.168125
v -0.670000 2.416777 0.176777
v -0.724627 2.416777 0.168125
v -0.773907 2.416777 0.143015
v -0.813015 2.416777 0.103907
v -0.838125 2.416777 0.054627
v -0.846777 2.416777 0.000000
v -0.838125 2.416777 -0.054627
v -0.813015 2.416777 -0.103907
v -0.773907 2.416777 -0.143015
v -0.724627 2.416777 -0.168125
v -0.670000 2.416777 -0.176777
v -0.615373 2.416777 -0.168125
v -0.566093 2.416777 -0.143015
v -0.526985 2.416777 -0.103907
v -0.501875 2.416777 -0.054627
v -0.545000 2.456506 0.000000
v -0.551118 2.456506 0.038627
v -0.568873 2.456506 0.073473
v -0.596527 2.456506 0.101127
v -0.631373 2.456506 0.118882
v -0.670000 2.456506 0.125000
v -0.708627 2.456506 0.118882
v -0.743473 2.456506 0.101127
v -0.771127 2.456506 0.073473
v -0.788882 2.456506 0.038627
v -0.795000 2.456506 0.000000
v -0.788882 2.456506 -0.038627
v -0.771127 2.456506 -0.073473
v -0.743473 2.456506 -0.101127
v -0.708627 2.456506 -0.118882
v -0.670000 2.456506 -0.125000
v -0.631373 2.456506 -0.118882
v -0.596527 2.456506 -0.101127
v -0.568873 2.456506 -0.073473
v -0.551118 2.456506 -0.038627
v -0.605295 2.481481 0.000000
v -0.608462 2.481481 0.019995
v -0.617653 2.481481 0.038033
v -0.631967 2.481481 0.052347
v -0.650005 2.481481 0.061538
v -0.670000 2.481481 0.064705
v -0.689995 2.481481 0.061538
v -0.708033 2.481481 0.052347
v -0.722347 2.481481 0.038033
v -0.731538 2.481481 0.019995
v -0.734705 2.481481 0.000000
v -0.731538 2.481481 -0.019995
v -0.722347 2.481481 -0.038033
v -0.708033 2.481481 -0.052347
v -0.689995 2.481481 -0.061538
v -0.670000 2.481481 -0.064705
v -0.650005 2.481481 -0.061538
v -0.631967 2.481481 -0.052347
v -0.617653 2.481481 -0.038033
v -0.608462 2.481481 -0.019995
v -0.670000 2.490000 0.000000
v -0.670000 2.490000 0.000000
v -0.670000 2.490000 0.000000
v -0.670000 2.490000 0.000000
v -0.670000 2.490000 0.000000
v -0.670000 2.490000 0.000000
v -0.670000 2.490000 0.000000
v -0.670000 2.490000 0.000000
v -0.670000 2.490000 0.000000
v -0.670000 2.490000 0.000000
v -0.670000 2.490000 0.000000
v -0.670000 2.490000 -0.000000
v -0.670000 2.490000 -0.000000
v -0.670000 2.490000 -0.000000
v -0.670000 2.490000 -0.000000
v -0.670000 2.490000 -0.000000
v -0.670000 2.490000 -0.000000
v -0.670000 2.490000 -0.000000
v -0.670000 2.490000 -0.000000
v -0.670000 2.490000 -0.000000
f 4817 4818 4838
f 4817 4838 4837
f 4818 4819 4839
f 4818 4839 4838
f 4819 4820 4840
f 4819 4840 4839
f 4820 4821 4841
f 4820 4841 4840
f 4821 4822 4842
f 4821 4842 4841
f 4822 4823 4843
f 4822 4843 4842
f 4823 4824 4844
f 4823 4844 4843
f 4824 4825 4845
f 4824 4845 4844
f 4825 4826 4846
f 4825 4846 4845
f 4826 4827 4847
f 4826 4847 4846
f 4827 4828 4848
f 4827 4848 4847
f 4828 4829 4849
f 4828 4849 4848
f 4829 4830 4850
f 4829 4850 4849
f 4830 4831 4851
f 4830 4851 4850
f 4831 4832 4852
f 4831 4852 4851
f 4832 4833 4853
f 4832 4853 4852
f 4833 4834 4854
f 4833 4854 4853
f 4834 4835 4855
f 4834 4855 4854
f 4835 4836 4856
f 4835 4856 4855
f 4836 4817 4837
f 4836 4837 4856
f 4837 4838 4858
f 4837 4858 4857
f 4838 4839 4859
f 4838 4859 4858
f 4839 4840 4860
f 4839 4860 4859
f 4840 4841 4861
f 4840 4861 4860
f 4841 4842 4862
f 4841 4862 4861
f 4842 4843 4863
f 4842 4863 4862
f 4843 4844 4864
f 4843 4864 4863
f 4844 4845 4865
f 4844 4865 4864
f 4845 4846 4866
f 4845 4866 4865
f 4846 4847 4867
f 4846 4867 4866
f 4847 4848 4868
f 4847 4868 4867
f 4848 4849 4869
f 4848 4869 4868
f 4849 4850 4870
f 4849 4870 4869
f 4850 4851 4871
f 4850 4871 4870
f 4851 4852 4872
f 4851 4872 4871
f 4852 4853 4873
f 4852 4873 4872
f 4853 4854 4874
f 4853 4874 4873
f 4854 4855 4875
f 4854 4875 4874
f 4855 4856 4876
f 4855 4876 4875
f 4856 4837 4857
f 4856 4857 4876
f 4857 4858 4878
f 4857 4878 4877
f 4858 4859 4879
f 4858 4879 4878
f 4859 4860 4880
f 4859 4880 4879
f 4860 4861 4881
f 4860 4881 4880
f 4861 4862 4882
f 4861 4882 4881
f 4862 4863 4883
f 4862 4883 4882
f 4863 4864 4884
f 4863 4884 4883
f 4864 4865 4885
f 4864 4885 4884
f 4865 4866 4886
f 4865 4886 4885
f 4866 4867 4887
f 4866 4887 4886
f 4867 4868 4888
f 4867 4888 4887
f 4868 4869 4889
f 4868 4889 4888
f 4869 4870 4890
f 4869 4890 4889
f 4870 4871 4891
f 4870 4891 4890
f 4871 4872 4892
f 4871 4892 4891
f 4872 4873 4893
f 4872 4893 4892
f 4873 4874 4894
f 4873 4894 4893
f 4874 4875 4895
f 4874 4895 4894
f 4875 4876 4896
f 4875 4896 4895
f 4876 4857 4877
f 4876 4877 4896
f 4877 4878 4898
f 4877 4898 4897
f 4878 4879 4899
f 4878 4899 4898
f 4879 4880 4900
f 4879 4900 4899
f 4880 4881 4901
f 4880 4901 4900
f 4881 4882 4902
f 4881 4902 4901
f 4882 4883 4903
f 4882 4903 4902
f 4883 4884 4904
f 4883 4904 4903
f 4884 4885 4905
f 4884 4905 4904
f 4885 4886 4906
f 4885 4906 4905
f 4886 4887 4907
f 4886 4907 4906
f 4887 4888 4908
f 4887 4908 4907
f 4888 4889 4909
f 4888 4909 4908
f 4889 4890 4910
f 4889 4910 4909
f 4890 4891 4911
f 4890 4911 4910
f 4891 4892 4912
f 4891 4912 4911
f 4892 4893 4913
f 4892 4913 4912
f 4893 4894 4914
f 4893 4914 4913
f 4894 4895 4915
f 4894 4915 4914
f 4895 4896 4916
f 4895 4916 4915
f 4896 4877 4897
f 4896 4897 4916
f 4897 4898 4918
f 4897 4918 4917
f 4898 4899 4919
f 4898 4919 4918
f 4899 4900 4920
f 4899 4920 4919
f 4900 4901 4921
f 4900 4921 4920
f 4901 4902 4922
f 4901 4922 4921
f 4902 4903 4923
f 4902 4923 4922
f 4903 4904 4924
f 4903 4924 4923
f 4904 4905 4925
f 4904 4925 4924
f 4905 4906 4926
f 4905 4926 4925
f 4906 4907 4927
f 4906 4927 4926
f 4907 4908 4928
f 4907 4928 4927
f 4908 4909 4929
f 4908 4929 4928
f 4909 4910 4930
f 4909 4930 4929
f 4910 4911 4931
f 4910 4931 4930
f 4911 4912 4932
f 4911 4932 4931
f 4912 4913 4933
f 4912 4933 4932
f 4913 4914 4934
f 4913 4934 4933
f 4914 4915 4935
f 4914 4935 4934
f 4915 4916 4936
f 4915 4936 4935
f 4916 4897 4917
f 4916 4917 4936
f 4917 4918 4938
f 4917 4938 4937
f 4918 4919 4939
f 4918 4939 4938
f 4919 4920 4940
f 4919 4940 4939
f 4920 4921 4941
f 4920 4941 4940
f 4921 4922 4942
f 4921 4942 4941
f 4922 4923 4943
f 4922 4943 4942
f 4923 4924 4944
f 4923 4944 4943
f 4924 4925 4945
f 4924 4945 4944
f 4925 4926 4946
f 4925 4946 4945
f 4926 4927 4947
f 4926 4947 4946
f 4927 4928 4948
f 4927 4948 4947
f 4928 4929 4949
f 4928 4949 4948
f 4929 4930 4950
f 4929 4950 4949
f 4930 4931 4951
f 4930 4951 4950
f 4931 4932 4952
f 4931 4952 4951
f 4932 4933 4953
f 4932 4953 4952
f 4933 4934 4954
f 4933 4954 4953
f 4934 4935 4955
f 4934 4955 4954
f 4935 4936 4956
f 4935 4956 4955
f 4936 4917 4937
f 4936 4937 4956
f 4937 4938 4958
f 4937 4958 4957
f 4938 4939 4959
f 4938 4959 4958
f 4939 4940 4960
f 4939 4960 4959
f 4940 4941 4961
f 4940 4961 4960
f 4941 4942 4962
f 4941 4962 4961
f 4942 4943 4963
f 4942 4963 4962
f 4943 4944 4964
f 4943 4964 4963
f 4944 4945 4965
f 4944 4965 4964
f 4945 4946 4966
f 4945 4966 4965
f 4946 4947 4967
f 4946 4967 4966
f 4947 4948 4968
f 4947 4968 4967
f 4948 4949 4969
f 4948 4969 4968
f 4949 4950 4970
f 4949 4970 4969
f 4950 4951 4971
f 4950 4971 4970
f 4951 4952 4972
f 4951 4972 4971
f 4952 4953 4973
f 4952 4973 4972
f 4953 4954 4974
f 4953 4974 4973
f 4954 4955 4975
f 4954 4975 4974
f 4955 4956 4976
f 4955 4976 4975
f 4956 4937 4957
f 4956 4957 4976
f 4957 4958 4978
f 4957 4978 4977
f 4958 4959 4979
f 4958 4979 4978
f 4959 4960 4980
f 4959 4980 4979
f 4960 4961 4981
f 4960 4981 4980
f 4961 4962 4982
f 4961 4982 4981
f 4962 4963 4983
f 4962 4983 4982
f 4963 4964 4984
f 4963 4984 4983
f 4964 4965 4985
f 4964 4985 4984
f 4965 4966 4986
f 4965 4986 4985
f 4966 4967 4987
f 4966 4987 4986
f 4967 4968 4988
f 4967 4988 4987
f 4968 4969 4989
f 4968 4989 4988
f 4969 4970 4990
f 4969 4990 4989
f 4970 4971 4991
f 4970 4991 4990
f 4971 4972 4992
f 4971 4992 4991
f 4972 4973 4993
f 4972 4993 4992
f 4973 4974 4994
f 4973 4994 4993
f 4974 4975 4995
f 4974 4995 4994
f 4975 4976 4996
f 4975 4996 4995
f 4976 4957 4977
f 4976 4977 4996
f 4977 4978 4998
f 4977 4998 4997
f 4978 4979 4999
f 4978 4999 4998
f 4979 4980 5000
f 4979 5000 4999
f 4980 4981 5001
f 4980 5001 5000
f 4981 4982 5002
f 4981 5002 5001
f 4982 4983 5003
f 4982 5003 5002
f 4983 4984 5004
f 4983 5004 5003
f 4984 4985 5005
f 4984 5005 5004
f 4985 4986 5006
f 4985 5006 5005
f 4986 4987 5007
f 4986 5007 5006
f 4987 4988 5008
f 4987 5008 5007
f 4988 4989 5009
f 4988 5009 5008
f 4989 4990 5010
f 4989 5010 5009
f 4990 4991 5011
f 4990 5011 5010
f 4991 4992 5012
f 4991 5012 5011
f 4992 4993 5013
f 4992 5013 5012
f 4993 4994 5014
f 4993 5014 5013
f 4994 4995 5015
f 4994 5015 5014
f 4995 4996 5016
f 4995 5016 5015
f 4996 4977 4997
f 4996 4997 5016
f 4997 4998 5018
f 4997 5018 5017
f 4998 4999 5019
f 4998 5019 5018
f 4999 5000 5020
f 4999 5020 5019
f 5000 5001 5021
f 5000 5021 5020
f 5001 5002 5022
f 5001 5022 5021
f 5002 5003 5023
f 5002 5023 5022
f 5003 5004 5024
f 5003 5024 5023
f 5004 5005 5025
f 5004 5025 5024
f 5005 5006 5026
f 5005 5026 5025
f 5006 5007 5027
f 5006 5027 5026
f 5007 5008 5028
f 5007 5028 5027
f 5008 5009 5029
f 5008 5029 5028
f 5009 5010 5030
f 5009 5030 5029
f 5010 5011 5031
f 5010 5031 5030
f 5011 5012 5032
f 5011 5032 5031
f 5012 5013 5033
f 5012 5033 5032
f 5013 5014 5034
f 5013 5034 5033
f 5014 5015 5035
f 5014 5035 5034
f 5015 5016 5036
f 5015 5036 5035
f 5016 4997 5017
f 5016 5017 5036
f 5017 5018 5038
f 5017 5038 5037
f 5018 5019 5039
f 5018 5039 5038
f 5019 5020 5040
f 5019 5040 5039
f 5020 5021 5041
f 5020 5041 5040
f 5021 5022 5042
f 5021 5042 5041
f 5022 5023 5043
f 5022 5043 5042
f 5023 5024 5044
f 5023 5044 5043
f 5024 5025 5045
f 5024 5045 5044
f 5025 5026 5046
f 5025 5046 5045
f 5026 5027 5047
f 5026 5047 5046
f 5027 5028 5048
f 5027 5048 5047
f 5028 5029 5049
f 5028 5049 5048
f 5029 5030 5050
f 5029 5050 5049
f 5030 5031 5051
f 5030 5051 5050
f 5031 5032 5052
f 5031 5052 5051
f 5032 5033 5053
f 5032 5053 5052
f 5033 5034 5054
f 5033 5054 5053
f 5034 5035 5055
f 5034 5055 5054
f 5035 5036 5056
f 5035 5056 5055
f 5036 5017 5037
f 5036 5037 5056
f 5037 5038 5058
f 5037 5058 5057
f 5038 5039 5059
f 5038 5059 5058
f 5039 5040 5060
f 5039 5060 5059
f 5040 5041 5061
f 5040 5061 5060
f 5041 5042 5062
f 5041 5062 5061
f 5042 5043 5063
f 5042 5063 5062
f 5043 5044 5064
f 5043 5064 5063
f 5044 5045 5065
f 5044 5065 5064
f 5045 5046 5066
f 5045 5066 5065
f 5046 5047 5067
f 5046 5067 5066
f 5047 5048 5068
f 5047 5068 5067
f 5048 5049 5069
f 5048 5069 5068
f 5049 5050 5070
f 5049 5070 5069
f 5050 5051 5071
f 5050 5071 5070
f 5051 5052 5072
f 5051 5072 5071
f 5052 5053 5073
f 5052 5073 5072
f 5053 5054 5074
f 5053 5074 5073
f 5054 5055 5075
f 5054 5075 5074
f 5055 5056 5076
f 5055 5076 5075
f 5056 5037 5057
f 5056 5057 5076
o L_Shoulder_Armor
g L_Shoulder_Armor
usemtl Bastion_Yellow
v -0.780000 1.880000 0.000000
v -0.780000 1.880000 0.000000
v -0.780000 1.880000 0.000000
v -0.780000 1.880000 0.000000
v -0.780000 1.880000 0.000000
v -0.780000 1.880000 0.000000
v -0.780000 1.880000 0.000000
v -0.780000 1.880000 0.000000
v -0.780000 1.880000 0.000000
v -0.780000 1.880000 0.000000
v -0.780000 1.880000 0.000000
v -0.780000 1.880000 -0.000000
v -0.780000 1.880000 -0.000000
v -0.780000 1.880000 -0.000000
v -0.780000 1.880000 -0.000000
v -0.780000 1.880000 -0.000000
v -0.780000 1.880000 -0.000000
v -0.780000 1.880000 -0.000000
v -0.780000 1.880000 -0.000000
v -0.780000 1.880000 -0.000000
v -0.529581 1.885509 0.000000
v -0.534558 1.885509 0.156552
v -0.549935 1.885509 0.202467
v -0.577533 1.885509 0.230065
v -0.623448 1.885509 0.245442
v -0.780000 1.885509 0.250419
v -0.936552 1.885509 0.245442
v -0.982467 1.885509 0.230065
v -1.010065 1.885509 0.202467
v -1.025442 1.885509 0.156552
v -1.030419 1.885509 0.000000
v -1.025442 1.885509 -0.156552
v -1.010065 1.885509 -0.202467
v -0.982467 1.885509 -0.230065
v -0.936552 1.885509 -0.245442
v -0.780000 1.885509 -0.250419
v -0.623448 1.885509 -0.245442
v -0.577533 1.885509 -0.230065
v -0.549935 1.885509 -0.202467
v -0.534558 1.885509 -0.156552
v -0.454121 1.902365 0.000000
v -0.460597 1.902365 0.203727
v -0.480608 1.902365 0.263478
v -0.516522 1.902365 0.299392
v -0.576273 1.902365 0.319403
v -0.780000 1.902365 0.325879
v -0.983727 1.902365 0.319403
v -1.043478 1.902365 0.299392
v -1.079392 1.902365 0.263478
v -1.099403 1.902365 0.203727
v -1.105879 1.902365 0.000000
v -1.099403 1.902365 -0.203727
v -1.079392 1.902365 -0.263478
v -1.043478 1.902365 -0.299392
v -0.983727 1.902365 -0.319403
v -0.780000 1.902365 -0.325879
v -0.576273 1.902365 -0.319403
v -0.516522 1.902365 -0.299392
v -0.480608 1.902365 -0.263478
v -0.460597 1.902365 -0.203727
v -0.405663 1.931780 0.000000
v -0.413102 1.931780 0.234021
v -0.436089 1.931780 0.302656
v -0.477344 1.931780 0.343911
v -0.545979 1.931780 0.366898
v -0.780000 1.931780 0.374337
v -1.014021 1.931780 0.366898
v -1.082656 1.931780 0.343911
v -1.123911 1.931780 0.302656
v -1.146898 1.931780 0.234021
v -1.154337 1.931780 0.000000
v -1.146898 1.931780 -0.234021
v -1.123911 1.931780 -0.302656
v -1.082656 1.931780 -0.343911
v -1.014021 1.931780 -0.366898
v -0.780000 1.931780 -0.374337
v -0.545979 1.931780 -0.366898
v -0.477344 1.931780 -0.343911
v -0.436089 1.931780 -0.302656
v -0.413102 1.931780 -0.234021
v -0.374042 1.976857 0.000000
v -0.382110 1.976857 0.253790
v -0.407039 1.976857 0.328222
v -0.451778 1.976857 0.372961
v -0.526210 1.976857 0.397890
v -0.780000 1.976857 0.405958
v -1.033790 1.976857 0.397890
v -1.108222 1.976857 0.372961
v -1.152961 1.976857 0.328222
v -1.177890 1.976857 0.253790
v -1.185958 1.976857 0.000000
v -1.177890 1.976857 -0.253790
v -1.152961 1.976857 -0.328222
v -1.108222 1.976857 -0.372961
v -1.033790 1.976857 -0.397890
v -0.780000 1.976857 -0.405958
v -0.526210 1.976857 -0.397890
v -0.451778 1.976857 -0.372961
v -0.407039 1.976857 -0.328222
v -0.382110 1.976857 -0.253790
v -0.355922 2.047052 0.000000
v -0.364349 2.047052 0.265118
v -0.390391 2.047052 0.342873
v -0.437127 2.047052 0.389609
v -0.514882 2.047052 0.415651
v -0.780000 2.047052 0.424078
v -1.045118 2.047052 0.415651
v -1.122873 2.047052 0.389609
v -1.169609 2.047052 0.342873
v -1.195651 2.047052 0.265118
v -1.204078 2.047052 0.000000
v -1.195651 2.047052 -0.265118
v -1.169609 2.047052 -0.342873
v -1.122873 2.047052 -0.389609
v -1.045118 2.047052 -0.415651
v -0.780000 2.047052 -0.424078
v -0.514882 2.047052 -0.415651
v -0.437127 2.047052 -0.389609
v -0.390391 2.047052 -0.342873
v -0.364349 2.047052 -0.265118
v -0.350000 2.280000 0.000000
v -0.358545 2.280000 0.268820
v -0.384951 2.280000 0.347661
v -0.432339 2.280000 0.395049
v -0.511180 2.280000 0.421455
v -0.780000 2.280000 0.430000
v -1.048820 2.280000 0.421455
v -1.127661 2.280000 0.395049
v -1.175049 2.280000 0.347661
v -1.201455 2.280000 0.268820
v -1.210000 2.280000 0.000000
v -1.201455 2.280000 -0.268820
v -1.175049 2.280000 -0.347661
v -1.127661 2.280000 -0.395049
v -1.048820 2.280000 -0.421455
v -0.780000 2.280000 -0.430000
v -0.511180 2.280000 -0.421455
v -0.432339 2.280000 -0.395049
v -0.384951 2.280000 -0.347661
v -0.358545 2.280000 -0.268820
v -0.355922 2.512948 0.000000
v -0.364349 2.512948 0.265118
v -0.390391 2.512948 0.342873
v -0.437127 2.512948 0.389609
v -0.514882 2.512948 0.415651
v -0.780000 2.512948 0.424078
v -1.045118 2.512948 0.415651
v -1.122873 2.512948 0.389609
v -1.169609 2.512948 0.342873
v -1.195651 2.512948 0.265118
v -1.204078 2.512948 0.000000
v -1.195651 2.512948 -0.265118
v -1.169609 2.512948 -0.342873
v -1.122873 2.512948 -0.389609
v -1.045118 2.512948 -0.415651
v -0.780000 2.512948 -0.424078
v -0.514882 2.512948 -0.415651
v -0.437127 2.512948 -0.389609
v -0.390391 2.512948 -0.342873
v -0.364349 2.512948 -0.265118
v -0.374042 2.583143 0.000000
v -0.382110 2.583143 0.253790
v -0.407039 2.583143 0.328222
v -0.451778 2.583143 0.372961
v -0.526210 2.583143 0.397890
v -0.780000 2.583143 0.405958
v -1.033790 2.583143 0.397890
v -1.108222 2.583143 0.372961
v -1.152961 2.583143 0.328222
v -1.177890 2.583143 0.253790
v -1.185958 2.583143 0.000000
v -1.177890 2.583143 -0.253790
v -1.152961 2.583143 -0.328222
v -1.108222 2.583143 -0.372961
v -1.033790 2.583143 -0.397890
v -0.780000 2.583143 -0.405958
v -0.526210 2.583143 -0.397890
v -0.451778 2.583143 -0.372961
v -0.407039 2.583143 -0.328222
v -0.382110 2.583143 -0.253790
v -0.405663 2.628220 0.000000
v -0.413102 2.628220 0.234021
v -0.436089 2.628220 0.302656
v -0.477344 2.628220 0.343911
v -0.545979 2.628220 0.366898
v -0.780000 2.628220 0.374337
v -1.014021 2.628220 0.366898
v -1.082656 2.628220 0.343911
v -1.123911 2.628220 0.302656
v -1.146898 2.628220 0.234021
v -1.154337 2.628220 0.000000
v -1.146898 2.628220 -0.234021
v -1.123911 2.628220 -0.302656
v -1.082656 2.628220 -0.343911
v -1.014021 2.628220 -0.366898
v -0.780000 2.628220 -0.374337
v -0.545979 2.628220 -0.366898
v -0.477344 2.628220 -0.343911
v -0.436089 2.628220 -0.302656
v -0.413102 2.628220 -0.234021
v -0.454121 2.657635 0.000000
v -0.460597 2.657635 0.203727
v -0.480608 2.657635 0.263478
v -0.516522 2.657635 0.299392
v -0.576273 2.657635 0.319403
v -0.780000 2.657635 0.325879
v -0.983727 2.657635 0.319403
v -1.043478 2.657635 0.299392
v -1.079392 2.657635 0.263478
v -1.099403 2.657635 0.203727
v -1.105879 2.657635 0.000000
v -1.099403 2.657635 -0.203727
v -1.079392 2.657635 -0.263478
v -1.043478 2.657635 -0.299392
v -0.983727 2.657635 -0.319403
v -0.780000 2.657635 -0.325879
v -0.576273 2.657635 -0.319403
v -0.516522 2.657635 -0.299392
v -0.480608 2.657635 -0.263478
v -0.460597 2.657635 -0.203727
v -0.529581 2.674491 0.000000
v -0.534558 2.674491 0.156552
v -0.549935 2.674491 0.202467
v -0.577533 2.674491 0.230065
v -0.623448 2.674491 0.245442
v -0.780000 2.674491 0.250419
v -0.936552 2.674491 0.245442
v -0.982467 2.674491 0.230065
v -1.010065 2.674491 0.202467
v -1.025442 2.674491 0.156552
v -1.030419 2.674491 0.000000
v -1.025442 2.674491 -0.156552
v -1.010065 2.674491 -0.202467
v -0.982467 2.674491 -0.230065
v -0.936552 2.674491 -0.245442
v -0.780000 2.674491 -0.250419
v -0.623448 2.674491 -0.245442
v -0.577533 2.674491 -0.230065
v -0.549935 2.674491 -0.202467
v -0.534558 2.674491 -0.156552
v -0.780000 2.680000 0.000000
v -0.780000 2.680000 0.000000
v -0.780000 2.680000 0.000000
v -0.780000 2.680000 0.000000
v -0.780000 2.680000 0.000000
v -0.780000 2.680000 0.000000
v -0.780000 2.680000 0.000000
v -0.780000 2.680000 0.000000
v -0.780000 2.680000 0.000000
v -0.780000 2.680000 0.000000
v -0.780000 2.680000 0.000000
v -0.780000 2.680000 -0.000000
v -0.780000 2.680000 -0.000000
v -0.780000 2.680000 -0.000000
v -0.780000 2.680000 -0.000000
v -0.780000 2.680000 -0.000000
v -0.780000 2.680000 -0.000000
v -0.780000 2.680000 -0.000000
v -0.780000 2.680000 -0.000000
v -0.780000 2.680000 -0.000000
f 5077 5078 5098
f 5077 5098 5097
f 5078 5079 5099
f 5078 5099 5098
f 5079 5080 5100
f 5079 5100 5099
f 5080 5081 5101
f 5080 5101 5100
f 5081 5082 5102
f 5081 5102 5101
f 5082 5083 5103
f 5082 5103 5102
f 5083 5084 5104
f 5083 5104 5103
f 5084 5085 5105
f 5084 5105 5104
f 5085 5086 5106
f 5085 5106 5105
f 5086 5087 5107
f 5086 5107 5106
f 5087 5088 5108
f 5087 5108 5107
f 5088 5089 5109
f 5088 5109 5108
f 5089 5090 5110
f 5089 5110 5109
f 5090 5091 5111
f 5090 5111 5110
f 5091 5092 5112
f 5091 5112 5111
f 5092 5093 5113
f 5092 5113 5112
f 5093 5094 5114
f 5093 5114 5113
f 5094 5095 5115
f 5094 5115 5114
f 5095 5096 5116
f 5095 5116 5115
f 5096 5077 5097
f 5096 5097 5116
f 5097 5098 5118
f 5097 5118 5117
f 5098 5099 5119
f 5098 5119 5118
f 5099 5100 5120
f 5099 5120 5119
f 5100 5101 5121
f 5100 5121 5120
f 5101 5102 5122
f 5101 5122 5121
f 5102 5103 5123
f 5102 5123 5122
f 5103 5104 5124
f 5103 5124 5123
f 5104 5105 5125
f 5104 5125 5124
f 5105 5106 5126
f 5105 5126 5125
f 5106 5107 5127
f 5106 5127 5126
f 5107 5108 5128
f 5107 5128 5127
f 5108 5109 5129
f 5108 5129 5128
f 5109 5110 5130
f 5109 5130 5129
f 5110 5111 5131
f 5110 5131 5130
f 5111 5112 5132
f 5111 5132 5131
f 5112 5113 5133
f 5112 5133 5132
f 5113 5114 5134
f 5113 5134 5133
f 5114 5115 5135
f 5114 5135 5134
f 5115 5116 5136
f 5115 5136 5135
f 5116 5097 5117
f 5116 5117 5136
f 5117 5118 5138
f 5117 5138 5137
f 5118 5119 5139
f 5118 5139 5138
f 5119 5120 5140
f 5119 5140 5139
f 5120 5121 5141
f 5120 5141 5140
f 5121 5122 5142
f 5121 5142 5141
f 5122 5123 5143
f 5122 5143 5142
f 5123 5124 5144
f 5123 5144 5143
f 5124 5125 5145
f 5124 5145 5144
f 5125 5126 5146
f 5125 5146 5145
f 5126 5127 5147
f 5126 5147 5146
f 5127 5128 5148
f 5127 5148 5147
f 5128 5129 5149
f 5128 5149 5148
f 5129 5130 5150
f 5129 5150 5149
f 5130 5131 5151
f 5130 5151 5150
f 5131 5132 5152
f 5131 5152 5151
f 5132 5133 5153
f 5132 5153 5152
f 5133 5134 5154
f 5133 5154 5153
f 5134 5135 5155
f 5134 5155 5154
f 5135 5136 5156
f 5135 5156 5155
f 5136 5117 5137
f 5136 5137 5156
f 5137 5138 5158
f 5137 5158 5157
f 5138 5139 5159
f 5138 5159 5158
f 5139 5140 5160
f 5139 5160 5159
f 5140 5141 5161
f 5140 5161 5160
f 5141 5142 5162
f 5141 5162 5161
f 5142 5143 5163
f 5142 5163 5162
f 5143 5144 5164
f 5143 5164 5163
f 5144 5145 5165
f 5144 5165 5164
f 5145 5146 5166
f 5145 5166 5165
f 5146 5147 5167
f 5146 5167 5166
f 5147 5148 5168
f 5147 5168 5167
f 5148 5149 5169
f 5148 5169 5168
f 5149 5150 5170
f 5149 5170 5169
f 5150 5151 5171
f 5150 5171 5170
f 5151 5152 5172
f 5151 5172 5171
f 5152 5153 5173
f 5152 5173 5172
f 5153 5154 5174
f 5153 5174 5173
f 5154 5155 5175
f 5154 5175 5174
f 5155 5156 5176
f 5155 5176 5175
f 5156 5137 5157
f 5156 5157 5176
f 5157 5158 5178
f 5157 5178 5177
f 5158 5159 5179
f 5158 5179 5178
f 5159 5160 5180
f 5159 5180 5179
f 5160 5161 5181
f 5160 5181 5180
f 5161 5162 5182
f 5161 5182 5181
f 5162 5163 5183
f 5162 5183 5182
f 5163 5164 5184
f 5163 5184 5183
f 5164 5165 5185
f 5164 5185 5184
f 5165 5166 5186
f 5165 5186 5185
f 5166 5167 5187
f 5166 5187 5186
f 5167 5168 5188
f 5167 5188 5187
f 5168 5169 5189
f 5168 5189 5188
f 5169 5170 5190
f 5169 5190 5189
f 5170 5171 5191
f 5170 5191 5190
f 5171 5172 5192
f 5171 5192 5191
f 5172 5173 5193
f 5172 5193 5192
f 5173 5174 5194
f 5173 5194 5193
f 5174 5175 5195
f 5174 5195 5194
f 5175 5176 5196
f 5175 5196 5195
f 5176 5157 5177
f 5176 5177 5196
f 5177 5178 5198
f 5177 5198 5197
f 5178 5179 5199
f 5178 5199 5198
f 5179 5180 5200
f 5179 5200 5199
f 5180 5181 5201
f 5180 5201 5200
f 5181 5182 5202
f 5181 5202 5201
f 5182 5183 5203
f 5182 5203 5202
f 5183 5184 5204
f 5183 5204 5203
f 5184 5185 5205
f 5184 5205 5204
f 5185 5186 5206
f 5185 5206 5205
f 5186 5187 5207
f 5186 5207 5206
f 5187 5188 5208
f 5187 5208 5207
f 5188 5189 5209
f 5188 5209 5208
f 5189 5190 5210
f 5189 5210 5209
f 5190 5191 5211
f 5190 5211 5210
f 5191 5192 5212
f 5191 5212 5211
f 5192 5193 5213
f 5192 5213 5212
f 5193 5194 5214
f 5193 5214 5213
f 5194 5195 5215
f 5194 5215 5214
f 5195 5196 5216
f 5195 5216 5215
f 5196 5177 5197
f 5196 5197 5216
f 5197 5198 5218
f 5197 5218 5217
f 5198 5199 5219
f 5198 5219 5218
f 5199 5200 5220
f 5199 5220 5219
f 5200 5201 5221
f 5200 5221 5220
f 5201 5202 5222
f 5201 5222 5221
f 5202 5203 5223
f 5202 5223 5222
f 5203 5204 5224
f 5203 5224 5223
f 5204 5205 5225
f 5204 5225 5224
f 5205 5206 5226
f 5205 5226 5225
f 5206 5207 5227
f 5206 5227 5226
f 5207 5208 5228
f 5207 5228 5227
f 5208 5209 5229
f 5208 5229 5228
f 5209 5210 5230
f 5209 5230 5229
f 5210 5211 5231
f 5210 5231 5230
f 5211 5212 5232
f 5211 5232 5231
f 5212 5213 5233
f 5212 5233 5232
f 5213 5214 5234
f 5213 5234 5233
f 5214 5215 5235
f 5214 5235 5234
f 5215 5216 5236
f 5215 5236 5235
f 5216 5197 5217
f 5216 5217 5236
f 5217 5218 5238
f 5217 5238 5237
f 5218 5219 5239
f 5218 5239 5238
f 5219 5220 5240
f 5219 5240 5239
f 5220 5221 5241
f 5220 5241 5240
f 5221 5222 5242
f 5221 5242 5241
f 5222 5223 5243
f 5222 5243 5242
f 5223 5224 5244
f 5223 5244 5243
f 5224 5225 5245
f 5224 5245 5244
f 5225 5226 5246
f 5225 5246 5245
f 5226 5227 5247
f 5226 5247 5246
f 5227 5228 5248
f 5227 5248 5247
f 5228 5229 5249
f 5228 5249 5248
f 5229 5230 5250
f 5229 5250 5249
f 5230 5231 5251
f 5230 5251 5250
f 5231 5232 5252
f 5231 5252 5251
f 5232 5233 5253
f 5232 5253 5252
f 5233 5234 5254
f 5233 5254 5253
f 5234 5235 5255
f 5234 5255 5254
f 5235 5236 5256
f 5235 5256 5255
f 5236 5217 5237
f 5236 5237 5256
f 5237 5238 5258
f 5237 5258 5257
f 5238 5239 5259
f 5238 5259 5258
f 5239 5240 5260
f 5239 5260 5259
f 5240 5241 5261
f 5240 5261 5260
f 5241 5242 5262
f 5241 5262 5261
f 5242 5243 5263
f 5242 5263 5262
f 5243 5244 5264
f 5243 5264 5263
f 5244 5245 5265
f 5244 5265 5264
f 5245 5246 5266
f 5245 5266 5265
f 5246 5247 5267
f 5246 5267 5266
f 5247 5248 5268
f 5247 5268 5267
f 5248 5249 5269
f 5248 5269 5268
f 5249 5250 5270
f 5249 5270 5269
f 5250 5251 5271
f 5250 5271 5270
f 5251 5252 5272
f 5251 5272 5271
f 5252 5253 5273
f 5252 5273 5272
f 5253 5254 5274
f 5253 5274 5273
f 5254 5255 5275
f 5254 5275 5274
f 5255 5256 5276
f 5255 5276 5275
f 5256 5237 5257
f 5256 5257 5276
f 5257 5258 5278
f 5257 5278 5277
f 5258 5259 5279
f 5258 5279 5278
f 5259 5260 5280
f 5259 5280 5279
f 5260 5261 5281
f 5260 5281 5280
f 5261 5262 5282
f 5261 5282 5281
f 5262 5263 5283
f 5262 5283 5282
f 5263 5264 5284
f 5263 5284 5283
f 5264 5265 5285
f 5264 5285 5284
f 5265 5266 5286
f 5265 5286 5285
f 5266 5267 5287
f 5266 5287 5286
f 5267 5268 5288
f 5267 5288 5287
f 5268 5269 5289
f 5268 5289 5288
f 5269 5270 5290
f 5269 5290 5289
f 5270 5271 5291
f 5270 5291 5290
f 5271 5272 5292
f 5271 5292 5291
f 5272 5273 5293
f 5272 5293 5292
f 5273 5274 5294
f 5273 5294 5293
f 5274 5275 5295
f 5274 5295 5294
f 5275 5276 5296
f 5275 5296 5295
f 5276 5257 5277
f 5276 5277 5296
f 5277 5278 5298
f 5277 5298 5297
f 5278 5279 5299
f 5278 5299 5298
f 5279 5280 5300
f 5279 5300 5299
f 5280 5281 5301
f 5280 5301 5300
f 5281 5282 5302
f 5281 5302 5301
f 5282 5283 5303
f 5282 5303 5302
f 5283 5284 5304
f 5283 5304 5303
f 5284 5285 5305
f 5284 5305 5304
f 5285 5286 5306
f 5285 5306 5305
f 5286 5287 5307
f 5286 5307 5306
f 5287 5288 5308
f 5287 5308 5307
f 5288 5289 5309
f 5288 5309 5308
f 5289 5290 5310
f 5289 5310 5309
f 5290 5291 5311
f 5290 5311 5310
f 5291 5292 5312
f 5291 5312 5311
f 5292 5293 5313
f 5292 5313 5312
f 5293 5294 5314
f 5293 5314 5313
f 5294 5295 5315
f 5294 5315 5314
f 5295 5296 5316
f 5295 5316 5315
f 5296 5277 5297
f 5296 5297 5316
f 5297 5298 5318
f 5297 5318 5317
f 5298 5299 5319
f 5298 5319 5318
f 5299 5300 5320
f 5299 5320 5319
f 5300 5301 5321
f 5300 5321 5320
f 5301 5302 5322
f 5301 5322 5321
f 5302 5303 5323
f 5302 5323 5322
f 5303 5304 5324
f 5303 5324 5323
f 5304 5305 5325
f 5304 5325 5324
f 5305 5306 5326
f 5305 5326 5325
f 5306 5307 5327
f 5306 5327 5326
f 5307 5308 5328
f 5307 5328 5327
f 5308 5309 5329
f 5308 5329 5328
f 5309 5310 5330
f 5309 5330 5329
f 5310 5311 5331
f 5310 5331 5330
f 5311 5312 5332
f 5311 5332 5331
f 5312 5313 5333
f 5312 5333 5332
f 5313 5314 5334
f 5313 5334 5333
f 5314 5315 5335
f 5314 5335 5334
f 5315 5316 5336
f 5315 5336 5335
f 5316 5297 5317
f 5316 5317 5336
o L_Shoulder_Navy
g L_Shoulder_Navy
usemtl Deep_Navy
v -0.840000 1.980000 -0.020000
v -0.840000 1.980000 -0.020000
v -0.840000 1.980000 -0.020000
v -0.840000 1.980000 -0.020000
v -0.840000 1.980000 -0.020000
v -0.840000 1.980000 -0.020000
v -0.840000 1.980000 -0.020000
v -0.840000 1.980000 -0.020000
v -0.840000 1.980000 -0.020000
v -0.840000 1.980000 -0.020000
v -0.840000 1.980000 -0.020000
v -0.840000 1.980000 -0.020000
v -0.840000 1.980000 -0.020000
v -0.840000 1.980000 -0.020000
v -0.840000 1.980000 -0.020000
v -0.840000 1.980000 -0.020000
v -0.840000 1.980000 -0.020000
v -0.840000 1.980000 -0.020000
v -0.840000 1.980000 -0.020000
v -0.840000 1.980000 -0.020000
v -0.653642 1.984269 -0.020000
v -0.657345 1.984269 0.107426
v -0.668789 1.984269 0.144799
v -0.689327 1.984269 0.167262
v -0.723496 1.984269 0.179779
v -0.840000 1.984269 0.183829
v -0.956504 1.984269 0.179779
v -0.990673 1.984269 0.167262
v -1.011211 1.984269 0.144799
v -1.022655 1.984269 0.107426
v -1.026358 1.984269 -0.020000
v -1.022655 1.984269 -0.147426
v -1.011211 1.984269 -0.184799
v -0.990673 1.984269 -0.207262
v -0.956504 1.984269 -0.219779
v -0.840000 1.984269 -0.223829
v -0.723496 1.984269 -0.219779
v -0.689327 1.984269 -0.207262
v -0.668789 1.984269 -0.184799
v -0.657345 1.984269 -0.147426
v -0.597485 1.997333 -0.020000
v -0.602305 1.997333 0.145825
v -0.617197 1.997333 0.194459
v -0.643924 1.997333 0.223691
v -0.688389 1.997333 0.239979
v -0.840000 1.997333 0.245250
v -0.991611 1.997333 0.239979
v -1.036076 1.997333 0.223691
v -1.062803 1.997333 0.194459
v -1.077695 1.997333 0.145825
v -1.082515 1.997333 -0.020000
v -1.077695 1.997333 -0.185825
v -1.062803 1.997333 -0.234459
v -1.036076 1.997333 -0.263691
v -0.991611 1.997333 -0.279979
v -0.840000 1.997333 -0.285250
v -0.688389 1.997333 -0.279979
v -0.643924 1.997333 -0.263691
v -0.617197 1.997333 -0.234459
v -0.602305 1.997333 -0.185825
v -0.561424 2.020129 -0.020000
v -0.566960 2.020129 0.170482
v -0.584067 2.020129 0.226348
v -0.614767 2.020129 0.259927
v -0.665845 2.020129 0.278638
v -0.840000 2.020129 0.284693
v -1.014155 2.020129 0.278638
v -1.065233 2.020129 0.259927
v -1.095933 2.020129 0.226348
v -1.113040 2.020129 0.170482
v -1.118576 2.020129 -0.020000
v -1.113040 2.020129 -0.210482
v -1.095933 2.020129 -0.266348
v -1.065233 2.020129 -0.299927
v -1.014155 2.020129 -0.318638
v -0.840000 2.020129 -0.324693
v -0.665845 2.020129 -0.318638
v -0.614767 2.020129 -0.299927
v -0.584067 2.020129 -0.266348
v -0.566960 2.020129 -0.210482
v -0.537892 2.055064 -0.020000
v -0.543896 2.055064 0.186573
v -0.562447 2.055064 0.247158
v -0.595741 2.055064 0.283573
v -0.651133 2.055064 0.303864
v -0.840000 2.055064 0.310431
v -1.028867 2.055064 0.303864
v -1.084259 2.055064 0.283573
v -1.117553 2.055064 0.247158
v -1.136104 2.055064 0.186573
v -1.142108 2.055064 -0.020000
v -1.136104 2.055064 -0.226573
v -1.117553 2.055064 -0.287158
v -1.084259 2.055064 -0.323573
v -1.028867 2.055064 -0.343864
v -0.840000 2.055064 -0.350431
v -0.651133 2.055064 -0.343864
v -0.595741 2.055064 -0.323573
v -0.562447 2.055064 -0.287158
v -0.543896 2.055064 -0.226573
v -0.524407 2.109466 -0.020000
v -0.530679 2.109466 0.195794
v -0.550058 2.109466 0.259083
v -0.584839 2.109466 0.297124
v -0.642703 2.109466 0.318320
v -0.840000 2.109466 0.325180
v -1.037297 2.109466 0.318320
v -1.095161 2.109466 0.297124
v -1.129942 2.109466 0.259083
v -1.149321 2.109466 0.195794
v -1.155593 2.109466 -0.020000
v -1.149321 2.109466 -0.235794
v -1.129942 2.109466 -0.299083
v -1.095161 2.109466 -0.337124
v -1.037297 2.109466 -0.358320
v -0.840000 2.109466 -0.365180
v -0.642703 2.109466 -0.358320
v -0.584839 2.109466 -0.337124
v -0.550058 2.109466 -0.299083
v -0.530679 2.109466 -0.235794
v -0.520000 2.290000 -0.020000
v -0.526359 2.290000 0.198807
v -0.546010 2.290000 0.262980
v -0.581276 2.290000 0.301552
v -0.639948 2.290000 0.323045
v -0.840000 2.290000 0.330000
v -1.040052 2.290000 0.323045
v -1.098724 2.290000 0.301552
v -1.133990 2.290000 0.262980
v -1.153641 2.290000 0.198807
v -1.160000 2.290000 -0.020000
v -1.153641 2.290000 -0.238807
v -1.133990 2.290000 -0.302980
v -1.098724 2.290000 -0.341552
v -1.040052 2.290000 -0.363045
v -0.840000 2.290000 -0.370000
v -0.639948 2.290000 -0.363045
v -0.581276 2.290000 -0.341552
v -0.546010 2.290000 -0.302980
v -0.526359 2.290000 -0.238807
v -0.524407 2.470534 -0.020000
v -0.530679 2.470534 0.195794
v -0.550058 2.470534 0.259083
v -0.584839 2.470534 0.297124
v -0.642703 2.470534 0.318320
v -0.840000 2.470534 0.325180
v -1.037297 2.470534 0.318320
v -1.095161 2.470534 0.297124
v -1.129942 2.470534 0.259083
v -1.149321 2.470534 0.195794
v -1.155593 2.470534 -0.020000
v -1.149321 2.470534 -0.235794
v -1.129942 2.470534 -0.299083
v -1.095161 2.470534 -0.337124
v -1.037297 2.470534 -0.358320
v -0.840000 2.470534 -0.365180
v -0.642703 2.470534 -0.358320
v -0.584839 2.470534 -0.337124
v -0.550058 2.470534 -0.299083
v -0.530679 2.470534 -0.235794
v -0.537892 2.524936 -0.020000
v -0.543896 2.524936 0.186573
v -0.562447 2.524936 0.247158
v -0.595741 2.524936 0.283573
v -0.651133 2.524936 0.303864
v -0.840000 2.524936 0.310431
v -1.028867 2.524936 0.303864
v -1.084259 2.524936 0.283573
v -1.117553 2.524936 0.247158
v -1.136104 2.524936 0.186573
v -1.142108 2.524936 -0.020000
v -1.136104 2.524936 -0.226573
v -1.117553 2.524936 -0.287158
v -1.084259 2.524936 -0.323573
v -1.028867 2.524936 -0.343864
v -0.840000 2.524936 -0.350431
v -0.651133 2.524936 -0.343864
v -0.595741 2.524936 -0.323573
v -0.562447 2.524936 -0.287158
v -0.543896 2.524936 -0.226573
v -0.561424 2.559871 -0.020000
v -0.566960 2.559871 0.170482
v -0.584067 2.559871 0.226348
v -0.614767 2.559871 0.259927
v -0.665845 2.559871 0.278638
v -0.840000 2.559871 0.284693
v -1.014155 2.559871 0.278638
v -1.065233 2.559871 0.259927
v -1.095933 2.559871 0.226348
v -1.113040 2.559871 0.170482
v -1.118576 2.559871 -0.020000
v -1.113040 2.559871 -0.210482
v -1.095933 2.559871 -0.266348
v -1.065233 2.559871 -0.299927
v -1.014155 2.559871 -0.318638
v -0.840000 2.559871 -0.324693
v -0.665845 2.559871 -0.318638
v -0.614767 2.559871 -0.299927
v -0.584067 2.559871 -0.266348
v -0.566960 2.559871 -0.210482
v -0.597485 2.582667 -0.020000
v -0.602305 2.582667 0.145825
v -0.617197 2.582667 0.194459
v -0.643924 2.582667 0.223691
v -0.688389 2.582667 0.239979
v -0.840000 2.582667 0.245250
v -0.991611 2.582667 0.239979
v -1.036076 2.582667 0.223691
v -1.062803 2.582667 0.194459
v -1.077695 2.582667 0.145825
v -1.082515 2.582667 -0.020000
v -1.077695 2.582667 -0.185825
v -1.062803 2.582667 -0.234459
v -1.036076 2.582667 -0.263691
v -0.991611 2.582667 -0.279979
v -0.840000 2.582667 -0.285250
v -0.688389 2.582667 -0.279979
v -0.643924 2.582667 -0.263691
v -0.617197 2.582667 -0.234459
v -0.602305 2.582667 -0.185825
v -0.653642 2.595731 -0.020000
v -0.657345 2.595731 0.107426
v -0.668789 2.595731 0.144799
v -0.689327 2.595731 0.167262
v -0.723496 2.595731 0.179779
v -0.840000 2.595731 0.183829
v -0.956504 2.595731 0.179779
v -0.990673 2.595731 0.167262
v -1.011211 2.595731 0.144799
v -1.022655 2.595731 0.107426
v -1.026358 2.595731 -0.020000
v -1.022655 2.595731 -0.147426
v -1.011211 2.595731 -0.184799
v -0.990673 2.595731 -0.207262
v -0.956504 2.595731 -0.219779
v -0.840000 2.595731 -0.223829
v -0.723496 2.595731 -0.219779
v -0.689327 2.595731 -0.207262
v -0.668789 2.595731 -0.184799
v -0.657345 2.595731 -0.147426
v -0.840000 2.600000 -0.020000
v -0.840000 2.600000 -0.020000
v -0.840000 2.600000 -0.020000
v -0.840000 2.600000 -0.020000
v -0.840000 2.600000 -0.020000
v -0.840000 2.600000 -0.020000
v -0.840000 2.600000 -0.020000
v -0.840000 2.600000 -0.020000
v -0.840000 2.600000 -0.020000
v -0.840000 2.600000 -0.020000
v -0.840000 2.600000 -0.020000
v -0.840000 2.600000 -0.020000
v -0.840000 2.600000 -0.020000
v -0.840000 2.600000 -0.020000
v -0.840000 2.600000 -0.020000
v -0.840000 2.600000 -0.020000
v -0.840000 2.600000 -0.020000
v -0.840000 2.600000 -0.020000
v -0.840000 2.600000 -0.020000
v -0.840000 2.600000 -0.020000
f 5337 5338 5358
f 5337 5358 5357
f 5338 5339 5359
f 5338 5359 5358
f 5339 5340 5360
f 5339 5360 5359
f 5340 5341 5361
f 5340 5361 5360
f 5341 5342 5362
f 5341 5362 5361
f 5342 5343 5363
f 5342 5363 5362
f 5343 5344 5364
f 5343 5364 5363
f 5344 5345 5365
f 5344 5365 5364
f 5345 5346 5366
f 5345 5366 5365
f 5346 5347 5367
f 5346 5367 5366
f 5347 5348 5368
f 5347 5368 5367
f 5348 5349 5369
f 5348 5369 5368
f 5349 5350 5370
f 5349 5370 5369
f 5350 5351 5371
f 5350 5371 5370
f 5351 5352 5372
f 5351 5372 5371
f 5352 5353 5373
f 5352 5373 5372
f 5353 5354 5374
f 5353 5374 5373
f 5354 5355 5375
f 5354 5375 5374
f 5355 5356 5376
f 5355 5376 5375
f 5356 5337 5357
f 5356 5357 5376
f 5357 5358 5378
f 5357 5378 5377
f 5358 5359 5379
f 5358 5379 5378
f 5359 5360 5380
f 5359 5380 5379
f 5360 5361 5381
f 5360 5381 5380
f 5361 5362 5382
f 5361 5382 5381
f 5362 5363 5383
f 5362 5383 5382
f 5363 5364 5384
f 5363 5384 5383
f 5364 5365 5385
f 5364 5385 5384
f 5365 5366 5386
f 5365 5386 5385
f 5366 5367 5387
f 5366 5387 5386
f 5367 5368 5388
f 5367 5388 5387
f 5368 5369 5389
f 5368 5389 5388
f 5369 5370 5390
f 5369 5390 5389
f 5370 5371 5391
f 5370 5391 5390
f 5371 5372 5392
f 5371 5392 5391
f 5372 5373 5393
f 5372 5393 5392
f 5373 5374 5394
f 5373 5394 5393
f 5374 5375 5395
f 5374 5395 5394
f 5375 5376 5396
f 5375 5396 5395
f 5376 5357 5377
f 5376 5377 5396
f 5377 5378 5398
f 5377 5398 5397
f 5378 5379 5399
f 5378 5399 5398
f 5379 5380 5400
f 5379 5400 5399
f 5380 5381 5401
f 5380 5401 5400
f 5381 5382 5402
f 5381 5402 5401
f 5382 5383 5403
f 5382 5403 5402
f 5383 5384 5404
f 5383 5404 5403
f 5384 5385 5405
f 5384 5405 5404
f 5385 5386 5406
f 5385 5406 5405
f 5386 5387 5407
f 5386 5407 5406
f 5387 5388 5408
f 5387 5408 5407
f 5388 5389 5409
f 5388 5409 5408
f 5389 5390 5410
f 5389 5410 5409
f 5390 5391 5411
f 5390 5411 5410
f 5391 5392 5412
f 5391 5412 5411
f 5392 5393 5413
f 5392 5413 5412
f 5393 5394 5414
f 5393 5414 5413
f 5394 5395 5415
f 5394 5415 5414
f 5395 5396 5416
f 5395 5416 5415
f 5396 5377 5397
f 5396 5397 5416
f 5397 5398 5418
f 5397 5418 5417
f 5398 5399 5419
f 5398 5419 5418
f 5399 5400 5420
f 5399 5420 5419
f 5400 5401 5421
f 5400 5421 5420
f 5401 5402 5422
f 5401 5422 5421
f 5402 5403 5423
f 5402 5423 5422
f 5403 5404 5424
f 5403 5424 5423
f 5404 5405 5425
f 5404 5425 5424
f 5405 5406 5426
f 5405 5426 5425
f 5406 5407 5427
f 5406 5427 5426
f 5407 5408 5428
f 5407 5428 5427
f 5408 5409 5429
f 5408 5429 5428
f 5409 5410 5430
f 5409 5430 5429
f 5410 5411 5431
f 5410 5431 5430
f 5411 5412 5432
f 5411 5432 5431
f 5412 5413 5433
f 5412 5433 5432
f 5413 5414 5434
f 5413 5434 5433
f 5414 5415 5435
f 5414 5435 5434
f 5415 5416 5436
f 5415 5436 5435
f 5416 5397 5417
f 5416 5417 5436
f 5417 5418 5438
f 5417 5438 5437
f 5418 5419 5439
f 5418 5439 5438
f 5419 5420 5440
f 5419 5440 5439
f 5420 5421 5441
f 5420 5441 5440
f 5421 5422 5442
f 5421 5442 5441
f 5422 5423 5443
f 5422 5443 5442
f 5423 5424 5444
f 5423 5444 5443
f 5424 5425 5445
f 5424 5445 5444
f 5425 5426 5446
f 5425 5446 5445
f 5426 5427 5447
f 5426 5447 5446
f 5427 5428 5448
f 5427 5448 5447
f 5428 5429 5449
f 5428 5449 5448
f 5429 5430 5450
f 5429 5450 5449
f 5430 5431 5451
f 5430 5451 5450
f 5431 5432 5452
f 5431 5452 5451
f 5432 5433 5453
f 5432 5453 5452
f 5433 5434 5454
f 5433 5454 5453
f 5434 5435 5455
f 5434 5455 5454
f 5435 5436 5456
f 5435 5456 5455
f 5436 5417 5437
f 5436 5437 5456
f 5437 5438 5458
f 5437 5458 5457
f 5438 5439 5459
f 5438 5459 5458
f 5439 5440 5460
f 5439 5460 5459
f 5440 5441 5461
f 5440 5461 5460
f 5441 5442 5462
f 5441 5462 5461
f 5442 5443 5463
f 5442 5463 5462
f 5443 5444 5464
f 5443 5464 5463
f 5444 5445 5465
f 5444 5465 5464
f 5445 5446 5466
f 5445 5466 5465
f 5446 5447 5467
f 5446 5467 5466
f 5447 5448 5468
f 5447 5468 5467
f 5448 5449 5469
f 5448 5469 5468
f 5449 5450 5470
f 5449 5470 5469
f 5450 5451 5471
f 5450 5471 5470
f 5451 5452 5472
f 5451 5472 5471
f 5452 5453 5473
f 5452 5473 5472
f 5453 5454 5474
f 5453 5474 5473
f 5454 5455 5475
f 5454 5475 5474
f 5455 5456 5476
f 5455 5476 5475
f 5456 5437 5457
f 5456 5457 5476
f 5457 5458 5478
f 5457 5478 5477
f 5458 5459 5479
f 5458 5479 5478
f 5459 5460 5480
f 5459 5480 5479
f 5460 5461 5481
f 5460 5481 5480
f 5461 5462 5482
f 5461 5482 5481
f 5462 5463 5483
f 5462 5483 5482
f 5463 5464 5484
f 5463 5484 5483
f 5464 5465 5485
f 5464 5485 5484
f 5465 5466 5486
f 5465 5486 5485
f 5466 5467 5487
f 5466 5487 5486
f 5467 5468 5488
f 5467 5488 5487
f 5468 5469 5489
f 5468 5489 5488
f 5469 5470 5490
f 5469 5490 5489
f 5470 5471 5491
f 5470 5491 5490
f 5471 5472 5492
f 5471 5492 5491
f 5472 5473 5493
f 5472 5493 5492
f 5473 5474 5494
f 5473 5494 5493
f 5474 5475 5495
f 5474 5495 5494
f 5475 5476 5496
f 5475 5496 5495
f 5476 5457 5477
f 5476 5477 5496
f 5477 5478 5498
f 5477 5498 5497
f 5478 5479 5499
f 5478 5499 5498
f 5479 5480 5500
f 5479 5500 5499
f 5480 5481 5501
f 5480 5501 5500
f 5481 5482 5502
f 5481 5502 5501
f 5482 5483 5503
f 5482 5503 5502
f 5483 5484 5504
f 5483 5504 5503
f 5484 5485 5505
f 5484 5505 5504
f 5485 5486 5506
f 5485 5506 5505
f 5486 5487 5507
f 5486 5507 5506
f 5487 5488 5508
f 5487 5508 5507
f 5488 5489 5509
f 5488 5509 5508
f 5489 5490 5510
f 5489 5510 5509
f 5490 5491 5511
f 5490 5511 5510
f 5491 5492 5512
f 5491 5512 5511
f 5492 5493 5513
f 5492 5513 5512
f 5493 5494 5514
f 5493 5514 5513
f 5494 5495 5515
f 5494 5515 5514
f 5495 5496 5516
f 5495 5516 5515
f 5496 5477 5497
f 5496 5497 5516
f 5497 5498 5518
f 5497 5518 5517
f 5498 5499 5519
f 5498 5519 5518
f 5499 5500 5520
f 5499 5520 5519
f 5500 5501 5521
f 5500 5521 5520
f 5501 5502 5522
f 5501 5522 5521
f 5502 5503 5523
f 5502 5523 5522
f 5503 5504 5524
f 5503 5524 5523
f 5504 5505 5525
f 5504 5525 5524
f 5505 5506 5526
f 5505 5526 5525
f 5506 5507 5527
f 5506 5527 5526
f 5507 5508 5528
f 5507 5528 5527
f 5508 5509 5529
f 5508 5529 5528
f 5509 5510 5530
f 5509 5530 5529
f 5510 5511 5531
f 5510 5531 5530
f 5511 5512 5532
f 5511 5532 5531
f 5512 5513 5533
f 5512 5533 5532
f 5513 5514 5534
f 5513 5534 5533
f 5514 5515 5535
f 5514 5535 5534
f 5515 5516 5536
f 5515 5536 5535
f 5516 5497 5517
f 5516 5517 5536
f 5517 5518 5538
f 5517 5538 5537
f 5518 5519 5539
f 5518 5539 5538
f 5519 5520 5540
f 5519 5540 5539
f 5520 5521 5541
f 5520 5541 5540
f 5521 5522 5542
f 5521 5542 5541
f 5522 5523 5543
f 5522 5543 5542
f 5523 5524 5544
f 5523 5544 5543
f 5524 5525 5545
f 5524 5545 5544
f 5525 5526 5546
f 5525 5546 5545
f 5526 5527 5547
f 5526 5547 5546
f 5527 5528 5548
f 5527 5548 5547
f 5528 5529 5549
f 5528 5549 5548
f 5529 5530 5550
f 5529 5550 5549
f 5530 5531 5551
f 5530 5551 5550
f 5531 5532 5552
f 5531 5552 5551
f 5532 5533 5553
f 5532 5553 5552
f 5533 5534 5554
f 5533 5554 5553
f 5534 5535 5555
f 5534 5555 5554
f 5535 5536 5556
f 5535 5556 5555
f 5536 5517 5537
f 5536 5537 5556
f 5537 5538 5558
f 5537 5558 5557
f 5538 5539 5559
f 5538 5559 5558
f 5539 5540 5560
f 5539 5560 5559
f 5540 5541 5561
f 5540 5561 5560
f 5541 5542 5562
f 5541 5562 5561
f 5542 5543 5563
f 5542 5563 5562
f 5543 5544 5564
f 5543 5564 5563
f 5544 5545 5565
f 5544 5565 5564
f 5545 5546 5566
f 5545 5566 5565
f 5546 5547 5567
f 5546 5567 5566
f 5547 5548 5568
f 5547 5568 5567
f 5548 5549 5569
f 5548 5569 5568
f 5549 5550 5570
f 5549 5570 5569
f 5550 5551 5571
f 5550 5571 5570
f 5551 5552 5572
f 5551 5572 5571
f 5552 5553 5573
f 5552 5573 5572
f 5553 5554 5574
f 5553 5574 5573
f 5554 5555 5575
f 5554 5575 5574
f 5555 5556 5576
f 5555 5576 5575
f 5556 5537 5557
f 5556 5557 5576
f 5557 5558 5578
f 5557 5578 5577
f 5558 5559 5579
f 5558 5579 5578
f 5559 5560 5580
f 5559 5580 5579
f 5560 5561 5581
f 5560 5581 5580
f 5561 5562 5582
f 5561 5582 5581
f 5562 5563 5583
f 5562 5583 5582
f 5563 5564 5584
f 5563 5584 5583
f 5564 5565 5585
f 5564 5585 5584
f 5565 5566 5586
f 5565 5586 5585
f 5566 5567 5587
f 5566 5587 5586
f 5567 5568 5588
f 5567 5588 5587
f 5568 5569 5589
f 5568 5589 5588
f 5569 5570 5590
f 5569 5590 5589
f 5570 5571 5591
f 5570 5591 5590
f 5571 5572 5592
f 5571 5592 5591
f 5572 5573 5593
f 5572 5593 5592
f 5573 5574 5594
f 5573 5594 5593
f 5574 5575 5595
f 5574 5595 5594
f 5575 5576 5596
f 5575 5596 5595
f 5576 5557 5577
f 5576 5577 5596
o L_Upper_Arm
g L_Upper_Arm
usemtl Gunmetal
v -0.670000 2.240000 0.000000
v -0.840000 1.650000 0.000000
v -0.670000 2.240000 0.230000
v -0.754576 2.264369 0.212492
v -0.826277 2.285029 0.162635
v -0.874185 2.298833 0.088017
v -0.891009 2.303680 0.000000
v -0.874185 2.298833 -0.088017
v -0.826277 2.285029 -0.162635
v -0.754576 2.264369 -0.212492
v -0.670000 2.240000 -0.230000
v -0.585424 2.215631 -0.212492
v -0.513723 2.194971 -0.162635
v -0.465815 2.181167 -0.088017
v -0.448991 2.176320 -0.000000
v -0.465815 2.181167 0.088017
v -0.513723 2.194971 0.162635
v -0.585424 2.215631 0.212492
v -0.840000 1.650000 0.200000
v -0.913545 1.671191 0.184776
v -0.975893 1.689156 0.141421
v -1.017552 1.701159 0.076537
v -1.032181 1.705374 0.000000
v -1.017552 1.701159 -0.076537
v -0.975893 1.689156 -0.141421
v -0.913545 1.671191 -0.184776
v -0.840000 1.650000 -0.200000
v -0.766455 1.628809 -0.184776
v -0.704107 1.610844 -0.141421
v -0.662448 1.598841 -0.076537
v -0.647819 1.594626 -0.000000
v -0.662448 1.598841 0.076537
v -0.704107 1.610844 0.141421
v -0.766455 1.628809 0.184776
f 5599 5600 5616
f 5599 5616 5615
f 5597 5600 5599
f 5598 5615 5616
f 5600 5601 5617
f 5600 5617 5616
f 5597 5601 5600
f 5598 5616 5617
f 5601 5602 5618
f 5601 5618 5617
f 5597 5602 5601
f 5598 5617 5618
f 5602 5603 5619
f 5602 5619 5618
f 5597 5603 5602
f 5598 5618 5619
f 5603 5604 5620
f 5603 5620 5619
f 5597 5604 5603
f 5598 5619 5620
f 5604 5605 5621
f 5604 5621 5620
f 5597 5605 5604
f 5598 5620 5621
f 5605 5606 5622
f 5605 5622 5621
f 5597 5606 5605
f 5598 5621 5622
f 5606 5607 5623
f 5606 5623 5622
f 5597 5607 5606
f 5598 5622 5623
f 5607 5608 5624
f 5607 5624 5623
f 5597 5608 5607
f 5598 5623 5624
f 5608 5609 5625
f 5608 5625 5624
f 5597 5609 5608
f 5598 5624 5625
f 5609 5610 5626
f 5609 5626 5625
f 5597 5610 5609
f 5598 5625 5626
f 5610 5611 5627
f 5610 5627 5626
f 5597 5611 5610
f 5598 5626 5627
f 5611 5612 5628
f 5611 5628 5627
f 5597 5612 5611
f 5598 5627 5628
f 5612 5613 5629
f 5612 5629 5628
f 5597 5613 5612
f 5598 5628 5629
f 5613 5614 5630
f 5613 5630 5629
f 5597 5614 5613
f 5598 5629 5630
f 5614 5599 5615
f 5614 5615 5630
f 5597 5599 5614
f 5598 5630 5615
o L_Elbow
g L_Elbow
usemtl Deep_Navy
v -0.840000 1.440000 0.000000
v -0.840000 1.440000 0.000000
v -0.840000 1.440000 0.000000
v -0.840000 1.440000 0.000000
v -0.840000 1.440000 0.000000
v -0.840000 1.440000 0.000000
v -0.840000 1.440000 0.000000
v -0.840000 1.440000 0.000000
v -0.840000 1.440000 0.000000
v -0.840000 1.440000 0.000000
v -0.840000 1.440000 0.000000
v -0.840000 1.440000 -0.000000
v -0.840000 1.440000 -0.000000
v -0.840000 1.440000 -0.000000
v -0.840000 1.440000 -0.000000
v -0.840000 1.440000 -0.000000
v -0.840000 1.440000 -0.000000
v -0.840000 1.440000 -0.000000
v -0.840000 1.440000 -0.000000
v -0.840000 1.440000 -0.000000
v -0.783060 1.447156 0.000000
v -0.785847 1.447156 0.017595
v -0.793934 1.447156 0.033469
v -0.806531 1.447156 0.046066
v -0.822405 1.447156 0.054153
v -0.840000 1.447156 0.056940
v -0.857595 1.447156 0.054153
v -0.873469 1.447156 0.046066
v -0.886066 1.447156 0.033469
v -0.894153 1.447156 0.017595
v -0.896940 1.447156 0.000000
v -0.894153 1.447156 -0.017595
v -0.886066 1.447156 -0.033469
v -0.873469 1.447156 -0.046066
v -0.857595 1.447156 -0.054153
v -0.840000 1.447156 -0.056940
v -0.822405 1.447156 -0.054153
v -0.806531 1.447156 -0.046066
v -0.793934 1.447156 -0.033469
v -0.785847 1.447156 -0.017595
v -0.730000 1.468135 0.000000
v -0.735384 1.468135 0.033992
v -0.751008 1.468135 0.064656
v -0.775344 1.468135 0.088992
v -0.806008 1.468135 0.104616
v -0.840000 1.468135 0.110000
v -0.873992 1.468135 0.104616
v -0.904656 1.468135 0.088992
v -0.928992 1.468135 0.064656
v -0.944616 1.468135 0.033992
v -0.950000 1.468135 0.000000
v -0.944616 1.468135 -0.033992
v -0.928992 1.468135 -0.064656
v -0.904656 1.468135 -0.088992
v -0.873992 1.468135 -0.104616
v -0.840000 1.468135 -0.110000
v -0.806008 1.468135 -0.104616
v -0.775344 1.468135 -0.088992
v -0.751008 1.468135 -0.064656
v -0.735384 1.468135 -0.033992
v -0.684437 1.501508 0.000000
v -0.692050 1.501508 0.048072
v -0.714146 1.501508 0.091438
v -0.748562 1.501508 0.125854
v -0.791928 1.501508 0.147950
v -0.840000 1.501508 0.155563
v -0.888072 1.501508 0.147950
v -0.931438 1.501508 0.125854
v -0.965854 1.501508 0.091438
v -0.987950 1.501508 0.048072
v -0.995563 1.501508 0.000000
v -0.987950 1.501508 -0.048072
v -0.965854 1.501508 -0.091438
v -0.931438 1.501508 -0.125854
v -0.888072 1.501508 -0.147950
v -0.840000 1.501508 -0.155563
v -0.791928 1.501508 -0.147950
v -0.748562 1.501508 -0.125854
v -0.714146 1.501508 -0.091438
v -0.692050 1.501508 -0.048072
v -0.649474 1.545000 0.000000
v -0.658799 1.545000 0.058876
v -0.685862 1.545000 0.111988
v -0.728012 1.545000 0.154138
v -0.781124 1.545000 0.181201
v -0.840000 1.545000 0.190526
v -0.898876 1.545000 0.181201
v -0.951988 1.545000 0.154138
v -0.994138 1.545000 0.111988
v -1.021201 1.545000 0.058876
v -1.030526 1.545000 0.000000
v -1.021201 1.545000 -0.058876
v -0.994138 1.545000 -0.111988
v -0.951988 1.545000 -0.154138
v -0.898876 1.545000 -0.181201
v -0.840000 1.545000 -0.190526
v -0.781124 1.545000 -0.181201
v -0.728012 1.545000 -0.154138
v -0.685862 1.545000 -0.111988
v -0.658799 1.545000 -0.058876
v -0.627496 1.595648 0.000000
v -0.637897 1.595648 0.065667
v -0.668081 1.595648 0.124907
v -0.715093 1.595648 0.171919
v -0.774333 1.595648 0.202103
v -0.840000 1.595648 0.212504
v -0.905667 1.595648 0.202103
v -0.964907 1.595648 0.171919
v -1.011919 1.595648 0.124907
v -1.042103 1.595648 0.065667
v -1.052504 1.595648 0.000000
v -1.042103 1.595648 -0.065667
v -1.011919 1.595648 -0.124907
v -0.964907 1.595648 -0.171919
v -0.905667 1.595648 -0.202103
v -0.840000 1.595648 -0.212504
v -0.774333 1.595648 -0.202103
v -0.715093 1.595648 -0.171919
v -0.668081 1.595648 -0.124907
v -0.637897 1.595648 -0.065667
v -0.620000 1.650000 0.000000
v -0.630768 1.650000 0.067984
v -0.662016 1.650000 0.129313
v -0.710687 1.650000 0.177984
v -0.772016 1.650000 0.209232
v -0.840000 1.650000 0.220000
v -0.907984 1.650000 0.209232
v -0.969313 1.650000 0.177984
v -1.017984 1.650000 0.129313
v -1.049232 1.650000 0.067984
v -1.060000 1.650000 0.000000
v -1.049232 1.650000 -0.067984
v -1.017984 1.650000 -0.129313
v -0.969313 1.650000 -0.177984
v -0.907984 1.650000 -0.209232
v -0.840000 1.650000 -0.220000
v -0.772016 1.650000 -0.209232
v -0.710687 1.650000 -0.177984
v -0.662016 1.650000 -0.129313
v -0.630768 1.650000 -0.067984
v -0.627496 1.704352 0.000000
v -0.637897 1.704352 0.065667
v -0.668081 1.704352 0.124907
v -0.715093 1.704352 0.171919
v -0.774333 1.704352 0.202103
v -0.840000 1.704352 0.212504
v -0.905667 1.704352 0.202103
v -0.964907 1.704352 0.171919
v -1.011919 1.704352 0.124907
v -1.042103 1.704352 0.065667
v -1.052504 1.704352 0.000000
v -1.042103 1.704352 -0.065667
v -1.011919 1.704352 -0.124907
v -0.964907 1.704352 -0.171919
v -0.905667 1.704352 -0.202103
v -0.840000 1.704352 -0.212504
v -0.774333 1.704352 -0.202103
v -0.715093 1.704352 -0.171919
v -0.668081 1.704352 -0.124907
v -0.637897 1.704352 -0.065667
v -0.649474 1.755000 0.000000
v -0.658799 1.755000 0.058876
v -0.685862 1.755000 0.111988
v -0.728012 1.755000 0.154138
v -0.781124 1.755000 0.181201
v -0.840000 1.755000 0.190526
v -0.898876 1.755000 0.181201
v -0.951988 1.755000 0.154138
v -0.994138 1.755000 0.111988
v -1.021201 1.755000 0.058876
v -1.030526 1.755000 0.000000
v -1.021201 1.755000 -0.058876
v -0.994138 1.755000 -0.111988
v -0.951988 1.755000 -0.154138
v -0.898876 1.755000 -0.181201
v -0.840000 1.755000 -0.190526
v -0.781124 1.755000 -0.181201
v -0.728012 1.755000 -0.154138
v -0.685862 1.755000 -0.111988
v -0.658799 1.755000 -0.058876
v -0.684437 1.798492 0.000000
v -0.692050 1.798492 0.048072
v -0.714146 1.798492 0.091438
v -0.748562 1.798492 0.125854
v -0.791928 1.798492 0.147950
v -0.840000 1.798492 0.155563
v -0.888072 1.798492 0.147950
v -0.931438 1.798492 0.125854
v -0.965854 1.798492 0.091438
v -0.987950 1.798492 0.048072
v -0.995563 1.798492 0.000000
v -0.987950 1.798492 -0.048072
v -0.965854 1.798492 -0.091438
v -0.931438 1.798492 -0.125854
v -0.888072 1.798492 -0.147950
v -0.840000 1.798492 -0.155563
v -0.791928 1.798492 -0.147950
v -0.748562 1.798492 -0.125854
v -0.714146 1.798492 -0.091438
v -0.692050 1.798492 -0.048072
v -0.730000 1.831865 0.000000
v -0.735384 1.831865 0.033992
v -0.751008 1.831865 0.064656
v -0.775344 1.831865 0.088992
v -0.806008 1.831865 0.104616
v -0.840000 1.831865 0.110000
v -0.873992 1.831865 0.104616
v -0.904656 1.831865 0.088992
v -0.928992 1.831865 0.064656
v -0.944616 1.831865 0.033992
v -0.950000 1.831865 0.000000
v -0.944616 1.831865 -0.033992
v -0.928992 1.831865 -0.064656
v -0.904656 1.831865 -0.088992
v -0.873992 1.831865 -0.104616
v -0.840000 1.831865 -0.110000
v -0.806008 1.831865 -0.104616
v -0.775344 1.831865 -0.088992
v -0.751008 1.831865 -0.064656
v -0.735384 1.831865 -0.033992
v -0.783060 1.852844 0.000000
v -0.785847 1.852844 0.017595
v -0.793934 1.852844 0.033469
v -0.806531 1.852844 0.046066
v -0.822405 1.852844 0.054153
v -0.840000 1.852844 0.056940
v -0.857595 1.852844 0.054153
v -0.873469 1.852844 0.046066
v -0.886066 1.852844 0.033469
v -0.894153 1.852844 0.017595
v -0.896940 1.852844 0.000000
v -0.894153 1.852844 -0.017595
v -0.886066 1.852844 -0.033469
v -0.873469 1.852844 -0.046066
v -0.857595 1.852844 -0.054153
v -0.840000 1.852844 -0.056940
v -0.822405 1.852844 -0.054153
v -0.806531 1.852844 -0.046066
v -0.793934 1.852844 -0.033469
v -0.785847 1.852844 -0.017595
v -0.840000 1.860000 0.000000
v -0.840000 1.860000 0.000000
v -0.840000 1.860000 0.000000
v -0.840000 1.860000 0.000000
v -0.840000 1.860000 0.000000
v -0.840000 1.860000 0.000000
v -0.840000 1.860000 0.000000
v -0.840000 1.860000 0.000000
v -0.840000 1.860000 0.000000
v -0.840000 1.860000 0.000000
v -0.840000 1.860000 0.000000
v -0.840000 1.860000 -0.000000
v -0.840000 1.860000 -0.000000
v -0.840000 1.860000 -0.000000
v -0.840000 1.860000 -0.000000
v -0.840000 1.860000 -0.000000
v -0.840000 1.860000 -0.000000
v -0.840000 1.860000 -0.000000
v -0.840000 1.860000 -0.000000
v -0.840000 1.860000 -0.000000
f 5631 5632 5652
f 5631 5652 5651
f 5632 5633 5653
f 5632 5653 5652
f 5633 5634 5654
f 5633 5654 5653
f 5634 5635 5655
f 5634 5655 5654
f 5635 5636 5656
f 5635 5656 5655
f 5636 5637 5657
f 5636 5657 5656
f 5637 5638 5658
f 5637 5658 5657
f 5638 5639 5659
f 5638 5659 5658
f 5639 5640 5660
f 5639 5660 5659
f 5640 5641 5661
f 5640 5661 5660
f 5641 5642 5662
f 5641 5662 5661
f 5642 5643 5663
f 5642 5663 5662
f 5643 5644 5664
f 5643 5664 5663
f 5644 5645 5665
f 5644 5665 5664
f 5645 5646 5666
f 5645 5666 5665
f 5646 5647 5667
f 5646 5667 5666
f 5647 5648 5668
f 5647 5668 5667
f 5648 5649 5669
f 5648 5669 5668
f 5649 5650 5670
f 5649 5670 5669
f 5650 5631 5651
f 5650 5651 5670
f 5651 5652 5672
f 5651 5672 5671
f 5652 5653 5673
f 5652 5673 5672
f 5653 5654 5674
f 5653 5674 5673
f 5654 5655 5675
f 5654 5675 5674
f 5655 5656 5676
f 5655 5676 5675
f 5656 5657 5677
f 5656 5677 5676
f 5657 5658 5678
f 5657 5678 5677
f 5658 5659 5679
f 5658 5679 5678
f 5659 5660 5680
f 5659 5680 5679
f 5660 5661 5681
f 5660 5681 5680
f 5661 5662 5682
f 5661 5682 5681
f 5662 5663 5683
f 5662 5683 5682
f 5663 5664 5684
f 5663 5684 5683
f 5664 5665 5685
f 5664 5685 5684
f 5665 5666 5686
f 5665 5686 5685
f 5666 5667 5687
f 5666 5687 5686
f 5667 5668 5688
f 5667 5688 5687
f 5668 5669 5689
f 5668 5689 5688
f 5669 5670 5690
f 5669 5690 5689
f 5670 5651 5671
f 5670 5671 5690
f 5671 5672 5692
f 5671 5692 5691
f 5672 5673 5693
f 5672 5693 5692
f 5673 5674 5694
f 5673 5694 5693
f 5674 5675 5695
f 5674 5695 5694
f 5675 5676 5696
f 5675 5696 5695
f 5676 5677 5697
f 5676 5697 5696
f 5677 5678 5698
f 5677 5698 5697
f 5678 5679 5699
f 5678 5699 5698
f 5679 5680 5700
f 5679 5700 5699
f 5680 5681 5701
f 5680 5701 5700
f 5681 5682 5702
f 5681 5702 5701
f 5682 5683 5703
f 5682 5703 5702
f 5683 5684 5704
f 5683 5704 5703
f 5684 5685 5705
f 5684 5705 5704
f 5685 5686 5706
f 5685 5706 5705
f 5686 5687 5707
f 5686 5707 5706
f 5687 5688 5708
f 5687 5708 5707
f 5688 5689 5709
f 5688 5709 5708
f 5689 5690 5710
f 5689 5710 5709
f 5690 5671 5691
f 5690 5691 5710
f 5691 5692 5712
f 5691 5712 5711
f 5692 5693 5713
f 5692 5713 5712
f 5693 5694 5714
f 5693 5714 5713
f 5694 5695 5715
f 5694 5715 5714
f 5695 5696 5716
f 5695 5716 5715
f 5696 5697 5717
f 5696 5717 5716
f 5697 5698 5718
f 5697 5718 5717
f 5698 5699 5719
f 5698 5719 5718
f 5699 5700 5720
f 5699 5720 5719
f 5700 5701 5721
f 5700 5721 5720
f 5701 5702 5722
f 5701 5722 5721
f 5702 5703 5723
f 5702 5723 5722
f 5703 5704 5724
f 5703 5724 5723
f 5704 5705 5725
f 5704 5725 5724
f 5705 5706 5726
f 5705 5726 5725
f 5706 5707 5727
f 5706 5727 5726
f 5707 5708 5728
f 5707 5728 5727
f 5708 5709 5729
f 5708 5729 5728
f 5709 5710 5730
f 5709 5730 5729
f 5710 5691 5711
f 5710 5711 5730
f 5711 5712 5732
f 5711 5732 5731
f 5712 5713 5733
f 5712 5733 5732
f 5713 5714 5734
f 5713 5734 5733
f 5714 5715 5735
f 5714 5735 5734
f 5715 5716 5736
f 5715 5736 5735
f 5716 5717 5737
f 5716 5737 5736
f 5717 5718 5738
f 5717 5738 5737
f 5718 5719 5739
f 5718 5739 5738
f 5719 5720 5740
f 5719 5740 5739
f 5720 5721 5741
f 5720 5741 5740
f 5721 5722 5742
f 5721 5742 5741
f 5722 5723 5743
f 5722 5743 5742
f 5723 5724 5744
f 5723 5744 5743
f 5724 5725 5745
f 5724 5745 5744
f 5725 5726 5746
f 5725 5746 5745
f 5726 5727 5747
f 5726 5747 5746
f 5727 5728 5748
f 5727 5748 5747
f 5728 5729 5749
f 5728 5749 5748
f 5729 5730 5750
f 5729 5750 5749
f 5730 5711 5731
f 5730 5731 5750
f 5731 5732 5752
f 5731 5752 5751
f 5732 5733 5753
f 5732 5753 5752
f 5733 5734 5754
f 5733 5754 5753
f 5734 5735 5755
f 5734 5755 5754
f 5735 5736 5756
f 5735 5756 5755
f 5736 5737 5757
f 5736 5757 5756
f 5737 5738 5758
f 5737 5758 5757
f 5738 5739 5759
f 5738 5759 5758
f 5739 5740 5760
f 5739 5760 5759
f 5740 5741 5761
f 5740 5761 5760
f 5741 5742 5762
f 5741 5762 5761
f 5742 5743 5763
f 5742 5763 5762
f 5743 5744 5764
f 5743 5764 5763
f 5744 5745 5765
f 5744 5765 5764
f 5745 5746 5766
f 5745 5766 5765
f 5746 5747 5767
f 5746 5767 5766
f 5747 5748 5768
f 5747 5768 5767
f 5748 5749 5769
f 5748 5769 5768
f 5749 5750 5770
f 5749 5770 5769
f 5750 5731 5751
f 5750 5751 5770
f 5751 5752 5772
f 5751 5772 5771
f 5752 5753 5773
f 5752 5773 5772
f 5753 5754 5774
f 5753 5774 5773
f 5754 5755 5775
f 5754 5775 5774
f 5755 5756 5776
f 5755 5776 5775
f 5756 5757 5777
f 5756 5777 5776
f 5757 5758 5778
f 5757 5778 5777
f 5758 5759 5779
f 5758 5779 5778
f 5759 5760 5780
f 5759 5780 5779
f 5760 5761 5781
f 5760 5781 5780
f 5761 5762 5782
f 5761 5782 5781
f 5762 5763 5783
f 5762 5783 5782
f 5763 5764 5784
f 5763 5784 5783
f 5764 5765 5785
f 5764 5785 5784
f 5765 5766 5786
f 5765 5786 5785
f 5766 5767 5787
f 5766 5787 5786
f 5767 5768 5788
f 5767 5788 5787
f 5768 5769 5789
f 5768 5789 5788
f 5769 5770 5790
f 5769 5790 5789
f 5770 5751 5771
f 5770 5771 5790
f 5771 5772 5792
f 5771 5792 5791
f 5772 5773 5793
f 5772 5793 5792
f 5773 5774 5794
f 5773 5794 5793
f 5774 5775 5795
f 5774 5795 5794
f 5775 5776 5796
f 5775 5796 5795
f 5776 5777 5797
f 5776 5797 5796
f 5777 5778 5798
f 5777 5798 5797
f 5778 5779 5799
f 5778 5799 5798
f 5779 5780 5800
f 5779 5800 5799
f 5780 5781 5801
f 5780 5801 5800
f 5781 5782 5802
f 5781 5802 5801
f 5782 5783 5803
f 5782 5803 5802
f 5783 5784 5804
f 5783 5804 5803
f 5784 5785 5805
f 5784 5805 5804
f 5785 5786 5806
f 5785 5806 5805
f 5786 5787 5807
f 5786 5807 5806
f 5787 5788 5808
f 5787 5808 5807
f 5788 5789 5809
f 5788 5809 5808
f 5789 5790 5810
f 5789 5810 5809
f 5790 5771 5791
f 5790 5791 5810
f 5791 5792 5812
f 5791 5812 5811
f 5792 5793 5813
f 5792 5813 5812
f 5793 5794 5814
f 5793 5814 5813
f 5794 5795 5815
f 5794 5815 5814
f 5795 5796 5816
f 5795 5816 5815
f 5796 5797 5817
f 5796 5817 5816
f 5797 5798 5818
f 5797 5818 5817
f 5798 5799 5819
f 5798 5819 5818
f 5799 5800 5820
f 5799 5820 5819
f 5800 5801 5821
f 5800 5821 5820
f 5801 5802 5822
f 5801 5822 5821
f 5802 5803 5823
f 5802 5823 5822
f 5803 5804 5824
f 5803 5824 5823
f 5804 5805 5825
f 5804 5825 5824
f 5805 5806 5826
f 5805 5826 5825
f 5806 5807 5827
f 5806 5827 5826
f 5807 5808 5828
f 5807 5828 5827
f 5808 5809 5829
f 5808 5829 5828
f 5809 5810 5830
f 5809 5830 5829
f 5810 5791 5811
f 5810 5811 5830
f 5811 5812 5832
f 5811 5832 5831
f 5812 5813 5833
f 5812 5833 5832
f 5813 5814 5834
f 5813 5834 5833
f 5814 5815 5835
f 5814 5835 5834
f 5815 5816 5836
f 5815 5836 5835
f 5816 5817 5837
f 5816 5837 5836
f 5817 5818 5838
f 5817 5838 5837
f 5818 5819 5839
f 5818 5839 5838
f 5819 5820 5840
f 5819 5840 5839
f 5820 5821 5841
f 5820 5841 5840
f 5821 5822 5842
f 5821 5842 5841
f 5822 5823 5843
f 5822 5843 5842
f 5823 5824 5844
f 5823 5844 5843
f 5824 5825 5845
f 5824 5845 5844
f 5825 5826 5846
f 5825 5846 5845
f 5826 5827 5847
f 5826 5847 5846
f 5827 5828 5848
f 5827 5848 5847
f 5828 5829 5849
f 5828 5849 5848
f 5829 5830 5850
f 5829 5850 5849
f 5830 5811 5831
f 5830 5831 5850
f 5831 5832 5852
f 5831 5852 5851
f 5832 5833 5853
f 5832 5853 5852
f 5833 5834 5854
f 5833 5854 5853
f 5834 5835 5855
f 5834 5855 5854
f 5835 5836 5856
f 5835 5856 5855
f 5836 5837 5857
f 5836 5857 5856
f 5837 5838 5858
f 5837 5858 5857
f 5838 5839 5859
f 5838 5859 5858
f 5839 5840 5860
f 5839 5860 5859
f 5840 5841 5861
f 5840 5861 5860
f 5841 5842 5862
f 5841 5862 5861
f 5842 5843 5863
f 5842 5863 5862
f 5843 5844 5864
f 5843 5864 5863
f 5844 5845 5865
f 5844 5865 5864
f 5845 5846 5866
f 5845 5866 5865
f 5846 5847 5867
f 5846 5867 5866
f 5847 5848 5868
f 5847 5868 5867
f 5848 5849 5869
f 5848 5869 5868
f 5849 5850 5870
f 5849 5870 5869
f 5850 5831 5851
f 5850 5851 5870
f 5851 5852 5872
f 5851 5872 5871
f 5852 5853 5873
f 5852 5873 5872
f 5853 5854 5874
f 5853 5874 5873
f 5854 5855 5875
f 5854 5875 5874
f 5855 5856 5876
f 5855 5876 5875
f 5856 5857 5877
f 5856 5877 5876
f 5857 5858 5878
f 5857 5878 5877
f 5858 5859 5879
f 5858 5879 5878
f 5859 5860 5880
f 5859 5880 5879
f 5860 5861 5881
f 5860 5881 5880
f 5861 5862 5882
f 5861 5882 5881
f 5862 5863 5883
f 5862 5883 5882
f 5863 5864 5884
f 5863 5884 5883
f 5864 5865 5885
f 5864 5885 5884
f 5865 5866 5886
f 5865 5886 5885
f 5866 5867 5887
f 5866 5887 5886
f 5867 5868 5888
f 5867 5888 5887
f 5868 5869 5889
f 5868 5889 5888
f 5869 5870 5890
f 5869 5890 5889
f 5870 5851 5871
f 5870 5871 5890
o L_Forearm_Armor
g L_Forearm_Armor
usemtl Bastion_Yellow
v -0.860000 1.100000 0.050000
v -0.860000 1.100000 0.050000
v -0.860000 1.100000 0.050000
v -0.860000 1.100000 0.050000
v -0.860000 1.100000 0.050000
v -0.860000 1.100000 0.050000
v -0.860000 1.100000 0.050000
v -0.860000 1.100000 0.050000
v -0.860000 1.100000 0.050000
v -0.860000 1.100000 0.050000
v -0.860000 1.100000 0.050000
v -0.860000 1.100000 0.050000
v -0.860000 1.100000 0.050000
v -0.860000 1.100000 0.050000
v -0.860000 1.100000 0.050000
v -0.860000 1.100000 0.050000
v -0.860000 1.100000 0.050000
v -0.860000 1.100000 0.050000
v -0.860000 1.100000 0.050000
v -0.860000 1.100000 0.050000
v -0.708584 1.104407 0.050000
v -0.711593 1.104407 0.155582
v -0.720891 1.104407 0.186548
v -0.737578 1.104407 0.205160
v -0.765340 1.104407 0.215531
v -0.860000 1.104407 0.218887
v -0.954660 1.104407 0.215531
v -0.982422 1.104407 0.205160
v -0.999109 1.104407 0.186548
v -1.008407 1.104407 0.155582
v -1.011416 1.104407 0.050000
v -1.008407 1.104407 -0.055582
v -0.999109 1.104407 -0.086548
v -0.982422 1.104407 -0.105160
v -0.954660 1.104407 -0.115531
v -0.860000 1.104407 -0.118887
v -0.765340 1.104407 -0.115531
v -0.737578 1.104407 -0.105160
v -0.720891 1.104407 -0.086548
v -0.711593 1.104407 -0.055582
v -0.662957 1.117892 0.050000
v -0.666873 1.117892 0.187398
v -0.678973 1.117892 0.227694
v -0.700688 1.117892 0.251915
v -0.736816 1.117892 0.265411
v -0.860000 1.117892 0.269779
v -0.983184 1.117892 0.265411
v -1.019312 1.117892 0.251915
v -1.041027 1.117892 0.227694
v -1.053127 1.117892 0.187398
v -1.057043 1.117892 0.050000
v -1.053127 1.117892 -0.087398
v -1.041027 1.117892 -0.127694
v -1.019312 1.117892 -0.151915
v -0.983184 1.117892 -0.165411
v -0.860000 1.117892 -0.169779
v -0.736816 1.117892 -0.165411
v -0.700688 1.117892 -0.151915
v -0.678973 1.117892 -0.127694
v -0.666873 1.117892 -0.087398
v -0.633657 1.141424 0.050000
v -0.638155 1.141424 0.207828
v -0.652054 1.141424 0.254117
v -0.676998 1.141424 0.281940
v -0.718499 1.141424 0.297443
v -0.860000 1.141424 0.302460
v -1.001501 1.141424 0.297443
v -1.043002 1.141424 0.281940
v -1.067946 1.141424 0.254117
v -1.081845 1.141424 0.207828
v -1.086343 1.141424 0.050000
v -1.081845 1.141424 -0.107828
v -1.067946 1.141424 -0.154117
v -1.043002 1.141424 -0.181940
v -1.001501 1.141424 -0.197443
v -0.860000 1.141424 -0.202460
v -0.718499 1.141424 -0.197443
v -0.676998 1.141424 -0.181940
v -0.652054 1.141424 -0.154117
v -0.638155 1.141424 -0.107828
v -0.614537 1.177485 0.050000
v -0.619415 1.177485 0.221160
v -0.634489 1.177485 0.271359
v -0.661540 1.177485 0.301532
v -0.706546 1.177485 0.318345
v -0.860000 1.177485 0.323785
v -1.013454 1.177485 0.318345
v -1.058460 1.177485 0.301532
v -1.085511 1.177485 0.271359
v -1.100585 1.177485 0.221160
v -1.105463 1.177485 0.050000
v -1.100585 1.177485 -0.121160
v -1.085511 1.177485 -0.171359
v -1.058460 1.177485 -0.201532
v -1.013454 1.177485 -0.218345
v -0.860000 1.177485 -0.223785
v -0.706546 1.177485 -0.218345
v -0.661540 1.177485 -0.201532
v -0.634489 1.177485 -0.171359
v -0.619415 1.177485 -0.121160
v -0.603581 1.233642 0.050000
v -0.608676 1.233642 0.228800
v -0.624422 1.233642 0.281240
v -0.652681 1.233642 0.312760
v -0.699696 1.233642 0.330323
v -0.860000 1.233642 0.336006
v -1.020304 1.233642 0.330323
v -1.067319 1.233642 0.312760
v -1.095578 1.233642 0.281240
v -1.111324 1.233642 0.228800
v -1.116419 1.233642 0.050000
v -1.111324 1.233642 -0.128800
v -1.095578 1.233642 -0.181240
v -1.067319 1.233642 -0.212760
v -1.020304 1.233642 -0.230323
v -0.860000 1.233642 -0.236006
v -0.699696 1.233642 -0.230323
v -0.652681 1.233642 -0.212760
v -0.624422 1.233642 -0.181240
v -0.608676 1.233642 -0.128800
v -0.600000 1.420000 0.050000
v -0.605167 1.420000 0.231297
v -0.621133 1.420000 0.284469
v -0.649786 1.420000 0.316429
v -0.697458 1.420000 0.334237
v -0.860000 1.420000 0.340000
v -1.022542 1.420000 0.334237
v -1.070214 1.420000 0.316429
v -1.098867 1.420000 0.284469
v -1.114833 1.420000 0.231297
v -1.120000 1.420000 0.050000
v -1.114833 1.420000 -0.131297
v -1.098867 1.420000 -0.184469
v -1.070214 1.420000 -0.216429
v -1.022542 1.420000 -0.234237
v -0.860000 1.420000 -0.240000
v -0.697458 1.420000 -0.234237
v -0.649786 1.420000 -0.216429
v -0.621133 1.420000 -0.184469
v -0.605167 1.420000 -0.131297
v -0.603581 1.606358 0.050000
v -0.608676 1.606358 0.228800
v -0.624422 1.606358 0.281240
v -0.652681 1.606358 0.312760
v -0.699696 1.606358 0.330323
v -0.860000 1.606358 0.336006
v -1.020304 1.606358 0.330323
v -1.067319 1.606358 0.312760
v -1.095578 1.606358 0.281240
v -1.111324 1.606358 0.228800
v -1.116419 1.606358 0.050000
v -1.111324 1.606358 -0.128800
v -1.095578 1.606358 -0.181240
v -1.067319 1.606358 -0.212760
v -1.020304 1.606358 -0.230323
v -0.860000 1.606358 -0.236006
v -0.699696 1.606358 -0.230323
v -0.652681 1.606358 -0.212760
v -0.624422 1.606358 -0.181240
v -0.608676 1.606358 -0.128800
v -0.614537 1.662515 0.050000
v -0.619415 1.662515 0.221160
v -0.634489 1.662515 0.271359
v -0.661540 1.662515 0.301532
v -0.706546 1.662515 0.318345
v -0.860000 1.662515 0.323785
v -1.013454 1.662515 0.318345
v -1.058460 1.662515 0.301532
v -1.085511 1.662515 0.271359
v -1.100585 1.662515 0.221160
v -1.105463 1.662515 0.050000
v -1.100585 1.662515 -0.121160
v -1.085511 1.662515 -0.171359
v -1.058460 1.662515 -0.201532
v -1.013454 1.662515 -0.218345
v -0.860000 1.662515 -0.223785
v -0.706546 1.662515 -0.218345
v -0.661540 1.662515 -0.201532
v -0.634489 1.662515 -0.171359
v -0.619415 1.662515 -0.121160
v -0.633657 1.698576 0.050000
v -0.638155 1.698576 0.207828
v -0.652054 1.698576 0.254117
v -0.676998 1.698576 0.281940
v -0.718499 1.698576 0.297443
v -0.860000 1.698576 0.302460
v -1.001501 1.698576 0.297443
v -1.043002 1.698576 0.281940
v -1.067946 1.698576 0.254117
v -1.081845 1.698576 0.207828
v -1.086343 1.698576 0.050000
v -1.081845 1.698576 -0.107828
v -1.067946 1.698576 -0.154117
v -1.043002 1.698576 -0.181940
v -1.001501 1.698576 -0.197443
v -0.860000 1.698576 -0.202460
v -0.718499 1.698576 -0.197443
v -0.676998 1.698576 -0.181940
v -0.652054 1.698576 -0.154117
v -0.638155 1.698576 -0.107828
v -0.662957 1.722108 0.050000
v -0.666873 1.722108 0.187398
v -0.678973 1.722108 0.227694
v -0.700688 1.722108 0.251915
v -0.736816 1.722108 0.265411
v -0.860000 1.722108 0.269779
v -0.983184 1.722108 0.265411
v -1.019312 1.722108 0.251915
v -1.041027 1.722108 0.227694
v -1.053127 1.722108 0.187398
v -1.057043 1.722108 0.050000
v -1.053127 1.722108 -0.087398
v -1.041027 1.722108 -0.127694
v -1.019312 1.722108 -0.151915
v -0.983184 1.722108 -0.165411
v -0.860000 1.722108 -0.169779
v -0.736816 1.722108 -0.165411
v -0.700688 1.722108 -0.151915
v -0.678973 1.722108 -0.127694
v -0.666873 1.722108 -0.087398
v -0.708584 1.735593 0.050000
v -0.711593 1.735593 0.155582
v -0.720891 1.735593 0.186548
v -0.737578 1.735593 0.205160
v -0.765340 1.735593 0.215531
v -0.860000 1.735593 0.218887
v -0.954660 1.735593 0.215531
v -0.982422 1.735593 0.205160
v -0.999109 1.735593 0.186548
v -1.008407 1.735593 0.155582
v -1.011416 1.735593 0.050000
v -1.008407 1.735593 -0.055582
v -0.999109 1.735593 -0.086548
v -0.982422 1.735593 -0.105160
v -0.954660 1.735593 -0.115531
v -0.860000 1.735593 -0.118887
v -0.765340 1.735593 -0.115531
v -0.737578 1.735593 -0.105160
v -0.720891 1.735593 -0.086548
v -0.711593 1.735593 -0.055582
v -0.860000 1.740000 0.050000
v -0.860000 1.740000 0.050000
v -0.860000 1.740000 0.050000
v -0.860000 1.740000 0.050000
v -0.860000 1.740000 0.050000
v -0.860000 1.740000 0.050000
v -0.860000 1.740000 0.050000
v -0.860000 1.740000 0.050000
v -0.860000 1.740000 0.050000
v -0.860000 1.740000 0.050000
v -0.860000 1.740000 0.050000
v -0.860000 1.740000 0.050000
v -0.860000 1.740000 0.050000
v -0.860000 1.740000 0.050000
v -0.860000 1.740000 0.050000
v -0.860000 1.740000 0.050000
v -0.860000 1.740000 0.050000
v -0.860000 1.740000 0.050000
v -0.860000 1.740000 0.050000
v -0.860000 1.740000 0.050000
f 5891 5892 5912
f 5891 5912 5911
f 5892 5893 5913
f 5892 5913 5912
f 5893 5894 5914
f 5893 5914 5913
f 5894 5895 5915
f 5894 5915 5914
f 5895 5896 5916
f 5895 5916 5915
f 5896 5897 5917
f 5896 5917 5916
f 5897 5898 5918
f 5897 5918 5917
f 5898 5899 5919
f 5898 5919 5918
f 5899 5900 5920
f 5899 5920 5919
f 5900 5901 5921
f 5900 5921 5920
f 5901 5902 5922
f 5901 5922 5921
f 5902 5903 5923
f 5902 5923 5922
f 5903 5904 5924
f 5903 5924 5923
f 5904 5905 5925
f 5904 5925 5924
f 5905 5906 5926
f 5905 5926 5925
f 5906 5907 5927
f 5906 5927 5926
f 5907 5908 5928
f 5907 5928 5927
f 5908 5909 5929
f 5908 5929 5928
f 5909 5910 5930
f 5909 5930 5929
f 5910 5891 5911
f 5910 5911 5930
f 5911 5912 5932
f 5911 5932 5931
f 5912 5913 5933
f 5912 5933 5932
f 5913 5914 5934
f 5913 5934 5933
f 5914 5915 5935
f 5914 5935 5934
f 5915 5916 5936
f 5915 5936 5935
f 5916 5917 5937
f 5916 5937 5936
f 5917 5918 5938
f 5917 5938 5937
f 5918 5919 5939
f 5918 5939 5938
f 5919 5920 5940
f 5919 5940 5939
f 5920 5921 5941
f 5920 5941 5940
f 5921 5922 5942
f 5921 5942 5941
f 5922 5923 5943
f 5922 5943 5942
f 5923 5924 5944
f 5923 5944 5943
f 5924 5925 5945
f 5924 5945 5944
f 5925 5926 5946
f 5925 5946 5945
f 5926 5927 5947
f 5926 5947 5946
f 5927 5928 5948
f 5927 5948 5947
f 5928 5929 5949
f 5928 5949 5948
f 5929 5930 5950
f 5929 5950 5949
f 5930 5911 5931
f 5930 5931 5950
f 5931 5932 5952
f 5931 5952 5951
f 5932 5933 5953
f 5932 5953 5952
f 5933 5934 5954
f 5933 5954 5953
f 5934 5935 5955
f 5934 5955 5954
f 5935 5936 5956
f 5935 5956 5955
f 5936 5937 5957
f 5936 5957 5956
f 5937 5938 5958
f 5937 5958 5957
f 5938 5939 5959
f 5938 5959 5958
f 5939 5940 5960
f 5939 5960 5959
f 5940 5941 5961
f 5940 5961 5960
f 5941 5942 5962
f 5941 5962 5961
f 5942 5943 5963
f 5942 5963 5962
f 5943 5944 5964
f 5943 5964 5963
f 5944 5945 5965
f 5944 5965 5964
f 5945 5946 5966
f 5945 5966 5965
f 5946 5947 5967
f 5946 5967 5966
f 5947 5948 5968
f 5947 5968 5967
f 5948 5949 5969
f 5948 5969 5968
f 5949 5950 5970
f 5949 5970 5969
f 5950 5931 5951
f 5950 5951 5970
f 5951 5952 5972
f 5951 5972 5971
f 5952 5953 5973
f 5952 5973 5972
f 5953 5954 5974
f 5953 5974 5973
f 5954 5955 5975
f 5954 5975 5974
f 5955 5956 5976
f 5955 5976 5975
f 5956 5957 5977
f 5956 5977 5976
f 5957 5958 5978
f 5957 5978 5977
f 5958 5959 5979
f 5958 5979 5978
f 5959 5960 5980
f 5959 5980 5979
f 5960 5961 5981
f 5960 5981 5980
f 5961 5962 5982
f 5961 5982 5981
f 5962 5963 5983
f 5962 5983 5982
f 5963 5964 5984
f 5963 5984 5983
f 5964 5965 5985
f 5964 5985 5984
f 5965 5966 5986
f 5965 5986 5985
f 5966 5967 5987
f 5966 5987 5986
f 5967 5968 5988
f 5967 5988 5987
f 5968 5969 5989
f 5968 5989 5988
f 5969 5970 5990
f 5969 5990 5989
f 5970 5951 5971
f 5970 5971 5990
f 5971 5972 5992
f 5971 5992 5991
f 5972 5973 5993
f 5972 5993 5992
f 5973 5974 5994
f 5973 5994 5993
f 5974 5975 5995
f 5974 5995 5994
f 5975 5976 5996
f 5975 5996 5995
f 5976 5977 5997
f 5976 5997 5996
f 5977 5978 5998
f 5977 5998 5997
f 5978 5979 5999
f 5978 5999 5998
f 5979 5980 6000
f 5979 6000 5999
f 5980 5981 6001
f 5980 6001 6000
f 5981 5982 6002
f 5981 6002 6001
f 5982 5983 6003
f 5982 6003 6002
f 5983 5984 6004
f 5983 6004 6003
f 5984 5985 6005
f 5984 6005 6004
f 5985 5986 6006
f 5985 6006 6005
f 5986 5987 6007
f 5986 6007 6006
f 5987 5988 6008
f 5987 6008 6007
f 5988 5989 6009
f 5988 6009 6008
f 5989 5990 6010
f 5989 6010 6009
f 5990 5971 5991
f 5990 5991 6010
f 5991 5992 6012
f 5991 6012 6011
f 5992 5993 6013
f 5992 6013 6012
f 5993 5994 6014
f 5993 6014 6013
f 5994 5995 6015
f 5994 6015 6014
f 5995 5996 6016
f 5995 6016 6015
f 5996 5997 6017
f 5996 6017 6016
f 5997 5998 6018
f 5997 6018 6017
f 5998 5999 6019
f 5998 6019 6018
f 5999 6000 6020
f 5999 6020 6019
f 6000 6001 6021
f 6000 6021 6020
f 6001 6002 6022
f 6001 6022 6021
f 6002 6003 6023
f 6002 6023 6022
f 6003 6004 6024
f 6003 6024 6023
f 6004 6005 6025
f 6004 6025 6024
f 6005 6006 6026
f 6005 6026 6025
f 6006 6007 6027
f 6006 6027 6026
f 6007 6008 6028
f 6007 6028 6027
f 6008 6009 6029
f 6008 6029 6028
f 6009 6010 6030
f 6009 6030 6029
f 6010 5991 6011
f 6010 6011 6030
f 6011 6012 6032
f 6011 6032 6031
f 6012 6013 6033
f 6012 6033 6032
f 6013 6014 6034
f 6013 6034 6033
f 6014 6015 6035
f 6014 6035 6034
f 6015 6016 6036
f 6015 6036 6035
f 6016 6017 6037
f 6016 6037 6036
f 6017 6018 6038
f 6017 6038 6037
f 6018 6019 6039
f 6018 6039 6038
f 6019 6020 6040
f 6019 6040 6039
f 6020 6021 6041
f 6020 6041 6040
f 6021 6022 6042
f 6021 6042 6041
f 6022 6023 6043
f 6022 6043 6042
f 6023 6024 6044
f 6023 6044 6043
f 6024 6025 6045
f 6024 6045 6044
f 6025 6026 6046
f 6025 6046 6045
f 6026 6027 6047
f 6026 6047 6046
f 6027 6028 6048
f 6027 6048 6047
f 6028 6029 6049
f 6028 6049 6048
f 6029 6030 6050
f 6029 6050 6049
f 6030 6011 6031
f 6030 6031 6050
f 6031 6032 6052
f 6031 6052 6051
f 6032 6033 6053
f 6032 6053 6052
f 6033 6034 6054
f 6033 6054 6053
f 6034 6035 6055
f 6034 6055 6054
f 6035 6036 6056
f 6035 6056 6055
f 6036 6037 6057
f 6036 6057 6056
f 6037 6038 6058
f 6037 6058 6057
f 6038 6039 6059
f 6038 6059 6058
f 6039 6040 6060
f 6039 6060 6059
f 6040 6041 6061
f 6040 6061 6060
f 6041 6042 6062
f 6041 6062 6061
f 6042 6043 6063
f 6042 6063 6062
f 6043 6044 6064
f 6043 6064 6063
f 6044 6045 6065
f 6044 6065 6064
f 6045 6046 6066
f 6045 6066 6065
f 6046 6047 6067
f 6046 6067 6066
f 6047 6048 6068
f 6047 6068 6067
f 6048 6049 6069
f 6048 6069 6068
f 6049 6050 6070
f 6049 6070 6069
f 6050 6031 6051
f 6050 6051 6070
f 6051 6052 6072
f 6051 6072 6071
f 6052 6053 6073
f 6052 6073 6072
f 6053 6054 6074
f 6053 6074 6073
f 6054 6055 6075
f 6054 6075 6074
f 6055 6056 6076
f 6055 6076 6075
f 6056 6057 6077
f 6056 6077 6076
f 6057 6058 6078
f 6057 6078 6077
f 6058 6059 6079
f 6058 6079 6078
f 6059 6060 6080
f 6059 6080 6079
f 6060 6061 6081
f 6060 6081 6080
f 6061 6062 6082
f 6061 6082 6081
f 6062 6063 6083
f 6062 6083 6082
f 6063 6064 6084
f 6063 6084 6083
f 6064 6065 6085
f 6064 6085 6084
f 6065 6066 6086
f 6065 6086 6085
f 6066 6067 6087
f 6066 6087 6086
f 6067 6068 6088
f 6067 6088 6087
f 6068 6069 6089
f 6068 6089 6088
f 6069 6070 6090
f 6069 6090 6089
f 6070 6051 6071
f 6070 6071 6090
f 6071 6072 6092
f 6071 6092 6091
f 6072 6073 6093
f 6072 6093 6092
f 6073 6074 6094
f 6073 6094 6093
f 6074 6075 6095
f 6074 6095 6094
f 6075 6076 6096
f 6075 6096 6095
f 6076 6077 6097
f 6076 6097 6096
f 6077 6078 6098
f 6077 6098 6097
f 6078 6079 6099
f 6078 6099 6098
f 6079 6080 6100
f 6079 6100 6099
f 6080 6081 6101
f 6080 6101 6100
f 6081 6082 6102
f 6081 6102 6101
f 6082 6083 6103
f 6082 6103 6102
f 6083 6084 6104
f 6083 6104 6103
f 6084 6085 6105
f 6084 6105 6104
f 6085 6086 6106
f 6085 6106 6105
f 6086 6087 6107
f 6086 6107 6106
f 6087 6088 6108
f 6087 6108 6107
f 6088 6089 6109
f 6088 6109 6108
f 6089 6090 6110
f 6089 6110 6109
f 6090 6071 6091
f 6090 6091 6110
f 6091 6092 6112
f 6091 6112 6111
f 6092 6093 6113
f 6092 6113 6112
f 6093 6094 6114
f 6093 6114 6113
f 6094 6095 6115
f 6094 6115 6114
f 6095 6096 6116
f 6095 6116 6115
f 6096 6097 6117
f 6096 6117 6116
f 6097 6098 6118
f 6097 6118 6117
f 6098 6099 6119
f 6098 6119 6118
f 6099 6100 6120
f 6099 6120 6119
f 6100 6101 6121
f 6100 6121 6120
f 6101 6102 6122
f 6101 6122 6121
f 6102 6103 6123
f 6102 6123 6122
f 6103 6104 6124
f 6103 6124 6123
f 6104 6105 6125
f 6104 6125 6124
f 6105 6106 6126
f 6105 6126 6125
f 6106 6107 6127
f 6106 6127 6126
f 6107 6108 6128
f 6107 6128 6127
f 6108 6109 6129
f 6108 6129 6128
f 6109 6110 6130
f 6109 6130 6129
f 6110 6091 6111
f 6110 6111 6130
f 6111 6112 6132
f 6111 6132 6131
f 6112 6113 6133
f 6112 6133 6132
f 6113 6114 6134
f 6113 6134 6133
f 6114 6115 6135
f 6114 6135 6134
f 6115 6116 6136
f 6115 6136 6135
f 6116 6117 6137
f 6116 6137 6136
f 6117 6118 6138
f 6117 6138 6137
f 6118 6119 6139
f 6118 6139 6138
f 6119 6120 6140
f 6119 6140 6139
f 6120 6121 6141
f 6120 6141 6140
f 6121 6122 6142
f 6121 6142 6141
f 6122 6123 6143
f 6122 6143 6142
f 6123 6124 6144
f 6123 6144 6143
f 6124 6125 6145
f 6124 6145 6144
f 6125 6126 6146
f 6125 6146 6145
f 6126 6127 6147
f 6126 6147 6146
f 6127 6128 6148
f 6127 6148 6147
f 6128 6129 6149
f 6128 6149 6148
f 6129 6130 6150
f 6129 6150 6149
f 6130 6111 6131
f 6130 6131 6150
o L_Forearm_Panel
g L_Forearm_Panel
usemtl Core_Cyan
v -0.860000 1.220000 0.290000
v -0.860000 1.220000 0.290000
v -0.860000 1.220000 0.290000
v -0.860000 1.220000 0.290000
v -0.860000 1.220000 0.290000
v -0.860000 1.220000 0.290000
v -0.860000 1.220000 0.290000
v -0.860000 1.220000 0.290000
v -0.860000 1.220000 0.290000
v -0.860000 1.220000 0.290000
v -0.860000 1.220000 0.290000
v -0.860000 1.220000 0.290000
v -0.860000 1.220000 0.290000
v -0.860000 1.220000 0.290000
v -0.860000 1.220000 0.290000
v -0.860000 1.220000 0.290000
v -0.860000 1.220000 0.290000
v -0.860000 1.220000 0.290000
v -0.860000 1.220000 0.290000
v -0.860000 1.220000 0.290000
v -0.798951 1.223437 0.290000
v -0.800464 1.223437 0.305554
v -0.805089 1.223437 0.311452
v -0.813195 1.223437 0.315167
v -0.826063 1.223437 0.317288
v -0.860000 1.223437 0.317981
v -0.893937 1.223437 0.317288
v -0.906805 1.223437 0.315167
v -0.914911 1.223437 0.311452
v -0.919536 1.223437 0.305554
v -0.921049 1.223437 0.290000
v -0.919536 1.223437 0.274446
v -0.914911 1.223437 0.268548
v -0.906805 1.223437 0.264833
v -0.893937 1.223437 0.262712
v -0.860000 1.223437 0.262019
v -0.826063 1.223437 0.262712
v -0.813195 1.223437 0.264833
v -0.805089 1.223437 0.268548
v -0.800464 1.223437 0.274446
v -0.775147 1.233879 0.290000
v -0.777250 1.233879 0.311619
v -0.783679 1.233879 0.319817
v -0.794946 1.233879 0.324981
v -0.812831 1.233879 0.327927
v -0.860000 1.233879 0.328891
v -0.907169 1.233879 0.327927
v -0.925054 1.233879 0.324981
v -0.936321 1.233879 0.319817
v -0.942750 1.233879 0.311619
v -0.944853 1.233879 0.290000
v -0.942750 1.233879 0.268381
v -0.936321 1.233879 0.260183
v -0.925054 1.233879 0.255019
v -0.907169 1.233879 0.252073
v -0.860000 1.233879 0.251109
v -0.812831 1.233879 0.252073
v -0.794946 1.233879 0.255019
v -0.783679 1.233879 0.260183
v -0.777250 1.233879 0.268381
v -0.759092 1.251821 0.290000
v -0.761593 1.251821 0.315710
v -0.769238 1.251821 0.325458
v -0.782637 1.251821 0.331599
v -0.803906 1.251821 0.335103
v -0.860000 1.251821 0.336249
v -0.916094 1.251821 0.335103
v -0.937363 1.251821 0.331599
v -0.950762 1.251821 0.325458
v -0.958407 1.251821 0.315710
v -0.960908 1.251821 0.290000
v -0.958407 1.251821 0.264290
v -0.950762 1.251821 0.254542
v -0.937363 1.251821 0.248401
v -0.916094 1.251821 0.244897
v -0.860000 1.251821 0.243751
v -0.803906 1.251821 0.244897
v -0.782637 1.251821 0.248401
v -0.769238 1.251821 0.254542
v -0.761593 1.251821 0.264290
v -0.748327 1.278579 0.290000
v -0.751095 1.278579 0.318452
v -0.759556 1.278579 0.329241
v -0.774384 1.278579 0.336037
v -0.797922 1.278579 0.339915
v -0.860000 1.278579 0.341183
v -0.922078 1.278579 0.339915
v -0.945616 1.278579 0.336037
v -0.960444 1.278579 0.329241
v -0.968905 1.278579 0.318452
v -0.971673 1.278579 0.290000
v -0.968905 1.278579 0.261548
v -0.960444 1.278579 0.250759
v -0.945616 1.278579 0.243963
v -0.922078 1.278579 0.240085
v -0.860000 1.278579 0.238817
v -0.797922 1.278579 0.240085
v -0.774384 1.278579 0.243963
v -0.759556 1.278579 0.250759
v -0.751095 1.278579 0.261548
v -0.742062 1.318251 0.290000
v -0.744985 1.318251 0.320049
v -0.753920 1.318251 0.331442
v -0.769580 1.318251 0.338620
v -0.794439 1.318251 0.342715
v -0.860000 1.318251 0.344055
v -0.925561 1.318251 0.342715
v -0.950420 1.318251 0.338620
v -0.966080 1.318251 0.331442
v -0.975015 1.318251 0.320049
v -0.977938 1.318251 0.290000
v -0.975015 1.318251 0.259951
v -0.966080 1.318251 0.248558
v -0.950420 1.318251 0.241380
v -0.925561 1.318251 0.237285
v -0.860000 1.318251 0.235945
v -0.794439 1.318251 0.237285
v -0.769580 1.318251 0.241380
v -0.753920 1.318251 0.248558
v -0.744985 1.318251 0.259951
v -0.740000 1.420000 0.290000
v -0.742973 1.420000 0.320574
v -0.752066 1.420000 0.332167
v -0.767999 1.420000 0.339470
v -0.793293 1.420000 0.343637
v -0.860000 1.420000 0.345000
v -0.926707 1.420000 0.343637
v -0.952001 1.420000 0.339470
v -0.967934 1.420000 0.332167
v -0.977027 1.420000 0.320574
v -0.980000 1.420000 0.290000
v -0.977027 1.420000 0.259426
v -0.967934 1.420000 0.247833
v -0.952001 1.420000 0.240530
v -0.926707 1.420000 0.236363
v -0.860000 1.420000 0.235000
v -0.793293 1.420000 0.236363
v -0.767999 1.420000 0.240530
v -0.752066 1.420000 0.247833
v -0.742973 1.420000 0.259426
v -0.742062 1.521749 0.290000
v -0.744985 1.521749 0.320049
v -0.753920 1.521749 0.331442
v -0.769580 1.521749 0.338620
v -0.794439 1.521749 0.342715
v -0.860000 1.521749 0.344055
v -0.925561 1.521749 0.342715
v -0.950420 1.521749 0.338620
v -0.966080 1.521749 0.331442
v -0.975015 1.521749 0.320049
v -0.977938 1.521749 0.290000
v -0.975015 1.521749 0.259951
v -0.966080 1.521749 0.248558
v -0.950420 1.521749 0.241380
v -0.925561 1.521749 0.237285
v -0.860000 1.521749 0.235945
v -0.794439 1.521749 0.237285
v -0.769580 1.521749 0.241380
v -0.753920 1.521749 0.248558
v -0.744985 1.521749 0.259951
v -0.748327 1.561421 0.290000
v -0.751095 1.561421 0.318452
v -0.759556 1.561421 0.329241
v -0.774384 1.561421 0.336037
v -0.797922 1.561421 0.339915
v -0.860000 1.561421 0.341183
v -0.922078 1.561421 0.339915
v -0.945616 1.561421 0.336037
v -0.960444 1.561421 0.329241
v -0.968905 1.561421 0.318452
v -0.971673 1.561421 0.290000
v -0.968905 1.561421 0.261548
v -0.960444 1.561421 0.250759
v -0.945616 1.561421 0.243963
v -0.922078 1.561421 0.240085
v -0.860000 1.561421 0.238817
v -0.797922 1.561421 0.240085
v -0.774384 1.561421 0.243963
v -0.759556 1.561421 0.250759
v -0.751095 1.561421 0.261548
v -0.759092 1.588179 0.290000
v -0.761593 1.588179 0.315710
v -0.769238 1.588179 0.325458
v -0.782637 1.588179 0.331599
v -0.803906 1.588179 0.335103
v -0.860000 1.588179 0.336249
v -0.916094 1.588179 0.335103
v -0.937363 1.588179 0.331599
v -0.950762 1.588179 0.325458
v -0.958407 1.588179 0.315710
v -0.960908 1.588179 0.290000
v -0.958407 1.588179 0.264290
v -0.950762 1.588179 0.254542
v -0.937363 1.588179 0.248401
v -0.916094 1.588179 0.244897
v -0.860000 1.588179 0.243751
v -0.803906 1.588179 0.244897
v -0.782637 1.588179 0.248401
v -0.769238 1.588179 0.254542
v -0.761593 1.588179 0.264290
v -0.775147 1.606121 0.290000
v -0.777250 1.606121 0.311619
v -0.783679 1.606121 0.319817
v -0.794946 1.606121 0.324981
v -0.812831 1.606121 0.327927
v -0.860000 1.606121 0.328891
v -0.907169 1.606121 0.327927
v -0.925054 1.606121 0.324981
v -0.936321 1.606121 0.319817
v -0.942750 1.606121 0.311619
v -0.944853 1.606121 0.290000
v -0.942750 1.606121 0.268381
v -0.936321 1.606121 0.260183
v -0.925054 1.606121 0.255019
v -0.907169 1.606121 0.252073
v -0.860000 1.606121 0.251109
v -0.812831 1.606121 0.252073
v -0.794946 1.606121 0.255019
v -0.783679 1.606121 0.260183
v -0.777250 1.606121 0.268381
v -0.798951 1.616563 0.290000
v -0.800464 1.616563 0.305554
v -0.805089 1.616563 0.311452
v -0.813195 1.616563 0.315167
v -0.826063 1.616563 0.317288
v -0.860000 1.616563 0.317981
v -0.893937 1.616563 0.317288
v -0.906805 1.616563 0.315167
v -0.914911 1.616563 0.311452
v -0.919536 1.616563 0.305554
v -0.921049 1.616563 0.290000
v -0.919536 1.616563 0.274446
v -0.914911 1.616563 0.268548
v -0.906805 1.616563 0.264833
v -0.893937 1.616563 0.262712
v -0.860000 1.616563 0.262019
v -0.826063 1.616563 0.262712
v -0.813195 1.616563 0.264833
v -0.805089 1.616563 0.268548
v -0.800464 1.616563 0.274446
v -0.860000 1.620000 0.290000
v -0.860000 1.620000 0.290000
v -0.860000 1.620000 0.290000
v -0.860000 1.620000 0.290000
v -0.860000 1.620000 0.290000
v -0.860000 1.620000 0.290000
v -0.860000 1.620000 0.290000
v -0.860000 1.620000 0.290000
v -0.860000 1.620000 0.290000
v -0.860000 1.620000 0.290000
v -0.860000 1.620000 0.290000
v -0.860000 1.620000 0.290000
v -0.860000 1.620000 0.290000
v -0.860000 1.620000 0.290000
v -0.860000 1.620000 0.290000
v -0.860000 1.620000 0.290000
v -0.860000 1.620000 0.290000
v -0.860000 1.620000 0.290000
v -0.860000 1.620000 0.290000
v -0.860000 1.620000 0.290000
f 6151 6152 6172
f 6151 6172 6171
f 6152 6153 6173
f 6152 6173 6172
f 6153 6154 6174
f 6153 6174 6173
f 6154 6155 6175
f 6154 6175 6174
f 6155 6156 6176
f 6155 6176 6175
f 6156 6157 6177
f 6156 6177 6176
f 6157 6158 6178
f 6157 6178 6177
f 6158 6159 6179
f 6158 6179 6178
f 6159 6160 6180
f 6159 6180 6179
f 6160 6161 6181
f 6160 6181 6180
f 6161 6162 6182
f 6161 6182 6181
f 6162 6163 6183
f 6162 6183 6182
f 6163 6164 6184
f 6163 6184 6183
f 6164 6165 6185
f 6164 6185 6184
f 6165 6166 6186
f 6165 6186 6185
f 6166 6167 6187
f 6166 6187 6186
f 6167 6168 6188
f 6167 6188 6187
f 6168 6169 6189
f 6168 6189 6188
f 6169 6170 6190
f 6169 6190 6189
f 6170 6151 6171
f 6170 6171 6190
f 6171 6172 6192
f 6171 6192 6191
f 6172 6173 6193
f 6172 6193 6192
f 6173 6174 6194
f 6173 6194 6193
f 6174 6175 6195
f 6174 6195 6194
f 6175 6176 6196
f 6175 6196 6195
f 6176 6177 6197
f 6176 6197 6196
f 6177 6178 6198
f 6177 6198 6197
f 6178 6179 6199
f 6178 6199 6198
f 6179 6180 6200
f 6179 6200 6199
f 6180 6181 6201
f 6180 6201 6200
f 6181 6182 6202
f 6181 6202 6201
f 6182 6183 6203
f 6182 6203 6202
f 6183 6184 6204
f 6183 6204 6203
f 6184 6185 6205
f 6184 6205 6204
f 6185 6186 6206
f 6185 6206 6205
f 6186 6187 6207
f 6186 6207 6206
f 6187 6188 6208
f 6187 6208 6207
f 6188 6189 6209
f 6188 6209 6208
f 6189 6190 6210
f 6189 6210 6209
f 6190 6171 6191
f 6190 6191 6210
f 6191 6192 6212
f 6191 6212 6211
f 6192 6193 6213
f 6192 6213 6212
f 6193 6194 6214
f 6193 6214 6213
f 6194 6195 6215
f 6194 6215 6214
f 6195 6196 6216
f 6195 6216 6215
f 6196 6197 6217
f 6196 6217 6216
f 6197 6198 6218
f 6197 6218 6217
f 6198 6199 6219
f 6198 6219 6218
f 6199 6200 6220
f 6199 6220 6219
f 6200 6201 6221
f 6200 6221 6220
f 6201 6202 6222
f 6201 6222 6221
f 6202 6203 6223
f 6202 6223 6222
f 6203 6204 6224
f 6203 6224 6223
f 6204 6205 6225
f 6204 6225 6224
f 6205 6206 6226
f 6205 6226 6225
f 6206 6207 6227
f 6206 6227 6226
f 6207 6208 6228
f 6207 6228 6227
f 6208 6209 6229
f 6208 6229 6228
f 6209 6210 6230
f 6209 6230 6229
f 6210 6191 6211
f 6210 6211 6230
f 6211 6212 6232
f 6211 6232 6231
f 6212 6213 6233
f 6212 6233 6232
f 6213 6214 6234
f 6213 6234 6233
f 6214 6215 6235
f 6214 6235 6234
f 6215 6216 6236
f 6215 6236 6235
f 6216 6217 6237
f 6216 6237 6236
f 6217 6218 6238
f 6217 6238 6237
f 6218 6219 6239
f 6218 6239 6238
f 6219 6220 6240
f 6219 6240 6239
f 6220 6221 6241
f 6220 6241 6240
f 6221 6222 6242
f 6221 6242 6241
f 6222 6223 6243
f 6222 6243 6242
f 6223 6224 6244
f 6223 6244 6243
f 6224 6225 6245
f 6224 6245 6244
f 6225 6226 6246
f 6225 6246 6245
f 6226 6227 6247
f 6226 6247 6246
f 6227 6228 6248
f 6227 6248 6247
f 6228 6229 6249
f 6228 6249 6248
f 6229 6230 6250
f 6229 6250 6249
f 6230 6211 6231
f 6230 6231 6250
f 6231 6232 6252
f 6231 6252 6251
f 6232 6233 6253
f 6232 6253 6252
f 6233 6234 6254
f 6233 6254 6253
f 6234 6235 6255
f 6234 6255 6254
f 6235 6236 6256
f 6235 6256 6255
f 6236 6237 6257
f 6236 6257 6256
f 6237 6238 6258
f 6237 6258 6257
f 6238 6239 6259
f 6238 6259 6258
f 6239 6240 6260
f 6239 6260 6259
f 6240 6241 6261
f 6240 6261 6260
f 6241 6242 6262
f 6241 6262 6261
f 6242 6243 6263
f 6242 6263 6262
f 6243 6244 6264
f 6243 6264 6263
f 6244 6245 6265
f 6244 6265 6264
f 6245 6246 6266
f 6245 6266 6265
f 6246 6247 6267
f 6246 6267 6266
f 6247 6248 6268
f 6247 6268 6267
f 6248 6249 6269
f 6248 6269 6268
f 6249 6250 6270
f 6249 6270 6269
f 6250 6231 6251
f 6250 6251 6270
f 6251 6252 6272
f 6251 6272 6271
f 6252 6253 6273
f 6252 6273 6272
f 6253 6254 6274
f 6253 6274 6273
f 6254 6255 6275
f 6254 6275 6274
f 6255 6256 6276
f 6255 6276 6275
f 6256 6257 6277
f 6256 6277 6276
f 6257 6258 6278
f 6257 6278 6277
f 6258 6259 6279
f 6258 6279 6278
f 6259 6260 6280
f 6259 6280 6279
f 6260 6261 6281
f 6260 6281 6280
f 6261 6262 6282
f 6261 6282 6281
f 6262 6263 6283
f 6262 6283 6282
f 6263 6264 6284
f 6263 6284 6283
f 6264 6265 6285
f 6264 6285 6284
f 6265 6266 6286
f 6265 6286 6285
f 6266 6267 6287
f 6266 6287 6286
f 6267 6268 6288
f 6267 6288 6287
f 6268 6269 6289
f 6268 6289 6288
f 6269 6270 6290
f 6269 6290 6289
f 6270 6251 6271
f 6270 6271 6290
f 6271 6272 6292
f 6271 6292 6291
f 6272 6273 6293
f 6272 6293 6292
f 6273 6274 6294
f 6273 6294 6293
f 6274 6275 6295
f 6274 6295 6294
f 6275 6276 6296
f 6275 6296 6295
f 6276 6277 6297
f 6276 6297 6296
f 6277 6278 6298
f 6277 6298 6297
f 6278 6279 6299
f 6278 6299 6298
f 6279 6280 6300
f 6279 6300 6299
f 6280 6281 6301
f 6280 6301 6300
f 6281 6282 6302
f 6281 6302 6301
f 6282 6283 6303
f 6282 6303 6302
f 6283 6284 6304
f 6283 6304 6303
f 6284 6285 6305
f 6284 6305 6304
f 6285 6286 6306
f 6285 6306 6305
f 6286 6287 6307
f 6286 6307 6306
f 6287 6288 6308
f 6287 6308 6307
f 6288 6289 6309
f 6288 6309 6308
f 6289 6290 6310
f 6289 6310 6309
f 6290 6271 6291
f 6290 6291 6310
f 6291 6292 6312
f 6291 6312 6311
f 6292 6293 6313
f 6292 6313 6312
f 6293 6294 6314
f 6293 6314 6313
f 6294 6295 6315
f 6294 6315 6314
f 6295 6296 6316
f 6295 6316 6315
f 6296 6297 6317
f 6296 6317 6316
f 6297 6298 6318
f 6297 6318 6317
f 6298 6299 6319
f 6298 6319 6318
f 6299 6300 6320
f 6299 6320 6319
f 6300 6301 6321
f 6300 6321 6320
f 6301 6302 6322
f 6301 6322 6321
f 6302 6303 6323
f 6302 6323 6322
f 6303 6304 6324
f 6303 6324 6323
f 6304 6305 6325
f 6304 6325 6324
f 6305 6306 6326
f 6305 6326 6325
f 6306 6307 6327
f 6306 6327 6326
f 6307 6308 6328
f 6307 6328 6327
f 6308 6309 6329
f 6308 6329 6328
f 6309 6310 6330
f 6309 6330 6329
f 6310 6291 6311
f 6310 6311 6330
f 6311 6312 6332
f 6311 6332 6331
f 6312 6313 6333
f 6312 6333 6332
f 6313 6314 6334
f 6313 6334 6333
f 6314 6315 6335
f 6314 6335 6334
f 6315 6316 6336
f 6315 6336 6335
f 6316 6317 6337
f 6316 6337 6336
f 6317 6318 6338
f 6317 6338 6337
f 6318 6319 6339
f 6318 6339 6338
f 6319 6320 6340
f 6319 6340 6339
f 6320 6321 6341
f 6320 6341 6340
f 6321 6322 6342
f 6321 6342 6341
f 6322 6323 6343
f 6322 6343 6342
f 6323 6324 6344
f 6323 6344 6343
f 6324 6325 6345
f 6324 6345 6344
f 6325 6326 6346
f 6325 6346 6345
f 6326 6327 6347
f 6326 6347 6346
f 6327 6328 6348
f 6327 6348 6347
f 6328 6329 6349
f 6328 6349 6348
f 6329 6330 6350
f 6329 6350 6349
f 6330 6311 6331
f 6330 6331 6350
f 6331 6332 6352
f 6331 6352 6351
f 6332 6333 6353
f 6332 6353 6352
f 6333 6334 6354
f 6333 6354 6353
f 6334 6335 6355
f 6334 6355 6354
f 6335 6336 6356
f 6335 6356 6355
f 6336 6337 6357
f 6336 6357 6356
f 6337 6338 6358
f 6337 6358 6357
f 6338 6339 6359
f 6338 6359 6358
f 6339 6340 6360
f 6339 6360 6359
f 6340 6341 6361
f 6340 6361 6360
f 6341 6342 6362
f 6341 6362 6361
f 6342 6343 6363
f 6342 6363 6362
f 6343 6344 6364
f 6343 6364 6363
f 6344 6345 6365
f 6344 6365 6364
f 6345 6346 6366
f 6345 6366 6365
f 6346 6347 6367
f 6346 6367 6366
f 6347 6348 6368
f 6347 6368 6367
f 6348 6349 6369
f 6348 6369 6368
f 6349 6350 6370
f 6349 6370 6369
f 6350 6331 6351
f 6350 6351 6370
f 6351 6352 6372
f 6351 6372 6371
f 6352 6353 6373
f 6352 6373 6372
f 6353 6354 6374
f 6353 6374 6373
f 6354 6355 6375
f 6354 6375 6374
f 6355 6356 6376
f 6355 6376 6375
f 6356 6357 6377
f 6356 6377 6376
f 6357 6358 6378
f 6357 6378 6377
f 6358 6359 6379
f 6358 6379 6378
f 6359 6360 6380
f 6359 6380 6379
f 6360 6361 6381
f 6360 6381 6380
f 6361 6362 6382
f 6361 6382 6381
f 6362 6363 6383
f 6362 6383 6382
f 6363 6364 6384
f 6363 6384 6383
f 6364 6365 6385
f 6364 6385 6384
f 6365 6366 6386
f 6365 6386 6385
f 6366 6367 6387
f 6366 6387 6386
f 6367 6368 6388
f 6367 6388 6387
f 6368 6369 6389
f 6368 6389 6388
f 6369 6370 6390
f 6369 6390 6389
f 6370 6351 6371
f 6370 6371 6390
f 6371 6372 6392
f 6371 6392 6391
f 6372 6373 6393
f 6372 6393 6392
f 6373 6374 6394
f 6373 6394 6393
f 6374 6375 6395
f 6374 6395 6394
f 6375 6376 6396
f 6375 6396 6395
f 6376 6377 6397
f 6376 6397 6396
f 6377 6378 6398
f 6377 6398 6397
f 6378 6379 6399
f 6378 6399 6398
f 6379 6380 6400
f 6379 6400 6399
f 6380 6381 6401
f 6380 6401 6400
f 6381 6382 6402
f 6381 6402 6401
f 6382 6383 6403
f 6382 6403 6402
f 6383 6384 6404
f 6383 6404 6403
f 6384 6385 6405
f 6384 6405 6404
f 6385 6386 6406
f 6385 6406 6405
f 6386 6387 6407
f 6386 6407 6406
f 6387 6388 6408
f 6387 6408 6407
f 6388 6389 6409
f 6388 6409 6408
f 6389 6390 6410
f 6389 6410 6409
f 6390 6371 6391
f 6390 6391 6410
o L_Fist
g L_Fist
usemtl Gunmetal
v -0.880000 0.790000 0.070000
v -0.880000 0.790000 0.070000
v -0.880000 0.790000 0.070000
v -0.880000 0.790000 0.070000
v -0.880000 0.790000 0.070000
v -0.880000 0.790000 0.070000
v -0.880000 0.790000 0.070000
v -0.880000 0.790000 0.070000
v -0.880000 0.790000 0.070000
v -0.880000 0.790000 0.070000
v -0.880000 0.790000 0.070000
v -0.880000 0.790000 0.070000
v -0.880000 0.790000 0.070000
v -0.880000 0.790000 0.070000
v -0.880000 0.790000 0.070000
v -0.880000 0.790000 0.070000
v -0.880000 0.790000 0.070000
v -0.880000 0.790000 0.070000
v -0.880000 0.790000 0.070000
v -0.880000 0.790000 0.070000
v -0.746055 0.793305 0.070000
v -0.748717 0.793305 0.150097
v -0.756942 0.793305 0.173588
v -0.771704 0.793305 0.187708
v -0.796263 0.793305 0.195575
v -0.880000 0.793305 0.198121
v -0.963737 0.793305 0.195575
v -0.988296 0.793305 0.187708
v -1.003058 0.793305 0.173588
v -1.011283 0.793305 0.150097
v -1.013945 0.793305 0.070000
v -1.011283 0.793305 -0.010097
v -1.003058 0.793305 -0.033588
v -0.988296 0.793305 -0.047708
v -0.963737 0.793305 -0.055575
v -0.880000 0.793305 -0.058121
v -0.796263 0.793305 -0.055575
v -0.771704 0.793305 -0.047708
v -0.756942 0.793305 -0.033588
v -0.748717 0.793305 -0.010097
v -0.705693 0.803419 0.070000
v -0.709157 0.803419 0.174233
v -0.719860 0.803419 0.204803
v -0.739070 0.803419 0.223177
v -0.771030 0.803419 0.233415
v -0.880000 0.803419 0.236729
v -0.988970 0.803419 0.233415
v -1.020930 0.803419 0.223177
v -1.040140 0.803419 0.204803
v -1.050843 0.803419 0.174233
v -1.054307 0.803419 0.070000
v -1.050843 0.803419 -0.034233
v -1.040140 0.803419 -0.064803
v -1.020930 0.803419 -0.083177
v -0.988970 0.803419 -0.093415
v -0.880000 0.803419 -0.096729
v -0.771030 0.803419 -0.093415
v -0.739070 0.803419 -0.083177
v -0.719860 0.803419 -0.064803
v -0.709157 0.803419 -0.034233
v -0.679773 0.821068 0.070000
v -0.683752 0.821068 0.189732
v -0.696048 0.821068 0.224847
v -0.718114 0.821068 0.245954
v -0.754826 0.821068 0.257715
v -0.880000 0.821068 0.261521
v -1.005174 0.821068 0.257715
v -1.041886 0.821068 0.245954
v -1.063952 0.821068 0.224847
v -1.076248 0.821068 0.189732
v -1.080227 0.821068 0.070000
v -1.076248 0.821068 -0.049732
v -1.063952 0.821068 -0.084847
v -1.041886 0.821068 -0.105954
v -1.005174 0.821068 -0.117715
v -0.880000 0.821068 -0.121521
v -0.754826 0.821068 -0.117715
v -0.718114 0.821068 -0.105954
v -0.696048 0.821068 -0.084847
v -0.683752 0.821068 -0.049732
v -0.662860 0.848114 0.070000
v -0.667175 0.848114 0.199846
v -0.680509 0.848114 0.237928
v -0.704439 0.848114 0.260817
v -0.744252 0.848114 0.273572
v -0.880000 0.848114 0.277699
v -1.015748 0.848114 0.273572
v -1.055561 0.848114 0.260817
v -1.079491 0.848114 0.237928
v -1.092825 0.848114 0.199846
v -1.097140 0.848114 0.070000
v -1.092825 0.848114 -0.059846
v -1.079491 0.848114 -0.097928
v -1.055561 0.848114 -0.120817
v -1.015748 0.848114 -0.133572
v -0.880000 0.848114 -0.137699
v -0.744252 0.848114 -0.133572
v -0.704439 0.848114 -0.120817
v -0.680509 0.848114 -0.097928
v -0.667175 0.848114 -0.059846
v -0.653167 0.890231 0.070000
v -0.657675 0.890231 0.205642
v -0.671604 0.890231 0.245423
v -0.696603 0.890231 0.269335
v -0.738193 0.890231 0.282658
v -0.880000 0.890231 0.286970
v -1.021807 0.890231 0.282658
v -1.063397 0.890231 0.269335
v -1.088396 0.890231 0.245423
v -1.102325 0.890231 0.205642
v -1.106833 0.890231 0.070000
v -1.102325 0.890231 -0.065642
v -1.088396 0.890231 -0.105423
v -1.063397 0.890231 -0.129335
v -1.021807 0.890231 -0.142658
v -0.880000 0.890231 -0.146970
v -0.738193 0.890231 -0.142658
v -0.696603 0.890231 -0.129335
v -0.671604 0.890231 -0.105423
v -0.657675 0.890231 -0.065642
v -0.650000 1.030000 0.070000
v -0.654571 1.030000 0.207536
v -0.668694 1.030000 0.247873
v -0.694042 1.030000 0.272118
v -0.736213 1.030000 0.285628
v -0.880000 1.030000 0.290000
v -1.023787 1.030000 0.285628
v -1.065958 1.030000 0.272118
v -1.091306 1.030000 0.247873
v -1.105429 1.030000 0.207536
v -1.110000 1.030000 0.070000
v -1.105429 1.030000 -0.067536
v -1.091306 1.030000 -0.107873
v -1.065958 1.030000 -0.132118
v -1.023787 1.030000 -0.145628
v -0.880000 1.030000 -0.150000
v -0.736213 1.030000 -0.145628
v -0.694042 1.030000 -0.132118
v -0.668694 1.030000 -0.107873
v -0.654571 1.030000 -0.067536
v -0.653167 1.169769 0.070000
v -0.657675 1.169769 0.205642
v -0.671604 1.169769 0.245423
v -0.696603 1.169769 0.269335
v -0.738193 1.169769 0.282658
v -0.880000 1.169769 0.286970
v -1.021807 1.169769 0.282658
v -1.063397 1.169769 0.269335
v -1.088396 1.169769 0.245423
v -1.102325 1.169769 0.205642
v -1.106833 1.169769 0.070000
v -1.102325 1.169769 -0.065642
v -1.088396 1.169769 -0.105423
v -1.063397 1.169769 -0.129335
v -1.021807 1.169769 -0.142658
v -0.880000 1.169769 -0.146970
v -0.738193 1.169769 -0.142658
v -0.696603 1.169769 -0.129335
v -0.671604 1.169769 -0.105423
v -0.657675 1.169769 -0.065642
v -0.662860 1.211886 0.070000
v -0.667175 1.211886 0.199846
v -0.680509 1.211886 0.237928
v -0.704439 1.211886 0.260817
v -0.744252 1.211886 0.273572
v -0.880000 1.211886 0.277699
v -1.015748 1.211886 0.273572
v -1.055561 1.211886 0.260817
v -1.079491 1.211886 0.237928
v -1.092825 1.211886 0.199846
v -1.097140 1.211886 0.070000
v -1.092825 1.211886 -0.059846
v -1.079491 1.211886 -0.097928
v -1.055561 1.211886 -0.120817
v -1.015748 1.211886 -0.133572
v -0.880000 1.211886 -0.137699
v -0.744252 1.211886 -0.133572
v -0.704439 1.211886 -0.120817
v -0.680509 1.211886 -0.097928
v -0.667175 1.211886 -0.059846
v -0.679773 1.238932 0.070000
v -0.683752 1.238932 0.189732
v -0.696048 1.238932 0.224847
v -0.718114 1.238932 0.245954
v -0.754826 1.238932 0.257715
v -0.880000 1.238932 0.261521
v -1.005174 1.238932 0.257715
v -1.041886 1.238932 0.245954
v -1.063952 1.238932 0.224847
v -1.076248 1.238932 0.189732
v -1.080227 1.238932 0.070000
v -1.076248 1.238932 -0.049732
v -1.063952 1.238932 -0.084847
v -1.041886 1.238932 -0.105954
v -1.005174 1.238932 -0.117715
v -0.880000 1.238932 -0.121521
v -0.754826 1.238932 -0.117715
v -0.718114 1.238932 -0.105954
v -0.696048 1.238932 -0.084847
v -0.683752 1.238932 -0.049732
v -0.705693 1.256581 0.070000
v -0.709157 1.256581 0.174233
v -0.719860 1.256581 0.204803
v -0.739070 1.256581 0.223177
v -0.771030 1.256581 0.233415
v -0.880000 1.256581 0.236729
v -0.988970 1.256581 0.233415
v -1.020930 1.256581 0.223177
v -1.040140 1.256581 0.204803
v -1.050843 1.256581 0.174233
v -1.054307 1.256581 0.070000
v -1.050843 1.256581 -0.034233
v -1.040140 1.256581 -0.064803
v -1.020930 1.256581 -0.083177
v -0.988970 1.256581 -0.093415
v -0.880000 1.256581 -0.096729
v -0.771030 1.256581 -0.093415
v -0.739070 1.256581 -0.083177
v -0.719860 1.256581 -0.064803
v -0.709157 1.256581 -0.034233
v -0.746055 1.266695 0.070000
v -0.748717 1.266695 0.150097
v -0.756942 1.266695 0.173588
v -0.771704 1.266695 0.187708
v -0.796263 1.266695 0.195575
v -0.880000 1.266695 0.198121
v -0.963737 1.266695 0.195575
v -0.988296 1.266695 0.187708
v -1.003058 1.266695 0.173588
v -1.011283 1.266695 0.150097
v -1.013945 1.266695 0.070000
v -1.011283 1.266695 -0.010097
v -1.003058 1.266695 -0.033588
v -0.988296 1.266695 -0.047708
v -0.963737 1.266695 -0.055575
v -0.880000 1.266695 -0.058121
v -0.796263 1.266695 -0.055575
v -0.771704 1.266695 -0.047708
v -0.756942 1.266695 -0.033588
v -0.748717 1.266695 -0.010097
v -0.880000 1.270000 0.070000
v -0.880000 1.270000 0.070000
v -0.880000 1.270000 0.070000
v -0.880000 1.270000 0.070000
v -0.880000 1.270000 0.070000
v -0.880000 1.270000 0.070000
v -0.880000 1.270000 0.070000
v -0.880000 1.270000 0.070000
v -0.880000 1.270000 0.070000
v -0.880000 1.270000 0.070000
v -0.880000 1.270000 0.070000
v -0.880000 1.270000 0.070000
v -0.880000 1.270000 0.070000
v -0.880000 1.270000 0.070000
v -0.880000 1.270000 0.070000
v -0.880000 1.270000 0.070000
v -0.880000 1.270000 0.070000
v -0.880000 1.270000 0.070000
v -0.880000 1.270000 0.070000
v -0.880000 1.270000 0.070000
f 6411 6412 6432
f 6411 6432 6431
f 6412 6413 6433
f 6412 6433 6432
f 6413 6414 6434
f 6413 6434 6433
f 6414 6415 6435
f 6414 6435 6434
f 6415 6416 6436
f 6415 6436 6435
f 6416 6417 6437
f 6416 6437 6436
f 6417 6418 6438
f 6417 6438 6437
f 6418 6419 6439
f 6418 6439 6438
f 6419 6420 6440
f 6419 6440 6439
f 6420 6421 6441
f 6420 6441 6440
f 6421 6422 6442
f 6421 6442 6441
f 6422 6423 6443
f 6422 6443 6442
f 6423 6424 6444
f 6423 6444 6443
f 6424 6425 6445
f 6424 6445 6444
f 6425 6426 6446
f 6425 6446 6445
f 6426 6427 6447
f 6426 6447 6446
f 6427 6428 6448
f 6427 6448 6447
f 6428 6429 6449
f 6428 6449 6448
f 6429 6430 6450
f 6429 6450 6449
f 6430 6411 6431
f 6430 6431 6450
f 6431 6432 6452
f 6431 6452 6451
f 6432 6433 6453
f 6432 6453 6452
f 6433 6434 6454
f 6433 6454 6453
f 6434 6435 6455
f 6434 6455 6454
f 6435 6436 6456
f 6435 6456 6455
f 6436 6437 6457
f 6436 6457 6456
f 6437 6438 6458
f 6437 6458 6457
f 6438 6439 6459
f 6438 6459 6458
f 6439 6440 6460
f 6439 6460 6459
f 6440 6441 6461
f 6440 6461 6460
f 6441 6442 6462
f 6441 6462 6461
f 6442 6443 6463
f 6442 6463 6462
f 6443 6444 6464
f 6443 6464 6463
f 6444 6445 6465
f 6444 6465 6464
f 6445 6446 6466
f 6445 6466 6465
f 6446 6447 6467
f 6446 6467 6466
f 6447 6448 6468
f 6447 6468 6467
f 6448 6449 6469
f 6448 6469 6468
f 6449 6450 6470
f 6449 6470 6469
f 6450 6431 6451
f 6450 6451 6470
f 6451 6452 6472
f 6451 6472 6471
f 6452 6453 6473
f 6452 6473 6472
f 6453 6454 6474
f 6453 6474 6473
f 6454 6455 6475
f 6454 6475 6474
f 6455 6456 6476
f 6455 6476 6475
f 6456 6457 6477
f 6456 6477 6476
f 6457 6458 6478
f 6457 6478 6477
f 6458 6459 6479
f 6458 6479 6478
f 6459 6460 6480
f 6459 6480 6479
f 6460 6461 6481
f 6460 6481 6480
f 6461 6462 6482
f 6461 6482 6481
f 6462 6463 6483
f 6462 6483 6482
f 6463 6464 6484
f 6463 6484 6483
f 6464 6465 6485
f 6464 6485 6484
f 6465 6466 6486
f 6465 6486 6485
f 6466 6467 6487
f 6466 6487 6486
f 6467 6468 6488
f 6467 6488 6487
f 6468 6469 6489
f 6468 6489 6488
f 6469 6470 6490
f 6469 6490 6489
f 6470 6451 6471
f 6470 6471 6490
f 6471 6472 6492
f 6471 6492 6491
f 6472 6473 6493
f 6472 6493 6492
f 6473 6474 6494
f 6473 6494 6493
f 6474 6475 6495
f 6474 6495 6494
f 6475 6476 6496
f 6475 6496 6495
f 6476 6477 6497
f 6476 6497 6496
f 6477 6478 6498
f 6477 6498 6497
f 6478 6479 6499
f 6478 6499 6498
f 6479 6480 6500
f 6479 6500 6499
f 6480 6481 6501
f 6480 6501 6500
f 6481 6482 6502
f 6481 6502 6501
f 6482 6483 6503
f 6482 6503 6502
f 6483 6484 6504
f 6483 6504 6503
f 6484 6485 6505
f 6484 6505 6504
f 6485 6486 6506
f 6485 6506 6505
f 6486 6487 6507
f 6486 6507 6506
f 6487 6488 6508
f 6487 6508 6507
f 6488 6489 6509
f 6488 6509 6508
f 6489 6490 6510
f 6489 6510 6509
f 6490 6471 6491
f 6490 6491 6510
f 6491 6492 6512
f 6491 6512 6511
f 6492 6493 6513
f 6492 6513 6512
f 6493 6494 6514
f 6493 6514 6513
f 6494 6495 6515
f 6494 6515 6514
f 6495 6496 6516
f 6495 6516 6515
f 6496 6497 6517
f 6496 6517 6516
f 6497 6498 6518
f 6497 6518 6517
f 6498 6499 6519
f 6498 6519 6518
f 6499 6500 6520
f 6499 6520 6519
f 6500 6501 6521
f 6500 6521 6520
f 6501 6502 6522
f 6501 6522 6521
f 6502 6503 6523
f 6502 6523 6522
f 6503 6504 6524
f 6503 6524 6523
f 6504 6505 6525
f 6504 6525 6524
f 6505 6506 6526
f 6505 6526 6525
f 6506 6507 6527
f 6506 6527 6526
f 6507 6508 6528
f 6507 6528 6527
f 6508 6509 6529
f 6508 6529 6528
f 6509 6510 6530
f 6509 6530 6529
f 6510 6491 6511
f 6510 6511 6530
f 6511 6512 6532
f 6511 6532 6531
f 6512 6513 6533
f 6512 6533 6532
f 6513 6514 6534
f 6513 6534 6533
f 6514 6515 6535
f 6514 6535 6534
f 6515 6516 6536
f 6515 6536 6535
f 6516 6517 6537
f 6516 6537 6536
f 6517 6518 6538
f 6517 6538 6537
f 6518 6519 6539
f 6518 6539 6538
f 6519 6520 6540
f 6519 6540 6539
f 6520 6521 6541
f 6520 6541 6540
f 6521 6522 6542
f 6521 6542 6541
f 6522 6523 6543
f 6522 6543 6542
f 6523 6524 6544
f 6523 6544 6543
f 6524 6525 6545
f 6524 6545 6544
f 6525 6526 6546
f 6525 6546 6545
f 6526 6527 6547
f 6526 6547 6546
f 6527 6528 6548
f 6527 6548 6547
f 6528 6529 6549
f 6528 6549 6548
f 6529 6530 6550
f 6529 6550 6549
f 6530 6511 6531
f 6530 6531 6550
f 6531 6532 6552
f 6531 6552 6551
f 6532 6533 6553
f 6532 6553 6552
f 6533 6534 6554
f 6533 6554 6553
f 6534 6535 6555
f 6534 6555 6554
f 6535 6536 6556
f 6535 6556 6555
f 6536 6537 6557
f 6536 6557 6556
f 6537 6538 6558
f 6537 6558 6557
f 6538 6539 6559
f 6538 6559 6558
f 6539 6540 6560
f 6539 6560 6559
f 6540 6541 6561
f 6540 6561 6560
f 6541 6542 6562
f 6541 6562 6561
f 6542 6543 6563
f 6542 6563 6562
f 6543 6544 6564
f 6543 6564 6563
f 6544 6545 6565
f 6544 6565 6564
f 6545 6546 6566
f 6545 6566 6565
f 6546 6547 6567
f 6546 6567 6566
f 6547 6548 6568
f 6547 6568 6567
f 6548 6549 6569
f 6548 6569 6568
f 6549 6550 6570
f 6549 6570 6569
f 6550 6531 6551
f 6550 6551 6570
f 6551 6552 6572
f 6551 6572 6571
f 6552 6553 6573
f 6552 6573 6572
f 6553 6554 6574
f 6553 6574 6573
f 6554 6555 6575
f 6554 6575 6574
f 6555 6556 6576
f 6555 6576 6575
f 6556 6557 6577
f 6556 6577 6576
f 6557 6558 6578
f 6557 6578 6577
f 6558 6559 6579
f 6558 6579 6578
f 6559 6560 6580
f 6559 6580 6579
f 6560 6561 6581
f 6560 6581 6580
f 6561 6562 6582
f 6561 6582 6581
f 6562 6563 6583
f 6562 6583 6582
f 6563 6564 6584
f 6563 6584 6583
f 6564 6565 6585
f 6564 6585 6584
f 6565 6566 6586
f 6565 6586 6585
f 6566 6567 6587
f 6566 6587 6586
f 6567 6568 6588
f 6567 6588 6587
f 6568 6569 6589
f 6568 6589 6588
f 6569 6570 6590
f 6569 6590 6589
f 6570 6551 6571
f 6570 6571 6590
f 6571 6572 6592
f 6571 6592 6591
f 6572 6573 6593
f 6572 6593 6592
f 6573 6574 6594
f 6573 6594 6593
f 6574 6575 6595
f 6574 6595 6594
f 6575 6576 6596
f 6575 6596 6595
f 6576 6577 6597
f 6576 6597 6596
f 6577 6578 6598
f 6577 6598 6597
f 6578 6579 6599
f 6578 6599 6598
f 6579 6580 6600
f 6579 6600 6599
f 6580 6581 6601
f 6580 6601 6600
f 6581 6582 6602
f 6581 6602 6601
f 6582 6583 6603
f 6582 6603 6602
f 6583 6584 6604
f 6583 6604 6603
f 6584 6585 6605
f 6584 6605 6604
f 6585 6586 6606
f 6585 6606 6605
f 6586 6587 6607
f 6586 6607 6606
f 6587 6588 6608
f 6587 6608 6607
f 6588 6589 6609
f 6588 6609 6608
f 6589 6590 6610
f 6589 6610 6609
f 6590 6571 6591
f 6590 6591 6610
f 6591 6592 6612
f 6591 6612 6611
f 6592 6593 6613
f 6592 6613 6612
f 6593 6594 6614
f 6593 6614 6613
f 6594 6595 6615
f 6594 6615 6614
f 6595 6596 6616
f 6595 6616 6615
f 6596 6597 6617
f 6596 6617 6616
f 6597 6598 6618
f 6597 6618 6617
f 6598 6599 6619
f 6598 6619 6618
f 6599 6600 6620
f 6599 6620 6619
f 6600 6601 6621
f 6600 6621 6620
f 6601 6602 6622
f 6601 6622 6621
f 6602 6603 6623
f 6602 6623 6622
f 6603 6604 6624
f 6603 6624 6623
f 6604 6605 6625
f 6604 6625 6624
f 6605 6606 6626
f 6605 6626 6625
f 6606 6607 6627
f 6606 6627 6626
f 6607 6608 6628
f 6607 6628 6627
f 6608 6609 6629
f 6608 6629 6628
f 6609 6610 6630
f 6609 6630 6629
f 6610 6591 6611
f 6610 6611 6630
f 6611 6612 6632
f 6611 6632 6631
f 6612 6613 6633
f 6612 6633 6632
f 6613 6614 6634
f 6613 6634 6633
f 6614 6615 6635
f 6614 6635 6634
f 6615 6616 6636
f 6615 6636 6635
f 6616 6617 6637
f 6616 6637 6636
f 6617 6618 6638
f 6617 6638 6637
f 6618 6619 6639
f 6618 6639 6638
f 6619 6620 6640
f 6619 6640 6639
f 6620 6621 6641
f 6620 6641 6640
f 6621 6622 6642
f 6621 6642 6641
f 6622 6623 6643
f 6622 6643 6642
f 6623 6624 6644
f 6623 6644 6643
f 6624 6625 6645
f 6624 6645 6644
f 6625 6626 6646
f 6625 6646 6645
f 6626 6627 6647
f 6626 6647 6646
f 6627 6628 6648
f 6627 6648 6647
f 6628 6629 6649
f 6628 6649 6648
f 6629 6630 6650
f 6629 6650 6649
f 6630 6611 6631
f 6630 6631 6650
f 6631 6632 6652
f 6631 6652 6651
f 6632 6633 6653
f 6632 6653 6652
f 6633 6634 6654
f 6633 6654 6653
f 6634 6635 6655
f 6634 6655 6654
f 6635 6636 6656
f 6635 6656 6655
f 6636 6637 6657
f 6636 6657 6656
f 6637 6638 6658
f 6637 6658 6657
f 6638 6639 6659
f 6638 6659 6658
f 6639 6640 6660
f 6639 6660 6659
f 6640 6641 6661
f 6640 6661 6660
f 6641 6642 6662
f 6641 6662 6661
f 6642 6643 6663
f 6642 6663 6662
f 6643 6644 6664
f 6643 6664 6663
f 6644 6645 6665
f 6644 6665 6664
f 6645 6646 6666
f 6645 6666 6665
f 6646 6647 6667
f 6646 6667 6666
f 6647 6648 6668
f 6647 6668 6667
f 6648 6649 6669
f 6648 6669 6668
f 6649 6650 6670
f 6649 6670 6669
f 6650 6631 6651
f 6650 6651 6670
o R_Shoulder_Joint
g R_Shoulder_Joint
usemtl Gunmetal
v 0.670000 1.990000 0.000000
v 0.670000 1.990000 0.000000
v 0.670000 1.990000 0.000000
v 0.670000 1.990000 0.000000
v 0.670000 1.990000 0.000000
v 0.670000 1.990000 0.000000
v 0.670000 1.990000 0.000000
v 0.670000 1.990000 0.000000
v 0.670000 1.990000 0.000000
v 0.670000 1.990000 0.000000
v 0.670000 1.990000 0.000000
v 0.670000 1.990000 -0.000000
v 0.670000 1.990000 -0.000000
v 0.670000 1.990000 -0.000000
v 0.670000 1.990000 -0.000000
v 0.670000 1.990000 -0.000000
v 0.670000 1.990000 -0.000000
v 0.670000 1.990000 -0.000000
v 0.670000 1.990000 -0.000000
v 0.670000 1.990000 -0.000000
v 0.734705 1.998519 0.000000
v 0.731538 1.998519 0.019995
v 0.722347 1.998519 0.038033
v 0.708033 1.998519 0.052347
v 0.689995 1.998519 0.061538
v 0.670000 1.998519 0.064705
v 0.650005 1.998519 0.061538
v 0.631967 1.998519 0.052347
v 0.617653 1.998519 0.038033
v 0.608462 1.998519 0.019995
v 0.605295 1.998519 0.000000
v 0.608462 1.998519 -0.019995
v 0.617653 1.998519 -0.038033
v 0.631967 1.998519 -0.052347
v 0.650005 1.998519 -0.061538
v 0.670000 1.998519 -0.064705
v 0.689995 1.998519 -0.061538
v 0.708033 1.998519 -0.052347
v 0.722347 1.998519 -0.038033
v 0.731538 1.998519 -0.019995
v 0.795000 2.023494 0.000000
v 0.788882 2.023494 0.038627
v 0.771127 2.023494 0.073473
v 0.743473 2.023494 0.101127
v 0.708627 2.023494 0.118882
v 0.670000 2.023494 0.125000
v 0.631373 2.023494 0.118882
v 0.596527 2.023494 0.101127
v 0.568873 2.023494 0.073473
v 0.551118 2.023494 0.038627
v 0.545000 2.023494 0.000000
v 0.551118 2.023494 -0.038627
v 0.568873 2.023494 -0.073473
v 0.596527 2.023494 -0.101127
v 0.631373 2.023494 -0.118882
v 0.670000 2.023494 -0.125000
v 0.708627 2.023494 -0.118882
v 0.743473 2.023494 -0.101127
v 0.771127 2.023494 -0.073473
v 0.788882 2.023494 -0.038627
v 0.846777 2.063223 0.000000
v 0.838125 2.063223 0.054627
v 0.813015 2.063223 0.103907
v 0.773907 2.063223 0.143015
v 0.724627 2.063223 0.168125
v 0.670000 2.063223 0.176777
v 0.615373 2.063223 0.168125
v 0.566093 2.063223 0.143015
v 0.526985 2.063223 0.103907
v 0.501875 2.063223 0.054627
v 0.493223 2.063223 0.000000
v 0.501875 2.063223 -0.054627
v 0.526985 2.063223 -0.103907
v 0.566093 2.063223 -0.143015
v 0.615373 2.063223 -0.168125
v 0.670000 2.063223 -0.176777
v 0.724627 2.063223 -0.168125
v 0.773907 2.063223 -0.143015
v 0.813015 2.063223 -0.103907
v 0.838125 2.063223 -0.054627
v 0.886506 2.115000 0.000000
v 0.875910 2.115000 0.066904
v 0.845157 2.115000 0.127259
v 0.797259 2.115000 0.175157
v 0.736904 2.115000 0.205910
v 0.670000 2.115000 0.216506
v 0.603096 2.115000 0.205910
v 0.542741 2.115000 0.175157
v 0.494843 2.115000 0.127259
v 0.464090 2.115000 0.066904
v 0.453494 2.115000 0.000000
v 0.464090 2.115000 -0.066904
v 0.494843 2.115000 -0.127259
v 0.542741 2.115000 -0.175157
v 0.603096 2.115000 -0.205910
v 0.670000 2.115000 -0.216506
v 0.736904 2.115000 -0.205910
v 0.797259 2.115000 -0.175157
v 0.845157 2.115000 -0.127259
v 0.875910 2.115000 -0.066904
v 0.911481 2.175295 0.000000
v 0.899663 2.175295 0.074622
v 0.865363 2.175295 0.141939
v 0.811939 2.175295 0.195363
v 0.744622 2.175295 0.229663
v 0.670000 2.175295 0.241481
v 0.595378 2.175295 0.229663
v 0.528061 2.175295 0.195363
v 0.474637 2.175295 0.141939
v 0.440337 2.175295 0.074622
v 0.428519 2.175295 0.000000
v 0.440337 2.175295 -0.074622
v 0.474637 2.175295 -0.141939
v 0.528061 2.175295 -0.195363
v 0.595378 2.175295 -0.229663
v 0.670000 2.175295 -0.241481
v 0.744622 2.175295 -0.229663
v 0.811939 2.175295 -0.195363
v 0.865363 2.175295 -0.141939
v 0.899663 2.175295 -0.074622
v 0.920000 2.240000 0.000000
v 0.907764 2.240000 0.077254
v 0.872254 2.240000 0.146946
v 0.816946 2.240000 0.202254
v 0.747254 2.240000 0.237764
v 0.670000 2.240000 0.250000
v 0.592746 2.240000 0.237764
v 0.523054 2.240000 0.202254
v 0.467746 2.240000 0.146946
v 0.432236 2.240000 0.077254
v 0.420000 2.240000 0.000000
v 0.432236 2.240000 -0.077254
v 0.467746 2.240000 -0.146946
v 0.523054 2.240000 -0.202254
v 0.592746 2.240000 -0.237764
v 0.670000 2.240000 -0.250000
v 0.747254 2.240000 -0.237764
v 0.816946 2.240000 -0.202254
v 0.872254 2.240000 -0.146946
v 0.907764 2.240000 -0.077254
v 0.911481 2.304705 0.000000
v 0.899663 2.304705 0.074622
v 0.865363 2.304705 0.141939
v 0.811939 2.304705 0.195363
v 0.744622 2.304705 0.229663
v 0.670000 2.304705 0.241481
v 0.595378 2.304705 0.229663
v 0.528061 2.304705 0.195363
v 0.474637 2.304705 0.141939
v 0.440337 2.304705 0.074622
v 0.428519 2.304705 0.000000
v 0.440337 2.304705 -0.074622
v 0.474637 2.304705 -0.141939
v 0.528061 2.304705 -0.195363
v 0.595378 2.304705 -0.229663
v 0.670000 2.304705 -0.241481
v 0.744622 2.304705 -0.229663
v 0.811939 2.304705 -0.195363
v 0.865363 2.304705 -0.141939
v 0.899663 2.304705 -0.074622
v 0.886506 2.365000 0.000000
v 0.875910 2.365000 0.066904
v 0.845157 2.365000 0.127259
v 0.797259 2.365000 0.175157
v 0.736904 2.365000 0.205910
v 0.670000 2.365000 0.216506
v 0.603096 2.365000 0.205910
v 0.542741 2.365000 0.175157
v 0.494843 2.365000 0.127259
v 0.464090 2.365000 0.066904
v 0.453494 2.365000 0.000000
v 0.464090 2.365000 -0.066904
v 0.494843 2.365000 -0.127259
v 0.542741 2.365000 -0.175157
v 0.603096 2.365000 -0.205910
v 0.670000 2.365000 -0.216506
v 0.736904 2.365000 -0.205910
v 0.797259 2.365000 -0.175157
v 0.845157 2.365000 -0.127259
v 0.875910 2.365000 -0.066904
v 0.846777 2.416777 0.000000
v 0.838125 2.416777 0.054627
v 0.813015 2.416777 0.103907
v 0.773907 2.416777 0.143015
v 0.724627 2.416777 0.168125
v 0.670000 2.416777 0.176777
v 0.615373 2.416777 0.168125
v 0.566093 2.416777 0.143015
v 0.526985 2.416777 0.103907
v 0.501875 2.416777 0.054627
v 0.493223 2.416777 0.000000
v 0.501875 2.416777 -0.054627
v 0.526985 2.416777 -0.103907
v 0.566093 2.416777 -0.143015
v 0.615373 2.416777 -0.168125
v 0.670000 2.416777 -0.176777
v 0.724627 2.416777 -0.168125
v 0.773907 2.416777 -0.143015
v 0.813015 2.416777 -0.103907
v 0.838125 2.416777 -0.054627
v 0.795000 2.456506 0.000000
v 0.788882 2.456506 0.038627
v 0.771127 2.456506 0.073473
v 0.743473 2.456506 0.101127
v 0.708627 2.456506 0.118882
v 0.670000 2.456506 0.125000
v 0.631373 2.456506 0.118882
v 0.596527 2.456506 0.101127
v 0.568873 2.456506 0.073473
v 0.551118 2.456506 0.038627
v 0.545000 2.456506 0.000000
v 0.551118 2.456506 -0.038627
v 0.568873 2.456506 -0.073473
v 0.596527 2.456506 -0.101127
v 0.631373 2.456506 -0.118882
v 0.670000 2.456506 -0.125000
v 0.708627 2.456506 -0.118882
v 0.743473 2.456506 -0.101127
v 0.771127 2.456506 -0.073473
v 0.788882 2.456506 -0.038627
v 0.734705 2.481481 0.000000
v 0.731538 2.481481 0.019995
v 0.722347 2.481481 0.038033
v 0.708033 2.481481 0.052347
v 0.689995 2.481481 0.061538
v 0.670000 2.481481 0.064705
v 0.650005 2.481481 0.061538
v 0.631967 2.481481 0.052347
v 0.617653 2.481481 0.038033
v 0.608462 2.481481 0.019995
v 0.605295 2.481481 0.000000
v 0.608462 2.481481 -0.019995
v 0.617653 2.481481 -0.038033
v 0.631967 2.481481 -0.052347
v 0.650005 2.481481 -0.061538
v 0.670000 2.481481 -0.064705
v 0.689995 2.481481 -0.061538
v 0.708033 2.481481 -0.052347
v 0.722347 2.481481 -0.038033
v 0.731538 2.481481 -0.019995
v 0.670000 2.490000 0.000000
v 0.670000 2.490000 0.000000
v 0.670000 2.490000 0.000000
v 0.670000 2.490000 0.000000
v 0.670000 2.490000 0.000000
v 0.670000 2.490000 0.000000
v 0.670000 2.490000 0.000000
v 0.670000 2.490000 0.000000
v 0.670000 2.490000 0.000000
v 0.670000 2.490000 0.000000
v 0.670000 2.490000 0.000000
v 0.670000 2.490000 -0.000000
v 0.670000 2.490000 -0.000000
v 0.670000 2.490000 -0.000000
v 0.670000 2.490000 -0.000000
v 0.670000 2.490000 -0.000000
v 0.670000 2.490000 -0.000000
v 0.670000 2.490000 -0.000000
v 0.670000 2.490000 -0.000000
v 0.670000 2.490000 -0.000000
f 6671 6672 6692
f 6671 6692 6691
f 6672 6673 6693
f 6672 6693 6692
f 6673 6674 6694
f 6673 6694 6693
f 6674 6675 6695
f 6674 6695 6694
f 6675 6676 6696
f 6675 6696 6695
f 6676 6677 6697
f 6676 6697 6696
f 6677 6678 6698
f 6677 6698 6697
f 6678 6679 6699
f 6678 6699 6698
f 6679 6680 6700
f 6679 6700 6699
f 6680 6681 6701
f 6680 6701 6700
f 6681 6682 6702
f 6681 6702 6701
f 6682 6683 6703
f 6682 6703 6702
f 6683 6684 6704
f 6683 6704 6703
f 6684 6685 6705
f 6684 6705 6704
f 6685 6686 6706
f 6685 6706 6705
f 6686 6687 6707
f 6686 6707 6706
f 6687 6688 6708
f 6687 6708 6707
f 6688 6689 6709
f 6688 6709 6708
f 6689 6690 6710
f 6689 6710 6709
f 6690 6671 6691
f 6690 6691 6710
f 6691 6692 6712
f 6691 6712 6711
f 6692 6693 6713
f 6692 6713 6712
f 6693 6694 6714
f 6693 6714 6713
f 6694 6695 6715
f 6694 6715 6714
f 6695 6696 6716
f 6695 6716 6715
f 6696 6697 6717
f 6696 6717 6716
f 6697 6698 6718
f 6697 6718 6717
f 6698 6699 6719
f 6698 6719 6718
f 6699 6700 6720
f 6699 6720 6719
f 6700 6701 6721
f 6700 6721 6720
f 6701 6702 6722
f 6701 6722 6721
f 6702 6703 6723
f 6702 6723 6722
f 6703 6704 6724
f 6703 6724 6723
f 6704 6705 6725
f 6704 6725 6724
f 6705 6706 6726
f 6705 6726 6725
f 6706 6707 6727
f 6706 6727 6726
f 6707 6708 6728
f 6707 6728 6727
f 6708 6709 6729
f 6708 6729 6728
f 6709 6710 6730
f 6709 6730 6729
f 6710 6691 6711
f 6710 6711 6730
f 6711 6712 6732
f 6711 6732 6731
f 6712 6713 6733
f 6712 6733 6732
f 6713 6714 6734
f 6713 6734 6733
f 6714 6715 6735
f 6714 6735 6734
f 6715 6716 6736
f 6715 6736 6735
f 6716 6717 6737
f 6716 6737 6736
f 6717 6718 6738
f 6717 6738 6737
f 6718 6719 6739
f 6718 6739 6738
f 6719 6720 6740
f 6719 6740 6739
f 6720 6721 6741
f 6720 6741 6740
f 6721 6722 6742
f 6721 6742 6741
f 6722 6723 6743
f 6722 6743 6742
f 6723 6724 6744
f 6723 6744 6743
f 6724 6725 6745
f 6724 6745 6744
f 6725 6726 6746
f 6725 6746 6745
f 6726 6727 6747
f 6726 6747 6746
f 6727 6728 6748
f 6727 6748 6747
f 6728 6729 6749
f 6728 6749 6748
f 6729 6730 6750
f 6729 6750 6749
f 6730 6711 6731
f 6730 6731 6750
f 6731 6732 6752
f 6731 6752 6751
f 6732 6733 6753
f 6732 6753 6752
f 6733 6734 6754
f 6733 6754 6753
f 6734 6735 6755
f 6734 6755 6754
f 6735 6736 6756
f 6735 6756 6755
f 6736 6737 6757
f 6736 6757 6756
f 6737 6738 6758
f 6737 6758 6757
f 6738 6739 6759
f 6738 6759 6758
f 6739 6740 6760
f 6739 6760 6759
f 6740 6741 6761
f 6740 6761 6760
f 6741 6742 6762
f 6741 6762 6761
f 6742 6743 6763
f 6742 6763 6762
f 6743 6744 6764
f 6743 6764 6763
f 6744 6745 6765
f 6744 6765 6764
f 6745 6746 6766
f 6745 6766 6765
f 6746 6747 6767
f 6746 6767 6766
f 6747 6748 6768
f 6747 6768 6767
f 6748 6749 6769
f 6748 6769 6768
f 6749 6750 6770
f 6749 6770 6769
f 6750 6731 6751
f 6750 6751 6770
f 6751 6752 6772
f 6751 6772 6771
f 6752 6753 6773
f 6752 6773 6772
f 6753 6754 6774
f 6753 6774 6773
f 6754 6755 6775
f 6754 6775 6774
f 6755 6756 6776
f 6755 6776 6775
f 6756 6757 6777
f 6756 6777 6776
f 6757 6758 6778
f 6757 6778 6777
f 6758 6759 6779
f 6758 6779 6778
f 6759 6760 6780
f 6759 6780 6779
f 6760 6761 6781
f 6760 6781 6780
f 6761 6762 6782
f 6761 6782 6781
f 6762 6763 6783
f 6762 6783 6782
f 6763 6764 6784
f 6763 6784 6783
f 6764 6765 6785
f 6764 6785 6784
f 6765 6766 6786
f 6765 6786 6785
f 6766 6767 6787
f 6766 6787 6786
f 6767 6768 6788
f 6767 6788 6787
f 6768 6769 6789
f 6768 6789 6788
f 6769 6770 6790
f 6769 6790 6789
f 6770 6751 6771
f 6770 6771 6790
f 6771 6772 6792
f 6771 6792 6791
f 6772 6773 6793
f 6772 6793 6792
f 6773 6774 6794
f 6773 6794 6793
f 6774 6775 6795
f 6774 6795 6794
f 6775 6776 6796
f 6775 6796 6795
f 6776 6777 6797
f 6776 6797 6796
f 6777 6778 6798
f 6777 6798 6797
f 6778 6779 6799
f 6778 6799 6798
f 6779 6780 6800
f 6779 6800 6799
f 6780 6781 6801
f 6780 6801 6800
f 6781 6782 6802
f 6781 6802 6801
f 6782 6783 6803
f 6782 6803 6802
f 6783 6784 6804
f 6783 6804 6803
f 6784 6785 6805
f 6784 6805 6804
f 6785 6786 6806
f 6785 6806 6805
f 6786 6787 6807
f 6786 6807 6806
f 6787 6788 6808
f 6787 6808 6807
f 6788 6789 6809
f 6788 6809 6808
f 6789 6790 6810
f 6789 6810 6809
f 6790 6771 6791
f 6790 6791 6810
f 6791 6792 6812
f 6791 6812 6811
f 6792 6793 6813
f 6792 6813 6812
f 6793 6794 6814
f 6793 6814 6813
f 6794 6795 6815
f 6794 6815 6814
f 6795 6796 6816
f 6795 6816 6815
f 6796 6797 6817
f 6796 6817 6816
f 6797 6798 6818
f 6797 6818 6817
f 6798 6799 6819
f 6798 6819 6818
f 6799 6800 6820
f 6799 6820 6819
f 6800 6801 6821
f 6800 6821 6820
f 6801 6802 6822
f 6801 6822 6821
f 6802 6803 6823
f 6802 6823 6822
f 6803 6804 6824
f 6803 6824 6823
f 6804 6805 6825
f 6804 6825 6824
f 6805 6806 6826
f 6805 6826 6825
f 6806 6807 6827
f 6806 6827 6826
f 6807 6808 6828
f 6807 6828 6827
f 6808 6809 6829
f 6808 6829 6828
f 6809 6810 6830
f 6809 6830 6829
f 6810 6791 6811
f 6810 6811 6830
f 6811 6812 6832
f 6811 6832 6831
f 6812 6813 6833
f 6812 6833 6832
f 6813 6814 6834
f 6813 6834 6833
f 6814 6815 6835
f 6814 6835 6834
f 6815 6816 6836
f 6815 6836 6835
f 6816 6817 6837
f 6816 6837 6836
f 6817 6818 6838
f 6817 6838 6837
f 6818 6819 6839
f 6818 6839 6838
f 6819 6820 6840
f 6819 6840 6839
f 6820 6821 6841
f 6820 6841 6840
f 6821 6822 6842
f 6821 6842 6841
f 6822 6823 6843
f 6822 6843 6842
f 6823 6824 6844
f 6823 6844 6843
f 6824 6825 6845
f 6824 6845 6844
f 6825 6826 6846
f 6825 6846 6845
f 6826 6827 6847
f 6826 6847 6846
f 6827 6828 6848
f 6827 6848 6847
f 6828 6829 6849
f 6828 6849 6848
f 6829 6830 6850
f 6829 6850 6849
f 6830 6811 6831
f 6830 6831 6850
f 6831 6832 6852
f 6831 6852 6851
f 6832 6833 6853
f 6832 6853 6852
f 6833 6834 6854
f 6833 6854 6853
f 6834 6835 6855
f 6834 6855 6854
f 6835 6836 6856
f 6835 6856 6855
f 6836 6837 6857
f 6836 6857 6856
f 6837 6838 6858
f 6837 6858 6857
f 6838 6839 6859
f 6838 6859 6858
f 6839 6840 6860
f 6839 6860 6859
f 6840 6841 6861
f 6840 6861 6860
f 6841 6842 6862
f 6841 6862 6861
f 6842 6843 6863
f 6842 6863 6862
f 6843 6844 6864
f 6843 6864 6863
f 6844 6845 6865
f 6844 6865 6864
f 6845 6846 6866
f 6845 6866 6865
f 6846 6847 6867
f 6846 6867 6866
f 6847 6848 6868
f 6847 6868 6867
f 6848 6849 6869
f 6848 6869 6868
f 6849 6850 6870
f 6849 6870 6869
f 6850 6831 6851
f 6850 6851 6870
f 6851 6852 6872
f 6851 6872 6871
f 6852 6853 6873
f 6852 6873 6872
f 6853 6854 6874
f 6853 6874 6873
f 6854 6855 6875
f 6854 6875 6874
f 6855 6856 6876
f 6855 6876 6875
f 6856 6857 6877
f 6856 6877 6876
f 6857 6858 6878
f 6857 6878 6877
f 6858 6859 6879
f 6858 6879 6878
f 6859 6860 6880
f 6859 6880 6879
f 6860 6861 6881
f 6860 6881 6880
f 6861 6862 6882
f 6861 6882 6881
f 6862 6863 6883
f 6862 6883 6882
f 6863 6864 6884
f 6863 6884 6883
f 6864 6865 6885
f 6864 6885 6884
f 6865 6866 6886
f 6865 6886 6885
f 6866 6867 6887
f 6866 6887 6886
f 6867 6868 6888
f 6867 6888 6887
f 6868 6869 6889
f 6868 6889 6888
f 6869 6870 6890
f 6869 6890 6889
f 6870 6851 6871
f 6870 6871 6890
f 6871 6872 6892
f 6871 6892 6891
f 6872 6873 6893
f 6872 6893 6892
f 6873 6874 6894
f 6873 6894 6893
f 6874 6875 6895
f 6874 6895 6894
f 6875 6876 6896
f 6875 6896 6895
f 6876 6877 6897
f 6876 6897 6896
f 6877 6878 6898
f 6877 6898 6897
f 6878 6879 6899
f 6878 6899 6898
f 6879 6880 6900
f 6879 6900 6899
f 6880 6881 6901
f 6880 6901 6900
f 6881 6882 6902
f 6881 6902 6901
f 6882 6883 6903
f 6882 6903 6902
f 6883 6884 6904
f 6883 6904 6903
f 6884 6885 6905
f 6884 6905 6904
f 6885 6886 6906
f 6885 6906 6905
f 6886 6887 6907
f 6886 6907 6906
f 6887 6888 6908
f 6887 6908 6907
f 6888 6889 6909
f 6888 6909 6908
f 6889 6890 6910
f 6889 6910 6909
f 6890 6871 6891
f 6890 6891 6910
f 6891 6892 6912
f 6891 6912 6911
f 6892 6893 6913
f 6892 6913 6912
f 6893 6894 6914
f 6893 6914 6913
f 6894 6895 6915
f 6894 6915 6914
f 6895 6896 6916
f 6895 6916 6915
f 6896 6897 6917
f 6896 6917 6916
f 6897 6898 6918
f 6897 6918 6917
f 6898 6899 6919
f 6898 6919 6918
f 6899 6900 6920
f 6899 6920 6919
f 6900 6901 6921
f 6900 6921 6920
f 6901 6902 6922
f 6901 6922 6921
f 6902 6903 6923
f 6902 6923 6922
f 6903 6904 6924
f 6903 6924 6923
f 6904 6905 6925
f 6904 6925 6924
f 6905 6906 6926
f 6905 6926 6925
f 6906 6907 6927
f 6906 6927 6926
f 6907 6908 6928
f 6907 6928 6927
f 6908 6909 6929
f 6908 6929 6928
f 6909 6910 6930
f 6909 6930 6929
f 6910 6891 6911
f 6910 6911 6930
o R_Shoulder_Armor
g R_Shoulder_Armor
usemtl Bastion_Yellow
v 0.780000 1.880000 0.000000
v 0.780000 1.880000 0.000000
v 0.780000 1.880000 0.000000
v 0.780000 1.880000 0.000000
v 0.780000 1.880000 0.000000
v 0.780000 1.880000 0.000000
v 0.780000 1.880000 0.000000
v 0.780000 1.880000 0.000000
v 0.780000 1.880000 0.000000
v 0.780000 1.880000 0.000000
v 0.780000 1.880000 0.000000
v 0.780000 1.880000 -0.000000
v 0.780000 1.880000 -0.000000
v 0.780000 1.880000 -0.000000
v 0.780000 1.880000 -0.000000
v 0.780000 1.880000 -0.000000
v 0.780000 1.880000 -0.000000
v 0.780000 1.880000 -0.000000
v 0.780000 1.880000 -0.000000
v 0.780000 1.880000 -0.000000
v 1.030419 1.885509 0.000000
v 1.025442 1.885509 0.156552
v 1.010065 1.885509 0.202467
v 0.982467 1.885509 0.230065
v 0.936552 1.885509 0.245442
v 0.780000 1.885509 0.250419
v 0.623448 1.885509 0.245442
v 0.577533 1.885509 0.230065
v 0.549935 1.885509 0.202467
v 0.534558 1.885509 0.156552
v 0.529581 1.885509 0.000000
v 0.534558 1.885509 -0.156552
v 0.549935 1.885509 -0.202467
v 0.577533 1.885509 -0.230065
v 0.623448 1.885509 -0.245442
v 0.780000 1.885509 -0.250419
v 0.936552 1.885509 -0.245442
v 0.982467 1.885509 -0.230065
v 1.010065 1.885509 -0.202467
v 1.025442 1.885509 -0.156552
v 1.105879 1.902365 0.000000
v 1.099403 1.902365 0.203727
v 1.079392 1.902365 0.263478
v 1.043478 1.902365 0.299392
v 0.983727 1.902365 0.319403
v 0.780000 1.902365 0.325879
v 0.576273 1.902365 0.319403
v 0.516522 1.902365 0.299392
v 0.480608 1.902365 0.263478
v 0.460597 1.902365 0.203727
v 0.454121 1.902365 0.000000
v 0.460597 1.902365 -0.203727
v 0.480608 1.902365 -0.263478
v 0.516522 1.902365 -0.299392
v 0.576273 1.902365 -0.319403
v 0.780000 1.902365 -0.325879
v 0.983727 1.902365 -0.319403
v 1.043478 1.902365 -0.299392
v 1.079392 1.902365 -0.263478
v 1.099403 1.902365 -0.203727
v 1.154337 1.931780 0.000000
v 1.146898 1.931780 0.234021
v 1.123911 1.931780 0.302656
v 1.082656 1.931780 0.343911
v 1.014021 1.931780 0.366898
v 0.780000 1.931780 0.374337
v 0.545979 1.931780 0.366898
v 0.477344 1.931780 0.343911
v 0.436089 1.931780 0.302656
v 0.413102 1.931780 0.234021
v 0.405663 1.931780 0.000000
v 0.413102 1.931780 -0.234021
v 0.436089 1.931780 -0.302656
v 0.477344 1.931780 -0.343911
v 0.545979 1.931780 -0.366898
v 0.780000 1.931780 -0.374337
v 1.014021 1.931780 -0.366898
v 1.082656 1.931780 -0.343911
v 1.123911 1.931780 -0.302656
v 1.146898 1.931780 -0.234021
v 1.185958 1.976857 0.000000
v 1.177890 1.976857 0.253790
v 1.152961 1.976857 0.328222
v 1.108222 1.976857 0.372961
v 1.033790 1.976857 0.397890
v 0.780000 1.976857 0.405958
v 0.526210 1.976857 0.397890
v 0.451778 1.976857 0.372961
v 0.407039 1.976857 0.328222
v 0.382110 1.976857 0.253790
v 0.374042 1.976857 0.000000
v 0.382110 1.976857 -0.253790
v 0.407039 1.976857 -0.328222
v 0.451778 1.976857 -0.372961
v 0.526210 1.976857 -0.397890
v 0.780000 1.976857 -0.405958
v 1.033790 1.976857 -0.397890
v 1.108222 1.976857 -0.372961
v 1.152961 1.976857 -0.328222
v 1.177890 1.976857 -0.253790
v 1.204078 2.047052 0.000000
v 1.195651 2.047052 0.265118
v 1.169609 2.047052 0.342873
v 1.122873 2.047052 0.389609
v 1.045118 2.047052 0.415651
v 0.780000 2.047052 0.424078
v 0.514882 2.047052 0.415651
v 0.437127 2.047052 0.389609
v 0.390391 2.047052 0.342873
v 0.364349 2.047052 0.265118
v 0.355922 2.047052 0.000000
v 0.364349 2.047052 -0.265118
v 0.390391 2.047052 -0.342873
v 0.437127 2.047052 -0.389609
v 0.514882 2.047052 -0.415651
v 0.780000 2.047052 -0.424078
v 1.045118 2.047052 -0.415651
v 1.122873 2.047052 -0.389609
v 1.169609 2.047052 -0.342873
v 1.195651 2.047052 -0.265118
v 1.210000 2.280000 0.000000
v 1.201455 2.280000 0.268820
v 1.175049 2.280000 0.347661
v 1.127661 2.280000 0.395049
v 1.048820 2.280000 0.421455
v 0.780000 2.280000 0.430000
v 0.511180 2.280000 0.421455
v 0.432339 2.280000 0.395049
v 0.384951 2.280000 0.347661
v 0.358545 2.280000 0.268820
v 0.350000 2.280000 0.000000
v 0.358545 2.280000 -0.268820
v 0.384951 2.280000 -0.347661
v 0.432339 2.280000 -0.395049
v 0.511180 2.280000 -0.421455
v 0.780000 2.280000 -0.430000
v 1.048820 2.280000 -0.421455
v 1.127661 2.280000 -0.395049
v 1.175049 2.280000 -0.347661
v 1.201455 2.280000 -0.268820
v 1.204078 2.512948 0.000000
v 1.195651 2.512948 0.265118
v 1.169609 2.512948 0.342873
v 1.122873 2.512948 0.389609
v 1.045118 2.512948 0.415651
v 0.780000 2.512948 0.424078
v 0.514882 2.512948 0.415651
v 0.437127 2.512948 0.389609
v 0.390391 2.512948 0.342873
v 0.364349 2.512948 0.265118
v 0.355922 2.512948 0.000000
v 0.364349 2.512948 -0.265118
v 0.390391 2.512948 -0.342873
v 0.437127 2.512948 -0.389609
v 0.514882 2.512948 -0.415651
v 0.780000 2.512948 -0.424078
v 1.045118 2.512948 -0.415651
v 1.122873 2.512948 -0.389609
v 1.169609 2.512948 -0.342873
v 1.195651 2.512948 -0.265118
v 1.185958 2.583143 0.000000
v 1.177890 2.583143 0.253790
v 1.152961 2.583143 0.328222
v 1.108222 2.583143 0.372961
v 1.033790 2.583143 0.397890
v 0.780000 2.583143 0.405958
v 0.526210 2.583143 0.397890
v 0.451778 2.583143 0.372961
v 0.407039 2.583143 0.328222
v 0.382110 2.583143 0.253790
v 0.374042 2.583143 0.000000
v 0.382110 2.583143 -0.253790
v 0.407039 2.583143 -0.328222
v 0.451778 2.583143 -0.372961
v 0.526210 2.583143 -0.397890
v 0.780000 2.583143 -0.405958
v 1.033790 2.583143 -0.397890
v 1.108222 2.583143 -0.372961
v 1.152961 2.583143 -0.328222
v 1.177890 2.583143 -0.253790
v 1.154337 2.628220 0.000000
v 1.146898 2.628220 0.234021
v 1.123911 2.628220 0.302656
v 1.082656 2.628220 0.343911
v 1.014021 2.628220 0.366898
v 0.780000 2.628220 0.374337
v 0.545979 2.628220 0.366898
v 0.477344 2.628220 0.343911
v 0.436089 2.628220 0.302656
v 0.413102 2.628220 0.234021
v 0.405663 2.628220 0.000000
v 0.413102 2.628220 -0.234021
v 0.436089 2.628220 -0.302656
v 0.477344 2.628220 -0.343911
v 0.545979 2.628220 -0.366898
v 0.780000 2.628220 -0.374337
v 1.014021 2.628220 -0.366898
v 1.082656 2.628220 -0.343911
v 1.123911 2.628220 -0.302656
v 1.146898 2.628220 -0.234021
v 1.105879 2.657635 0.000000
v 1.099403 2.657635 0.203727
v 1.079392 2.657635 0.263478
v 1.043478 2.657635 0.299392
v 0.983727 2.657635 0.319403
v 0.780000 2.657635 0.325879
v 0.576273 2.657635 0.319403
v 0.516522 2.657635 0.299392
v 0.480608 2.657635 0.263478
v 0.460597 2.657635 0.203727
v 0.454121 2.657635 0.000000
v 0.460597 2.657635 -0.203727
v 0.480608 2.657635 -0.263478
v 0.516522 2.657635 -0.299392
v 0.576273 2.657635 -0.319403
v 0.780000 2.657635 -0.325879
v 0.983727 2.657635 -0.319403
v 1.043478 2.657635 -0.299392
v 1.079392 2.657635 -0.263478
v 1.099403 2.657635 -0.203727
v 1.030419 2.674491 0.000000
v 1.025442 2.674491 0.156552
v 1.010065 2.674491 0.202467
v 0.982467 2.674491 0.230065
v 0.936552 2.674491 0.245442
v 0.780000 2.674491 0.250419
v 0.623448 2.674491 0.245442
v 0.577533 2.674491 0.230065
v 0.549935 2.674491 0.202467
v 0.534558 2.674491 0.156552
v 0.529581 2.674491 0.000000
v 0.534558 2.674491 -0.156552
v 0.549935 2.674491 -0.202467
v 0.577533 2.674491 -0.230065
v 0.623448 2.674491 -0.245442
v 0.780000 2.674491 -0.250419
v 0.936552 2.674491 -0.245442
v 0.982467 2.674491 -0.230065
v 1.010065 2.674491 -0.202467
v 1.025442 2.674491 -0.156552
v 0.780000 2.680000 0.000000
v 0.780000 2.680000 0.000000
v 0.780000 2.680000 0.000000
v 0.780000 2.680000 0.000000
v 0.780000 2.680000 0.000000
v 0.780000 2.680000 0.000000
v 0.780000 2.680000 0.000000
v 0.780000 2.680000 0.000000
v 0.780000 2.680000 0.000000
v 0.780000 2.680000 0.000000
v 0.780000 2.680000 0.000000
v 0.780000 2.680000 -0.000000
v 0.780000 2.680000 -0.000000
v 0.780000 2.680000 -0.000000
v 0.780000 2.680000 -0.000000
v 0.780000 2.680000 -0.000000
v 0.780000 2.680000 -0.000000
v 0.780000 2.680000 -0.000000
v 0.780000 2.680000 -0.000000
v 0.780000 2.680000 -0.000000
f 6931 6932 6952
f 6931 6952 6951
f 6932 6933 6953
f 6932 6953 6952
f 6933 6934 6954
f 6933 6954 6953
f 6934 6935 6955
f 6934 6955 6954
f 6935 6936 6956
f 6935 6956 6955
f 6936 6937 6957
f 6936 6957 6956
f 6937 6938 6958
f 6937 6958 6957
f 6938 6939 6959
f 6938 6959 6958
f 6939 6940 6960
f 6939 6960 6959
f 6940 6941 6961
f 6940 6961 6960
f 6941 6942 6962
f 6941 6962 6961
f 6942 6943 6963
f 6942 6963 6962
f 6943 6944 6964
f 6943 6964 6963
f 6944 6945 6965
f 6944 6965 6964
f 6945 6946 6966
f 6945 6966 6965
f 6946 6947 6967
f 6946 6967 6966
f 6947 6948 6968
f 6947 6968 6967
f 6948 6949 6969
f 6948 6969 6968
f 6949 6950 6970
f 6949 6970 6969
f 6950 6931 6951
f 6950 6951 6970
f 6951 6952 6972
f 6951 6972 6971
f 6952 6953 6973
f 6952 6973 6972
f 6953 6954 6974
f 6953 6974 6973
f 6954 6955 6975
f 6954 6975 6974
f 6955 6956 6976
f 6955 6976 6975
f 6956 6957 6977
f 6956 6977 6976
f 6957 6958 6978
f 6957 6978 6977
f 6958 6959 6979
f 6958 6979 6978
f 6959 6960 6980
f 6959 6980 6979
f 6960 6961 6981
f 6960 6981 6980
f 6961 6962 6982
f 6961 6982 6981
f 6962 6963 6983
f 6962 6983 6982
f 6963 6964 6984
f 6963 6984 6983
f 6964 6965 6985
f 6964 6985 6984
f 6965 6966 6986
f 6965 6986 6985
f 6966 6967 6987
f 6966 6987 6986
f 6967 6968 6988
f 6967 6988 6987
f 6968 6969 6989
f 6968 6989 6988
f 6969 6970 6990
f 6969 6990 6989
f 6970 6951 6971
f 6970 6971 6990
f 6971 6972 6992
f 6971 6992 6991
f 6972 6973 6993
f 6972 6993 6992
f 6973 6974 6994
f 6973 6994 6993
f 6974 6975 6995
f 6974 6995 6994
f 6975 6976 6996
f 6975 6996 6995
f 6976 6977 6997
f 6976 6997 6996
f 6977 6978 6998
f 6977 6998 6997
f 6978 6979 6999
f 6978 6999 6998
f 6979 6980 7000
f 6979 7000 6999
f 6980 6981 7001
f 6980 7001 7000
f 6981 6982 7002
f 6981 7002 7001
f 6982 6983 7003
f 6982 7003 7002
f 6983 6984 7004
f 6983 7004 7003
f 6984 6985 7005
f 6984 7005 7004
f 6985 6986 7006
f 6985 7006 7005
f 6986 6987 7007
f 6986 7007 7006
f 6987 6988 7008
f 6987 7008 7007
f 6988 6989 7009
f 6988 7009 7008
f 6989 6990 7010
f 6989 7010 7009
f 6990 6971 6991
f 6990 6991 7010
f 6991 6992 7012
f 6991 7012 7011
f 6992 6993 7013
f 6992 7013 7012
f 6993 6994 7014
f 6993 7014 7013
f 6994 6995 7015
f 6994 7015 7014
f 6995 6996 7016
f 6995 7016 7015
f 6996 6997 7017
f 6996 7017 7016
f 6997 6998 7018
f 6997 7018 7017
f 6998 6999 7019
f 6998 7019 7018
f 6999 7000 7020
f 6999 7020 7019
f 7000 7001 7021
f 7000 7021 7020
f 7001 7002 7022
f 7001 7022 7021
f 7002 7003 7023
f 7002 7023 7022
f 7003 7004 7024
f 7003 7024 7023
f 7004 7005 7025
f 7004 7025 7024
f 7005 7006 7026
f 7005 7026 7025
f 7006 7007 7027
f 7006 7027 7026
f 7007 7008 7028
f 7007 7028 7027
f 7008 7009 7029
f 7008 7029 7028
f 7009 7010 7030
f 7009 7030 7029
f 7010 6991 7011
f 7010 7011 7030
f 7011 7012 7032
f 7011 7032 7031
f 7012 7013 7033
f 7012 7033 7032
f 7013 7014 7034
f 7013 7034 7033
f 7014 7015 7035
f 7014 7035 7034
f 7015 7016 7036
f 7015 7036 7035
f 7016 7017 7037
f 7016 7037 7036
f 7017 7018 7038
f 7017 7038 7037
f 7018 7019 7039
f 7018 7039 7038
f 7019 7020 7040
f 7019 7040 7039
f 7020 7021 7041
f 7020 7041 7040
f 7021 7022 7042
f 7021 7042 7041
f 7022 7023 7043
f 7022 7043 7042
f 7023 7024 7044
f 7023 7044 7043
f 7024 7025 7045
f 7024 7045 7044
f 7025 7026 7046
f 7025 7046 7045
f 7026 7027 7047
f 7026 7047 7046
f 7027 7028 7048
f 7027 7048 7047
f 7028 7029 7049
f 7028 7049 7048
f 7029 7030 7050
f 7029 7050 7049
f 7030 7011 7031
f 7030 7031 7050
f 7031 7032 7052
f 7031 7052 7051
f 7032 7033 7053
f 7032 7053 7052
f 7033 7034 7054
f 7033 7054 7053
f 7034 7035 7055
f 7034 7055 7054
f 7035 7036 7056
f 7035 7056 7055
f 7036 7037 7057
f 7036 7057 7056
f 7037 7038 7058
f 7037 7058 7057
f 7038 7039 7059
f 7038 7059 7058
f 7039 7040 7060
f 7039 7060 7059
f 7040 7041 7061
f 7040 7061 7060
f 7041 7042 7062
f 7041 7062 7061
f 7042 7043 7063
f 7042 7063 7062
f 7043 7044 7064
f 7043 7064 7063
f 7044 7045 7065
f 7044 7065 7064
f 7045 7046 7066
f 7045 7066 7065
f 7046 7047 7067
f 7046 7067 7066
f 7047 7048 7068
f 7047 7068 7067
f 7048 7049 7069
f 7048 7069 7068
f 7049 7050 7070
f 7049 7070 7069
f 7050 7031 7051
f 7050 7051 7070
f 7051 7052 7072
f 7051 7072 7071
f 7052 7053 7073
f 7052 7073 7072
f 7053 7054 7074
f 7053 7074 7073
f 7054 7055 7075
f 7054 7075 7074
f 7055 7056 7076
f 7055 7076 7075
f 7056 7057 7077
f 7056 7077 7076
f 7057 7058 7078
f 7057 7078 7077
f 7058 7059 7079
f 7058 7079 7078
f 7059 7060 7080
f 7059 7080 7079
f 7060 7061 7081
f 7060 7081 7080
f 7061 7062 7082
f 7061 7082 7081
f 7062 7063 7083
f 7062 7083 7082
f 7063 7064 7084
f 7063 7084 7083
f 7064 7065 7085
f 7064 7085 7084
f 7065 7066 7086
f 7065 7086 7085
f 7066 7067 7087
f 7066 7087 7086
f 7067 7068 7088
f 7067 7088 7087
f 7068 7069 7089
f 7068 7089 7088
f 7069 7070 7090
f 7069 7090 7089
f 7070 7051 7071
f 7070 7071 7090
f 7071 7072 7092
f 7071 7092 7091
f 7072 7073 7093
f 7072 7093 7092
f 7073 7074 7094
f 7073 7094 7093
f 7074 7075 7095
f 7074 7095 7094
f 7075 7076 7096
f 7075 7096 7095
f 7076 7077 7097
f 7076 7097 7096
f 7077 7078 7098
f 7077 7098 7097
f 7078 7079 7099
f 7078 7099 7098
f 7079 7080 7100
f 7079 7100 7099
f 7080 7081 7101
f 7080 7101 7100
f 7081 7082 7102
f 7081 7102 7101
f 7082 7083 7103
f 7082 7103 7102
f 7083 7084 7104
f 7083 7104 7103
f 7084 7085 7105
f 7084 7105 7104
f 7085 7086 7106
f 7085 7106 7105
f 7086 7087 7107
f 7086 7107 7106
f 7087 7088 7108
f 7087 7108 7107
f 7088 7089 7109
f 7088 7109 7108
f 7089 7090 7110
f 7089 7110 7109
f 7090 7071 7091
f 7090 7091 7110
f 7091 7092 7112
f 7091 7112 7111
f 7092 7093 7113
f 7092 7113 7112
f 7093 7094 7114
f 7093 7114 7113
f 7094 7095 7115
f 7094 7115 7114
f 7095 7096 7116
f 7095 7116 7115
f 7096 7097 7117
f 7096 7117 7116
f 7097 7098 7118
f 7097 7118 7117
f 7098 7099 7119
f 7098 7119 7118
f 7099 7100 7120
f 7099 7120 7119
f 7100 7101 7121
f 7100 7121 7120
f 7101 7102 7122
f 7101 7122 7121
f 7102 7103 7123
f 7102 7123 7122
f 7103 7104 7124
f 7103 7124 7123
f 7104 7105 7125
f 7104 7125 7124
f 7105 7106 7126
f 7105 7126 7125
f 7106 7107 7127
f 7106 7127 7126
f 7107 7108 7128
f 7107 7128 7127
f 7108 7109 7129
f 7108 7129 7128
f 7109 7110 7130
f 7109 7130 7129
f 7110 7091 7111
f 7110 7111 7130
f 7111 7112 7132
f 7111 7132 7131
f 7112 7113 7133
f 7112 7133 7132
f 7113 7114 7134
f 7113 7134 7133
f 7114 7115 7135
f 7114 7135 7134
f 7115 7116 7136
f 7115 7136 7135
f 7116 7117 7137
f 7116 7137 7136
f 7117 7118 7138
f 7117 7138 7137
f 7118 7119 7139
f 7118 7139 7138
f 7119 7120 7140
f 7119 7140 7139
f 7120 7121 7141
f 7120 7141 7140
f 7121 7122 7142
f 7121 7142 7141
f 7122 7123 7143
f 7122 7143 7142
f 7123 7124 7144
f 7123 7144 7143
f 7124 7125 7145
f 7124 7145 7144
f 7125 7126 7146
f 7125 7146 7145
f 7126 7127 7147
f 7126 7147 7146
f 7127 7128 7148
f 7127 7148 7147
f 7128 7129 7149
f 7128 7149 7148
f 7129 7130 7150
f 7129 7150 7149
f 7130 7111 7131
f 7130 7131 7150
f 7131 7132 7152
f 7131 7152 7151
f 7132 7133 7153
f 7132 7153 7152
f 7133 7134 7154
f 7133 7154 7153
f 7134 7135 7155
f 7134 7155 7154
f 7135 7136 7156
f 7135 7156 7155
f 7136 7137 7157
f 7136 7157 7156
f 7137 7138 7158
f 7137 7158 7157
f 7138 7139 7159
f 7138 7159 7158
f 7139 7140 7160
f 7139 7160 7159
f 7140 7141 7161
f 7140 7161 7160
f 7141 7142 7162
f 7141 7162 7161
f 7142 7143 7163
f 7142 7163 7162
f 7143 7144 7164
f 7143 7164 7163
f 7144 7145 7165
f 7144 7165 7164
f 7145 7146 7166
f 7145 7166 7165
f 7146 7147 7167
f 7146 7167 7166
f 7147 7148 7168
f 7147 7168 7167
f 7148 7149 7169
f 7148 7169 7168
f 7149 7150 7170
f 7149 7170 7169
f 7150 7131 7151
f 7150 7151 7170
f 7151 7152 7172
f 7151 7172 7171
f 7152 7153 7173
f 7152 7173 7172
f 7153 7154 7174
f 7153 7174 7173
f 7154 7155 7175
f 7154 7175 7174
f 7155 7156 7176
f 7155 7176 7175
f 7156 7157 7177
f 7156 7177 7176
f 7157 7158 7178
f 7157 7178 7177
f 7158 7159 7179
f 7158 7179 7178
f 7159 7160 7180
f 7159 7180 7179
f 7160 7161 7181
f 7160 7181 7180
f 7161 7162 7182
f 7161 7182 7181
f 7162 7163 7183
f 7162 7183 7182
f 7163 7164 7184
f 7163 7184 7183
f 7164 7165 7185
f 7164 7185 7184
f 7165 7166 7186
f 7165 7186 7185
f 7166 7167 7187
f 7166 7187 7186
f 7167 7168 7188
f 7167 7188 7187
f 7168 7169 7189
f 7168 7189 7188
f 7169 7170 7190
f 7169 7190 7189
f 7170 7151 7171
f 7170 7171 7190
o R_Shoulder_Navy
g R_Shoulder_Navy
usemtl Deep_Navy
v 0.840000 1.980000 -0.020000
v 0.840000 1.980000 -0.020000
v 0.840000 1.980000 -0.020000
v 0.840000 1.980000 -0.020000
v 0.840000 1.980000 -0.020000
v 0.840000 1.980000 -0.020000
v 0.840000 1.980000 -0.020000
v 0.840000 1.980000 -0.020000
v 0.840000 1.980000 -0.020000
v 0.840000 1.980000 -0.020000
v 0.840000 1.980000 -0.020000
v 0.840000 1.980000 -0.020000
v 0.840000 1.980000 -0.020000
v 0.840000 1.980000 -0.020000
v 0.840000 1.980000 -0.020000
v 0.840000 1.980000 -0.020000
v 0.840000 1.980000 -0.020000
v 0.840000 1.980000 -0.020000
v 0.840000 1.980000 -0.020000
v 0.840000 1.980000 -0.020000
v 1.026358 1.984269 -0.020000
v 1.022655 1.984269 0.107426
v 1.011211 1.984269 0.144799
v 0.990673 1.984269 0.167262
v 0.956504 1.984269 0.179779
v 0.840000 1.984269 0.183829
v 0.723496 1.984269 0.179779
v 0.689327 1.984269 0.167262
v 0.668789 1.984269 0.144799
v 0.657345 1.984269 0.107426
v 0.653642 1.984269 -0.020000
v 0.657345 1.984269 -0.147426
v 0.668789 1.984269 -0.184799
v 0.689327 1.984269 -0.207262
v 0.723496 1.984269 -0.219779
v 0.840000 1.984269 -0.223829
v 0.956504 1.984269 -0.219779
v 0.990673 1.984269 -0.207262
v 1.011211 1.984269 -0.184799
v 1.022655 1.984269 -0.147426
v 1.082515 1.997333 -0.020000
v 1.077695 1.997333 0.145825
v 1.062803 1.997333 0.194459
v 1.036076 1.997333 0.223691
v 0.991611 1.997333 0.239979
v 0.840000 1.997333 0.245250
v 0.688389 1.997333 0.239979
v 0.643924 1.997333 0.223691
v 0.617197 1.997333 0.194459
v 0.602305 1.997333 0.145825
v 0.597485 1.997333 -0.020000
v 0.602305 1.997333 -0.185825
v 0.617197 1.997333 -0.234459
v 0.643924 1.997333 -0.263691
v 0.688389 1.997333 -0.279979
v 0.840000 1.997333 -0.285250
v 0.991611 1.997333 -0.279979
v 1.036076 1.997333 -0.263691
v 1.062803 1.997333 -0.234459
v 1.077695 1.997333 -0.185825
v 1.118576 2.020129 -0.020000
v 1.113040 2.020129 0.170482
v 1.095933 2.020129 0.226348
v 1.065233 2.020129 0.259927
v 1.014155 2.020129 0.278638
v 0.840000 2.020129 0.284693
v 0.665845 2.020129 0.278638
v 0.614767 2.020129 0.259927
v 0.584067 2.020129 0.226348
v 0.566960 2.020129 0.170482
v 0.561424 2.020129 -0.020000
v 0.566960 2.020129 -0.210482
v 0.584067 2.020129 -0.266348
v 0.614767 2.020129 -0.299927
v 0.665845 2.020129 -0.318638
v 0.840000 2.020129 -0.324693
v 1.014155 2.020129 -0.318638
v 1.065233 2.020129 -0.299927
v 1.095933 2.020129 -0.266348
v 1.113040 2.020129 -0.210482
v 1.142108 2.055064 -0.020000
v 1.136104 2.055064 0.186573
v 1.117553 2.055064 0.247158
v 1.084259 2.055064 0.283573
v 1.028867 2.055064 0.303864
v 0.840000 2.055064 0.310431
v 0.651133 2.055064 0.303864
v 0.595741 2.055064 0.283573
v 0.562447 2.055064 0.247158
v 0.543896 2.055064 0.186573
v 0.537892 2.055064 -0.020000
v 0.543896 2.055064 -0.226573
v 0.562447 2.055064 -0.287158
v 0.595741 2.055064 -0.323573
v 0.651133 2.055064 -0.343864
v 0.840000 2.055064 -0.350431
v 1.028867 2.055064 -0.343864
v 1.084259 2.055064 -0.323573
v 1.117553 2.055064 -0.287158
v 1.136104 2.055064 -0.226573
v 1.155593 2.109466 -0.020000
v 1.149321 2.109466 0.195794
v 1.129942 2.109466 0.259083
v 1.095161 2.109466 0.297124
v 1.037297 2.109466 0.318320
v 0.840000 2.109466 0.325180
v 0.642703 2.109466 0.318320
v 0.584839 2.109466 0.297124
v 0.550058 2.109466 0.259083
v 0.530679 2.109466 0.195794
v 0.524407 2.109466 -0.020000
v 0.530679 2.109466 -0.235794
v 0.550058 2.109466 -0.299083
v 0.584839 2.109466 -0.337124
v 0.642703 2.109466 -0.358320
v 0.840000 2.109466 -0.365180
v 1.037297 2.109466 -0.358320
v 1.095161 2.109466 -0.337124
v 1.129942 2.109466 -0.299083
v 1.149321 2.109466 -0.235794
v 1.160000 2.290000 -0.020000
v 1.153641 2.290000 0.198807
v 1.133990 2.290000 0.262980
v 1.098724 2.290000 0.301552
v 1.040052 2.290000 0.323045
v 0.840000 2.290000 0.330000
v 0.639948 2.290000 0.323045
v 0.581276 2.290000 0.301552
v 0.546010 2.290000 0.262980
v 0.526359 2.290000 0.198807
v 0.520000 2.290000 -0.020000
v 0.526359 2.290000 -0.238807
v 0.546010 2.290000 -0.302980
v 0.581276 2.290000 -0.341552
v 0.639948 2.290000 -0.363045
v 0.840000 2.290000 -0.370000
v 1.040052 2.290000 -0.363045
v 1.098724 2.290000 -0.341552
v 1.133990 2.290000 -0.302980
v 1.153641 2.290000 -0.238807
v 1.155593 2.470534 -0.020000
v 1.149321 2.470534 0.195794
v 1.129942 2.470534 0.259083
v 1.095161 2.470534 0.297124
v 1.037297 2.470534 0.318320
v 0.840000 2.470534 0.325180
v 0.642703 2.470534 0.318320
v 0.584839 2.470534 0.297124
v 0.550058 2.470534 0.259083
v 0.530679 2.470534 0.195794
v 0.524407 2.470534 -0.020000
v 0.530679 2.470534 -0.235794
v 0.550058 2.470534 -0.299083
v 0.584839 2.470534 -0.337124
v 0.642703 2.470534 -0.358320
v 0.840000 2.470534 -0.365180
v 1.037297 2.470534 -0.358320
v 1.095161 2.470534 -0.337124
v 1.129942 2.470534 -0.299083
v 1.149321 2.470534 -0.235794
v 1.142108 2.524936 -0.020000
v 1.136104 2.524936 0.186573
v 1.117553 2.524936 0.247158
v 1.084259 2.524936 0.283573
v 1.028867 2.524936 0.303864
v 0.840000 2.524936 0.310431
v 0.651133 2.524936 0.303864
v 0.595741 2.524936 0.283573
v 0.562447 2.524936 0.247158
v 0.543896 2.524936 0.186573
v 0.537892 2.524936 -0.020000
v 0.543896 2.524936 -0.226573
v 0.562447 2.524936 -0.287158
v 0.595741 2.524936 -0.323573
v 0.651133 2.524936 -0.343864
v 0.840000 2.524936 -0.350431
v 1.028867 2.524936 -0.343864
v 1.084259 2.524936 -0.323573
v 1.117553 2.524936 -0.287158
v 1.136104 2.524936 -0.226573
v 1.118576 2.559871 -0.020000
v 1.113040 2.559871 0.170482
v 1.095933 2.559871 0.226348
v 1.065233 2.559871 0.259927
v 1.014155 2.559871 0.278638
v 0.840000 2.559871 0.284693
v 0.665845 2.559871 0.278638
v 0.614767 2.559871 0.259927
v 0.584067 2.559871 0.226348
v 0.566960 2.559871 0.170482
v 0.561424 2.559871 -0.020000
v 0.566960 2.559871 -0.210482
v 0.584067 2.559871 -0.266348
v 0.614767 2.559871 -0.299927
v 0.665845 2.559871 -0.318638
v 0.840000 2.559871 -0.324693
v 1.014155 2.559871 -0.318638
v 1.065233 2.559871 -0.299927
v 1.095933 2.559871 -0.266348
v 1.113040 2.559871 -0.210482
v 1.082515 2.582667 -0.020000
v 1.077695 2.582667 0.145825
v 1.062803 2.582667 0.194459
v 1.036076 2.582667 0.223691
v 0.991611 2.582667 0.239979
v 0.840000 2.582667 0.245250
v 0.688389 2.582667 0.239979
v 0.643924 2.582667 0.223691
v 0.617197 2.582667 0.194459
v 0.602305 2.582667 0.145825
v 0.597485 2.582667 -0.020000
v 0.602305 2.582667 -0.185825
v 0.617197 2.582667 -0.234459
v 0.643924 2.582667 -0.263691
v 0.688389 2.582667 -0.279979
v 0.840000 2.582667 -0.285250
v 0.991611 2.582667 -0.279979
v 1.036076 2.582667 -0.263691
v 1.062803 2.582667 -0.234459
v 1.077695 2.582667 -0.185825
v 1.026358 2.595731 -0.020000
v 1.022655 2.595731 0.107426
v 1.011211 2.595731 0.144799
v 0.990673 2.595731 0.167262
v 0.956504 2.595731 0.179779
v 0.840000 2.595731 0.183829
v 0.723496 2.595731 0.179779
v 0.689327 2.595731 0.167262
v 0.668789 2.595731 0.144799
v 0.657345 2.595731 0.107426
v 0.653642 2.595731 -0.020000
v 0.657345 2.595731 -0.147426
v 0.668789 2.595731 -0.184799
v 0.689327 2.595731 -0.207262
v 0.723496 2.595731 -0.219779
v 0.840000 2.595731 -0.223829
v 0.956504 2.595731 -0.219779
v 0.990673 2.595731 -0.207262
v 1.011211 2.595731 -0.184799
v 1.022655 2.595731 -0.147426
v 0.840000 2.600000 -0.020000
v 0.840000 2.600000 -0.020000
v 0.840000 2.600000 -0.020000
v 0.840000 2.600000 -0.020000
v 0.840000 2.600000 -0.020000
v 0.840000 2.600000 -0.020000
v 0.840000 2.600000 -0.020000
v 0.840000 2.600000 -0.020000
v 0.840000 2.600000 -0.020000
v 0.840000 2.600000 -0.020000
v 0.840000 2.600000 -0.020000
v 0.840000 2.600000 -0.020000
v 0.840000 2.600000 -0.020000
v 0.840000 2.600000 -0.020000
v 0.840000 2.600000 -0.020000
v 0.840000 2.600000 -0.020000
v 0.840000 2.600000 -0.020000
v 0.840000 2.600000 -0.020000
v 0.840000 2.600000 -0.020000
v 0.840000 2.600000 -0.020000
f 7191 7192 7212
f 7191 7212 7211
f 7192 7193 7213
f 7192 7213 7212
f 7193 7194 7214
f 7193 7214 7213
f 7194 7195 7215
f 7194 7215 7214
f 7195 7196 7216
f 7195 7216 7215
f 7196 7197 7217
f 7196 7217 7216
f 7197 7198 7218
f 7197 7218 7217
f 7198 7199 7219
f 7198 7219 7218
f 7199 7200 7220
f 7199 7220 7219
f 7200 7201 7221
f 7200 7221 7220
f 7201 7202 7222
f 7201 7222 7221
f 7202 7203 7223
f 7202 7223 7222
f 7203 7204 7224
f 7203 7224 7223
f 7204 7205 7225
f 7204 7225 7224
f 7205 7206 7226
f 7205 7226 7225
f 7206 7207 7227
f 7206 7227 7226
f 7207 7208 7228
f 7207 7228 7227
f 7208 7209 7229
f 7208 7229 7228
f 7209 7210 7230
f 7209 7230 7229
f 7210 7191 7211
f 7210 7211 7230
f 7211 7212 7232
f 7211 7232 7231
f 7212 7213 7233
f 7212 7233 7232
f 7213 7214 7234
f 7213 7234 7233
f 7214 7215 7235
f 7214 7235 7234
f 7215 7216 7236
f 7215 7236 7235
f 7216 7217 7237
f 7216 7237 7236
f 7217 7218 7238
f 7217 7238 7237
f 7218 7219 7239
f 7218 7239 7238
f 7219 7220 7240
f 7219 7240 7239
f 7220 7221 7241
f 7220 7241 7240
f 7221 7222 7242
f 7221 7242 7241
f 7222 7223 7243
f 7222 7243 7242
f 7223 7224 7244
f 7223 7244 7243
f 7224 7225 7245
f 7224 7245 7244
f 7225 7226 7246
f 7225 7246 7245
f 7226 7227 7247
f 7226 7247 7246
f 7227 7228 7248
f 7227 7248 7247
f 7228 7229 7249
f 7228 7249 7248
f 7229 7230 7250
f 7229 7250 7249
f 7230 7211 7231
f 7230 7231 7250
f 7231 7232 7252
f 7231 7252 7251
f 7232 7233 7253
f 7232 7253 7252
f 7233 7234 7254
f 7233 7254 7253
f 7234 7235 7255
f 7234 7255 7254
f 7235 7236 7256
f 7235 7256 7255
f 7236 7237 7257
f 7236 7257 7256
f 7237 7238 7258
f 7237 7258 7257
f 7238 7239 7259
f 7238 7259 7258
f 7239 7240 7260
f 7239 7260 7259
f 7240 7241 7261
f 7240 7261 7260
f 7241 7242 7262
f 7241 7262 7261
f 7242 7243 7263
f 7242 7263 7262
f 7243 7244 7264
f 7243 7264 7263
f 7244 7245 7265
f 7244 7265 7264
f 7245 7246 7266
f 7245 7266 7265
f 7246 7247 7267
f 7246 7267 7266
f 7247 7248 7268
f 7247 7268 7267
f 7248 7249 7269
f 7248 7269 7268
f 7249 7250 7270
f 7249 7270 7269
f 7250 7231 7251
f 7250 7251 7270
f 7251 7252 7272
f 7251 7272 7271
f 7252 7253 7273
f 7252 7273 7272
f 7253 7254 7274
f 7253 7274 7273
f 7254 7255 7275
f 7254 7275 7274
f 7255 7256 7276
f 7255 7276 7275
f 7256 7257 7277
f 7256 7277 7276
f 7257 7258 7278
f 7257 7278 7277
f 7258 7259 7279
f 7258 7279 7278
f 7259 7260 7280
f 7259 7280 7279
f 7260 7261 7281
f 7260 7281 7280
f 7261 7262 7282
f 7261 7282 7281
f 7262 7263 7283
f 7262 7283 7282
f 7263 7264 7284
f 7263 7284 7283
f 7264 7265 7285
f 7264 7285 7284
f 7265 7266 7286
f 7265 7286 7285
f 7266 7267 7287
f 7266 7287 7286
f 7267 7268 7288
f 7267 7288 7287
f 7268 7269 7289
f 7268 7289 7288
f 7269 7270 7290
f 7269 7290 7289
f 7270 7251 7271
f 7270 7271 7290
f 7271 7272 7292
f 7271 7292 7291
f 7272 7273 7293
f 7272 7293 7292
f 7273 7274 7294
f 7273 7294 7293
f 7274 7275 7295
f 7274 7295 7294
f 7275 7276 7296
f 7275 7296 7295
f 7276 7277 7297
f 7276 7297 7296
f 7277 7278 7298
f 7277 7298 7297
f 7278 7279 7299
f 7278 7299 7298
f 7279 7280 7300
f 7279 7300 7299
f 7280 7281 7301
f 7280 7301 7300
f 7281 7282 7302
f 7281 7302 7301
f 7282 7283 7303
f 7282 7303 7302
f 7283 7284 7304
f 7283 7304 7303
f 7284 7285 7305
f 7284 7305 7304
f 7285 7286 7306
f 7285 7306 7305
f 7286 7287 7307
f 7286 7307 7306
f 7287 7288 7308
f 7287 7308 7307
f 7288 7289 7309
f 7288 7309 7308
f 7289 7290 7310
f 7289 7310 7309
f 7290 7271 7291
f 7290 7291 7310
f 7291 7292 7312
f 7291 7312 7311
f 7292 7293 7313
f 7292 7313 7312
f 7293 7294 7314
f 7293 7314 7313
f 7294 7295 7315
f 7294 7315 7314
f 7295 7296 7316
f 7295 7316 7315
f 7296 7297 7317
f 7296 7317 7316
f 7297 7298 7318
f 7297 7318 7317
f 7298 7299 7319
f 7298 7319 7318
f 7299 7300 7320
f 7299 7320 7319
f 7300 7301 7321
f 7300 7321 7320
f 7301 7302 7322
f 7301 7322 7321
f 7302 7303 7323
f 7302 7323 7322
f 7303 7304 7324
f 7303 7324 7323
f 7304 7305 7325
f 7304 7325 7324
f 7305 7306 7326
f 7305 7326 7325
f 7306 7307 7327
f 7306 7327 7326
f 7307 7308 7328
f 7307 7328 7327
f 7308 7309 7329
f 7308 7329 7328
f 7309 7310 7330
f 7309 7330 7329
f 7310 7291 7311
f 7310 7311 7330
f 7311 7312 7332
f 7311 7332 7331
f 7312 7313 7333
f 7312 7333 7332
f 7313 7314 7334
f 7313 7334 7333
f 7314 7315 7335
f 7314 7335 7334
f 7315 7316 7336
f 7315 7336 7335
f 7316 7317 7337
f 7316 7337 7336
f 7317 7318 7338
f 7317 7338 7337
f 7318 7319 7339
f 7318 7339 7338
f 7319 7320 7340
f 7319 7340 7339
f 7320 7321 7341
f 7320 7341 7340
f 7321 7322 7342
f 7321 7342 7341
f 7322 7323 7343
f 7322 7343 7342
f 7323 7324 7344
f 7323 7344 7343
f 7324 7325 7345
f 7324 7345 7344
f 7325 7326 7346
f 7325 7346 7345
f 7326 7327 7347
f 7326 7347 7346
f 7327 7328 7348
f 7327 7348 7347
f 7328 7329 7349
f 7328 7349 7348
f 7329 7330 7350
f 7329 7350 7349
f 7330 7311 7331
f 7330 7331 7350
f 7331 7332 7352
f 7331 7352 7351
f 7332 7333 7353
f 7332 7353 7352
f 7333 7334 7354
f 7333 7354 7353
f 7334 7335 7355
f 7334 7355 7354
f 7335 7336 7356
f 7335 7356 7355
f 7336 7337 7357
f 7336 7357 7356
f 7337 7338 7358
f 7337 7358 7357
f 7338 7339 7359
f 7338 7359 7358
f 7339 7340 7360
f 7339 7360 7359
f 7340 7341 7361
f 7340 7361 7360
f 7341 7342 7362
f 7341 7362 7361
f 7342 7343 7363
f 7342 7363 7362
f 7343 7344 7364
f 7343 7364 7363
f 7344 7345 7365
f 7344 7365 7364
f 7345 7346 7366
f 7345 7366 7365
f 7346 7347 7367
f 7346 7367 7366
f 7347 7348 7368
f 7347 7368 7367
f 7348 7349 7369
f 7348 7369 7368
f 7349 7350 7370
f 7349 7370 7369
f 7350 7331 7351
f 7350 7351 7370
f 7351 7352 7372
f 7351 7372 7371
f 7352 7353 7373
f 7352 7373 7372
f 7353 7354 7374
f 7353 7374 7373
f 7354 7355 7375
f 7354 7375 7374
f 7355 7356 7376
f 7355 7376 7375
f 7356 7357 7377
f 7356 7377 7376
f 7357 7358 7378
f 7357 7378 7377
f 7358 7359 7379
f 7358 7379 7378
f 7359 7360 7380
f 7359 7380 7379
f 7360 7361 7381
f 7360 7381 7380
f 7361 7362 7382
f 7361 7382 7381
f 7362 7363 7383
f 7362 7383 7382
f 7363 7364 7384
f 7363 7384 7383
f 7364 7365 7385
f 7364 7385 7384
f 7365 7366 7386
f 7365 7386 7385
f 7366 7367 7387
f 7366 7387 7386
f 7367 7368 7388
f 7367 7388 7387
f 7368 7369 7389
f 7368 7389 7388
f 7369 7370 7390
f 7369 7390 7389
f 7370 7351 7371
f 7370 7371 7390
f 7371 7372 7392
f 7371 7392 7391
f 7372 7373 7393
f 7372 7393 7392
f 7373 7374 7394
f 7373 7394 7393
f 7374 7375 7395
f 7374 7395 7394
f 7375 7376 7396
f 7375 7396 7395
f 7376 7377 7397
f 7376 7397 7396
f 7377 7378 7398
f 7377 7398 7397
f 7378 7379 7399
f 7378 7399 7398
f 7379 7380 7400
f 7379 7400 7399
f 7380 7381 7401
f 7380 7401 7400
f 7381 7382 7402
f 7381 7402 7401
f 7382 7383 7403
f 7382 7403 7402
f 7383 7384 7404
f 7383 7404 7403
f 7384 7385 7405
f 7384 7405 7404
f 7385 7386 7406
f 7385 7406 7405
f 7386 7387 7407
f 7386 7407 7406
f 7387 7388 7408
f 7387 7408 7407
f 7388 7389 7409
f 7388 7409 7408
f 7389 7390 7410
f 7389 7410 7409
f 7390 7371 7391
f 7390 7391 7410
f 7391 7392 7412
f 7391 7412 7411
f 7392 7393 7413
f 7392 7413 7412
f 7393 7394 7414
f 7393 7414 7413
f 7394 7395 7415
f 7394 7415 7414
f 7395 7396 7416
f 7395 7416 7415
f 7396 7397 7417
f 7396 7417 7416
f 7397 7398 7418
f 7397 7418 7417
f 7398 7399 7419
f 7398 7419 7418
f 7399 7400 7420
f 7399 7420 7419
f 7400 7401 7421
f 7400 7421 7420
f 7401 7402 7422
f 7401 7422 7421
f 7402 7403 7423
f 7402 7423 7422
f 7403 7404 7424
f 7403 7424 7423
f 7404 7405 7425
f 7404 7425 7424
f 7405 7406 7426
f 7405 7426 7425
f 7406 7407 7427
f 7406 7427 7426
f 7407 7408 7428
f 7407 7428 7427
f 7408 7409 7429
f 7408 7429 7428
f 7409 7410 7430
f 7409 7430 7429
f 7410 7391 7411
f 7410 7411 7430
f 7411 7412 7432
f 7411 7432 7431
f 7412 7413 7433
f 7412 7433 7432
f 7413 7414 7434
f 7413 7434 7433
f 7414 7415 7435
f 7414 7435 7434
f 7415 7416 7436
f 7415 7436 7435
f 7416 7417 7437
f 7416 7437 7436
f 7417 7418 7438
f 7417 7438 7437
f 7418 7419 7439
f 7418 7439 7438
f 7419 7420 7440
f 7419 7440 7439
f 7420 7421 7441
f 7420 7441 7440
f 7421 7422 7442
f 7421 7442 7441
f 7422 7423 7443
f 7422 7443 7442
f 7423 7424 7444
f 7423 7444 7443
f 7424 7425 7445
f 7424 7445 7444
f 7425 7426 7446
f 7425 7446 7445
f 7426 7427 7447
f 7426 7447 7446
f 7427 7428 7448
f 7427 7448 7447
f 7428 7429 7449
f 7428 7449 7448
f 7429 7430 7450
f 7429 7450 7449
f 7430 7411 7431
f 7430 7431 7450
o R_Upper_Arm
g R_Upper_Arm
usemtl Gunmetal
v 0.670000 2.240000 0.000000
v 0.840000 1.650000 0.000000
v 0.670000 2.240000 0.230000
v 0.585424 2.215631 0.212492
v 0.513723 2.194971 0.162635
v 0.465815 2.181167 0.088017
v 0.448991 2.176320 0.000000
v 0.465815 2.181167 -0.088017
v 0.513723 2.194971 -0.162635
v 0.585424 2.215631 -0.212492
v 0.670000 2.240000 -0.230000
v 0.754576 2.264369 -0.212492
v 0.826277 2.285029 -0.162635
v 0.874185 2.298833 -0.088017
v 0.891009 2.303680 -0.000000
v 0.874185 2.298833 0.088017
v 0.826277 2.285029 0.162635
v 0.754576 2.264369 0.212492
v 0.840000 1.650000 0.200000
v 0.766455 1.628809 0.184776
v 0.704107 1.610844 0.141421
v 0.662448 1.598841 0.076537
v 0.647819 1.594626 0.000000
v 0.662448 1.598841 -0.076537
v 0.704107 1.610844 -0.141421
v 0.766455 1.628809 -0.184776
v 0.840000 1.650000 -0.200000
v 0.913545 1.671191 -0.184776
v 0.975893 1.689156 -0.141421
v 1.017552 1.701159 -0.076537
v 1.032181 1.705374 -0.000000
v 1.017552 1.701159 0.076537
v 0.975893 1.689156 0.141421
v 0.913545 1.671191 0.184776
f 7453 7454 7470
f 7453 7470 7469
f 7451 7454 7453
f 7452 7469 7470
f 7454 7455 7471
f 7454 7471 7470
f 7451 7455 7454
f 7452 7470 7471
f 7455 7456 7472
f 7455 7472 7471
f 7451 7456 7455
f 7452 7471 7472
f 7456 7457 7473
f 7456 7473 7472
f 7451 7457 7456
f 7452 7472 7473
f 7457 7458 7474
f 7457 7474 7473
f 7451 7458 7457
f 7452 7473 7474
f 7458 7459 7475
f 7458 7475 7474
f 7451 7459 7458
f 7452 7474 7475
f 7459 7460 7476
f 7459 7476 7475
f 7451 7460 7459
f 7452 7475 7476
f 7460 7461 7477
f 7460 7477 7476
f 7451 7461 7460
f 7452 7476 7477
f 7461 7462 7478
f 7461 7478 7477
f 7451 7462 7461
f 7452 7477 7478
f 7462 7463 7479
f 7462 7479 7478
f 7451 7463 7462
f 7452 7478 7479
f 7463 7464 7480
f 7463 7480 7479
f 7451 7464 7463
f 7452 7479 7480
f 7464 7465 7481
f 7464 7481 7480
f 7451 7465 7464
f 7452 7480 7481
f 7465 7466 7482
f 7465 7482 7481
f 7451 7466 7465
f 7452 7481 7482
f 7466 7467 7483
f 7466 7483 7482
f 7451 7467 7466
f 7452 7482 7483
f 7467 7468 7484
f 7467 7484 7483
f 7451 7468 7467
f 7452 7483 7484
f 7468 7453 7469
f 7468 7469 7484
f 7451 7453 7468
f 7452 7484 7469
o R_Elbow
g R_Elbow
usemtl Deep_Navy
v 0.840000 1.440000 0.000000
v 0.840000 1.440000 0.000000
v 0.840000 1.440000 0.000000
v 0.840000 1.440000 0.000000
v 0.840000 1.440000 0.000000
v 0.840000 1.440000 0.000000
v 0.840000 1.440000 0.000000
v 0.840000 1.440000 0.000000
v 0.840000 1.440000 0.000000
v 0.840000 1.440000 0.000000
v 0.840000 1.440000 0.000000
v 0.840000 1.440000 -0.000000
v 0.840000 1.440000 -0.000000
v 0.840000 1.440000 -0.000000
v 0.840000 1.440000 -0.000000
v 0.840000 1.440000 -0.000000
v 0.840000 1.440000 -0.000000
v 0.840000 1.440000 -0.000000
v 0.840000 1.440000 -0.000000
v 0.840000 1.440000 -0.000000
v 0.896940 1.447156 0.000000
v 0.894153 1.447156 0.017595
v 0.886066 1.447156 0.033469
v 0.873469 1.447156 0.046066
v 0.857595 1.447156 0.054153
v 0.840000 1.447156 0.056940
v 0.822405 1.447156 0.054153
v 0.806531 1.447156 0.046066
v 0.793934 1.447156 0.033469
v 0.785847 1.447156 0.017595
v 0.783060 1.447156 0.000000
v 0.785847 1.447156 -0.017595
v 0.793934 1.447156 -0.033469
v 0.806531 1.447156 -0.046066
v 0.822405 1.447156 -0.054153
v 0.840000 1.447156 -0.056940
v 0.857595 1.447156 -0.054153
v 0.873469 1.447156 -0.046066
v 0.886066 1.447156 -0.033469
v 0.894153 1.447156 -0.017595
v 0.950000 1.468135 0.000000
v 0.944616 1.468135 0.033992
v 0.928992 1.468135 0.064656
v 0.904656 1.468135 0.088992
v 0.873992 1.468135 0.104616
v 0.840000 1.468135 0.110000
v 0.806008 1.468135 0.104616
v 0.775344 1.468135 0.088992
v 0.751008 1.468135 0.064656
v 0.735384 1.468135 0.033992
v 0.730000 1.468135 0.000000
v 0.735384 1.468135 -0.033992
v 0.751008 1.468135 -0.064656
v 0.775344 1.468135 -0.088992
v 0.806008 1.468135 -0.104616
v 0.840000 1.468135 -0.110000
v 0.873992 1.468135 -0.104616
v 0.904656 1.468135 -0.088992
v 0.928992 1.468135 -0.064656
v 0.944616 1.468135 -0.033992
v 0.995563 1.501508 0.000000
v 0.987950 1.501508 0.048072
v 0.965854 1.501508 0.091438
v 0.931438 1.501508 0.125854
v 0.888072 1.501508 0.147950
v 0.840000 1.501508 0.155563
v 0.791928 1.501508 0.147950
v 0.748562 1.501508 0.125854
v 0.714146 1.501508 0.091438
v 0.692050 1.501508 0.048072
v 0.684437 1.501508 0.000000
v 0.692050 1.501508 -0.048072
v 0.714146 1.501508 -0.091438
v 0.748562 1.501508 -0.125854
v 0.791928 1.501508 -0.147950
v 0.840000 1.501508 -0.155563
v 0.888072 1.501508 -0.147950
v 0.931438 1.501508 -0.125854
v 0.965854 1.501508 -0.091438
v 0.987950 1.501508 -0.048072
v 1.030526 1.545000 0.000000
v 1.021201 1.545000 0.058876
v 0.994138 1.545000 0.111988
v 0.951988 1.545000 0.154138
v 0.898876 1.545000 0.181201
v 0.840000 1.545000 0.190526
v 0.781124 1.545000 0.181201
v 0.728012 1.545000 0.154138
v 0.685862 1.545000 0.111988
v 0.658799 1.545000 0.058876
v 0.649474 1.545000 0.000000
v 0.658799 1.545000 -0.058876
v 0.685862 1.545000 -0.111988
v 0.728012 1.545000 -0.154138
v 0.781124 1.545000 -0.181201
v 0.840000 1.545000 -0.190526
v 0.898876 1.545000 -0.181201
v 0.951988 1.545000 -0.154138
v 0.994138 1.545000 -0.111988
v 1.021201 1.545000 -0.058876
v 1.052504 1.595648 0.000000
v 1.042103 1.595648 0.065667
v 1.011919 1.595648 0.124907
v 0.964907 1.595648 0.171919
v 0.905667 1.595648 0.202103
v 0.840000 1.595648 0.212504
v 0.774333 1.595648 0.202103
v 0.715093 1.595648 0.171919
v 0.668081 1.595648 0.124907
v 0.637897 1.595648 0.065667
v 0.627496 1.595648 0.000000
v 0.637897 1.595648 -0.065667
v 0.668081 1.595648 -0.124907
v 0.715093 1.595648 -0.171919
v 0.774333 1.595648 -0.202103
v 0.840000 1.595648 -0.212504
v 0.905667 1.595648 -0.202103
v 0.964907 1.595648 -0.171919
v 1.011919 1.595648 -0.124907
v 1.042103 1.595648 -0.065667
v 1.060000 1.650000 0.000000
v 1.049232 1.650000 0.067984
v 1.017984 1.650000 0.129313
v 0.969313 1.650000 0.177984
v 0.907984 1.650000 0.209232
v 0.840000 1.650000 0.220000
v 0.772016 1.650000 0.209232
v 0.710687 1.650000 0.177984
v 0.662016 1.650000 0.129313
v 0.630768 1.650000 0.067984
v 0.620000 1.650000 0.000000
v 0.630768 1.650000 -0.067984
v 0.662016 1.650000 -0.129313
v 0.710687 1.650000 -0.177984
v 0.772016 1.650000 -0.209232
v 0.840000 1.650000 -0.220000
v 0.907984 1.650000 -0.209232
v 0.969313 1.650000 -0.177984
v 1.017984 1.650000 -0.129313
v 1.049232 1.650000 -0.067984
v 1.052504 1.704352 0.000000
v 1.042103 1.704352 0.065667
v 1.011919 1.704352 0.124907
v 0.964907 1.704352 0.171919
v 0.905667 1.704352 0.202103
v 0.840000 1.704352 0.212504
v 0.774333 1.704352 0.202103
v 0.715093 1.704352 0.171919
v 0.668081 1.704352 0.124907
v 0.637897 1.704352 0.065667
v 0.627496 1.704352 0.000000
v 0.637897 1.704352 -0.065667
v 0.668081 1.704352 -0.124907
v 0.715093 1.704352 -0.171919
v 0.774333 1.704352 -0.202103
v 0.840000 1.704352 -0.212504
v 0.905667 1.704352 -0.202103
v 0.964907 1.704352 -0.171919
v 1.011919 1.704352 -0.124907
v 1.042103 1.704352 -0.065667
v 1.030526 1.755000 0.000000
v 1.021201 1.755000 0.058876
v 0.994138 1.755000 0.111988
v 0.951988 1.755000 0.154138
v 0.898876 1.755000 0.181201
v 0.840000 1.755000 0.190526
v 0.781124 1.755000 0.181201
v 0.728012 1.755000 0.154138
v 0.685862 1.755000 0.111988
v 0.658799 1.755000 0.058876
v 0.649474 1.755000 0.000000
v 0.658799 1.755000 -0.058876
v 0.685862 1.755000 -0.111988
v 0.728012 1.755000 -0.154138
v 0.781124 1.755000 -0.181201
v 0.840000 1.755000 -0.190526
v 0.898876 1.755000 -0.181201
v 0.951988 1.755000 -0.154138
v 0.994138 1.755000 -0.111988
v 1.021201 1.755000 -0.058876
v 0.995563 1.798492 0.000000
v 0.987950 1.798492 0.048072
v 0.965854 1.798492 0.091438
v 0.931438 1.798492 0.125854
v 0.888072 1.798492 0.147950
v 0.840000 1.798492 0.155563
v 0.791928 1.798492 0.147950
v 0.748562 1.798492 0.125854
v 0.714146 1.798492 0.091438
v 0.692050 1.798492 0.048072
v 0.684437 1.798492 0.000000
v 0.692050 1.798492 -0.048072
v 0.714146 1.798492 -0.091438
v 0.748562 1.798492 -0.125854
v 0.791928 1.798492 -0.147950
v 0.840000 1.798492 -0.155563
v 0.888072 1.798492 -0.147950
v 0.931438 1.798492 -0.125854
v 0.965854 1.798492 -0.091438
v 0.987950 1.798492 -0.048072
v 0.950000 1.831865 0.000000
v 0.944616 1.831865 0.033992
v 0.928992 1.831865 0.064656
v 0.904656 1.831865 0.088992
v 0.873992 1.831865 0.104616
v 0.840000 1.831865 0.110000
v 0.806008 1.831865 0.104616
v 0.775344 1.831865 0.088992
v 0.751008 1.831865 0.064656
v 0.735384 1.831865 0.033992
v 0.730000 1.831865 0.000000
v 0.735384 1.831865 -0.033992
v 0.751008 1.831865 -0.064656
v 0.775344 1.831865 -0.088992
v 0.806008 1.831865 -0.104616
v 0.840000 1.831865 -0.110000
v 0.873992 1.831865 -0.104616
v 0.904656 1.831865 -0.088992
v 0.928992 1.831865 -0.064656
v 0.944616 1.831865 -0.033992
v 0.896940 1.852844 0.000000
v 0.894153 1.852844 0.017595
v 0.886066 1.852844 0.033469
v 0.873469 1.852844 0.046066
v 0.857595 1.852844 0.054153
v 0.840000 1.852844 0.056940
v 0.822405 1.852844 0.054153
v 0.806531 1.852844 0.046066
v 0.793934 1.852844 0.033469
v 0.785847 1.852844 0.017595
v 0.783060 1.852844 0.000000
v 0.785847 1.852844 -0.017595
v 0.793934 1.852844 -0.033469
v 0.806531 1.852844 -0.046066
v 0.822405 1.852844 -0.054153
v 0.840000 1.852844 -0.056940
v 0.857595 1.852844 -0.054153
v 0.873469 1.852844 -0.046066
v 0.886066 1.852844 -0.033469
v 0.894153 1.852844 -0.017595
v 0.840000 1.860000 0.000000
v 0.840000 1.860000 0.000000
v 0.840000 1.860000 0.000000
v 0.840000 1.860000 0.000000
v 0.840000 1.860000 0.000000
v 0.840000 1.860000 0.000000
v 0.840000 1.860000 0.000000
v 0.840000 1.860000 0.000000
v 0.840000 1.860000 0.000000
v 0.840000 1.860000 0.000000
v 0.840000 1.860000 0.000000
v 0.840000 1.860000 -0.000000
v 0.840000 1.860000 -0.000000
v 0.840000 1.860000 -0.000000
v 0.840000 1.860000 -0.000000
v 0.840000 1.860000 -0.000000
v 0.840000 1.860000 -0.000000
v 0.840000 1.860000 -0.000000
v 0.840000 1.860000 -0.000000
v 0.840000 1.860000 -0.000000
f 7485 7486 7506
f 7485 7506 7505
f 7486 7487 7507
f 7486 7507 7506
f 7487 7488 7508
f 7487 7508 7507
f 7488 7489 7509
f 7488 7509 7508
f 7489 7490 7510
f 7489 7510 7509
f 7490 7491 7511
f 7490 7511 7510
f 7491 7492 7512
f 7491 7512 7511
f 7492 7493 7513
f 7492 7513 7512
f 7493 7494 7514
f 7493 7514 7513
f 7494 7495 7515
f 7494 7515 7514
f 7495 7496 7516
f 7495 7516 7515
f 7496 7497 7517
f 7496 7517 7516
f 7497 7498 7518
f 7497 7518 7517
f 7498 7499 7519
f 7498 7519 7518
f 7499 7500 7520
f 7499 7520 7519
f 7500 7501 7521
f 7500 7521 7520
f 7501 7502 7522
f 7501 7522 7521
f 7502 7503 7523
f 7502 7523 7522
f 7503 7504 7524
f 7503 7524 7523
f 7504 7485 7505
f 7504 7505 7524
f 7505 7506 7526
f 7505 7526 7525
f 7506 7507 7527
f 7506 7527 7526
f 7507 7508 7528
f 7507 7528 7527
f 7508 7509 7529
f 7508 7529 7528
f 7509 7510 7530
f 7509 7530 7529
f 7510 7511 7531
f 7510 7531 7530
f 7511 7512 7532
f 7511 7532 7531
f 7512 7513 7533
f 7512 7533 7532
f 7513 7514 7534
f 7513 7534 7533
f 7514 7515 7535
f 7514 7535 7534
f 7515 7516 7536
f 7515 7536 7535
f 7516 7517 7537
f 7516 7537 7536
f 7517 7518 7538
f 7517 7538 7537
f 7518 7519 7539
f 7518 7539 7538
f 7519 7520 7540
f 7519 7540 7539
f 7520 7521 7541
f 7520 7541 7540
f 7521 7522 7542
f 7521 7542 7541
f 7522 7523 7543
f 7522 7543 7542
f 7523 7524 7544
f 7523 7544 7543
f 7524 7505 7525
f 7524 7525 7544
f 7525 7526 7546
f 7525 7546 7545
f 7526 7527 7547
f 7526 7547 7546
f 7527 7528 7548
f 7527 7548 7547
f 7528 7529 7549
f 7528 7549 7548
f 7529 7530 7550
f 7529 7550 7549
f 7530 7531 7551
f 7530 7551 7550
f 7531 7532 7552
f 7531 7552 7551
f 7532 7533 7553
f 7532 7553 7552
f 7533 7534 7554
f 7533 7554 7553
f 7534 7535 7555
f 7534 7555 7554
f 7535 7536 7556
f 7535 7556 7555
f 7536 7537 7557
f 7536 7557 7556
f 7537 7538 7558
f 7537 7558 7557
f 7538 7539 7559
f 7538 7559 7558
f 7539 7540 7560
f 7539 7560 7559
f 7540 7541 7561
f 7540 7561 7560
f 7541 7542 7562
f 7541 7562 7561
f 7542 7543 7563
f 7542 7563 7562
f 7543 7544 7564
f 7543 7564 7563
f 7544 7525 7545
f 7544 7545 7564
f 7545 7546 7566
f 7545 7566 7565
f 7546 7547 7567
f 7546 7567 7566
f 7547 7548 7568
f 7547 7568 7567
f 7548 7549 7569
f 7548 7569 7568
f 7549 7550 7570
f 7549 7570 7569
f 7550 7551 7571
f 7550 7571 7570
f 7551 7552 7572
f 7551 7572 7571
f 7552 7553 7573
f 7552 7573 7572
f 7553 7554 7574
f 7553 7574 7573
f 7554 7555 7575
f 7554 7575 7574
f 7555 7556 7576
f 7555 7576 7575
f 7556 7557 7577
f 7556 7577 7576
f 7557 7558 7578
f 7557 7578 7577
f 7558 7559 7579
f 7558 7579 7578
f 7559 7560 7580
f 7559 7580 7579
f 7560 7561 7581
f 7560 7581 7580
f 7561 7562 7582
f 7561 7582 7581
f 7562 7563 7583
f 7562 7583 7582
f 7563 7564 7584
f 7563 7584 7583
f 7564 7545 7565
f 7564 7565 7584
f 7565 7566 7586
f 7565 7586 7585
f 7566 7567 7587
f 7566 7587 7586
f 7567 7568 7588
f 7567 7588 7587
f 7568 7569 7589
f 7568 7589 7588
f 7569 7570 7590
f 7569 7590 7589
f 7570 7571 7591
f 7570 7591 7590
f 7571 7572 7592
f 7571 7592 7591
f 7572 7573 7593
f 7572 7593 7592
f 7573 7574 7594
f 7573 7594 7593
f 7574 7575 7595
f 7574 7595 7594
f 7575 7576 7596
f 7575 7596 7595
f 7576 7577 7597
f 7576 7597 7596
f 7577 7578 7598
f 7577 7598 7597
f 7578 7579 7599
f 7578 7599 7598
f 7579 7580 7600
f 7579 7600 7599
f 7580 7581 7601
f 7580 7601 7600
f 7581 7582 7602
f 7581 7602 7601
f 7582 7583 7603
f 7582 7603 7602
f 7583 7584 7604
f 7583 7604 7603
f 7584 7565 7585
f 7584 7585 7604
f 7585 7586 7606
f 7585 7606 7605
f 7586 7587 7607
f 7586 7607 7606
f 7587 7588 7608
f 7587 7608 7607
f 7588 7589 7609
f 7588 7609 7608
f 7589 7590 7610
f 7589 7610 7609
f 7590 7591 7611
f 7590 7611 7610
f 7591 7592 7612
f 7591 7612 7611
f 7592 7593 7613
f 7592 7613 7612
f 7593 7594 7614
f 7593 7614 7613
f 7594 7595 7615
f 7594 7615 7614
f 7595 7596 7616
f 7595 7616 7615
f 7596 7597 7617
f 7596 7617 7616
f 7597 7598 7618
f 7597 7618 7617
f 7598 7599 7619
f 7598 7619 7618
f 7599 7600 7620
f 7599 7620 7619
f 7600 7601 7621
f 7600 7621 7620
f 7601 7602 7622
f 7601 7622 7621
f 7602 7603 7623
f 7602 7623 7622
f 7603 7604 7624
f 7603 7624 7623
f 7604 7585 7605
f 7604 7605 7624
f 7605 7606 7626
f 7605 7626 7625
f 7606 7607 7627
f 7606 7627 7626
f 7607 7608 7628
f 7607 7628 7627
f 7608 7609 7629
f 7608 7629 7628
f 7609 7610 7630
f 7609 7630 7629
f 7610 7611 7631
f 7610 7631 7630
f 7611 7612 7632
f 7611 7632 7631
f 7612 7613 7633
f 7612 7633 7632
f 7613 7614 7634
f 7613 7634 7633
f 7614 7615 7635
f 7614 7635 7634
f 7615 7616 7636
f 7615 7636 7635
f 7616 7617 7637
f 7616 7637 7636
f 7617 7618 7638
f 7617 7638 7637
f 7618 7619 7639
f 7618 7639 7638
f 7619 7620 7640
f 7619 7640 7639
f 7620 7621 7641
f 7620 7641 7640
f 7621 7622 7642
f 7621 7642 7641
f 7622 7623 7643
f 7622 7643 7642
f 7623 7624 7644
f 7623 7644 7643
f 7624 7605 7625
f 7624 7625 7644
f 7625 7626 7646
f 7625 7646 7645
f 7626 7627 7647
f 7626 7647 7646
f 7627 7628 7648
f 7627 7648 7647
f 7628 7629 7649
f 7628 7649 7648
f 7629 7630 7650
f 7629 7650 7649
f 7630 7631 7651
f 7630 7651 7650
f 7631 7632 7652
f 7631 7652 7651
f 7632 7633 7653
f 7632 7653 7652
f 7633 7634 7654
f 7633 7654 7653
f 7634 7635 7655
f 7634 7655 7654
f 7635 7636 7656
f 7635 7656 7655
f 7636 7637 7657
f 7636 7657 7656
f 7637 7638 7658
f 7637 7658 7657
f 7638 7639 7659
f 7638 7659 7658
f 7639 7640 7660
f 7639 7660 7659
f 7640 7641 7661
f 7640 7661 7660
f 7641 7642 7662
f 7641 7662 7661
f 7642 7643 7663
f 7642 7663 7662
f 7643 7644 7664
f 7643 7664 7663
f 7644 7625 7645
f 7644 7645 7664
f 7645 7646 7666
f 7645 7666 7665
f 7646 7647 7667
f 7646 7667 7666
f 7647 7648 7668
f 7647 7668 7667
f 7648 7649 7669
f 7648 7669 7668
f 7649 7650 7670
f 7649 7670 7669
f 7650 7651 7671
f 7650 7671 7670
f 7651 7652 7672
f 7651 7672 7671
f 7652 7653 7673
f 7652 7673 7672
f 7653 7654 7674
f 7653 7674 7673
f 7654 7655 7675
f 7654 7675 7674
f 7655 7656 7676
f 7655 7676 7675
f 7656 7657 7677
f 7656 7677 7676
f 7657 7658 7678
f 7657 7678 7677
f 7658 7659 7679
f 7658 7679 7678
f 7659 7660 7680
f 7659 7680 7679
f 7660 7661 7681
f 7660 7681 7680
f 7661 7662 7682
f 7661 7682 7681
f 7662 7663 7683
f 7662 7683 7682
f 7663 7664 7684
f 7663 7684 7683
f 7664 7645 7665
f 7664 7665 7684
f 7665 7666 7686
f 7665 7686 7685
f 7666 7667 7687
f 7666 7687 7686
f 7667 7668 7688
f 7667 7688 7687
f 7668 7669 7689
f 7668 7689 7688
f 7669 7670 7690
f 7669 7690 7689
f 7670 7671 7691
f 7670 7691 7690
f 7671 7672 7692
f 7671 7692 7691
f 7672 7673 7693
f 7672 7693 7692
f 7673 7674 7694
f 7673 7694 7693
f 7674 7675 7695
f 7674 7695 7694
f 7675 7676 7696
f 7675 7696 7695
f 7676 7677 7697
f 7676 7697 7696
f 7677 7678 7698
f 7677 7698 7697
f 7678 7679 7699
f 7678 7699 7698
f 7679 7680 7700
f 7679 7700 7699
f 7680 7681 7701
f 7680 7701 7700
f 7681 7682 7702
f 7681 7702 7701
f 7682 7683 7703
f 7682 7703 7702
f 7683 7684 7704
f 7683 7704 7703
f 7684 7665 7685
f 7684 7685 7704
f 7685 7686 7706
f 7685 7706 7705
f 7686 7687 7707
f 7686 7707 7706
f 7687 7688 7708
f 7687 7708 7707
f 7688 7689 7709
f 7688 7709 7708
f 7689 7690 7710
f 7689 7710 7709
f 7690 7691 7711
f 7690 7711 7710
f 7691 7692 7712
f 7691 7712 7711
f 7692 7693 7713
f 7692 7713 7712
f 7693 7694 7714
f 7693 7714 7713
f 7694 7695 7715
f 7694 7715 7714
f 7695 7696 7716
f 7695 7716 7715
f 7696 7697 7717
f 7696 7717 7716
f 7697 7698 7718
f 7697 7718 7717
f 7698 7699 7719
f 7698 7719 7718
f 7699 7700 7720
f 7699 7720 7719
f 7700 7701 7721
f 7700 7721 7720
f 7701 7702 7722
f 7701 7722 7721
f 7702 7703 7723
f 7702 7723 7722
f 7703 7704 7724
f 7703 7724 7723
f 7704 7685 7705
f 7704 7705 7724
f 7705 7706 7726
f 7705 7726 7725
f 7706 7707 7727
f 7706 7727 7726
f 7707 7708 7728
f 7707 7728 7727
f 7708 7709 7729
f 7708 7729 7728
f 7709 7710 7730
f 7709 7730 7729
f 7710 7711 7731
f 7710 7731 7730
f 7711 7712 7732
f 7711 7732 7731
f 7712 7713 7733
f 7712 7733 7732
f 7713 7714 7734
f 7713 7734 7733
f 7714 7715 7735
f 7714 7735 7734
f 7715 7716 7736
f 7715 7736 7735
f 7716 7717 7737
f 7716 7737 7736
f 7717 7718 7738
f 7717 7738 7737
f 7718 7719 7739
f 7718 7739 7738
f 7719 7720 7740
f 7719 7740 7739
f 7720 7721 7741
f 7720 7741 7740
f 7721 7722 7742
f 7721 7742 7741
f 7722 7723 7743
f 7722 7743 7742
f 7723 7724 7744
f 7723 7744 7743
f 7724 7705 7725
f 7724 7725 7744
o R_Forearm_Armor
g R_Forearm_Armor
usemtl Bastion_Yellow
v 0.860000 1.100000 0.050000
v 0.860000 1.100000 0.050000
v 0.860000 1.100000 0.050000
v 0.860000 1.100000 0.050000
v 0.860000 1.100000 0.050000
v 0.860000 1.100000 0.050000
v 0.860000 1.100000 0.050000
v 0.860000 1.100000 0.050000
v 0.860000 1.100000 0.050000
v 0.860000 1.100000 0.050000
v 0.860000 1.100000 0.050000
v 0.860000 1.100000 0.050000
v 0.860000 1.100000 0.050000
v 0.860000 1.100000 0.050000
v 0.860000 1.100000 0.050000
v 0.860000 1.100000 0.050000
v 0.860000 1.100000 0.050000
v 0.860000 1.100000 0.050000
v 0.860000 1.100000 0.050000
v 0.860000 1.100000 0.050000
v 1.011416 1.104407 0.050000
v 1.008407 1.104407 0.155582
v 0.999109 1.104407 0.186548
v 0.982422 1.104407 0.205160
v 0.954660 1.104407 0.215531
v 0.860000 1.104407 0.218887
v 0.765340 1.104407 0.215531
v 0.737578 1.104407 0.205160
v 0.720891 1.104407 0.186548
v 0.711593 1.104407 0.155582
v 0.708584 1.104407 0.050000
v 0.711593 1.104407 -0.055582
v 0.720891 1.104407 -0.086548
v 0.737578 1.104407 -0.105160
v 0.765340 1.104407 -0.115531
v 0.860000 1.104407 -0.118887
v 0.954660 1.104407 -0.115531
v 0.982422 1.104407 -0.105160
v 0.999109 1.104407 -0.086548
v 1.008407 1.104407 -0.055582
v 1.057043 1.117892 0.050000
v 1.053127 1.117892 0.187398
v 1.041027 1.117892 0.227694
v 1.019312 1.117892 0.251915
v 0.983184 1.117892 0.265411
v 0.860000 1.117892 0.269779
v 0.736816 1.117892 0.265411
v 0.700688 1.117892 0.251915
v 0.678973 1.117892 0.227694
v 0.666873 1.117892 0.187398
v 0.662957 1.117892 0.050000
v 0.666873 1.117892 -0.087398
v 0.678973 1.117892 -0.127694
v 0.700688 1.117892 -0.151915
v 0.736816 1.117892 -0.165411
v 0.860000 1.117892 -0.169779
v 0.983184 1.117892 -0.165411
v 1.019312 1.117892 -0.151915
v 1.041027 1.117892 -0.127694
v 1.053127 1.117892 -0.087398
v 1.086343 1.141424 0.050000
v 1.081845 1.141424 0.207828
v 1.067946 1.141424 0.254117
v 1.043002 1.141424 0.281940
v 1.001501 1.141424 0.297443
v 0.860000 1.141424 0.302460
v 0.718499 1.141424 0.297443
v 0.676998 1.141424 0.281940
v 0.652054 1.141424 0.254117
v 0.638155 1.141424 0.207828
v 0.633657 1.141424 0.050000
v 0.638155 1.141424 -0.107828
v 0.652054 1.141424 -0.154117
v 0.676998 1.141424 -0.181940
v 0.718499 1.141424 -0.197443
v 0.860000 1.141424 -0.202460
v 1.001501 1.141424 -0.197443
v 1.043002 1.141424 -0.181940
v 1.067946 1.141424 -0.154117
v 1.081845 1.141424 -0.107828
v 1.105463 1.177485 0.050000
v 1.100585 1.177485 0.221160
v 1.085511 1.177485 0.271359
v 1.058460 1.177485 0.301532
v 1.013454 1.177485 0.318345
v 0.860000 1.177485 0.323785
v 0.706546 1.177485 0.318345
v 0.661540 1.177485 0.301532
v 0.634489 1.177485 0.271359
v 0.619415 1.177485 0.221160
v 0.614537 1.177485 0.050000
v 0.619415 1.177485 -0.121160
v 0.634489 1.177485 -0.171359
v 0.661540 1.177485 -0.201532
v 0.706546 1.177485 -0.218345
v 0.860000 1.177485 -0.223785
v 1.013454 1.177485 -0.218345
v 1.058460 1.177485 -0.201532
v 1.085511 1.177485 -0.171359
v 1.100585 1.177485 -0.121160
v 1.116419 1.233642 0.050000
v 1.111324 1.233642 0.228800
v 1.095578 1.233642 0.281240
v 1.067319 1.233642 0.312760
v 1.020304 1.233642 0.330323
v 0.860000 1.233642 0.336006
v 0.699696 1.233642 0.330323
v 0.652681 1.233642 0.312760
v 0.624422 1.233642 0.281240
v 0.608676 1.233642 0.228800
v 0.603581 1.233642 0.050000
v 0.608676 1.233642 -0.128800
v 0.624422 1.233642 -0.181240
v 0.652681 1.233642 -0.212760
v 0.699696 1.233642 -0.230323
v 0.860000 1.233642 -0.236006
v 1.020304 1.233642 -0.230323
v 1.067319 1.233642 -0.212760
v 1.095578 1.233642 -0.181240
v 1.111324 1.233642 -0.128800
v 1.120000 1.420000 0.050000
v 1.114833 1.420000 0.231297
v 1.098867 1.420000 0.284469
v 1.070214 1.420000 0.316429
v 1.022542 1.420000 0.334237
v 0.860000 1.420000 0.340000
v 0.697458 1.420000 0.334237
v 0.649786 1.420000 0.316429
v 0.621133 1.420000 0.284469
v 0.605167 1.420000 0.231297
v 0.600000 1.420000 0.050000
v 0.605167 1.420000 -0.131297
v 0.621133 1.420000 -0.184469
v 0.649786 1.420000 -0.216429
v 0.697458 1.420000 -0.234237
v 0.860000 1.420000 -0.240000
v 1.022542 1.420000 -0.234237
v 1.070214 1.420000 -0.216429
v 1.098867 1.420000 -0.184469
v 1.114833 1.420000 -0.131297
v 1.116419 1.606358 0.050000
v 1.111324 1.606358 0.228800
v 1.095578 1.606358 0.281240
v 1.067319 1.606358 0.312760
v 1.020304 1.606358 0.330323
v 0.860000 1.606358 0.336006
v 0.699696 1.606358 0.330323
v 0.652681 1.606358 0.312760
v 0.624422 1.606358 0.281240
v 0.608676 1.606358 0.228800
v 0.603581 1.606358 0.050000
v 0.608676 1.606358 -0.128800
v 0.624422 1.606358 -0.181240
v 0.652681 1.606358 -0.212760
v 0.699696 1.606358 -0.230323
v 0.860000 1.606358 -0.236006
v 1.020304 1.606358 -0.230323
v 1.067319 1.606358 -0.212760
v 1.095578 1.606358 -0.181240
v 1.111324 1.606358 -0.128800
v 1.105463 1.662515 0.050000
v 1.100585 1.662515 0.221160
v 1.085511 1.662515 0.271359
v 1.058460 1.662515 0.301532
v 1.013454 1.662515 0.318345
v 0.860000 1.662515 0.323785
v 0.706546 1.662515 0.318345
v 0.661540 1.662515 0.301532
v 0.634489 1.662515 0.271359
v 0.619415 1.662515 0.221160
v 0.614537 1.662515 0.050000
v 0.619415 1.662515 -0.121160
v 0.634489 1.662515 -0.171359
v 0.661540 1.662515 -0.201532
v 0.706546 1.662515 -0.218345
v 0.860000 1.662515 -0.223785
v 1.013454 1.662515 -0.218345
v 1.058460 1.662515 -0.201532
v 1.085511 1.662515 -0.171359
v 1.100585 1.662515 -0.121160
v 1.086343 1.698576 0.050000
v 1.081845 1.698576 0.207828
v 1.067946 1.698576 0.254117
v 1.043002 1.698576 0.281940
v 1.001501 1.698576 0.297443
v 0.860000 1.698576 0.302460
v 0.718499 1.698576 0.297443
v 0.676998 1.698576 0.281940
v 0.652054 1.698576 0.254117
v 0.638155 1.698576 0.207828
v 0.633657 1.698576 0.050000
v 0.638155 1.698576 -0.107828
v 0.652054 1.698576 -0.154117
v 0.676998 1.698576 -0.181940
v 0.718499 1.698576 -0.197443
v 0.860000 1.698576 -0.202460
v 1.001501 1.698576 -0.197443
v 1.043002 1.698576 -0.181940
v 1.067946 1.698576 -0.154117
v 1.081845 1.698576 -0.107828
v 1.057043 1.722108 0.050000
v 1.053127 1.722108 0.187398
v 1.041027 1.722108 0.227694
v 1.019312 1.722108 0.251915
v 0.983184 1.722108 0.265411
v 0.860000 1.722108 0.269779
v 0.736816 1.722108 0.265411
v 0.700688 1.722108 0.251915
v 0.678973 1.722108 0.227694
v 0.666873 1.722108 0.187398
v 0.662957 1.722108 0.050000
v 0.666873 1.722108 -0.087398
v 0.678973 1.722108 -0.127694
v 0.700688 1.722108 -0.151915
v 0.736816 1.722108 -0.165411
v 0.860000 1.722108 -0.169779
v 0.983184 1.722108 -0.165411
v 1.019312 1.722108 -0.151915
v 1.041027 1.722108 -0.127694
v 1.053127 1.722108 -0.087398
v 1.011416 1.735593 0.050000
v 1.008407 1.735593 0.155582
v 0.999109 1.735593 0.186548
v 0.982422 1.735593 0.205160
v 0.954660 1.735593 0.215531
v 0.860000 1.735593 0.218887
v 0.765340 1.735593 0.215531
v 0.737578 1.735593 0.205160
v 0.720891 1.735593 0.186548
v 0.711593 1.735593 0.155582
v 0.708584 1.735593 0.050000
v 0.711593 1.735593 -0.055582
v 0.720891 1.735593 -0.086548
v 0.737578 1.735593 -0.105160
v 0.765340 1.735593 -0.115531
v 0.860000 1.735593 -0.118887
v 0.954660 1.735593 -0.115531
v 0.982422 1.735593 -0.105160
v 0.999109 1.735593 -0.086548
v 1.008407 1.735593 -0.055582
v 0.860000 1.740000 0.050000
v 0.860000 1.740000 0.050000
v 0.860000 1.740000 0.050000
v 0.860000 1.740000 0.050000
v 0.860000 1.740000 0.050000
v 0.860000 1.740000 0.050000
v 0.860000 1.740000 0.050000
v 0.860000 1.740000 0.050000
v 0.860000 1.740000 0.050000
v 0.860000 1.740000 0.050000
v 0.860000 1.740000 0.050000
v 0.860000 1.740000 0.050000
v 0.860000 1.740000 0.050000
v 0.860000 1.740000 0.050000
v 0.860000 1.740000 0.050000
v 0.860000 1.740000 0.050000
v 0.860000 1.740000 0.050000
v 0.860000 1.740000 0.050000
v 0.860000 1.740000 0.050000
v 0.860000 1.740000 0.050000
f 7745 7746 7766
f 7745 7766 7765
f 7746 7747 7767
f 7746 7767 7766
f 7747 7748 7768
f 7747 7768 7767
f 7748 7749 7769
f 7748 7769 7768
f 7749 7750 7770
f 7749 7770 7769
f 7750 7751 7771
f 7750 7771 7770
f 7751 7752 7772
f 7751 7772 7771
f 7752 7753 7773
f 7752 7773 7772
f 7753 7754 7774
f 7753 7774 7773
f 7754 7755 7775
f 7754 7775 7774
f 7755 7756 7776
f 7755 7776 7775
f 7756 7757 7777
f 7756 7777 7776
f 7757 7758 7778
f 7757 7778 7777
f 7758 7759 7779
f 7758 7779 7778
f 7759 7760 7780
f 7759 7780 7779
f 7760 7761 7781
f 7760 7781 7780
f 7761 7762 7782
f 7761 7782 7781
f 7762 7763 7783
f 7762 7783 7782
f 7763 7764 7784
f 7763 7784 7783
f 7764 7745 7765
f 7764 7765 7784
f 7765 7766 7786
f 7765 7786 7785
f 7766 7767 7787
f 7766 7787 7786
f 7767 7768 7788
f 7767 7788 7787
f 7768 7769 7789
f 7768 7789 7788
f 7769 7770 7790
f 7769 7790 7789
f 7770 7771 7791
f 7770 7791 7790
f 7771 7772 7792
f 7771 7792 7791
f 7772 7773 7793
f 7772 7793 7792
f 7773 7774 7794
f 7773 7794 7793
f 7774 7775 7795
f 7774 7795 7794
f 7775 7776 7796
f 7775 7796 7795
f 7776 7777 7797
f 7776 7797 7796
f 7777 7778 7798
f 7777 7798 7797
f 7778 7779 7799
f 7778 7799 7798
f 7779 7780 7800
f 7779 7800 7799
f 7780 7781 7801
f 7780 7801 7800
f 7781 7782 7802
f 7781 7802 7801
f 7782 7783 7803
f 7782 7803 7802
f 7783 7784 7804
f 7783 7804 7803
f 7784 7765 7785
f 7784 7785 7804
f 7785 7786 7806
f 7785 7806 7805
f 7786 7787 7807
f 7786 7807 7806
f 7787 7788 7808
f 7787 7808 7807
f 7788 7789 7809
f 7788 7809 7808
f 7789 7790 7810
f 7789 7810 7809
f 7790 7791 7811
f 7790 7811 7810
f 7791 7792 7812
f 7791 7812 7811
f 7792 7793 7813
f 7792 7813 7812
f 7793 7794 7814
f 7793 7814 7813
f 7794 7795 7815
f 7794 7815 7814
f 7795 7796 7816
f 7795 7816 7815
f 7796 7797 7817
f 7796 7817 7816
f 7797 7798 7818
f 7797 7818 7817
f 7798 7799 7819
f 7798 7819 7818
f 7799 7800 7820
f 7799 7820 7819
f 7800 7801 7821
f 7800 7821 7820
f 7801 7802 7822
f 7801 7822 7821
f 7802 7803 7823
f 7802 7823 7822
f 7803 7804 7824
f 7803 7824 7823
f 7804 7785 7805
f 7804 7805 7824
f 7805 7806 7826
f 7805 7826 7825
f 7806 7807 7827
f 7806 7827 7826
f 7807 7808 7828
f 7807 7828 7827
f 7808 7809 7829
f 7808 7829 7828
f 7809 7810 7830
f 7809 7830 7829
f 7810 7811 7831
f 7810 7831 7830
f 7811 7812 7832
f 7811 7832 7831
f 7812 7813 7833
f 7812 7833 7832
f 7813 7814 7834
f 7813 7834 7833
f 7814 7815 7835
f 7814 7835 7834
f 7815 7816 7836
f 7815 7836 7835
f 7816 7817 7837
f 7816 7837 7836
f 7817 7818 7838
f 7817 7838 7837
f 7818 7819 7839
f 7818 7839 7838
f 7819 7820 7840
f 7819 7840 7839
f 7820 7821 7841
f 7820 7841 7840
f 7821 7822 7842
f 7821 7842 7841
f 7822 7823 7843
f 7822 7843 7842
f 7823 7824 7844
f 7823 7844 7843
f 7824 7805 7825
f 7824 7825 7844
f 7825 7826 7846
f 7825 7846 7845
f 7826 7827 7847
f 7826 7847 7846
f 7827 7828 7848
f 7827 7848 7847
f 7828 7829 7849
f 7828 7849 7848
f 7829 7830 7850
f 7829 7850 7849
f 7830 7831 7851
f 7830 7851 7850
f 7831 7832 7852
f 7831 7852 7851
f 7832 7833 7853
f 7832 7853 7852
f 7833 7834 7854
f 7833 7854 7853
f 7834 7835 7855
f 7834 7855 7854
f 7835 7836 7856
f 7835 7856 7855
f 7836 7837 7857
f 7836 7857 7856
f 7837 7838 7858
f 7837 7858 7857
f 7838 7839 7859
f 7838 7859 7858
f 7839 7840 7860
f 7839 7860 7859
f 7840 7841 7861
f 7840 7861 7860
f 7841 7842 7862
f 7841 7862 7861
f 7842 7843 7863
f 7842 7863 7862
f 7843 7844 7864
f 7843 7864 7863
f 7844 7825 7845
f 7844 7845 7864
f 7845 7846 7866
f 7845 7866 7865
f 7846 7847 7867
f 7846 7867 7866
f 7847 7848 7868
f 7847 7868 7867
f 7848 7849 7869
f 7848 7869 7868
f 7849 7850 7870
f 7849 7870 7869
f 7850 7851 7871
f 7850 7871 7870
f 7851 7852 7872
f 7851 7872 7871
f 7852 7853 7873
f 7852 7873 7872
f 7853 7854 7874
f 7853 7874 7873
f 7854 7855 7875
f 7854 7875 7874
f 7855 7856 7876
f 7855 7876 7875
f 7856 7857 7877
f 7856 7877 7876
f 7857 7858 7878
f 7857 7878 7877
f 7858 7859 7879
f 7858 7879 7878
f 7859 7860 7880
f 7859 7880 7879
f 7860 7861 7881
f 7860 7881 7880
f 7861 7862 7882
f 7861 7882 7881
f 7862 7863 7883
f 7862 7883 7882
f 7863 7864 7884
f 7863 7884 7883
f 7864 7845 7865
f 7864 7865 7884
f 7865 7866 7886
f 7865 7886 7885
f 7866 7867 7887
f 7866 7887 7886
f 7867 7868 7888
f 7867 7888 7887
f 7868 7869 7889
f 7868 7889 7888
f 7869 7870 7890
f 7869 7890 7889
f 7870 7871 7891
f 7870 7891 7890
f 7871 7872 7892
f 7871 7892 7891
f 7872 7873 7893
f 7872 7893 7892
f 7873 7874 7894
f 7873 7894 7893
f 7874 7875 7895
f 7874 7895 7894
f 7875 7876 7896
f 7875 7896 7895
f 7876 7877 7897
f 7876 7897 7896
f 7877 7878 7898
f 7877 7898 7897
f 7878 7879 7899
f 7878 7899 7898
f 7879 7880 7900
f 7879 7900 7899
f 7880 7881 7901
f 7880 7901 7900
f 7881 7882 7902
f 7881 7902 7901
f 7882 7883 7903
f 7882 7903 7902
f 7883 7884 7904
f 7883 7904 7903
f 7884 7865 7885
f 7884 7885 7904
f 7885 7886 7906
f 7885 7906 7905
f 7886 7887 7907
f 7886 7907 7906
f 7887 7888 7908
f 7887 7908 7907
f 7888 7889 7909
f 7888 7909 7908
f 7889 7890 7910
f 7889 7910 7909
f 7890 7891 7911
f 7890 7911 7910
f 7891 7892 7912
f 7891 7912 7911
f 7892 7893 7913
f 7892 7913 7912
f 7893 7894 7914
f 7893 7914 7913
f 7894 7895 7915
f 7894 7915 7914
f 7895 7896 7916
f 7895 7916 7915
f 7896 7897 7917
f 7896 7917 7916
f 7897 7898 7918
f 7897 7918 7917
f 7898 7899 7919
f 7898 7919 7918
f 7899 7900 7920
f 7899 7920 7919
f 7900 7901 7921
f 7900 7921 7920
f 7901 7902 7922
f 7901 7922 7921
f 7902 7903 7923
f 7902 7923 7922
f 7903 7904 7924
f 7903 7924 7923
f 7904 7885 7905
f 7904 7905 7924
f 7905 7906 7926
f 7905 7926 7925
f 7906 7907 7927
f 7906 7927 7926
f 7907 7908 7928
f 7907 7928 7927
f 7908 7909 7929
f 7908 7929 7928
f 7909 7910 7930
f 7909 7930 7929
f 7910 7911 7931
f 7910 7931 7930
f 7911 7912 7932
f 7911 7932 7931
f 7912 7913 7933
f 7912 7933 7932
f 7913 7914 7934
f 7913 7934 7933
f 7914 7915 7935
f 7914 7935 7934
f 7915 7916 7936
f 7915 7936 7935
f 7916 7917 7937
f 7916 7937 7936
f 7917 7918 7938
f 7917 7938 7937
f 7918 7919 7939
f 7918 7939 7938
f 7919 7920 7940
f 7919 7940 7939
f 7920 7921 7941
f 7920 7941 7940
f 7921 7922 7942
f 7921 7942 7941
f 7922 7923 7943
f 7922 7943 7942
f 7923 7924 7944
f 7923 7944 7943
f 7924 7905 7925
f 7924 7925 7944
f 7925 7926 7946
f 7925 7946 7945
f 7926 7927 7947
f 7926 7947 7946
f 7927 7928 7948
f 7927 7948 7947
f 7928 7929 7949
f 7928 7949 7948
f 7929 7930 7950
f 7929 7950 7949
f 7930 7931 7951
f 7930 7951 7950
f 7931 7932 7952
f 7931 7952 7951
f 7932 7933 7953
f 7932 7953 7952
f 7933 7934 7954
f 7933 7954 7953
f 7934 7935 7955
f 7934 7955 7954
f 7935 7936 7956
f 7935 7956 7955
f 7936 7937 7957
f 7936 7957 7956
f 7937 7938 7958
f 7937 7958 7957
f 7938 7939 7959
f 7938 7959 7958
f 7939 7940 7960
f 7939 7960 7959
f 7940 7941 7961
f 7940 7961 7960
f 7941 7942 7962
f 7941 7962 7961
f 7942 7943 7963
f 7942 7963 7962
f 7943 7944 7964
f 7943 7964 7963
f 7944 7925 7945
f 7944 7945 7964
f 7945 7946 7966
f 7945 7966 7965
f 7946 7947 7967
f 7946 7967 7966
f 7947 7948 7968
f 7947 7968 7967
f 7948 7949 7969
f 7948 7969 7968
f 7949 7950 7970
f 7949 7970 7969
f 7950 7951 7971
f 7950 7971 7970
f 7951 7952 7972
f 7951 7972 7971
f 7952 7953 7973
f 7952 7973 7972
f 7953 7954 7974
f 7953 7974 7973
f 7954 7955 7975
f 7954 7975 7974
f 7955 7956 7976
f 7955 7976 7975
f 7956 7957 7977
f 7956 7977 7976
f 7957 7958 7978
f 7957 7978 7977
f 7958 7959 7979
f 7958 7979 7978
f 7959 7960 7980
f 7959 7980 7979
f 7960 7961 7981
f 7960 7981 7980
f 7961 7962 7982
f 7961 7982 7981
f 7962 7963 7983
f 7962 7983 7982
f 7963 7964 7984
f 7963 7984 7983
f 7964 7945 7965
f 7964 7965 7984
f 7965 7966 7986
f 7965 7986 7985
f 7966 7967 7987
f 7966 7987 7986
f 7967 7968 7988
f 7967 7988 7987
f 7968 7969 7989
f 7968 7989 7988
f 7969 7970 7990
f 7969 7990 7989
f 7970 7971 7991
f 7970 7991 7990
f 7971 7972 7992
f 7971 7992 7991
f 7972 7973 7993
f 7972 7993 7992
f 7973 7974 7994
f 7973 7994 7993
f 7974 7975 7995
f 7974 7995 7994
f 7975 7976 7996
f 7975 7996 7995
f 7976 7977 7997
f 7976 7997 7996
f 7977 7978 7998
f 7977 7998 7997
f 7978 7979 7999
f 7978 7999 7998
f 7979 7980 8000
f 7979 8000 7999
f 7980 7981 8001
f 7980 8001 8000
f 7981 7982 8002
f 7981 8002 8001
f 7982 7983 8003
f 7982 8003 8002
f 7983 7984 8004
f 7983 8004 8003
f 7984 7965 7985
f 7984 7985 8004
o R_Forearm_Panel
g R_Forearm_Panel
usemtl Core_Cyan
v 0.860000 1.220000 0.290000
v 0.860000 1.220000 0.290000
v 0.860000 1.220000 0.290000
v 0.860000 1.220000 0.290000
v 0.860000 1.220000 0.290000
v 0.860000 1.220000 0.290000
v 0.860000 1.220000 0.290000
v 0.860000 1.220000 0.290000
v 0.860000 1.220000 0.290000
v 0.860000 1.220000 0.290000
v 0.860000 1.220000 0.290000
v 0.860000 1.220000 0.290000
v 0.860000 1.220000 0.290000
v 0.860000 1.220000 0.290000
v 0.860000 1.220000 0.290000
v 0.860000 1.220000 0.290000
v 0.860000 1.220000 0.290000
v 0.860000 1.220000 0.290000
v 0.860000 1.220000 0.290000
v 0.860000 1.220000 0.290000
v 0.921049 1.223437 0.290000
v 0.919536 1.223437 0.305554
v 0.914911 1.223437 0.311452
v 0.906805 1.223437 0.315167
v 0.893937 1.223437 0.317288
v 0.860000 1.223437 0.317981
v 0.826063 1.223437 0.317288
v 0.813195 1.223437 0.315167
v 0.805089 1.223437 0.311452
v 0.800464 1.223437 0.305554
v 0.798951 1.223437 0.290000
v 0.800464 1.223437 0.274446
v 0.805089 1.223437 0.268548
v 0.813195 1.223437 0.264833
v 0.826063 1.223437 0.262712
v 0.860000 1.223437 0.262019
v 0.893937 1.223437 0.262712
v 0.906805 1.223437 0.264833
v 0.914911 1.223437 0.268548
v 0.919536 1.223437 0.274446
v 0.944853 1.233879 0.290000
v 0.942750 1.233879 0.311619
v 0.936321 1.233879 0.319817
v 0.925054 1.233879 0.324981
v 0.907169 1.233879 0.327927
v 0.860000 1.233879 0.328891
v 0.812831 1.233879 0.327927
v 0.794946 1.233879 0.324981
v 0.783679 1.233879 0.319817
v 0.777250 1.233879 0.311619
v 0.775147 1.233879 0.290000
v 0.777250 1.233879 0.268381
v 0.783679 1.233879 0.260183
v 0.794946 1.233879 0.255019
v 0.812831 1.233879 0.252073
v 0.860000 1.233879 0.251109
v 0.907169 1.233879 0.252073
v 0.925054 1.233879 0.255019
v 0.936321 1.233879 0.260183
v 0.942750 1.233879 0.268381
v 0.960908 1.251821 0.290000
v 0.958407 1.251821 0.315710
v 0.950762 1.251821 0.325458
v 0.937363 1.251821 0.331599
v 0.916094 1.251821 0.335103
v 0.860000 1.251821 0.336249
v 0.803906 1.251821 0.335103
v 0.782637 1.251821 0.331599
v 0.769238 1.251821 0.325458
v 0.761593 1.251821 0.315710
v 0.759092 1.251821 0.290000
v 0.761593 1.251821 0.264290
v 0.769238 1.251821 0.254542
v 0.782637 1.251821 0.248401
v 0.803906 1.251821 0.244897
v 0.860000 1.251821 0.243751
v 0.916094 1.251821 0.244897
v 0.937363 1.251821 0.248401
v 0.950762 1.251821 0.254542
v 0.958407 1.251821 0.264290
v 0.971673 1.278579 0.290000
v 0.968905 1.278579 0.318452
v 0.960444 1.278579 0.329241
v 0.945616 1.278579 0.336037
v 0.922078 1.278579 0.339915
v 0.860000 1.278579 0.341183
v 0.797922 1.278579 0.339915
v 0.774384 1.278579 0.336037
v 0.759556 1.278579 0.329241
v 0.751095 1.278579 0.318452
v 0.748327 1.278579 0.290000
v 0.751095 1.278579 0.261548
v 0.759556 1.278579 0.250759
v 0.774384 1.278579 0.243963
v 0.797922 1.278579 0.240085
v 0.860000 1.278579 0.238817
v 0.922078 1.278579 0.240085
v 0.945616 1.278579 0.243963
v 0.960444 1.278579 0.250759
v 0.968905 1.278579 0.261548
v 0.977938 1.318251 0.290000
v 0.975015 1.318251 0.320049
v 0.966080 1.318251 0.331442
v 0.950420 1.318251 0.338620
v 0.925561 1.318251 0.342715
v 0.860000 1.318251 0.344055
v 0.794439 1.318251 0.342715
v 0.769580 1.318251 0.338620
v 0.753920 1.318251 0.331442
v 0.744985 1.318251 0.320049
v 0.742062 1.318251 0.290000
v 0.744985 1.318251 0.259951
v 0.753920 1.318251 0.248558
v 0.769580 1.318251 0.241380
v 0.794439 1.318251 0.237285
v 0.860000 1.318251 0.235945
v 0.925561 1.318251 0.237285
v 0.950420 1.318251 0.241380
v 0.966080 1.318251 0.248558
v 0.975015 1.318251 0.259951
v 0.980000 1.420000 0.290000
v 0.977027 1.420000 0.320574
v 0.967934 1.420000 0.332167
v 0.952001 1.420000 0.339470
v 0.926707 1.420000 0.343637
v 0.860000 1.420000 0.345000
v 0.793293 1.420000 0.343637
v 0.767999 1.420000 0.339470
v 0.752066 1.420000 0.332167
v 0.742973 1.420000 0.320574
v 0.740000 1.420000 0.290000
v 0.742973 1.420000 0.259426
v 0.752066 1.420000 0.247833
v 0.767999 1.420000 0.240530
v 0.793293 1.420000 0.236363
v 0.860000 1.420000 0.235000
v 0.926707 1.420000 0.236363
v 0.952001 1.420000 0.240530
v 0.967934 1.420000 0.247833
v 0.977027 1.420000 0.259426
v 0.977938 1.521749 0.290000
v 0.975015 1.521749 0.320049
v 0.966080 1.521749 0.331442
v 0.950420 1.521749 0.338620
v 0.925561 1.521749 0.342715
v 0.860000 1.521749 0.344055
v 0.794439 1.521749 0.342715
v 0.769580 1.521749 0.338620
v 0.753920 1.521749 0.331442
v 0.744985 1.521749 0.320049
v 0.742062 1.521749 0.290000
v 0.744985 1.521749 0.259951
v 0.753920 1.521749 0.248558
v 0.769580 1.521749 0.241380
v 0.794439 1.521749 0.237285
v 0.860000 1.521749 0.235945
v 0.925561 1.521749 0.237285
v 0.950420 1.521749 0.241380
v 0.966080 1.521749 0.248558
v 0.975015 1.521749 0.259951
v 0.971673 1.561421 0.290000
v 0.968905 1.561421 0.318452
v 0.960444 1.561421 0.329241
v 0.945616 1.561421 0.336037
v 0.922078 1.561421 0.339915
v 0.860000 1.561421 0.341183
v 0.797922 1.561421 0.339915
v 0.774384 1.561421 0.336037
v 0.759556 1.561421 0.329241
v 0.751095 1.561421 0.318452
v 0.748327 1.561421 0.290000
v 0.751095 1.561421 0.261548
v 0.759556 1.561421 0.250759
v 0.774384 1.561421 0.243963
v 0.797922 1.561421 0.240085
v 0.860000 1.561421 0.238817
v 0.922078 1.561421 0.240085
v 0.945616 1.561421 0.243963
v 0.960444 1.561421 0.250759
v 0.968905 1.561421 0.261548
v 0.960908 1.588179 0.290000
v 0.958407 1.588179 0.315710
v 0.950762 1.588179 0.325458
v 0.937363 1.588179 0.331599
v 0.916094 1.588179 0.335103
v 0.860000 1.588179 0.336249
v 0.803906 1.588179 0.335103
v 0.782637 1.588179 0.331599
v 0.769238 1.588179 0.325458
v 0.761593 1.588179 0.315710
v 0.759092 1.588179 0.290000
v 0.761593 1.588179 0.264290
v 0.769238 1.588179 0.254542
v 0.782637 1.588179 0.248401
v 0.803906 1.588179 0.244897
v 0.860000 1.588179 0.243751
v 0.916094 1.588179 0.244897
v 0.937363 1.588179 0.248401
v 0.950762 1.588179 0.254542
v 0.958407 1.588179 0.264290
v 0.944853 1.606121 0.290000
v 0.942750 1.606121 0.311619
v 0.936321 1.606121 0.319817
v 0.925054 1.606121 0.324981
v 0.907169 1.606121 0.327927
v 0.860000 1.606121 0.328891
v 0.812831 1.606121 0.327927
v 0.794946 1.606121 0.324981
v 0.783679 1.606121 0.319817
v 0.777250 1.606121 0.311619
v 0.775147 1.606121 0.290000
v 0.777250 1.606121 0.268381
v 0.783679 1.606121 0.260183
v 0.794946 1.606121 0.255019
v 0.812831 1.606121 0.252073
v 0.860000 1.606121 0.251109
v 0.907169 1.606121 0.252073
v 0.925054 1.606121 0.255019
v 0.936321 1.606121 0.260183
v 0.942750 1.606121 0.268381
v 0.921049 1.616563 0.290000
v 0.919536 1.616563 0.305554
v 0.914911 1.616563 0.311452
v 0.906805 1.616563 0.315167
v 0.893937 1.616563 0.317288
v 0.860000 1.616563 0.317981
v 0.826063 1.616563 0.317288
v 0.813195 1.616563 0.315167
v 0.805089 1.616563 0.311452
v 0.800464 1.616563 0.305554
v 0.798951 1.616563 0.290000
v 0.800464 1.616563 0.274446
v 0.805089 1.616563 0.268548
v 0.813195 1.616563 0.264833
v 0.826063 1.616563 0.262712
v 0.860000 1.616563 0.262019
v 0.893937 1.616563 0.262712
v 0.906805 1.616563 0.264833
v 0.914911 1.616563 0.268548
v 0.919536 1.616563 0.274446
v 0.860000 1.620000 0.290000
v 0.860000 1.620000 0.290000
v 0.860000 1.620000 0.290000
v 0.860000 1.620000 0.290000
v 0.860000 1.620000 0.290000
v 0.860000 1.620000 0.290000
v 0.860000 1.620000 0.290000
v 0.860000 1.620000 0.290000
v 0.860000 1.620000 0.290000
v 0.860000 1.620000 0.290000
v 0.860000 1.620000 0.290000
v 0.860000 1.620000 0.290000
v 0.860000 1.620000 0.290000
v 0.860000 1.620000 0.290000
v 0.860000 1.620000 0.290000
v 0.860000 1.620000 0.290000
v 0.860000 1.620000 0.290000
v 0.860000 1.620000 0.290000
v 0.860000 1.620000 0.290000
v 0.860000 1.620000 0.290000
f 8005 8006 8026
f 8005 8026 8025
f 8006 8007 8027
f 8006 8027 8026
f 8007 8008 8028
f 8007 8028 8027
f 8008 8009 8029
f 8008 8029 8028
f 8009 8010 8030
f 8009 8030 8029
f 8010 8011 8031
f 8010 8031 8030
f 8011 8012 8032
f 8011 8032 8031
f 8012 8013 8033
f 8012 8033 8032
f 8013 8014 8034
f 8013 8034 8033
f 8014 8015 8035
f 8014 8035 8034
f 8015 8016 8036
f 8015 8036 8035
f 8016 8017 8037
f 8016 8037 8036
f 8017 8018 8038
f 8017 8038 8037
f 8018 8019 8039
f 8018 8039 8038
f 8019 8020 8040
f 8019 8040 8039
f 8020 8021 8041
f 8020 8041 8040
f 8021 8022 8042
f 8021 8042 8041
f 8022 8023 8043
f 8022 8043 8042
f 8023 8024 8044
f 8023 8044 8043
f 8024 8005 8025
f 8024 8025 8044
f 8025 8026 8046
f 8025 8046 8045
f 8026 8027 8047
f 8026 8047 8046
f 8027 8028 8048
f 8027 8048 8047
f 8028 8029 8049
f 8028 8049 8048
f 8029 8030 8050
f 8029 8050 8049
f 8030 8031 8051
f 8030 8051 8050
f 8031 8032 8052
f 8031 8052 8051
f 8032 8033 8053
f 8032 8053 8052
f 8033 8034 8054
f 8033 8054 8053
f 8034 8035 8055
f 8034 8055 8054
f 8035 8036 8056
f 8035 8056 8055
f 8036 8037 8057
f 8036 8057 8056
f 8037 8038 8058
f 8037 8058 8057
f 8038 8039 8059
f 8038 8059 8058
f 8039 8040 8060
f 8039 8060 8059
f 8040 8041 8061
f 8040 8061 8060
f 8041 8042 8062
f 8041 8062 8061
f 8042 8043 8063
f 8042 8063 8062
f 8043 8044 8064
f 8043 8064 8063
f 8044 8025 8045
f 8044 8045 8064
f 8045 8046 8066
f 8045 8066 8065
f 8046 8047 8067
f 8046 8067 8066
f 8047 8048 8068
f 8047 8068 8067
f 8048 8049 8069
f 8048 8069 8068
f 8049 8050 8070
f 8049 8070 8069
f 8050 8051 8071
f 8050 8071 8070
f 8051 8052 8072
f 8051 8072 8071
f 8052 8053 8073
f 8052 8073 8072
f 8053 8054 8074
f 8053 8074 8073
f 8054 8055 8075
f 8054 8075 8074
f 8055 8056 8076
f 8055 8076 8075
f 8056 8057 8077
f 8056 8077 8076
f 8057 8058 8078
f 8057 8078 8077
f 8058 8059 8079
f 8058 8079 8078
f 8059 8060 8080
f 8059 8080 8079
f 8060 8061 8081
f 8060 8081 8080
f 8061 8062 8082
f 8061 8082 8081
f 8062 8063 8083
f 8062 8083 8082
f 8063 8064 8084
f 8063 8084 8083
f 8064 8045 8065
f 8064 8065 8084
f 8065 8066 8086
f 8065 8086 8085
f 8066 8067 8087
f 8066 8087 8086
f 8067 8068 8088
f 8067 8088 8087
f 8068 8069 8089
f 8068 8089 8088
f 8069 8070 8090
f 8069 8090 8089
f 8070 8071 8091
f 8070 8091 8090
f 8071 8072 8092
f 8071 8092 8091
f 8072 8073 8093
f 8072 8093 8092
f 8073 8074 8094
f 8073 8094 8093
f 8074 8075 8095
f 8074 8095 8094
f 8075 8076 8096
f 8075 8096 8095
f 8076 8077 8097
f 8076 8097 8096
f 8077 8078 8098
f 8077 8098 8097
f 8078 8079 8099
f 8078 8099 8098
f 8079 8080 8100
f 8079 8100 8099
f 8080 8081 8101
f 8080 8101 8100
f 8081 8082 8102
f 8081 8102 8101
f 8082 8083 8103
f 8082 8103 8102
f 8083 8084 8104
f 8083 8104 8103
f 8084 8065 8085
f 8084 8085 8104
f 8085 8086 8106
f 8085 8106 8105
f 8086 8087 8107
f 8086 8107 8106
f 8087 8088 8108
f 8087 8108 8107
f 8088 8089 8109
f 8088 8109 8108
f 8089 8090 8110
f 8089 8110 8109
f 8090 8091 8111
f 8090 8111 8110
f 8091 8092 8112
f 8091 8112 8111
f 8092 8093 8113
f 8092 8113 8112
f 8093 8094 8114
f 8093 8114 8113
f 8094 8095 8115
f 8094 8115 8114
f 8095 8096 8116
f 8095 8116 8115
f 8096 8097 8117
f 8096 8117 8116
f 8097 8098 8118
f 8097 8118 8117
f 8098 8099 8119
f 8098 8119 8118
f 8099 8100 8120
f 8099 8120 8119
f 8100 8101 8121
f 8100 8121 8120
f 8101 8102 8122
f 8101 8122 8121
f 8102 8103 8123
f 8102 8123 8122
f 8103 8104 8124
f 8103 8124 8123
f 8104 8085 8105
f 8104 8105 8124
f 8105 8106 8126
f 8105 8126 8125
f 8106 8107 8127
f 8106 8127 8126
f 8107 8108 8128
f 8107 8128 8127
f 8108 8109 8129
f 8108 8129 8128
f 8109 8110 8130
f 8109 8130 8129
f 8110 8111 8131
f 8110 8131 8130
f 8111 8112 8132
f 8111 8132 8131
f 8112 8113 8133
f 8112 8133 8132
f 8113 8114 8134
f 8113 8134 8133
f 8114 8115 8135
f 8114 8135 8134
f 8115 8116 8136
f 8115 8136 8135
f 8116 8117 8137
f 8116 8137 8136
f 8117 8118 8138
f 8117 8138 8137
f 8118 8119 8139
f 8118 8139 8138
f 8119 8120 8140
f 8119 8140 8139
f 8120 8121 8141
f 8120 8141 8140
f 8121 8122 8142
f 8121 8142 8141
f 8122 8123 8143
f 8122 8143 8142
f 8123 8124 8144
f 8123 8144 8143
f 8124 8105 8125
f 8124 8125 8144
f 8125 8126 8146
f 8125 8146 8145
f 8126 8127 8147
f 8126 8147 8146
f 8127 8128 8148
f 8127 8148 8147
f 8128 8129 8149
f 8128 8149 8148
f 8129 8130 8150
f 8129 8150 8149
f 8130 8131 8151
f 8130 8151 8150
f 8131 8132 8152
f 8131 8152 8151
f 8132 8133 8153
f 8132 8153 8152
f 8133 8134 8154
f 8133 8154 8153
f 8134 8135 8155
f 8134 8155 8154
f 8135 8136 8156
f 8135 8156 8155
f 8136 8137 8157
f 8136 8157 8156
f 8137 8138 8158
f 8137 8158 8157
f 8138 8139 8159
f 8138 8159 8158
f 8139 8140 8160
f 8139 8160 8159
f 8140 8141 8161
f 8140 8161 8160
f 8141 8142 8162
f 8141 8162 8161
f 8142 8143 8163
f 8142 8163 8162
f 8143 8144 8164
f 8143 8164 8163
f 8144 8125 8145
f 8144 8145 8164
f 8145 8146 8166
f 8145 8166 8165
f 8146 8147 8167
f 8146 8167 8166
f 8147 8148 8168
f 8147 8168 8167
f 8148 8149 8169
f 8148 8169 8168
f 8149 8150 8170
f 8149 8170 8169
f 8150 8151 8171
f 8150 8171 8170
f 8151 8152 8172
f 8151 8172 8171
f 8152 8153 8173
f 8152 8173 8172
f 8153 8154 8174
f 8153 8174 8173
f 8154 8155 8175
f 8154 8175 8174
f 8155 8156 8176
f 8155 8176 8175
f 8156 8157 8177
f 8156 8177 8176
f 8157 8158 8178
f 8157 8178 8177
f 8158 8159 8179
f 8158 8179 8178
f 8159 8160 8180
f 8159 8180 8179
f 8160 8161 8181
f 8160 8181 8180
f 8161 8162 8182
f 8161 8182 8181
f 8162 8163 8183
f 8162 8183 8182
f 8163 8164 8184
f 8163 8184 8183
f 8164 8145 8165
f 8164 8165 8184
f 8165 8166 8186
f 8165 8186 8185
f 8166 8167 8187
f 8166 8187 8186
f 8167 8168 8188
f 8167 8188 8187
f 8168 8169 8189
f 8168 8189 8188
f 8169 8170 8190
f 8169 8190 8189
f 8170 8171 8191
f 8170 8191 8190
f 8171 8172 8192
f 8171 8192 8191
f 8172 8173 8193
f 8172 8193 8192
f 8173 8174 8194
f 8173 8194 8193
f 8174 8175 8195
f 8174 8195 8194
f 8175 8176 8196
f 8175 8196 8195
f 8176 8177 8197
f 8176 8197 8196
f 8177 8178 8198
f 8177 8198 8197
f 8178 8179 8199
f 8178 8199 8198
f 8179 8180 8200
f 8179 8200 8199
f 8180 8181 8201
f 8180 8201 8200
f 8181 8182 8202
f 8181 8202 8201
f 8182 8183 8203
f 8182 8203 8202
f 8183 8184 8204
f 8183 8204 8203
f 8184 8165 8185
f 8184 8185 8204
f 8185 8186 8206
f 8185 8206 8205
f 8186 8187 8207
f 8186 8207 8206
f 8187 8188 8208
f 8187 8208 8207
f 8188 8189 8209
f 8188 8209 8208
f 8189 8190 8210
f 8189 8210 8209
f 8190 8191 8211
f 8190 8211 8210
f 8191 8192 8212
f 8191 8212 8211
f 8192 8193 8213
f 8192 8213 8212
f 8193 8194 8214
f 8193 8214 8213
f 8194 8195 8215
f 8194 8215 8214
f 8195 8196 8216
f 8195 8216 8215
f 8196 8197 8217
f 8196 8217 8216
f 8197 8198 8218
f 8197 8218 8217
f 8198 8199 8219
f 8198 8219 8218
f 8199 8200 8220
f 8199 8220 8219
f 8200 8201 8221
f 8200 8221 8220
f 8201 8202 8222
f 8201 8222 8221
f 8202 8203 8223
f 8202 8223 8222
f 8203 8204 8224
f 8203 8224 8223
f 8204 8185 8205
f 8204 8205 8224
f 8205 8206 8226
f 8205 8226 8225
f 8206 8207 8227
f 8206 8227 8226
f 8207 8208 8228
f 8207 8228 8227
f 8208 8209 8229
f 8208 8229 8228
f 8209 8210 8230
f 8209 8230 8229
f 8210 8211 8231
f 8210 8231 8230
f 8211 8212 8232
f 8211 8232 8231
f 8212 8213 8233
f 8212 8233 8232
f 8213 8214 8234
f 8213 8234 8233
f 8214 8215 8235
f 8214 8235 8234
f 8215 8216 8236
f 8215 8236 8235
f 8216 8217 8237
f 8216 8237 8236
f 8217 8218 8238
f 8217 8238 8237
f 8218 8219 8239
f 8218 8239 8238
f 8219 8220 8240
f 8219 8240 8239
f 8220 8221 8241
f 8220 8241 8240
f 8221 8222 8242
f 8221 8242 8241
f 8222 8223 8243
f 8222 8243 8242
f 8223 8224 8244
f 8223 8244 8243
f 8224 8205 8225
f 8224 8225 8244
f 8225 8226 8246
f 8225 8246 8245
f 8226 8227 8247
f 8226 8247 8246
f 8227 8228 8248
f 8227 8248 8247
f 8228 8229 8249
f 8228 8249 8248
f 8229 8230 8250
f 8229 8250 8249
f 8230 8231 8251
f 8230 8251 8250
f 8231 8232 8252
f 8231 8252 8251
f 8232 8233 8253
f 8232 8253 8252
f 8233 8234 8254
f 8233 8254 8253
f 8234 8235 8255
f 8234 8255 8254
f 8235 8236 8256
f 8235 8256 8255
f 8236 8237 8257
f 8236 8257 8256
f 8237 8238 8258
f 8237 8258 8257
f 8238 8239 8259
f 8238 8259 8258
f 8239 8240 8260
f 8239 8260 8259
f 8240 8241 8261
f 8240 8261 8260
f 8241 8242 8262
f 8241 8262 8261
f 8242 8243 8263
f 8242 8263 8262
f 8243 8244 8264
f 8243 8264 8263
f 8244 8225 8245
f 8244 8245 8264
o R_Fist
g R_Fist
usemtl Gunmetal
v 0.880000 0.790000 0.070000
v 0.880000 0.790000 0.070000
v 0.880000 0.790000 0.070000
v 0.880000 0.790000 0.070000
v 0.880000 0.790000 0.070000
v 0.880000 0.790000 0.070000
v 0.880000 0.790000 0.070000
v 0.880000 0.790000 0.070000
v 0.880000 0.790000 0.070000
v 0.880000 0.790000 0.070000
v 0.880000 0.790000 0.070000
v 0.880000 0.790000 0.070000
v 0.880000 0.790000 0.070000
v 0.880000 0.790000 0.070000
v 0.880000 0.790000 0.070000
v 0.880000 0.790000 0.070000
v 0.880000 0.790000 0.070000
v 0.880000 0.790000 0.070000
v 0.880000 0.790000 0.070000
v 0.880000 0.790000 0.070000
v 1.013945 0.793305 0.070000
v 1.011283 0.793305 0.150097
v 1.003058 0.793305 0.173588
v 0.988296 0.793305 0.187708
v 0.963737 0.793305 0.195575
v 0.880000 0.793305 0.198121
v 0.796263 0.793305 0.195575
v 0.771704 0.793305 0.187708
v 0.756942 0.793305 0.173588
v 0.748717 0.793305 0.150097
v 0.746055 0.793305 0.070000
v 0.748717 0.793305 -0.010097
v 0.756942 0.793305 -0.033588
v 0.771704 0.793305 -0.047708
v 0.796263 0.793305 -0.055575
v 0.880000 0.793305 -0.058121
v 0.963737 0.793305 -0.055575
v 0.988296 0.793305 -0.047708
v 1.003058 0.793305 -0.033588
v 1.011283 0.793305 -0.010097
v 1.054307 0.803419 0.070000
v 1.050843 0.803419 0.174233
v 1.040140 0.803419 0.204803
v 1.020930 0.803419 0.223177
v 0.988970 0.803419 0.233415
v 0.880000 0.803419 0.236729
v 0.771030 0.803419 0.233415
v 0.739070 0.803419 0.223177
v 0.719860 0.803419 0.204803
v 0.709157 0.803419 0.174233
v 0.705693 0.803419 0.070000
v 0.709157 0.803419 -0.034233
v 0.719860 0.803419 -0.064803
v 0.739070 0.803419 -0.083177
v 0.771030 0.803419 -0.093415
v 0.880000 0.803419 -0.096729
v 0.988970 0.803419 -0.093415
v 1.020930 0.803419 -0.083177
v 1.040140 0.803419 -0.064803
v 1.050843 0.803419 -0.034233
v 1.080227 0.821068 0.070000
v 1.076248 0.821068 0.189732
v 1.063952 0.821068 0.224847
v 1.041886 0.821068 0.245954
v 1.005174 0.821068 0.257715
v 0.880000 0.821068 0.261521
v 0.754826 0.821068 0.257715
v 0.718114 0.821068 0.245954
v 0.696048 0.821068 0.224847
v 0.683752 0.821068 0.189732
v 0.679773 0.821068 0.070000
v 0.683752 0.821068 -0.049732
v 0.696048 0.821068 -0.084847
v 0.718114 0.821068 -0.105954
v 0.754826 0.821068 -0.117715
v 0.880000 0.821068 -0.121521
v 1.005174 0.821068 -0.117715
v 1.041886 0.821068 -0.105954
v 1.063952 0.821068 -0.084847
v 1.076248 0.821068 -0.049732
v 1.097140 0.848114 0.070000
v 1.092825 0.848114 0.199846
v 1.079491 0.848114 0.237928
v 1.055561 0.848114 0.260817
v 1.015748 0.848114 0.273572
v 0.880000 0.848114 0.277699
v 0.744252 0.848114 0.273572
v 0.704439 0.848114 0.260817
v 0.680509 0.848114 0.237928
v 0.667175 0.848114 0.199846
v 0.662860 0.848114 0.070000
v 0.667175 0.848114 -0.059846
v 0.680509 0.848114 -0.097928
v 0.704439 0.848114 -0.120817
v 0.744252 0.848114 -0.133572
v 0.880000 0.848114 -0.137699
v 1.015748 0.848114 -0.133572
v 1.055561 0.848114 -0.120817
v 1.079491 0.848114 -0.097928
v 1.092825 0.848114 -0.059846
v 1.106833 0.890231 0.070000
v 1.102325 0.890231 0.205642
v 1.088396 0.890231 0.245423
v 1.063397 0.890231 0.269335
v 1.021807 0.890231 0.282658
v 0.880000 0.890231 0.286970
v 0.738193 0.890231 0.282658
v 0.696603 0.890231 0.269335
v 0.671604 0.890231 0.245423
v 0.657675 0.890231 0.205642
v 0.653167 0.890231 0.070000
v 0.657675 0.890231 -0.065642
v 0.671604 0.890231 -0.105423
v 0.696603 0.890231 -0.129335
v 0.738193 0.890231 -0.142658
v 0.880000 0.890231 -0.146970
v 1.021807 0.890231 -0.142658
v 1.063397 0.890231 -0.129335
v 1.088396 0.890231 -0.105423
v 1.102325 0.890231 -0.065642
v 1.110000 1.030000 0.070000
v 1.105429 1.030000 0.207536
v 1.091306 1.030000 0.247873
v 1.065958 1.030000 0.272118
v 1.023787 1.030000 0.285628
v 0.880000 1.030000 0.290000
v 0.736213 1.030000 0.285628
v 0.694042 1.030000 0.272118
v 0.668694 1.030000 0.247873
v 0.654571 1.030000 0.207536
v 0.650000 1.030000 0.070000
v 0.654571 1.030000 -0.067536
v 0.668694 1.030000 -0.107873
v 0.694042 1.030000 -0.132118
v 0.736213 1.030000 -0.145628
v 0.880000 1.030000 -0.150000
v 1.023787 1.030000 -0.145628
v 1.065958 1.030000 -0.132118
v 1.091306 1.030000 -0.107873
v 1.105429 1.030000 -0.067536
v 1.106833 1.169769 0.070000
v 1.102325 1.169769 0.205642
v 1.088396 1.169769 0.245423
v 1.063397 1.169769 0.269335
v 1.021807 1.169769 0.282658
v 0.880000 1.169769 0.286970
v 0.738193 1.169769 0.282658
v 0.696603 1.169769 0.269335
v 0.671604 1.169769 0.245423
v 0.657675 1.169769 0.205642
v 0.653167 1.169769 0.070000
v 0.657675 1.169769 -0.065642
v 0.671604 1.169769 -0.105423
v 0.696603 1.169769 -0.129335
v 0.738193 1.169769 -0.142658
v 0.880000 1.169769 -0.146970
v 1.021807 1.169769 -0.142658
v 1.063397 1.169769 -0.129335
v 1.088396 1.169769 -0.105423
v 1.102325 1.169769 -0.065642
v 1.097140 1.211886 0.070000
v 1.092825 1.211886 0.199846
v 1.079491 1.211886 0.237928
v 1.055561 1.211886 0.260817
v 1.015748 1.211886 0.273572
v 0.880000 1.211886 0.277699
v 0.744252 1.211886 0.273572
v 0.704439 1.211886 0.260817
v 0.680509 1.211886 0.237928
v 0.667175 1.211886 0.199846
v 0.662860 1.211886 0.070000
v 0.667175 1.211886 -0.059846
v 0.680509 1.211886 -0.097928
v 0.704439 1.211886 -0.120817
v 0.744252 1.211886 -0.133572
v 0.880000 1.211886 -0.137699
v 1.015748 1.211886 -0.133572
v 1.055561 1.211886 -0.120817
v 1.079491 1.211886 -0.097928
v 1.092825 1.211886 -0.059846
v 1.080227 1.238932 0.070000
v 1.076248 1.238932 0.189732
v 1.063952 1.238932 0.224847
v 1.041886 1.238932 0.245954
v 1.005174 1.238932 0.257715
v 0.880000 1.238932 0.261521
v 0.754826 1.238932 0.257715
v 0.718114 1.238932 0.245954
v 0.696048 1.238932 0.224847
v 0.683752 1.238932 0.189732
v 0.679773 1.238932 0.070000
v 0.683752 1.238932 -0.049732
v 0.696048 1.238932 -0.084847
v 0.718114 1.238932 -0.105954
v 0.754826 1.238932 -0.117715
v 0.880000 1.238932 -0.121521
v 1.005174 1.238932 -0.117715
v 1.041886 1.238932 -0.105954
v 1.063952 1.238932 -0.084847
v 1.076248 1.238932 -0.049732
v 1.054307 1.256581 0.070000
v 1.050843 1.256581 0.174233
v 1.040140 1.256581 0.204803
v 1.020930 1.256581 0.223177
v 0.988970 1.256581 0.233415
v 0.880000 1.256581 0.236729
v 0.771030 1.256581 0.233415
v 0.739070 1.256581 0.223177
v 0.719860 1.256581 0.204803
v 0.709157 1.256581 0.174233
v 0.705693 1.256581 0.070000
v 0.709157 1.256581 -0.034233
v 0.719860 1.256581 -0.064803
v 0.739070 1.256581 -0.083177
v 0.771030 1.256581 -0.093415
v 0.880000 1.256581 -0.096729
v 0.988970 1.256581 -0.093415
v 1.020930 1.256581 -0.083177
v 1.040140 1.256581 -0.064803
v 1.050843 1.256581 -0.034233
v 1.013945 1.266695 0.070000
v 1.011283 1.266695 0.150097
v 1.003058 1.266695 0.173588
v 0.988296 1.266695 0.187708
v 0.963737 1.266695 0.195575
v 0.880000 1.266695 0.198121
v 0.796263 1.266695 0.195575
v 0.771704 1.266695 0.187708
v 0.756942 1.266695 0.173588
v 0.748717 1.266695 0.150097
v 0.746055 1.266695 0.070000
v 0.748717 1.266695 -0.010097
v 0.756942 1.266695 -0.033588
v 0.771704 1.266695 -0.047708
v 0.796263 1.266695 -0.055575
v 0.880000 1.266695 -0.058121
v 0.963737 1.266695 -0.055575
v 0.988296 1.266695 -0.047708
v 1.003058 1.266695 -0.033588
v 1.011283 1.266695 -0.010097
v 0.880000 1.270000 0.070000
v 0.880000 1.270000 0.070000
v 0.880000 1.270000 0.070000
v 0.880000 1.270000 0.070000
v 0.880000 1.270000 0.070000
v 0.880000 1.270000 0.070000
v 0.880000 1.270000 0.070000
v 0.880000 1.270000 0.070000
v 0.880000 1.270000 0.070000
v 0.880000 1.270000 0.070000
v 0.880000 1.270000 0.070000
v 0.880000 1.270000 0.070000
v 0.880000 1.270000 0.070000
v 0.880000 1.270000 0.070000
v 0.880000 1.270000 0.070000
v 0.880000 1.270000 0.070000
v 0.880000 1.270000 0.070000
v 0.880000 1.270000 0.070000
v 0.880000 1.270000 0.070000
v 0.880000 1.270000 0.070000
f 8265 8266 8286
f 8265 8286 8285
f 8266 8267 8287
f 8266 8287 8286
f 8267 8268 8288
f 8267 8288 8287
f 8268 8269 8289
f 8268 8289 8288
f 8269 8270 8290
f 8269 8290 8289
f 8270 8271 8291
f 8270 8291 8290
f 8271 8272 8292
f 8271 8292 8291
f 8272 8273 8293
f 8272 8293 8292
f 8273 8274 8294
f 8273 8294 8293
f 8274 8275 8295
f 8274 8295 8294
f 8275 8276 8296
f 8275 8296 8295
f 8276 8277 8297
f 8276 8297 8296
f 8277 8278 8298
f 8277 8298 8297
f 8278 8279 8299
f 8278 8299 8298
f 8279 8280 8300
f 8279 8300 8299
f 8280 8281 8301
f 8280 8301 8300
f 8281 8282 8302
f 8281 8302 8301
f 8282 8283 8303
f 8282 8303 8302
f 8283 8284 8304
f 8283 8304 8303
f 8284 8265 8285
f 8284 8285 8304
f 8285 8286 8306
f 8285 8306 8305
f 8286 8287 8307
f 8286 8307 8306
f 8287 8288 8308
f 8287 8308 8307
f 8288 8289 8309
f 8288 8309 8308
f 8289 8290 8310
f 8289 8310 8309
f 8290 8291 8311
f 8290 8311 8310
f 8291 8292 8312
f 8291 8312 8311
f 8292 8293 8313
f 8292 8313 8312
f 8293 8294 8314
f 8293 8314 8313
f 8294 8295 8315
f 8294 8315 8314
f 8295 8296 8316
f 8295 8316 8315
f 8296 8297 8317
f 8296 8317 8316
f 8297 8298 8318
f 8297 8318 8317
f 8298 8299 8319
f 8298 8319 8318
f 8299 8300 8320
f 8299 8320 8319
f 8300 8301 8321
f 8300 8321 8320
f 8301 8302 8322
f 8301 8322 8321
f 8302 8303 8323
f 8302 8323 8322
f 8303 8304 8324
f 8303 8324 8323
f 8304 8285 8305
f 8304 8305 8324
f 8305 8306 8326
f 8305 8326 8325
f 8306 8307 8327
f 8306 8327 8326
f 8307 8308 8328
f 8307 8328 8327
f 8308 8309 8329
f 8308 8329 8328
f 8309 8310 8330
f 8309 8330 8329
f 8310 8311 8331
f 8310 8331 8330
f 8311 8312 8332
f 8311 8332 8331
f 8312 8313 8333
f 8312 8333 8332
f 8313 8314 8334
f 8313 8334 8333
f 8314 8315 8335
f 8314 8335 8334
f 8315 8316 8336
f 8315 8336 8335
f 8316 8317 8337
f 8316 8337 8336
f 8317 8318 8338
f 8317 8338 8337
f 8318 8319 8339
f 8318 8339 8338
f 8319 8320 8340
f 8319 8340 8339
f 8320 8321 8341
f 8320 8341 8340
f 8321 8322 8342
f 8321 8342 8341
f 8322 8323 8343
f 8322 8343 8342
f 8323 8324 8344
f 8323 8344 8343
f 8324 8305 8325
f 8324 8325 8344
f 8325 8326 8346
f 8325 8346 8345
f 8326 8327 8347
f 8326 8347 8346
f 8327 8328 8348
f 8327 8348 8347
f 8328 8329 8349
f 8328 8349 8348
f 8329 8330 8350
f 8329 8350 8349
f 8330 8331 8351
f 8330 8351 8350
f 8331 8332 8352
f 8331 8352 8351
f 8332 8333 8353
f 8332 8353 8352
f 8333 8334 8354
f 8333 8354 8353
f 8334 8335 8355
f 8334 8355 8354
f 8335 8336 8356
f 8335 8356 8355
f 8336 8337 8357
f 8336 8357 8356
f 8337 8338 8358
f 8337 8358 8357
f 8338 8339 8359
f 8338 8359 8358
f 8339 8340 8360
f 8339 8360 8359
f 8340 8341 8361
f 8340 8361 8360
f 8341 8342 8362
f 8341 8362 8361
f 8342 8343 8363
f 8342 8363 8362
f 8343 8344 8364
f 8343 8364 8363
f 8344 8325 8345
f 8344 8345 8364
f 8345 8346 8366
f 8345 8366 8365
f 8346 8347 8367
f 8346 8367 8366
f 8347 8348 8368
f 8347 8368 8367
f 8348 8349 8369
f 8348 8369 8368
f 8349 8350 8370
f 8349 8370 8369
f 8350 8351 8371
f 8350 8371 8370
f 8351 8352 8372
f 8351 8372 8371
f 8352 8353 8373
f 8352 8373 8372
f 8353 8354 8374
f 8353 8374 8373
f 8354 8355 8375
f 8354 8375 8374
f 8355 8356 8376
f 8355 8376 8375
f 8356 8357 8377
f 8356 8377 8376
f 8357 8358 8378
f 8357 8378 8377
f 8358 8359 8379
f 8358 8379 8378
f 8359 8360 8380
f 8359 8380 8379
f 8360 8361 8381
f 8360 8381 8380
f 8361 8362 8382
f 8361 8382 8381
f 8362 8363 8383
f 8362 8383 8382
f 8363 8364 8384
f 8363 8384 8383
f 8364 8345 8365
f 8364 8365 8384
f 8365 8366 8386
f 8365 8386 8385
f 8366 8367 8387
f 8366 8387 8386
f 8367 8368 8388
f 8367 8388 8387
f 8368 8369 8389
f 8368 8389 8388
f 8369 8370 8390
f 8369 8390 8389
f 8370 8371 8391
f 8370 8391 8390
f 8371 8372 8392
f 8371 8392 8391
f 8372 8373 8393
f 8372 8393 8392
f 8373 8374 8394
f 8373 8394 8393
f 8374 8375 8395
f 8374 8395 8394
f 8375 8376 8396
f 8375 8396 8395
f 8376 8377 8397
f 8376 8397 8396
f 8377 8378 8398
f 8377 8398 8397
f 8378 8379 8399
f 8378 8399 8398
f 8379 8380 8400
f 8379 8400 8399
f 8380 8381 8401
f 8380 8401 8400
f 8381 8382 8402
f 8381 8402 8401
f 8382 8383 8403
f 8382 8403 8402
f 8383 8384 8404
f 8383 8404 8403
f 8384 8365 8385
f 8384 8385 8404
f 8385 8386 8406
f 8385 8406 8405
f 8386 8387 8407
f 8386 8407 8406
f 8387 8388 8408
f 8387 8408 8407
f 8388 8389 8409
f 8388 8409 8408
f 8389 8390 8410
f 8389 8410 8409
f 8390 8391 8411
f 8390 8411 8410
f 8391 8392 8412
f 8391 8412 8411
f 8392 8393 8413
f 8392 8413 8412
f 8393 8394 8414
f 8393 8414 8413
f 8394 8395 8415
f 8394 8415 8414
f 8395 8396 8416
f 8395 8416 8415
f 8396 8397 8417
f 8396 8417 8416
f 8397 8398 8418
f 8397 8418 8417
f 8398 8399 8419
f 8398 8419 8418
f 8399 8400 8420
f 8399 8420 8419
f 8400 8401 8421
f 8400 8421 8420
f 8401 8402 8422
f 8401 8422 8421
f 8402 8403 8423
f 8402 8423 8422
f 8403 8404 8424
f 8403 8424 8423
f 8404 8385 8405
f 8404 8405 8424
f 8405 8406 8426
f 8405 8426 8425
f 8406 8407 8427
f 8406 8427 8426
f 8407 8408 8428
f 8407 8428 8427
f 8408 8409 8429
f 8408 8429 8428
f 8409 8410 8430
f 8409 8430 8429
f 8410 8411 8431
f 8410 8431 8430
f 8411 8412 8432
f 8411 8432 8431
f 8412 8413 8433
f 8412 8433 8432
f 8413 8414 8434
f 8413 8434 8433
f 8414 8415 8435
f 8414 8435 8434
f 8415 8416 8436
f 8415 8436 8435
f 8416 8417 8437
f 8416 8437 8436
f 8417 8418 8438
f 8417 8438 8437
f 8418 8419 8439
f 8418 8439 8438
f 8419 8420 8440
f 8419 8440 8439
f 8420 8421 8441
f 8420 8441 8440
f 8421 8422 8442
f 8421 8442 8441
f 8422 8423 8443
f 8422 8443 8442
f 8423 8424 8444
f 8423 8444 8443
f 8424 8405 8425
f 8424 8425 8444
f 8425 8426 8446
f 8425 8446 8445
f 8426 8427 8447
f 8426 8447 8446
f 8427 8428 8448
f 8427 8448 8447
f 8428 8429 8449
f 8428 8449 8448
f 8429 8430 8450
f 8429 8450 8449
f 8430 8431 8451
f 8430 8451 8450
f 8431 8432 8452
f 8431 8452 8451
f 8432 8433 8453
f 8432 8453 8452
f 8433 8434 8454
f 8433 8454 8453
f 8434 8435 8455
f 8434 8455 8454
f 8435 8436 8456
f 8435 8456 8455
f 8436 8437 8457
f 8436 8457 8456
f 8437 8438 8458
f 8437 8458 8457
f 8438 8439 8459
f 8438 8459 8458
f 8439 8440 8460
f 8439 8460 8459
f 8440 8441 8461
f 8440 8461 8460
f 8441 8442 8462
f 8441 8462 8461
f 8442 8443 8463
f 8442 8463 8462
f 8443 8444 8464
f 8443 8464 8463
f 8444 8425 8445
f 8444 8445 8464
f 8445 8446 8466
f 8445 8466 8465
f 8446 8447 8467
f 8446 8467 8466
f 8447 8448 8468
f 8447 8468 8467
f 8448 8449 8469
f 8448 8469 8468
f 8449 8450 8470
f 8449 8470 8469
f 8450 8451 8471
f 8450 8471 8470
f 8451 8452 8472
f 8451 8472 8471
f 8452 8453 8473
f 8452 8473 8472
f 8453 8454 8474
f 8453 8474 8473
f 8454 8455 8475
f 8454 8475 8474
f 8455 8456 8476
f 8455 8476 8475
f 8456 8457 8477
f 8456 8477 8476
f 8457 8458 8478
f 8457 8478 8477
f 8458 8459 8479
f 8458 8479 8478
f 8459 8460 8480
f 8459 8480 8479
f 8460 8461 8481
f 8460 8481 8480
f 8461 8462 8482
f 8461 8482 8481
f 8462 8463 8483
f 8462 8483 8482
f 8463 8464 8484
f 8463 8484 8483
f 8464 8445 8465
f 8464 8465 8484
f 8465 8466 8486
f 8465 8486 8485
f 8466 8467 8487
f 8466 8487 8486
f 8467 8468 8488
f 8467 8488 8487
f 8468 8469 8489
f 8468 8489 8488
f 8469 8470 8490
f 8469 8490 8489
f 8470 8471 8491
f 8470 8491 8490
f 8471 8472 8492
f 8471 8492 8491
f 8472 8473 8493
f 8472 8493 8492
f 8473 8474 8494
f 8473 8494 8493
f 8474 8475 8495
f 8474 8495 8494
f 8475 8476 8496
f 8475 8496 8495
f 8476 8477 8497
f 8476 8497 8496
f 8477 8478 8498
f 8477 8498 8497
f 8478 8479 8499
f 8478 8499 8498
f 8479 8480 8500
f 8479 8500 8499
f 8480 8481 8501
f 8480 8501 8500
f 8481 8482 8502
f 8481 8502 8501
f 8482 8483 8503
f 8482 8503 8502
f 8483 8484 8504
f 8483 8504 8503
f 8484 8465 8485
f 8484 8485 8504
f 8485 8486 8506
f 8485 8506 8505
f 8486 8487 8507
f 8486 8507 8506
f 8487 8488 8508
f 8487 8508 8507
f 8488 8489 8509
f 8488 8509 8508
f 8489 8490 8510
f 8489 8510 8509
f 8490 8491 8511
f 8490 8511 8510
f 8491 8492 8512
f 8491 8512 8511
f 8492 8493 8513
f 8492 8513 8512
f 8493 8494 8514
f 8493 8514 8513
f 8494 8495 8515
f 8494 8515 8514
f 8495 8496 8516
f 8495 8516 8515
f 8496 8497 8517
f 8496 8517 8516
f 8497 8498 8518
f 8497 8518 8517
f 8498 8499 8519
f 8498 8519 8518
f 8499 8500 8520
f 8499 8520 8519
f 8500 8501 8521
f 8500 8521 8520
f 8501 8502 8522
f 8501 8522 8521
f 8502 8503 8523
f 8502 8523 8522
f 8503 8504 8524
f 8503 8524 8523
f 8504 8485 8505
f 8504 8505 8524
o Head
g Head
usemtl Gunmetal
v 0.000000 2.160000 0.100000
v 0.000000 2.160000 0.100000
v 0.000000 2.160000 0.100000
v 0.000000 2.160000 0.100000
v 0.000000 2.160000 0.100000
v 0.000000 2.160000 0.100000
v -0.000000 2.160000 0.100000
v -0.000000 2.160000 0.100000
v -0.000000 2.160000 0.100000
v -0.000000 2.160000 0.100000
v -0.000000 2.160000 0.100000
v -0.000000 2.160000 0.100000
v -0.000000 2.160000 0.100000
v -0.000000 2.160000 0.100000
v -0.000000 2.160000 0.100000
v -0.000000 2.160000 0.100000
v 0.000000 2.160000 0.100000
v 0.000000 2.160000 0.100000
v 0.000000 2.160000 0.100000
v 0.000000 2.160000 0.100000
v 0.186358 2.163718 0.100000
v 0.182655 2.163718 0.205582
v 0.171211 2.163718 0.236548
v 0.150673 2.163718 0.255160
v 0.116504 2.163718 0.265531
v 0.000000 2.163718 0.268887
v -0.116504 2.163718 0.265531
v -0.150673 2.163718 0.255160
v -0.171211 2.163718 0.236548
v -0.182655 2.163718 0.205582
v -0.186358 2.163718 0.100000
v -0.182655 2.163718 -0.005582
v -0.171211 2.163718 -0.036548
v -0.150673 2.163718 -0.055160
v -0.116504 2.163718 -0.065531
v -0.000000 2.163718 -0.068887
v 0.116504 2.163718 -0.065531
v 0.150673 2.163718 -0.055160
v 0.171211 2.163718 -0.036548
v 0.182655 2.163718 -0.005582
v 0.242515 2.175096 0.100000
v 0.237695 2.175096 0.237398
v 0.222803 2.175096 0.277694
v 0.196076 2.175096 0.301915
v 0.151611 2.175096 0.315411
v 0.000000 2.175096 0.319779
v -0.151611 2.175096 0.315411
v -0.196076 2.175096 0.301915
v -0.222803 2.175096 0.277694
v -0.237695 2.175096 0.237398
v -0.242515 2.175096 0.100000
v -0.237695 2.175096 -0.037398
v -0.222803 2.175096 -0.077694
v -0.196076 2.175096 -0.101915
v -0.151611 2.175096 -0.115411
v -0.000000 2.175096 -0.119779
v 0.151611 2.175096 -0.115411
v 0.196076 2.175096 -0.101915
v 0.222803 2.175096 -0.077694
v 0.237695 2.175096 -0.037398
v 0.278576 2.194951 0.100000
v 0.273040 2.194951 0.257828
v 0.255933 2.194951 0.304117
v 0.225233 2.194951 0.331940
v 0.174155 2.194951 0.347443
v 0.000000 2.194951 0.352460
v -0.174155 2.194951 0.347443
v -0.225233 2.194951 0.331940
v -0.255933 2.194951 0.304117
v -0.273040 2.194951 0.257828
v -0.278576 2.194951 0.100000
v -0.273040 2.194951 -0.057828
v -0.255933 2.194951 -0.104117
v -0.225233 2.194951 -0.131940
v -0.174155 2.194951 -0.147443
v -0.000000 2.194951 -0.152460
v 0.174155 2.194951 -0.147443
v 0.225233 2.194951 -0.131940
v 0.255933 2.194951 -0.104117
v 0.273040 2.194951 -0.057828
v 0.302108 2.225378 0.100000
v 0.296104 2.225378 0.271160
v 0.277553 2.225378 0.321359
v 0.244259 2.225378 0.351532
v 0.188867 2.225378 0.368345
v 0.000000 2.225378 0.373785
v -0.188867 2.225378 0.368345
v -0.244259 2.225378 0.351532
v -0.277553 2.225378 0.321359
v -0.296104 2.225378 0.271160
v -0.302108 2.225378 0.100000
v -0.296104 2.225378 -0.071160
v -0.277553 2.225378 -0.121359
v -0.244259 2.225378 -0.151532
v -0.188867 2.225378 -0.168345
v -0.000000 2.225378 -0.173785
v 0.188867 2.225378 -0.168345
v 0.244259 2.225378 -0.151532
v 0.277553 2.225378 -0.121359
v 0.296104 2.225378 -0.071160
v 0.315593 2.272760 0.100000
v 0.309321 2.272760 0.278800
v 0.289942 2.272760 0.331240
v 0.255161 2.272760 0.362760
v 0.197297 2.272760 0.380323
v 0.000000 2.272760 0.386006
v -0.197297 2.272760 0.380323
v -0.255161 2.272760 0.362760
v -0.289942 2.272760 0.331240
v -0.309321 2.272760 0.278800
v -0.315593 2.272760 0.100000
v -0.309321 2.272760 -0.078800
v -0.289942 2.272760 -0.131240
v -0.255161 2.272760 -0.162760
v -0.197297 2.272760 -0.180323
v -0.000000 2.272760 -0.186006
v 0.197297 2.272760 -0.180323
v 0.255161 2.272760 -0.162760
v 0.289942 2.272760 -0.131240
v 0.309321 2.272760 -0.078800
v 0.320000 2.430000 0.100000
v 0.313641 2.430000 0.281297
v 0.293990 2.430000 0.334469
v 0.258724 2.430000 0.366429
v 0.200052 2.430000 0.384237
v 0.000000 2.430000 0.390000
v -0.200052 2.430000 0.384237
v -0.258724 2.430000 0.366429
v -0.293990 2.430000 0.334469
v -0.313641 2.430000 0.281297
v -0.320000 2.430000 0.100000
v -0.313641 2.430000 -0.081297
v -0.293990 2.430000 -0.134469
v -0.258724 2.430000 -0.166429
v -0.200052 2.430000 -0.184237
v -0.000000 2.430000 -0.190000
v 0.200052 2.430000 -0.184237
v 0.258724 2.430000 -0.166429
v 0.293990 2.430000 -0.134469
v 0.313641 2.430000 -0.081297
v 0.315593 2.587240 0.100000
v 0.309321 2.587240 0.278800
v 0.289942 2.587240 0.331240
v 0.255161 2.587240 0.362760
v 0.197297 2.587240 0.380323
v 0.000000 2.587240 0.386006
v -0.197297 2.587240 0.380323
v -0.255161 2.587240 0.362760
v -0.289942 2.587240 0.331240
v -0.309321 2.587240 0.278800
v -0.315593 2.587240 0.100000
v -0.309321 2.587240 -0.078800
v -0.289942 2.587240 -0.131240
v -0.255161 2.587240 -0.162760
v -0.197297 2.587240 -0.180323
v -0.000000 2.587240 -0.186006
v 0.197297 2.587240 -0.180323
v 0.255161 2.587240 -0.162760
v 0.289942 2.587240 -0.131240
v 0.309321 2.587240 -0.078800
v 0.302108 2.634622 0.100000
v 0.296104 2.634622 0.271160
v 0.277553 2.634622 0.321359
v 0.244259 2.634622 0.351532
v 0.188867 2.634622 0.368345
v 0.000000 2.634622 0.373785
v -0.188867 2.634622 0.368345
v -0.244259 2.634622 0.351532
v -0.277553 2.634622 0.321359
v -0.296104 2.634622 0.271160
v -0.302108 2.634622 0.100000
v -0.296104 2.634622 -0.071160
v -0.277553 2.634622 -0.121359
v -0.244259 2.634622 -0.151532
v -0.188867 2.634622 -0.168345
v -0.000000 2.634622 -0.173785
v 0.188867 2.634622 -0.168345
v 0.244259 2.634622 -0.151532
v 0.277553 2.634622 -0.121359
v 0.296104 2.634622 -0.071160
v 0.278576 2.665049 0.100000
v 0.273040 2.665049 0.257828
v 0.255933 2.665049 0.304117
v 0.225233 2.665049 0.331940
v 0.174155 2.665049 0.347443
v 0.000000 2.665049 0.352460
v -0.174155 2.665049 0.347443
v -0.225233 2.665049 0.331940
v -0.255933 2.665049 0.304117
v -0.273040 2.665049 0.257828
v -0.278576 2.665049 0.100000
v -0.273040 2.665049 -0.057828
v -0.255933 2.665049 -0.104117
v -0.225233 2.665049 -0.131940
v -0.174155 2.665049 -0.147443
v -0.000000 2.665049 -0.152460
v 0.174155 2.665049 -0.147443
v 0.225233 2.665049 -0.131940
v 0.255933 2.665049 -0.104117
v 0.273040 2.665049 -0.057828
v 0.242515 2.684904 0.100000
v 0.237695 2.684904 0.237398
v 0.222803 2.684904 0.277694
v 0.196076 2.684904 0.301915
v 0.151611 2.684904 0.315411
v 0.000000 2.684904 0.319779
v -0.151611 2.684904 0.315411
v -0.196076 2.684904 0.301915
v -0.222803 2.684904 0.277694
v -0.237695 2.684904 0.237398
v -0.242515 2.684904 0.100000
v -0.237695 2.684904 -0.037398
v -0.222803 2.684904 -0.077694
v -0.196076 2.684904 -0.101915
v -0.151611 2.684904 -0.115411
v -0.000000 2.684904 -0.119779
v 0.151611 2.684904 -0.115411
v 0.196076 2.684904 -0.101915
v 0.222803 2.684904 -0.077694
v 0.237695 2.684904 -0.037398
v 0.186358 2.696282 0.100000
v 0.182655 2.696282 0.205582
v 0.171211 2.696282 0.236548
v 0.150673 2.696282 0.255160
v 0.116504 2.696282 0.265531
v 0.000000 2.696282 0.268887
v -0.116504 2.696282 0.265531
v -0.150673 2.696282 0.255160
v -0.171211 2.696282 0.236548
v -0.182655 2.696282 0.205582
v -0.186358 2.696282 0.100000
v -0.182655 2.696282 -0.005582
v -0.171211 2.696282 -0.036548
v -0.150673 2.696282 -0.055160
v -0.116504 2.696282 -0.065531
v -0.000000 2.696282 -0.068887
v 0.116504 2.696282 -0.065531
v 0.150673 2.696282 -0.055160
v 0.171211 2.696282 -0.036548
v 0.182655 2.696282 -0.005582
v 0.000000 2.700000 0.100000
v 0.000000 2.700000 0.100000
v 0.000000 2.700000 0.100000
v 0.000000 2.700000 0.100000
v 0.000000 2.700000 0.100000
v 0.000000 2.700000 0.100000
v -0.000000 2.700000 0.100000
v -0.000000 2.700000 0.100000
v -0.000000 2.700000 0.100000
v -0.000000 2.700000 0.100000
v -0.000000 2.700000 0.100000
v -0.000000 2.700000 0.100000
v -0.000000 2.700000 0.100000
v -0.000000 2.700000 0.100000
v -0.000000 2.700000 0.100000
v -0.000000 2.700000 0.100000
v 0.000000 2.700000 0.100000
v 0.000000 2.700000 0.100000
v 0.000000 2.700000 0.100000
v 0.000000 2.700000 0.100000
f 8525 8526 8546
f 8525 8546 8545
f 8526 8527 8547
f 8526 8547 8546
f 8527 8528 8548
f 8527 8548 8547
f 8528 8529 8549
f 8528 8549 8548
f 8529 8530 8550
f 8529 8550 8549
f 8530 8531 8551
f 8530 8551 8550
f 8531 8532 8552
f 8531 8552 8551
f 8532 8533 8553
f 8532 8553 8552
f 8533 8534 8554
f 8533 8554 8553
f 8534 8535 8555
f 8534 8555 8554
f 8535 8536 8556
f 8535 8556 8555
f 8536 8537 8557
f 8536 8557 8556
f 8537 8538 8558
f 8537 8558 8557
f 8538 8539 8559
f 8538 8559 8558
f 8539 8540 8560
f 8539 8560 8559
f 8540 8541 8561
f 8540 8561 8560
f 8541 8542 8562
f 8541 8562 8561
f 8542 8543 8563
f 8542 8563 8562
f 8543 8544 8564
f 8543 8564 8563
f 8544 8525 8545
f 8544 8545 8564
f 8545 8546 8566
f 8545 8566 8565
f 8546 8547 8567
f 8546 8567 8566
f 8547 8548 8568
f 8547 8568 8567
f 8548 8549 8569
f 8548 8569 8568
f 8549 8550 8570
f 8549 8570 8569
f 8550 8551 8571
f 8550 8571 8570
f 8551 8552 8572
f 8551 8572 8571
f 8552 8553 8573
f 8552 8573 8572
f 8553 8554 8574
f 8553 8574 8573
f 8554 8555 8575
f 8554 8575 8574
f 8555 8556 8576
f 8555 8576 8575
f 8556 8557 8577
f 8556 8577 8576
f 8557 8558 8578
f 8557 8578 8577
f 8558 8559 8579
f 8558 8579 8578
f 8559 8560 8580
f 8559 8580 8579
f 8560 8561 8581
f 8560 8581 8580
f 8561 8562 8582
f 8561 8582 8581
f 8562 8563 8583
f 8562 8583 8582
f 8563 8564 8584
f 8563 8584 8583
f 8564 8545 8565
f 8564 8565 8584
f 8565 8566 8586
f 8565 8586 8585
f 8566 8567 8587
f 8566 8587 8586
f 8567 8568 8588
f 8567 8588 8587
f 8568 8569 8589
f 8568 8589 8588
f 8569 8570 8590
f 8569 8590 8589
f 8570 8571 8591
f 8570 8591 8590
f 8571 8572 8592
f 8571 8592 8591
f 8572 8573 8593
f 8572 8593 8592
f 8573 8574 8594
f 8573 8594 8593
f 8574 8575 8595
f 8574 8595 8594
f 8575 8576 8596
f 8575 8596 8595
f 8576 8577 8597
f 8576 8597 8596
f 8577 8578 8598
f 8577 8598 8597
f 8578 8579 8599
f 8578 8599 8598
f 8579 8580 8600
f 8579 8600 8599
f 8580 8581 8601
f 8580 8601 8600
f 8581 8582 8602
f 8581 8602 8601
f 8582 8583 8603
f 8582 8603 8602
f 8583 8584 8604
f 8583 8604 8603
f 8584 8565 8585
f 8584 8585 8604
f 8585 8586 8606
f 8585 8606 8605
f 8586 8587 8607
f 8586 8607 8606
f 8587 8588 8608
f 8587 8608 8607
f 8588 8589 8609
f 8588 8609 8608
f 8589 8590 8610
f 8589 8610 8609
f 8590 8591 8611
f 8590 8611 8610
f 8591 8592 8612
f 8591 8612 8611
f 8592 8593 8613
f 8592 8613 8612
f 8593 8594 8614
f 8593 8614 8613
f 8594 8595 8615
f 8594 8615 8614
f 8595 8596 8616
f 8595 8616 8615
f 8596 8597 8617
f 8596 8617 8616
f 8597 8598 8618
f 8597 8618 8617
f 8598 8599 8619
f 8598 8619 8618
f 8599 8600 8620
f 8599 8620 8619
f 8600 8601 8621
f 8600 8621 8620
f 8601 8602 8622
f 8601 8622 8621
f 8602 8603 8623
f 8602 8623 8622
f 8603 8604 8624
f 8603 8624 8623
f 8604 8585 8605
f 8604 8605 8624
f 8605 8606 8626
f 8605 8626 8625
f 8606 8607 8627
f 8606 8627 8626
f 8607 8608 8628
f 8607 8628 8627
f 8608 8609 8629
f 8608 8629 8628
f 8609 8610 8630
f 8609 8630 8629
f 8610 8611 8631
f 8610 8631 8630
f 8611 8612 8632
f 8611 8632 8631
f 8612 8613 8633
f 8612 8633 8632
f 8613 8614 8634
f 8613 8634 8633
f 8614 8615 8635
f 8614 8635 8634
f 8615 8616 8636
f 8615 8636 8635
f 8616 8617 8637
f 8616 8637 8636
f 8617 8618 8638
f 8617 8638 8637
f 8618 8619 8639
f 8618 8639 8638
f 8619 8620 8640
f 8619 8640 8639
f 8620 8621 8641
f 8620 8641 8640
f 8621 8622 8642
f 8621 8642 8641
f 8622 8623 8643
f 8622 8643 8642
f 8623 8624 8644
f 8623 8644 8643
f 8624 8605 8625
f 8624 8625 8644
f 8625 8626 8646
f 8625 8646 8645
f 8626 8627 8647
f 8626 8647 8646
f 8627 8628 8648
f 8627 8648 8647
f 8628 8629 8649
f 8628 8649 8648
f 8629 8630 8650
f 8629 8650 8649
f 8630 8631 8651
f 8630 8651 8650
f 8631 8632 8652
f 8631 8652 8651
f 8632 8633 8653
f 8632 8653 8652
f 8633 8634 8654
f 8633 8654 8653
f 8634 8635 8655
f 8634 8655 8654
f 8635 8636 8656
f 8635 8656 8655
f 8636 8637 8657
f 8636 8657 8656
f 8637 8638 8658
f 8637 8658 8657
f 8638 8639 8659
f 8638 8659 8658
f 8639 8640 8660
f 8639 8660 8659
f 8640 8641 8661
f 8640 8661 8660
f 8641 8642 8662
f 8641 8662 8661
f 8642 8643 8663
f 8642 8663 8662
f 8643 8644 8664
f 8643 8664 8663
f 8644 8625 8645
f 8644 8645 8664
f 8645 8646 8666
f 8645 8666 8665
f 8646 8647 8667
f 8646 8667 8666
f 8647 8648 8668
f 8647 8668 8667
f 8648 8649 8669
f 8648 8669 8668
f 8649 8650 8670
f 8649 8670 8669
f 8650 8651 8671
f 8650 8671 8670
f 8651 8652 8672
f 8651 8672 8671
f 8652 8653 8673
f 8652 8673 8672
f 8653 8654 8674
f 8653 8674 8673
f 8654 8655 8675
f 8654 8675 8674
f 8655 8656 8676
f 8655 8676 8675
f 8656 8657 8677
f 8656 8677 8676
f 8657 8658 8678
f 8657 8678 8677
f 8658 8659 8679
f 8658 8679 8678
f 8659 8660 8680
f 8659 8680 8679
f 8660 8661 8681
f 8660 8681 8680
f 8661 8662 8682
f 8661 8682 8681
f 8662 8663 8683
f 8662 8683 8682
f 8663 8664 8684
f 8663 8684 8683
f 8664 8645 8665
f 8664 8665 8684
f 8665 8666 8686
f 8665 8686 8685
f 8666 8667 8687
f 8666 8687 8686
f 8667 8668 8688
f 8667 8688 8687
f 8668 8669 8689
f 8668 8689 8688
f 8669 8670 8690
f 8669 8690 8689
f 8670 8671 8691
f 8670 8691 8690
f 8671 8672 8692
f 8671 8692 8691
f 8672 8673 8693
f 8672 8693 8692
f 8673 8674 8694
f 8673 8694 8693
f 8674 8675 8695
f 8674 8695 8694
f 8675 8676 8696
f 8675 8696 8695
f 8676 8677 8697
f 8676 8697 8696
f 8677 8678 8698
f 8677 8698 8697
f 8678 8679 8699
f 8678 8699 8698
f 8679 8680 8700
f 8679 8700 8699
f 8680 8681 8701
f 8680 8701 8700
f 8681 8682 8702
f 8681 8702 8701
f 8682 8683 8703
f 8682 8703 8702
f 8683 8684 8704
f 8683 8704 8703
f 8684 8665 8685
f 8684 8685 8704
f 8685 8686 8706
f 8685 8706 8705
f 8686 8687 8707
f 8686 8707 8706
f 8687 8688 8708
f 8687 8708 8707
f 8688 8689 8709
f 8688 8709 8708
f 8689 8690 8710
f 8689 8710 8709
f 8690 8691 8711
f 8690 8711 8710
f 8691 8692 8712
f 8691 8712 8711
f 8692 8693 8713
f 8692 8713 8712
f 8693 8694 8714
f 8693 8714 8713
f 8694 8695 8715
f 8694 8715 8714
f 8695 8696 8716
f 8695 8716 8715
f 8696 8697 8717
f 8696 8717 8716
f 8697 8698 8718
f 8697 8718 8717
f 8698 8699 8719
f 8698 8719 8718
f 8699 8700 8720
f 8699 8720 8719
f 8700 8701 8721
f 8700 8721 8720
f 8701 8702 8722
f 8701 8722 8721
f 8702 8703 8723
f 8702 8723 8722
f 8703 8704 8724
f 8703 8724 8723
f 8704 8685 8705
f 8704 8705 8724
f 8705 8706 8726
f 8705 8726 8725
f 8706 8707 8727
f 8706 8727 8726
f 8707 8708 8728
f 8707 8728 8727
f 8708 8709 8729
f 8708 8729 8728
f 8709 8710 8730
f 8709 8730 8729
f 8710 8711 8731
f 8710 8731 8730
f 8711 8712 8732
f 8711 8732 8731
f 8712 8713 8733
f 8712 8733 8732
f 8713 8714 8734
f 8713 8734 8733
f 8714 8715 8735
f 8714 8735 8734
f 8715 8716 8736
f 8715 8736 8735
f 8716 8717 8737
f 8716 8737 8736
f 8717 8718 8738
f 8717 8738 8737
f 8718 8719 8739
f 8718 8739 8738
f 8719 8720 8740
f 8719 8740 8739
f 8720 8721 8741
f 8720 8741 8740
f 8721 8722 8742
f 8721 8742 8741
f 8722 8723 8743
f 8722 8743 8742
f 8723 8724 8744
f 8723 8744 8743
f 8724 8705 8725
f 8724 8725 8744
f 8725 8726 8746
f 8725 8746 8745
f 8726 8727 8747
f 8726 8747 8746
f 8727 8728 8748
f 8727 8748 8747
f 8728 8729 8749
f 8728 8749 8748
f 8729 8730 8750
f 8729 8750 8749
f 8730 8731 8751
f 8730 8751 8750
f 8731 8732 8752
f 8731 8752 8751
f 8732 8733 8753
f 8732 8753 8752
f 8733 8734 8754
f 8733 8754 8753
f 8734 8735 8755
f 8734 8755 8754
f 8735 8736 8756
f 8735 8756 8755
f 8736 8737 8757
f 8736 8757 8756
f 8737 8738 8758
f 8737 8758 8757
f 8738 8739 8759
f 8738 8759 8758
f 8739 8740 8760
f 8739 8760 8759
f 8740 8741 8761
f 8740 8761 8760
f 8741 8742 8762
f 8741 8762 8761
f 8742 8743 8763
f 8742 8763 8762
f 8743 8744 8764
f 8743 8764 8763
f 8744 8725 8745
f 8744 8745 8764
f 8745 8746 8766
f 8745 8766 8765
f 8746 8747 8767
f 8746 8767 8766
f 8747 8748 8768
f 8747 8768 8767
f 8748 8749 8769
f 8748 8769 8768
f 8749 8750 8770
f 8749 8770 8769
f 8750 8751 8771
f 8750 8771 8770
f 8751 8752 8772
f 8751 8772 8771
f 8752 8753 8773
f 8752 8773 8772
f 8753 8754 8774
f 8753 8774 8773
f 8754 8755 8775
f 8754 8775 8774
f 8755 8756 8776
f 8755 8776 8775
f 8756 8757 8777
f 8756 8777 8776
f 8757 8758 8778
f 8757 8778 8777
f 8758 8759 8779
f 8758 8779 8778
f 8759 8760 8780
f 8759 8780 8779
f 8760 8761 8781
f 8760 8781 8780
f 8761 8762 8782
f 8761 8782 8781
f 8762 8763 8783
f 8762 8783 8782
f 8763 8764 8784
f 8763 8784 8783
f 8764 8745 8765
f 8764 8765 8784
o Helmet
g Helmet
usemtl Bastion_Yellow
v 0.000000 2.300000 0.070000
v 0.000000 2.300000 0.070000
v 0.000000 2.300000 0.070000
v 0.000000 2.300000 0.070000
v 0.000000 2.300000 0.070000
v 0.000000 2.300000 0.070000
v -0.000000 2.300000 0.070000
v -0.000000 2.300000 0.070000
v -0.000000 2.300000 0.070000
v -0.000000 2.300000 0.070000
v -0.000000 2.300000 0.070000
v -0.000000 2.300000 0.070000
v -0.000000 2.300000 0.070000
v -0.000000 2.300000 0.070000
v -0.000000 2.300000 0.070000
v -0.000000 2.300000 0.070000
v 0.000000 2.300000 0.070000
v 0.000000 2.300000 0.070000
v 0.000000 2.300000 0.070000
v 0.000000 2.300000 0.070000
v 0.198006 2.303030 0.070000
v 0.194071 2.303030 0.179223
v 0.181912 2.303030 0.211256
v 0.160090 2.303030 0.230510
v 0.123786 2.303030 0.241239
v 0.000000 2.303030 0.244711
v -0.123786 2.303030 0.241239
v -0.160090 2.303030 0.230510
v -0.181912 2.303030 0.211256
v -0.194071 2.303030 0.179223
v -0.198006 2.303030 0.070000
v -0.194071 2.303030 -0.039223
v -0.181912 2.303030 -0.071256
v -0.160090 2.303030 -0.090510
v -0.123786 2.303030 -0.101239
v -0.000000 2.303030 -0.104711
v 0.123786 2.303030 -0.101239
v 0.160090 2.303030 -0.090510
v 0.181912 2.303030 -0.071256
v 0.194071 2.303030 -0.039223
v 0.257672 2.312301 0.070000
v 0.252551 2.312301 0.212135
v 0.236728 2.312301 0.253822
v 0.208331 2.312301 0.278878
v 0.161087 2.312301 0.292839
v 0.000000 2.312301 0.297357
v -0.161087 2.312301 0.292839
v -0.208331 2.312301 0.278878
v -0.236728 2.312301 0.253822
v -0.252551 2.312301 0.212135
v -0.257672 2.312301 0.070000
v -0.252551 2.312301 -0.072135
v -0.236728 2.312301 -0.113822
v -0.208331 2.312301 -0.138878
v -0.161087 2.312301 -0.152839
v -0.000000 2.312301 -0.157357
v 0.161087 2.312301 -0.152839
v 0.208331 2.312301 -0.138878
v 0.236728 2.312301 -0.113822
v 0.252551 2.312301 -0.072135
v 0.295987 2.328479 0.070000
v 0.290105 2.328479 0.233271
v 0.271929 2.328479 0.281156
v 0.239310 2.328479 0.309938
v 0.185040 2.328479 0.325975
v 0.000000 2.328479 0.331165
v -0.185040 2.328479 0.325975
v -0.239310 2.328479 0.309938
v -0.271929 2.328479 0.281156
v -0.290105 2.328479 0.233271
v -0.295987 2.328479 0.070000
v -0.290105 2.328479 -0.093271
v -0.271929 2.328479 -0.141156
v -0.239310 2.328479 -0.169938
v -0.185040 2.328479 -0.185975
v -0.000000 2.328479 -0.191165
v 0.185040 2.328479 -0.185975
v 0.239310 2.328479 -0.169938
v 0.271929 2.328479 -0.141156
v 0.290105 2.328479 -0.093271
v 0.320990 2.353271 0.070000
v 0.314611 2.353271 0.247062
v 0.294900 2.353271 0.298992
v 0.259525 2.353271 0.330206
v 0.200671 2.353271 0.347598
v 0.000000 2.353271 0.353226
v -0.200671 2.353271 0.347598
v -0.259525 2.353271 0.330206
v -0.294900 2.353271 0.298992
v -0.314611 2.353271 0.247062
v -0.320990 2.353271 0.070000
v -0.314611 2.353271 -0.107062
v -0.294900 2.353271 -0.158992
v -0.259525 2.353271 -0.190206
v -0.200671 2.353271 -0.207598
v -0.000000 2.353271 -0.213226
v 0.200671 2.353271 -0.207598
v 0.259525 2.353271 -0.190206
v 0.294900 2.353271 -0.158992
v 0.314611 2.353271 -0.107062
v 0.335318 2.391879 0.070000
v 0.328654 2.391879 0.254966
v 0.308063 2.391879 0.309214
v 0.271109 2.391879 0.341820
v 0.209628 2.391879 0.359989
v 0.000000 2.391879 0.365869
v -0.209628 2.391879 0.359989
v -0.271109 2.391879 0.341820
v -0.308063 2.391879 0.309214
v -0.328654 2.391879 0.254966
v -0.335318 2.391879 0.070000
v -0.328654 2.391879 -0.114966
v -0.308063 2.391879 -0.169214
v -0.271109 2.391879 -0.201820
v -0.209628 2.391879 -0.219989
v -0.000000 2.391879 -0.225869
v 0.209628 2.391879 -0.219989
v 0.271109 2.391879 -0.201820
v 0.308063 2.391879 -0.169214
v 0.328654 2.391879 -0.114966
v 0.340000 2.520000 0.070000
v 0.333243 2.520000 0.257549
v 0.312365 2.520000 0.312554
v 0.274895 2.520000 0.345616
v 0.212555 2.520000 0.364038
v 0.000000 2.520000 0.370000
v -0.212555 2.520000 0.364038
v -0.274895 2.520000 0.345616
v -0.312365 2.520000 0.312554
v -0.333243 2.520000 0.257549
v -0.340000 2.520000 0.070000
v -0.333243 2.520000 -0.117549
v -0.312365 2.520000 -0.172554
v -0.274895 2.520000 -0.205616
v -0.212555 2.520000 -0.224038
v -0.000000 2.520000 -0.230000
v 0.212555 2.520000 -0.224038
v 0.274895 2.520000 -0.205616
v 0.312365 2.520000 -0.172554
v 0.333243 2.520000 -0.117549
v 0.335318 2.648121 0.070000
v 0.328654 2.648121 0.254966
v 0.308063 2.648121 0.309214
v 0.271109 2.648121 0.341820
v 0.209628 2.648121 0.359989
v 0.000000 2.648121 0.365869
v -0.209628 2.648121 0.359989
v -0.271109 2.648121 0.341820
v -0.308063 2.648121 0.309214
v -0.328654 2.648121 0.254966
v -0.335318 2.648121 0.070000
v -0.328654 2.648121 -0.114966
v -0.308063 2.648121 -0.169214
v -0.271109 2.648121 -0.201820
v -0.209628 2.648121 -0.219989
v -0.000000 2.648121 -0.225869
v 0.209628 2.648121 -0.219989
v 0.271109 2.648121 -0.201820
v 0.308063 2.648121 -0.169214
v 0.328654 2.648121 -0.114966
v 0.320990 2.686729 0.070000
v 0.314611 2.686729 0.247062
v 0.294900 2.686729 0.298992
v 0.259525 2.686729 0.330206
v 0.200671 2.686729 0.347598
v 0.000000 2.686729 0.353226
v -0.200671 2.686729 0.347598
v -0.259525 2.686729 0.330206
v -0.294900 2.686729 0.298992
v -0.314611 2.686729 0.247062
v -0.320990 2.686729 0.070000
v -0.314611 2.686729 -0.107062
v -0.294900 2.686729 -0.158992
v -0.259525 2.686729 -0.190206
v -0.200671 2.686729 -0.207598
v -0.000000 2.686729 -0.213226
v 0.200671 2.686729 -0.207598
v 0.259525 2.686729 -0.190206
v 0.294900 2.686729 -0.158992
v 0.314611 2.686729 -0.107062
v 0.295987 2.711521 0.070000
v 0.290105 2.711521 0.233271
v 0.271929 2.711521 0.281156
v 0.239310 2.711521 0.309938
v 0.185040 2.711521 0.325975
v 0.000000 2.711521 0.331165
v -0.185040 2.711521 0.325975
v -0.239310 2.711521 0.309938
v -0.271929 2.711521 0.281156
v -0.290105 2.711521 0.233271
v -0.295987 2.711521 0.070000
v -0.290105 2.711521 -0.093271
v -0.271929 2.711521 -0.141156
v -0.239310 2.711521 -0.169938
v -0.185040 2.711521 -0.185975
v -0.000000 2.711521 -0.191165
v 0.185040 2.711521 -0.185975
v 0.239310 2.711521 -0.169938
v 0.271929 2.711521 -0.141156
v 0.290105 2.711521 -0.093271
v 0.257672 2.727699 0.070000
v 0.252551 2.727699 0.212135
v 0.236728 2.727699 0.253822
v 0.208331 2.727699 0.278878
v 0.161087 2.727699 0.292839
v 0.000000 2.727699 0.297357
v -0.161087 2.727699 0.292839
v -0.208331 2.727699 0.278878
v -0.236728 2.727699 0.253822
v -0.252551 2.727699 0.212135
v -0.257672 2.727699 0.070000
v -0.252551 2.727699 -0.072135
v -0.236728 2.727699 -0.113822
v -0.208331 2.727699 -0.138878
v -0.161087 2.727699 -0.152839
v -0.000000 2.727699 -0.157357
v 0.161087 2.727699 -0.152839
v 0.208331 2.727699 -0.138878
v 0.236728 2.727699 -0.113822
v 0.252551 2.727699 -0.072135
v 0.198006 2.736970 0.070000
v 0.194071 2.736970 0.179223
v 0.181912 2.736970 0.211256
v 0.160090 2.736970 0.230510
v 0.123786 2.736970 0.241239
v 0.000000 2.736970 0.244711
v -0.123786 2.736970 0.241239
v -0.160090 2.736970 0.230510
v -0.181912 2.736970 0.211256
v -0.194071 2.736970 0.179223
v -0.198006 2.736970 0.070000
v -0.194071 2.736970 -0.039223
v -0.181912 2.736970 -0.071256
v -0.160090 2.736970 -0.090510
v -0.123786 2.736970 -0.101239
v -0.000000 2.736970 -0.104711
v 0.123786 2.736970 -0.101239
v 0.160090 2.736970 -0.090510
v 0.181912 2.736970 -0.071256
v 0.194071 2.736970 -0.039223
v 0.000000 2.740000 0.070000
v 0.000000 2.740000 0.070000
v 0.000000 2.740000 0.070000
v 0.000000 2.740000 0.070000
v 0.000000 2.740000 0.070000
v 0.000000 2.740000 0.070000
v -0.000000 2.740000 0.070000
v -0.000000 2.740000 0.070000
v -0.000000 2.740000 0.070000
v -0.000000 2.740000 0.070000
v -0.000000 2.740000 0.070000
v -0.000000 2.740000 0.070000
v -0.000000 2.740000 0.070000
v -0.000000 2.740000 0.070000
v -0.000000 2.740000 0.070000
v -0.000000 2.740000 0.070000
v 0.000000 2.740000 0.070000
v 0.000000 2.740000 0.070000
v 0.000000 2.740000 0.070000
v 0.000000 2.740000 0.070000
f 8785 8786 8806
f 8785 8806 8805
f 8786 8787 8807
f 8786 8807 8806
f 8787 8788 8808
f 8787 8808 8807
f 8788 8789 8809
f 8788 8809 8808
f 8789 8790 8810
f 8789 8810 8809
f 8790 8791 8811
f 8790 8811 8810
f 8791 8792 8812
f 8791 8812 8811
f 8792 8793 8813
f 8792 8813 8812
f 8793 8794 8814
f 8793 8814 8813
f 8794 8795 8815
f 8794 8815 8814
f 8795 8796 8816
f 8795 8816 8815
f 8796 8797 8817
f 8796 8817 8816
f 8797 8798 8818
f 8797 8818 8817
f 8798 8799 8819
f 8798 8819 8818
f 8799 8800 8820
f 8799 8820 8819
f 8800 8801 8821
f 8800 8821 8820
f 8801 8802 8822
f 8801 8822 8821
f 8802 8803 8823
f 8802 8823 8822
f 8803 8804 8824
f 8803 8824 8823
f 8804 8785 8805
f 8804 8805 8824
f 8805 8806 8826
f 8805 8826 8825
f 8806 8807 8827
f 8806 8827 8826
f 8807 8808 8828
f 8807 8828 8827
f 8808 8809 8829
f 8808 8829 8828
f 8809 8810 8830
f 8809 8830 8829
f 8810 8811 8831
f 8810 8831 8830
f 8811 8812 8832
f 8811 8832 8831
f 8812 8813 8833
f 8812 8833 8832
f 8813 8814 8834
f 8813 8834 8833
f 8814 8815 8835
f 8814 8835 8834
f 8815 8816 8836
f 8815 8836 8835
f 8816 8817 8837
f 8816 8837 8836
f 8817 8818 8838
f 8817 8838 8837
f 8818 8819 8839
f 8818 8839 8838
f 8819 8820 8840
f 8819 8840 8839
f 8820 8821 8841
f 8820 8841 8840
f 8821 8822 8842
f 8821 8842 8841
f 8822 8823 8843
f 8822 8843 8842
f 8823 8824 8844
f 8823 8844 8843
f 8824 8805 8825
f 8824 8825 8844
f 8825 8826 8846
f 8825 8846 8845
f 8826 8827 8847
f 8826 8847 8846
f 8827 8828 8848
f 8827 8848 8847
f 8828 8829 8849
f 8828 8849 8848
f 8829 8830 8850
f 8829 8850 8849
f 8830 8831 8851
f 8830 8851 8850
f 8831 8832 8852
f 8831 8852 8851
f 8832 8833 8853
f 8832 8853 8852
f 8833 8834 8854
f 8833 8854 8853
f 8834 8835 8855
f 8834 8855 8854
f 8835 8836 8856
f 8835 8856 8855
f 8836 8837 8857
f 8836 8857 8856
f 8837 8838 8858
f 8837 8858 8857
f 8838 8839 8859
f 8838 8859 8858
f 8839 8840 8860
f 8839 8860 8859
f 8840 8841 8861
f 8840 8861 8860
f 8841 8842 8862
f 8841 8862 8861
f 8842 8843 8863
f 8842 8863 8862
f 8843 8844 8864
f 8843 8864 8863
f 8844 8825 8845
f 8844 8845 8864
f 8845 8846 8866
f 8845 8866 8865
f 8846 8847 8867
f 8846 8867 8866
f 8847 8848 8868
f 8847 8868 8867
f 8848 8849 8869
f 8848 8869 8868
f 8849 8850 8870
f 8849 8870 8869
f 8850 8851 8871
f 8850 8871 8870
f 8851 8852 8872
f 8851 8872 8871
f 8852 8853 8873
f 8852 8873 8872
f 8853 8854 8874
f 8853 8874 8873
f 8854 8855 8875
f 8854 8875 8874
f 8855 8856 8876
f 8855 8876 8875
f 8856 8857 8877
f 8856 8877 8876
f 8857 8858 8878
f 8857 8878 8877
f 8858 8859 8879
f 8858 8879 8878
f 8859 8860 8880
f 8859 8880 8879
f 8860 8861 8881
f 8860 8881 8880
f 8861 8862 8882
f 8861 8882 8881
f 8862 8863 8883
f 8862 8883 8882
f 8863 8864 8884
f 8863 8884 8883
f 8864 8845 8865
f 8864 8865 8884
f 8865 8866 8886
f 8865 8886 8885
f 8866 8867 8887
f 8866 8887 8886
f 8867 8868 8888
f 8867 8888 8887
f 8868 8869 8889
f 8868 8889 8888
f 8869 8870 8890
f 8869 8890 8889
f 8870 8871 8891
f 8870 8891 8890
f 8871 8872 8892
f 8871 8892 8891
f 8872 8873 8893
f 8872 8893 8892
f 8873 8874 8894
f 8873 8894 8893
f 8874 8875 8895
f 8874 8895 8894
f 8875 8876 8896
f 8875 8896 8895
f 8876 8877 8897
f 8876 8897 8896
f 8877 8878 8898
f 8877 8898 8897
f 8878 8879 8899
f 8878 8899 8898
f 8879 8880 8900
f 8879 8900 8899
f 8880 8881 8901
f 8880 8901 8900
f 8881 8882 8902
f 8881 8902 8901
f 8882 8883 8903
f 8882 8903 8902
f 8883 8884 8904
f 8883 8904 8903
f 8884 8865 8885
f 8884 8885 8904
f 8885 8886 8906
f 8885 8906 8905
f 8886 8887 8907
f 8886 8907 8906
f 8887 8888 8908
f 8887 8908 8907
f 8888 8889 8909
f 8888 8909 8908
f 8889 8890 8910
f 8889 8910 8909
f 8890 8891 8911
f 8890 8911 8910
f 8891 8892 8912
f 8891 8912 8911
f 8892 8893 8913
f 8892 8913 8912
f 8893 8894 8914
f 8893 8914 8913
f 8894 8895 8915
f 8894 8915 8914
f 8895 8896 8916
f 8895 8916 8915
f 8896 8897 8917
f 8896 8917 8916
f 8897 8898 8918
f 8897 8918 8917
f 8898 8899 8919
f 8898 8919 8918
f 8899 8900 8920
f 8899 8920 8919
f 8900 8901 8921
f 8900 8921 8920
f 8901 8902 8922
f 8901 8922 8921
f 8902 8903 8923
f 8902 8923 8922
f 8903 8904 8924
f 8903 8924 8923
f 8904 8885 8905
f 8904 8905 8924
f 8905 8906 8926
f 8905 8926 8925
f 8906 8907 8927
f 8906 8927 8926
f 8907 8908 8928
f 8907 8928 8927
f 8908 8909 8929
f 8908 8929 8928
f 8909 8910 8930
f 8909 8930 8929
f 8910 8911 8931
f 8910 8931 8930
f 8911 8912 8932
f 8911 8932 8931
f 8912 8913 8933
f 8912 8933 8932
f 8913 8914 8934
f 8913 8934 8933
f 8914 8915 8935
f 8914 8935 8934
f 8915 8916 8936
f 8915 8936 8935
f 8916 8917 8937
f 8916 8937 8936
f 8917 8918 8938
f 8917 8938 8937
f 8918 8919 8939
f 8918 8939 8938
f 8919 8920 8940
f 8919 8940 8939
f 8920 8921 8941
f 8920 8941 8940
f 8921 8922 8942
f 8921 8942 8941
f 8922 8923 8943
f 8922 8943 8942
f 8923 8924 8944
f 8923 8944 8943
f 8924 8905 8925
f 8924 8925 8944
f 8925 8926 8946
f 8925 8946 8945
f 8926 8927 8947
f 8926 8947 8946
f 8927 8928 8948
f 8927 8948 8947
f 8928 8929 8949
f 8928 8949 8948
f 8929 8930 8950
f 8929 8950 8949
f 8930 8931 8951
f 8930 8951 8950
f 8931 8932 8952
f 8931 8952 8951
f 8932 8933 8953
f 8932 8953 8952
f 8933 8934 8954
f 8933 8954 8953
f 8934 8935 8955
f 8934 8955 8954
f 8935 8936 8956
f 8935 8956 8955
f 8936 8937 8957
f 8936 8957 8956
f 8937 8938 8958
f 8937 8958 8957
f 8938 8939 8959
f 8938 8959 8958
f 8939 8940 8960
f 8939 8960 8959
f 8940 8941 8961
f 8940 8961 8960
f 8941 8942 8962
f 8941 8962 8961
f 8942 8943 8963
f 8942 8963 8962
f 8943 8944 8964
f 8943 8964 8963
f 8944 8925 8945
f 8944 8945 8964
f 8945 8946 8966
f 8945 8966 8965
f 8946 8947 8967
f 8946 8967 8966
f 8947 8948 8968
f 8947 8968 8967
f 8948 8949 8969
f 8948 8969 8968
f 8949 8950 8970
f 8949 8970 8969
f 8950 8951 8971
f 8950 8971 8970
f 8951 8952 8972
f 8951 8972 8971
f 8952 8953 8973
f 8952 8973 8972
f 8953 8954 8974
f 8953 8974 8973
f 8954 8955 8975
f 8954 8975 8974
f 8955 8956 8976
f 8955 8976 8975
f 8956 8957 8977
f 8956 8977 8976
f 8957 8958 8978
f 8957 8978 8977
f 8958 8959 8979
f 8958 8979 8978
f 8959 8960 8980
f 8959 8980 8979
f 8960 8961 8981
f 8960 8981 8980
f 8961 8962 8982
f 8961 8982 8981
f 8962 8963 8983
f 8962 8983 8982
f 8963 8964 8984
f 8963 8984 8983
f 8964 8945 8965
f 8964 8965 8984
f 8965 8966 8986
f 8965 8986 8985
f 8966 8967 8987
f 8966 8987 8986
f 8967 8968 8988
f 8967 8988 8987
f 8968 8969 8989
f 8968 8989 8988
f 8969 8970 8990
f 8969 8990 8989
f 8970 8971 8991
f 8970 8991 8990
f 8971 8972 8992
f 8971 8992 8991
f 8972 8973 8993
f 8972 8993 8992
f 8973 8974 8994
f 8973 8994 8993
f 8974 8975 8995
f 8974 8995 8994
f 8975 8976 8996
f 8975 8996 8995
f 8976 8977 8997
f 8976 8997 8996
f 8977 8978 8998
f 8977 8998 8997
f 8978 8979 8999
f 8978 8999 8998
f 8979 8980 9000
f 8979 9000 8999
f 8980 8981 9001
f 8980 9001 9000
f 8981 8982 9002
f 8981 9002 9001
f 8982 8983 9003
f 8982 9003 9002
f 8983 8984 9004
f 8983 9004 9003
f 8984 8965 8985
f 8984 8985 9004
f 8985 8986 9006
f 8985 9006 9005
f 8986 8987 9007
f 8986 9007 9006
f 8987 8988 9008
f 8987 9008 9007
f 8988 8989 9009
f 8988 9009 9008
f 8989 8990 9010
f 8989 9010 9009
f 8990 8991 9011
f 8990 9011 9010
f 8991 8992 9012
f 8991 9012 9011
f 8992 8993 9013
f 8992 9013 9012
f 8993 8994 9014
f 8993 9014 9013
f 8994 8995 9015
f 8994 9015 9014
f 8995 8996 9016
f 8995 9016 9015
f 8996 8997 9017
f 8996 9017 9016
f 8997 8998 9018
f 8997 9018 9017
f 8998 8999 9019
f 8998 9019 9018
f 8999 9000 9020
f 8999 9020 9019
f 9000 9001 9021
f 9000 9021 9020
f 9001 9002 9022
f 9001 9022 9021
f 9002 9003 9023
f 9002 9023 9022
f 9003 9004 9024
f 9003 9024 9023
f 9004 8985 9005
f 9004 9005 9024
f 9005 9006 9026
f 9005 9026 9025
f 9006 9007 9027
f 9006 9027 9026
f 9007 9008 9028
f 9007 9028 9027
f 9008 9009 9029
f 9008 9029 9028
f 9009 9010 9030
f 9009 9030 9029
f 9010 9011 9031
f 9010 9031 9030
f 9011 9012 9032
f 9011 9032 9031
f 9012 9013 9033
f 9012 9033 9032
f 9013 9014 9034
f 9013 9034 9033
f 9014 9015 9035
f 9014 9035 9034
f 9015 9016 9036
f 9015 9036 9035
f 9016 9017 9037
f 9016 9037 9036
f 9017 9018 9038
f 9017 9038 9037
f 9018 9019 9039
f 9018 9039 9038
f 9019 9020 9040
f 9019 9040 9039
f 9020 9021 9041
f 9020 9041 9040
f 9021 9022 9042
f 9021 9042 9041
f 9022 9023 9043
f 9022 9043 9042
f 9023 9024 9044
f 9023 9044 9043
f 9024 9005 9025
f 9024 9025 9044
o Visor
g Visor
usemtl Core_Cyan
v 0.000000 2.375000 0.360000
v 0.000000 2.375000 0.360000
v 0.000000 2.375000 0.360000
v 0.000000 2.375000 0.360000
v 0.000000 2.375000 0.360000
v 0.000000 2.375000 0.360000
v -0.000000 2.375000 0.360000
v -0.000000 2.375000 0.360000
v -0.000000 2.375000 0.360000
v -0.000000 2.375000 0.360000
v -0.000000 2.375000 0.360000
v -0.000000 2.375000 0.360000
v -0.000000 2.375000 0.360000
v -0.000000 2.375000 0.360000
v -0.000000 2.375000 0.360000
v -0.000000 2.375000 0.360000
v 0.000000 2.375000 0.360000
v 0.000000 2.375000 0.360000
v 0.000000 2.375000 0.360000
v 0.000000 2.375000 0.360000
v 0.133945 2.376033 0.360000
v 0.131283 2.376033 0.376383
v 0.123058 2.376033 0.381188
v 0.108296 2.376033 0.384077
v 0.083737 2.376033 0.385686
v 0.000000 2.376033 0.386207
v -0.083737 2.376033 0.385686
v -0.108296 2.376033 0.384077
v -0.123058 2.376033 0.381188
v -0.131283 2.376033 0.376383
v -0.133945 2.376033 0.360000
v -0.131283 2.376033 0.343617
v -0.123058 2.376033 0.338812
v -0.108296 2.376033 0.335923
v -0.083737 2.376033 0.334314
v -0.000000 2.376033 0.333793
v 0.083737 2.376033 0.334314
v 0.108296 2.376033 0.335923
v 0.123058 2.376033 0.338812
v 0.131283 2.376033 0.343617
v 0.174307 2.379193 0.360000
v 0.170843 2.379193 0.381320
v 0.160140 2.379193 0.387573
v 0.140930 2.379193 0.391332
v 0.108970 2.379193 0.393426
v 0.000000 2.379193 0.394104
v -0.108970 2.379193 0.393426
v -0.140930 2.379193 0.391332
v -0.160140 2.379193 0.387573
v -0.170843 2.379193 0.381320
v -0.174307 2.379193 0.360000
v -0.170843 2.379193 0.338680
v -0.160140 2.379193 0.332427
v -0.140930 2.379193 0.328668
v -0.108970 2.379193 0.326574
v -0.000000 2.379193 0.325896
v 0.108970 2.379193 0.326574
v 0.140930 2.379193 0.328668
v 0.160140 2.379193 0.332427
v 0.170843 2.379193 0.338680
v 0.200227 2.384709 0.360000
v 0.196248 2.384709 0.384491
v 0.183952 2.384709 0.391673
v 0.161886 2.384709 0.395991
v 0.125174 2.384709 0.398396
v 0.000000 2.384709 0.399175
v -0.125174 2.384709 0.398396
v -0.161886 2.384709 0.395991
v -0.183952 2.384709 0.391673
v -0.196248 2.384709 0.384491
v -0.200227 2.384709 0.360000
v -0.196248 2.384709 0.335509
v -0.183952 2.384709 0.328327
v -0.161886 2.384709 0.324009
v -0.125174 2.384709 0.321604
v -0.000000 2.384709 0.320825
v 0.125174 2.384709 0.321604
v 0.161886 2.384709 0.324009
v 0.183952 2.384709 0.328327
v 0.196248 2.384709 0.335509
v 0.217140 2.393161 0.360000
v 0.212825 2.393161 0.386559
v 0.199491 2.393161 0.394349
v 0.175561 2.393161 0.399031
v 0.135748 2.393161 0.401640
v 0.000000 2.393161 0.402484
v -0.135748 2.393161 0.401640
v -0.175561 2.393161 0.399031
v -0.199491 2.393161 0.394349
v -0.212825 2.393161 0.386559
v -0.217140 2.393161 0.360000
v -0.212825 2.393161 0.333441
v -0.199491 2.393161 0.325651
v -0.175561 2.393161 0.320969
v -0.135748 2.393161 0.318360
v -0.000000 2.393161 0.317516
v 0.135748 2.393161 0.318360
v 0.175561 2.393161 0.320969
v 0.199491 2.393161 0.325651
v 0.212825 2.393161 0.333441
v 0.226833 2.406322 0.360000
v 0.222325 2.406322 0.387745
v 0.208396 2.406322 0.395882
v 0.183397 2.406322 0.400773
v 0.141807 2.406322 0.403498
v 0.000000 2.406322 0.404380
v -0.141807 2.406322 0.403498
v -0.183397 2.406322 0.400773
v -0.208396 2.406322 0.395882
v -0.222325 2.406322 0.387745
v -0.226833 2.406322 0.360000
v -0.222325 2.406322 0.332255
v -0.208396 2.406322 0.324118
v -0.183397 2.406322 0.319227
v -0.141807 2.406322 0.316502
v -0.000000 2.406322 0.315620
v 0.141807 2.406322 0.316502
v 0.183397 2.406322 0.319227
v 0.208396 2.406322 0.324118
v 0.222325 2.406322 0.332255
v 0.230000 2.450000 0.360000
v 0.225429 2.450000 0.388132
v 0.211306 2.450000 0.396383
v 0.185958 2.450000 0.401342
v 0.143787 2.450000 0.404106
v 0.000000 2.450000 0.405000
v -0.143787 2.450000 0.404106
v -0.185958 2.450000 0.401342
v -0.211306 2.450000 0.396383
v -0.225429 2.450000 0.388132
v -0.230000 2.450000 0.360000
v -0.225429 2.450000 0.331868
v -0.211306 2.450000 0.323617
v -0.185958 2.450000 0.318658
v -0.143787 2.450000 0.315894
v -0.000000 2.450000 0.315000
v 0.143787 2.450000 0.315894
v 0.185958 2.450000 0.318658
v 0.211306 2.450000 0.323617
v 0.225429 2.450000 0.331868
v 0.226833 2.493678 0.360000
v 0.222325 2.493678 0.387745
v 0.208396 2.493678 0.395882
v 0.183397 2.493678 0.400773
v 0.141807 2.493678 0.403498
v 0.000000 2.493678 0.404380
v -0.141807 2.493678 0.403498
v -0.183397 2.493678 0.400773
v -0.208396 2.493678 0.395882
v -0.222325 2.493678 0.387745
v -0.226833 2.493678 0.360000
v -0.222325 2.493678 0.332255
v -0.208396 2.493678 0.324118
v -0.183397 2.493678 0.319227
v -0.141807 2.493678 0.316502
v -0.000000 2.493678 0.315620
v 0.141807 2.493678 0.316502
v 0.183397 2.493678 0.319227
v 0.208396 2.493678 0.324118
v 0.222325 2.493678 0.332255
v 0.217140 2.506839 0.360000
v 0.212825 2.506839 0.386559
v 0.199491 2.506839 0.394349
v 0.175561 2.506839 0.399031
v 0.135748 2.506839 0.401640
v 0.000000 2.506839 0.402484
v -0.135748 2.506839 0.401640
v -0.175561 2.506839 0.399031
v -0.199491 2.506839 0.394349
v -0.212825 2.506839 0.386559
v -0.217140 2.506839 0.360000
v -0.212825 2.506839 0.333441
v -0.199491 2.506839 0.325651
v -0.175561 2.506839 0.320969
v -0.135748 2.506839 0.318360
v -0.000000 2.506839 0.317516
v 0.135748 2.506839 0.318360
v 0.175561 2.506839 0.320969
v 0.199491 2.506839 0.325651
v 0.212825 2.506839 0.333441
v 0.200227 2.515291 0.360000
v 0.196248 2.515291 0.384491
v 0.183952 2.515291 0.391673
v 0.161886 2.515291 0.395991
v 0.125174 2.515291 0.398396
v 0.000000 2.515291 0.399175
v -0.125174 2.515291 0.398396
v -0.161886 2.515291 0.395991
v -0.183952 2.515291 0.391673
v -0.196248 2.515291 0.384491
v -0.200227 2.515291 0.360000
v -0.196248 2.515291 0.335509
v -0.183952 2.515291 0.328327
v -0.161886 2.515291 0.324009
v -0.125174 2.515291 0.321604
v -0.000000 2.515291 0.320825
v 0.125174 2.515291 0.321604
v 0.161886 2.515291 0.324009
v 0.183952 2.515291 0.328327
v 0.196248 2.515291 0.335509
v 0.174307 2.520807 0.360000
v 0.170843 2.520807 0.381320
v 0.160140 2.520807 0.387573
v 0.140930 2.520807 0.391332
v 0.108970 2.520807 0.393426
v 0.000000 2.520807 0.394104
v -0.108970 2.520807 0.393426
v -0.140930 2.520807 0.391332
v -0.160140 2.520807 0.387573
v -0.170843 2.520807 0.381320
v -0.174307 2.520807 0.360000
v -0.170843 2.520807 0.338680
v -0.160140 2.520807 0.332427
v -0.140930 2.520807 0.328668
v -0.108970 2.520807 0.326574
v -0.000000 2.520807 0.325896
v 0.108970 2.520807 0.326574
v 0.140930 2.520807 0.328668
v 0.160140 2.520807 0.332427
v 0.170843 2.520807 0.338680
v 0.133945 2.523967 0.360000
v 0.131283 2.523967 0.376383
v 0.123058 2.523967 0.381188
v 0.108296 2.523967 0.384077
v 0.083737 2.523967 0.385686
v 0.000000 2.523967 0.386207
v -0.083737 2.523967 0.385686
v -0.108296 2.523967 0.384077
v -0.123058 2.523967 0.381188
v -0.131283 2.523967 0.376383
v -0.133945 2.523967 0.360000
v -0.131283 2.523967 0.343617
v -0.123058 2.523967 0.338812
v -0.108296 2.523967 0.335923
v -0.083737 2.523967 0.334314
v -0.000000 2.523967 0.333793
v 0.083737 2.523967 0.334314
v 0.108296 2.523967 0.335923
v 0.123058 2.523967 0.338812
v 0.131283 2.523967 0.343617
v 0.000000 2.525000 0.360000
v 0.000000 2.525000 0.360000
v 0.000000 2.525000 0.360000
v 0.000000 2.525000 0.360000
v 0.000000 2.525000 0.360000
v 0.000000 2.525000 0.360000
v -0.000000 2.525000 0.360000
v -0.000000 2.525000 0.360000
v -0.000000 2.525000 0.360000
v -0.000000 2.525000 0.360000
v -0.000000 2.525000 0.360000
v -0.000000 2.525000 0.360000
v -0.000000 2.525000 0.360000
v -0.000000 2.525000 0.360000
v -0.000000 2.525000 0.360000
v -0.000000 2.525000 0.360000
v 0.000000 2.525000 0.360000
v 0.000000 2.525000 0.360000
v 0.000000 2.525000 0.360000
v 0.000000 2.525000 0.360000
f 9045 9046 9066
f 9045 9066 9065
f 9046 9047 9067
f 9046 9067 9066
f 9047 9048 9068
f 9047 9068 9067
f 9048 9049 9069
f 9048 9069 9068
f 9049 9050 9070
f 9049 9070 9069
f 9050 9051 9071
f 9050 9071 9070
f 9051 9052 9072
f 9051 9072 9071
f 9052 9053 9073
f 9052 9073 9072
f 9053 9054 9074
f 9053 9074 9073
f 9054 9055 9075
f 9054 9075 9074
f 9055 9056 9076
f 9055 9076 9075
f 9056 9057 9077
f 9056 9077 9076
f 9057 9058 9078
f 9057 9078 9077
f 9058 9059 9079
f 9058 9079 9078
f 9059 9060 9080
f 9059 9080 9079
f 9060 9061 9081
f 9060 9081 9080
f 9061 9062 9082
f 9061 9082 9081
f 9062 9063 9083
f 9062 9083 9082
f 9063 9064 9084
f 9063 9084 9083
f 9064 9045 9065
f 9064 9065 9084
f 9065 9066 9086
f 9065 9086 9085
f 9066 9067 9087
f 9066 9087 9086
f 9067 9068 9088
f 9067 9088 9087
f 9068 9069 9089
f 9068 9089 9088
f 9069 9070 9090
f 9069 9090 9089
f 9070 9071 9091
f 9070 9091 9090
f 9071 9072 9092
f 9071 9092 9091
f 9072 9073 9093
f 9072 9093 9092
f 9073 9074 9094
f 9073 9094 9093
f 9074 9075 9095
f 9074 9095 9094
f 9075 9076 9096
f 9075 9096 9095
f 9076 9077 9097
f 9076 9097 9096
f 9077 9078 9098
f 9077 9098 9097
f 9078 9079 9099
f 9078 9099 9098
f 9079 9080 9100
f 9079 9100 9099
f 9080 9081 9101
f 9080 9101 9100
f 9081 9082 9102
f 9081 9102 9101
f 9082 9083 9103
f 9082 9103 9102
f 9083 9084 9104
f 9083 9104 9103
f 9084 9065 9085
f 9084 9085 9104
f 9085 9086 9106
f 9085 9106 9105
f 9086 9087 9107
f 9086 9107 9106
f 9087 9088 9108
f 9087 9108 9107
f 9088 9089 9109
f 9088 9109 9108
f 9089 9090 9110
f 9089 9110 9109
f 9090 9091 9111
f 9090 9111 9110
f 9091 9092 9112
f 9091 9112 9111
f 9092 9093 9113
f 9092 9113 9112
f 9093 9094 9114
f 9093 9114 9113
f 9094 9095 9115
f 9094 9115 9114
f 9095 9096 9116
f 9095 9116 9115
f 9096 9097 9117
f 9096 9117 9116
f 9097 9098 9118
f 9097 9118 9117
f 9098 9099 9119
f 9098 9119 9118
f 9099 9100 9120
f 9099 9120 9119
f 9100 9101 9121
f 9100 9121 9120
f 9101 9102 9122
f 9101 9122 9121
f 9102 9103 9123
f 9102 9123 9122
f 9103 9104 9124
f 9103 9124 9123
f 9104 9085 9105
f 9104 9105 9124
f 9105 9106 9126
f 9105 9126 9125
f 9106 9107 9127
f 9106 9127 9126
f 9107 9108 9128
f 9107 9128 9127
f 9108 9109 9129
f 9108 9129 9128
f 9109 9110 9130
f 9109 9130 9129
f 9110 9111 9131
f 9110 9131 9130
f 9111 9112 9132
f 9111 9132 9131
f 9112 9113 9133
f 9112 9133 9132
f 9113 9114 9134
f 9113 9134 9133
f 9114 9115 9135
f 9114 9135 9134
f 9115 9116 9136
f 9115 9136 9135
f 9116 9117 9137
f 9116 9137 9136
f 9117 9118 9138
f 9117 9138 9137
f 9118 9119 9139
f 9118 9139 9138
f 9119 9120 9140
f 9119 9140 9139
f 9120 9121 9141
f 9120 9141 9140
f 9121 9122 9142
f 9121 9142 9141
f 9122 9123 9143
f 9122 9143 9142
f 9123 9124 9144
f 9123 9144 9143
f 9124 9105 9125
f 9124 9125 9144
f 9125 9126 9146
f 9125 9146 9145
f 9126 9127 9147
f 9126 9147 9146
f 9127 9128 9148
f 9127 9148 9147
f 9128 9129 9149
f 9128 9149 9148
f 9129 9130 9150
f 9129 9150 9149
f 9130 9131 9151
f 9130 9151 9150
f 9131 9132 9152
f 9131 9152 9151
f 9132 9133 9153
f 9132 9153 9152
f 9133 9134 9154
f 9133 9154 9153
f 9134 9135 9155
f 9134 9155 9154
f 9135 9136 9156
f 9135 9156 9155
f 9136 9137 9157
f 9136 9157 9156
f 9137 9138 9158
f 9137 9158 9157
f 9138 9139 9159
f 9138 9159 9158
f 9139 9140 9160
f 9139 9160 9159
f 9140 9141 9161
f 9140 9161 9160
f 9141 9142 9162
f 9141 9162 9161
f 9142 9143 9163
f 9142 9163 9162
f 9143 9144 9164
f 9143 9164 9163
f 9144 9125 9145
f 9144 9145 9164
f 9145 9146 9166
f 9145 9166 9165
f 9146 9147 9167
f 9146 9167 9166
f 9147 9148 9168
f 9147 9168 9167
f 9148 9149 9169
f 9148 9169 9168
f 9149 9150 9170
f 9149 9170 9169
f 9150 9151 9171
f 9150 9171 9170
f 9151 9152 9172
f 9151 9172 9171
f 9152 9153 9173
f 9152 9173 9172
f 9153 9154 9174
f 9153 9174 9173
f 9154 9155 9175
f 9154 9175 9174
f 9155 9156 9176
f 9155 9176 9175
f 9156 9157 9177
f 9156 9177 9176
f 9157 9158 9178
f 9157 9178 9177
f 9158 9159 9179
f 9158 9179 9178
f 9159 9160 9180
f 9159 9180 9179
f 9160 9161 9181
f 9160 9181 9180
f 9161 9162 9182
f 9161 9182 9181
f 9162 9163 9183
f 9162 9183 9182
f 9163 9164 9184
f 9163 9184 9183
f 9164 9145 9165
f 9164 9165 9184
f 9165 9166 9186
f 9165 9186 9185
f 9166 9167 9187
f 9166 9187 9186
f 9167 9168 9188
f 9167 9188 9187
f 9168 9169 9189
f 9168 9189 9188
f 9169 9170 9190
f 9169 9190 9189
f 9170 9171 9191
f 9170 9191 9190
f 9171 9172 9192
f 9171 9192 9191
f 9172 9173 9193
f 9172 9193 9192
f 9173 9174 9194
f 9173 9194 9193
f 9174 9175 9195
f 9174 9195 9194
f 9175 9176 9196
f 9175 9196 9195
f 9176 9177 9197
f 9176 9197 9196
f 9177 9178 9198
f 9177 9198 9197
f 9178 9179 9199
f 9178 9199 9198
f 9179 9180 9200
f 9179 9200 9199
f 9180 9181 9201
f 9180 9201 9200
f 9181 9182 9202
f 9181 9202 9201
f 9182 9183 9203
f 9182 9203 9202
f 9183 9184 9204
f 9183 9204 9203
f 9184 9165 9185
f 9184 9185 9204
f 9185 9186 9206
f 9185 9206 9205
f 9186 9187 9207
f 9186 9207 9206
f 9187 9188 9208
f 9187 9208 9207
f 9188 9189 9209
f 9188 9209 9208
f 9189 9190 9210
f 9189 9210 9209
f 9190 9191 9211
f 9190 9211 9210
f 9191 9192 9212
f 9191 9212 9211
f 9192 9193 9213
f 9192 9213 9212
f 9193 9194 9214
f 9193 9214 9213
f 9194 9195 9215
f 9194 9215 9214
f 9195 9196 9216
f 9195 9216 9215
f 9196 9197 9217
f 9196 9217 9216
f 9197 9198 9218
f 9197 9218 9217
f 9198 9199 9219
f 9198 9219 9218
f 9199 9200 9220
f 9199 9220 9219
f 9200 9201 9221
f 9200 9221 9220
f 9201 9202 9222
f 9201 9222 9221
f 9202 9203 9223
f 9202 9223 9222
f 9203 9204 9224
f 9203 9224 9223
f 9204 9185 9205
f 9204 9205 9224
f 9205 9206 9226
f 9205 9226 9225
f 9206 9207 9227
f 9206 9227 9226
f 9207 9208 9228
f 9207 9228 9227
f 9208 9209 9229
f 9208 9229 9228
f 9209 9210 9230
f 9209 9230 9229
f 9210 9211 9231
f 9210 9231 9230
f 9211 9212 9232
f 9211 9232 9231
f 9212 9213 9233
f 9212 9233 9232
f 9213 9214 9234
f 9213 9234 9233
f 9214 9215 9235
f 9214 9235 9234
f 9215 9216 9236
f 9215 9236 9235
f 9216 9217 9237
f 9216 9237 9236
f 9217 9218 9238
f 9217 9238 9237
f 9218 9219 9239
f 9218 9239 9238
f 9219 9220 9240
f 9219 9240 9239
f 9220 9221 9241
f 9220 9241 9240
f 9221 9222 9242
f 9221 9242 9241
f 9222 9223 9243
f 9222 9243 9242
f 9223 9224 9244
f 9223 9244 9243
f 9224 9205 9225
f 9224 9225 9244
f 9225 9226 9246
f 9225 9246 9245
f 9226 9227 9247
f 9226 9247 9246
f 9227 9228 9248
f 9227 9248 9247
f 9228 9229 9249
f 9228 9249 9248
f 9229 9230 9250
f 9229 9250 9249
f 9230 9231 9251
f 9230 9251 9250
f 9231 9232 9252
f 9231 9252 9251
f 9232 9233 9253
f 9232 9253 9252
f 9233 9234 9254
f 9233 9254 9253
f 9234 9235 9255
f 9234 9255 9254
f 9235 9236 9256
f 9235 9256 9255
f 9236 9237 9257
f 9236 9257 9256
f 9237 9238 9258
f 9237 9258 9257
f 9238 9239 9259
f 9238 9259 9258
f 9239 9240 9260
f 9239 9260 9259
f 9240 9241 9261
f 9240 9261 9260
f 9241 9242 9262
f 9241 9262 9261
f 9242 9243 9263
f 9242 9263 9262
f 9243 9244 9264
f 9243 9264 9263
f 9244 9225 9245
f 9244 9245 9264
f 9245 9246 9266
f 9245 9266 9265
f 9246 9247 9267
f 9246 9267 9266
f 9247 9248 9268
f 9247 9268 9267
f 9248 9249 9269
f 9248 9269 9268
f 9249 9250 9270
f 9249 9270 9269
f 9250 9251 9271
f 9250 9271 9270
f 9251 9252 9272
f 9251 9272 9271
f 9252 9253 9273
f 9252 9273 9272
f 9253 9254 9274
f 9253 9274 9273
f 9254 9255 9275
f 9254 9275 9274
f 9255 9256 9276
f 9255 9276 9275
f 9256 9257 9277
f 9256 9277 9276
f 9257 9258 9278
f 9257 9278 9277
f 9258 9259 9279
f 9258 9279 9278
f 9259 9260 9280
f 9259 9280 9279
f 9260 9261 9281
f 9260 9281 9280
f 9261 9262 9282
f 9261 9282 9281
f 9262 9263 9283
f 9262 9283 9282
f 9263 9264 9284
f 9263 9284 9283
f 9264 9245 9265
f 9264 9265 9284
f 9265 9266 9286
f 9265 9286 9285
f 9266 9267 9287
f 9266 9287 9286
f 9267 9268 9288
f 9267 9288 9287
f 9268 9269 9289
f 9268 9289 9288
f 9269 9270 9290
f 9269 9290 9289
f 9270 9271 9291
f 9270 9291 9290
f 9271 9272 9292
f 9271 9292 9291
f 9272 9273 9293
f 9272 9293 9292
f 9273 9274 9294
f 9273 9294 9293
f 9274 9275 9295
f 9274 9295 9294
f 9275 9276 9296
f 9275 9296 9295
f 9276 9277 9297
f 9276 9297 9296
f 9277 9278 9298
f 9277 9298 9297
f 9278 9279 9299
f 9278 9299 9298
f 9279 9280 9300
f 9279 9300 9299
f 9280 9281 9301
f 9280 9301 9300
f 9281 9282 9302
f 9281 9302 9301
f 9282 9283 9303
f 9282 9303 9302
f 9283 9284 9304
f 9283 9304 9303
f 9284 9265 9285
f 9284 9285 9304
o Jaw
g Jaw
usemtl Deep_Navy
v 0.000000 2.210000 0.280000
v 0.000000 2.210000 0.280000
v 0.000000 2.210000 0.280000
v 0.000000 2.210000 0.280000
v 0.000000 2.210000 0.280000
v 0.000000 2.210000 0.280000
v -0.000000 2.210000 0.280000
v -0.000000 2.210000 0.280000
v -0.000000 2.210000 0.280000
v -0.000000 2.210000 0.280000
v -0.000000 2.210000 0.280000
v -0.000000 2.210000 0.280000
v -0.000000 2.210000 0.280000
v -0.000000 2.210000 0.280000
v -0.000000 2.210000 0.280000
v -0.000000 2.210000 0.280000
v 0.000000 2.210000 0.280000
v 0.000000 2.210000 0.280000
v 0.000000 2.210000 0.280000
v 0.000000 2.210000 0.280000
v 0.128121 2.211377 0.280000
v 0.125575 2.211377 0.316408
v 0.117708 2.211377 0.327085
v 0.103588 2.211377 0.333503
v 0.080097 2.211377 0.337080
v 0.000000 2.211377 0.338237
v -0.080097 2.211377 0.337080
v -0.103588 2.211377 0.333503
v -0.117708 2.211377 0.327085
v -0.125575 2.211377 0.316408
v -0.128121 2.211377 0.280000
v -0.125575 2.211377 0.243592
v -0.117708 2.211377 0.232915
v -0.103588 2.211377 0.226497
v -0.080097 2.211377 0.222920
v -0.000000 2.211377 0.221763
v 0.080097 2.211377 0.222920
v 0.103588 2.211377 0.226497
v 0.117708 2.211377 0.232915
v 0.125575 2.211377 0.243592
v 0.166729 2.215591 0.280000
v 0.163415 2.215591 0.327378
v 0.153177 2.215591 0.341274
v 0.134803 2.215591 0.349626
v 0.104233 2.215591 0.354280
v 0.000000 2.215591 0.355786
v -0.104233 2.215591 0.354280
v -0.134803 2.215591 0.349626
v -0.153177 2.215591 0.341274
v -0.163415 2.215591 0.327378
v -0.166729 2.215591 0.280000
v -0.163415 2.215591 0.232622
v -0.153177 2.215591 0.218726
v -0.134803 2.215591 0.210374
v -0.104233 2.215591 0.205720
v -0.000000 2.215591 0.204214
v 0.104233 2.215591 0.205720
v 0.134803 2.215591 0.210374
v 0.153177 2.215591 0.218726
v 0.163415 2.215591 0.232622
v 0.191521 2.222945 0.280000
v 0.187715 2.222945 0.334424
v 0.175954 2.222945 0.350385
v 0.154847 2.222945 0.359979
v 0.119732 2.222945 0.365325
v 0.000000 2.222945 0.367055
v -0.119732 2.222945 0.365325
v -0.154847 2.222945 0.359979
v -0.175954 2.222945 0.350385
v -0.187715 2.222945 0.334424
v -0.191521 2.222945 0.280000
v -0.187715 2.222945 0.225576
v -0.175954 2.222945 0.209615
v -0.154847 2.222945 0.200021
v -0.119732 2.222945 0.194675
v -0.000000 2.222945 0.192945
v 0.119732 2.222945 0.194675
v 0.154847 2.222945 0.200021
v 0.175954 2.222945 0.209615
v 0.187715 2.222945 0.225576
v 0.207699 2.234214 0.280000
v 0.203572 2.234214 0.339021
v 0.190817 2.234214 0.356331
v 0.167928 2.234214 0.366735
v 0.129846 2.234214 0.372533
v 0.000000 2.234214 0.374409
v -0.129846 2.234214 0.372533
v -0.167928 2.234214 0.366735
v -0.190817 2.234214 0.356331
v -0.203572 2.234214 0.339021
v -0.207699 2.234214 0.280000
v -0.203572 2.234214 0.220979
v -0.190817 2.234214 0.203669
v -0.167928 2.234214 0.193265
v -0.129846 2.234214 0.187467
v -0.000000 2.234214 0.185591
v 0.129846 2.234214 0.187467
v 0.167928 2.234214 0.193265
v 0.190817 2.234214 0.203669
v 0.203572 2.234214 0.220979
v 0.216970 2.251763 0.280000
v 0.212658 2.251763 0.341655
v 0.199335 2.251763 0.359738
v 0.175423 2.251763 0.370607
v 0.135642 2.251763 0.376663
v 0.000000 2.251763 0.378623
v -0.135642 2.251763 0.376663
v -0.175423 2.251763 0.370607
v -0.199335 2.251763 0.359738
v -0.212658 2.251763 0.341655
v -0.216970 2.251763 0.280000
v -0.212658 2.251763 0.218345
v -0.199335 2.251763 0.200262
v -0.175423 2.251763 0.189393
v -0.135642 2.251763 0.183337
v -0.000000 2.251763 0.181377
v 0.135642 2.251763 0.183337
v 0.175423 2.251763 0.189393
v 0.199335 2.251763 0.200262
v 0.212658 2.251763 0.218345
v 0.220000 2.310000 0.280000
v 0.215628 2.310000 0.342516
v 0.202118 2.310000 0.360851
v 0.177873 2.310000 0.371872
v 0.137536 2.310000 0.378013
v 0.000000 2.310000 0.380000
v -0.137536 2.310000 0.378013
v -0.177873 2.310000 0.371872
v -0.202118 2.310000 0.360851
v -0.215628 2.310000 0.342516
v -0.220000 2.310000 0.280000
v -0.215628 2.310000 0.217484
v -0.202118 2.310000 0.199149
v -0.177873 2.310000 0.188128
v -0.137536 2.310000 0.181987
v -0.000000 2.310000 0.180000
v 0.137536 2.310000 0.181987
v 0.177873 2.310000 0.188128
v 0.202118 2.310000 0.199149
v 0.215628 2.310000 0.217484
v 0.216970 2.368237 0.280000
v 0.212658 2.368237 0.341655
v 0.199335 2.368237 0.359738
v 0.175423 2.368237 0.370607
v 0.135642 2.368237 0.376663
v 0.000000 2.368237 0.378623
v -0.135642 2.368237 0.376663
v -0.175423 2.368237 0.370607
v -0.199335 2.368237 0.359738
v -0.212658 2.368237 0.341655
v -0.216970 2.368237 0.280000
v -0.212658 2.368237 0.218345
v -0.199335 2.368237 0.200262
v -0.175423 2.368237 0.189393
v -0.135642 2.368237 0.183337
v -0.000000 2.368237 0.181377
v 0.135642 2.368237 0.183337
v 0.175423 2.368237 0.189393
v 0.199335 2.368237 0.200262
v 0.212658 2.368237 0.218345
v 0.207699 2.385786 0.280000
v 0.203572 2.385786 0.339021
v 0.190817 2.385786 0.356331
v 0.167928 2.385786 0.366735
v 0.129846 2.385786 0.372533
v 0.000000 2.385786 0.374409
v -0.129846 2.385786 0.372533
v -0.167928 2.385786 0.366735
v -0.190817 2.385786 0.356331
v -0.203572 2.385786 0.339021
v -0.207699 2.385786 0.280000
v -0.203572 2.385786 0.220979
v -0.190817 2.385786 0.203669
v -0.167928 2.385786 0.193265
v -0.129846 2.385786 0.187467
v -0.000000 2.385786 0.185591
v 0.129846 2.385786 0.187467
v 0.167928 2.385786 0.193265
v 0.190817 2.385786 0.203669
v 0.203572 2.385786 0.220979
v 0.191521 2.397055 0.280000
v 0.187715 2.397055 0.334424
v 0.175954 2.397055 0.350385
v 0.154847 2.397055 0.359979
v 0.119732 2.397055 0.365325
v 0.000000 2.397055 0.367055
v -0.119732 2.397055 0.365325
v -0.154847 2.397055 0.359979
v -0.175954 2.397055 0.350385
v -0.187715 2.397055 0.334424
v -0.191521 2.397055 0.280000
v -0.187715 2.397055 0.225576
v -0.175954 2.397055 0.209615
v -0.154847 2.397055 0.200021
v -0.119732 2.397055 0.194675
v -0.000000 2.397055 0.192945
v 0.119732 2.397055 0.194675
v 0.154847 2.397055 0.200021
v 0.175954 2.397055 0.209615
v 0.187715 2.397055 0.225576
v 0.166729 2.404409 0.280000
v 0.163415 2.404409 0.327378
v 0.153177 2.404409 0.341274
v 0.134803 2.404409 0.349626
v 0.104233 2.404409 0.354280
v 0.000000 2.404409 0.355786
v -0.104233 2.404409 0.354280
v -0.134803 2.404409 0.349626
v -0.153177 2.404409 0.341274
v -0.163415 2.404409 0.327378
v -0.166729 2.404409 0.280000
v -0.163415 2.404409 0.232622
v -0.153177 2.404409 0.218726
v -0.134803 2.404409 0.210374
v -0.104233 2.404409 0.205720
v -0.000000 2.404409 0.204214
v 0.104233 2.404409 0.205720
v 0.134803 2.404409 0.210374
v 0.153177 2.404409 0.218726
v 0.163415 2.404409 0.232622
v 0.128121 2.408623 0.280000
v 0.125575 2.408623 0.316408
v 0.117708 2.408623 0.327085
v 0.103588 2.408623 0.333503
v 0.080097 2.408623 0.337080
v 0.000000 2.408623 0.338237
v -0.080097 2.408623 0.337080
v -0.103588 2.408623 0.333503
v -0.117708 2.408623 0.327085
v -0.125575 2.408623 0.316408
v -0.128121 2.408623 0.280000
v -0.125575 2.408623 0.243592
v -0.117708 2.408623 0.232915
v -0.103588 2.408623 0.226497
v -0.080097 2.408623 0.222920
v -0.000000 2.408623 0.221763
v 0.080097 2.408623 0.222920
v 0.103588 2.408623 0.226497
v 0.117708 2.408623 0.232915
v 0.125575 2.408623 0.243592
v 0.000000 2.410000 0.280000
v 0.000000 2.410000 0.280000
v 0.000000 2.410000 0.280000
v 0.000000 2.410000 0.280000
v 0.000000 2.410000 0.280000
v 0.000000 2.410000 0.280000
v -0.000000 2.410000 0.280000
v -0.000000 2.410000 0.280000
v -0.000000 2.410000 0.280000
v -0.000000 2.410000 0.280000
v -0.000000 2.410000 0.280000
v -0.000000 2.410000 0.280000
v -0.000000 2.410000 0.280000
v -0.000000 2.410000 0.280000
v -0.000000 2.410000 0.280000
v -0.000000 2.410000 0.280000
v 0.000000 2.410000 0.280000
v 0.000000 2.410000 0.280000
v 0.000000 2.410000 0.280000
v 0.000000 2.410000 0.280000
f 9305 9306 9326
f 9305 9326 9325
f 9306 9307 9327
f 9306 9327 9326
f 9307 9308 9328
f 9307 9328 9327
f 9308 9309 9329
f 9308 9329 9328
f 9309 9310 9330
f 9309 9330 9329
f 9310 9311 9331
f 9310 9331 9330
f 9311 9312 9332
f 9311 9332 9331
f 9312 9313 9333
f 9312 9333 9332
f 9313 9314 9334
f 9313 9334 9333
f 9314 9315 9335
f 9314 9335 9334
f 9315 9316 9336
f 9315 9336 9335
f 9316 9317 9337
f 9316 9337 9336
f 9317 9318 9338
f 9317 9338 9337
f 9318 9319 9339
f 9318 9339 9338
f 9319 9320 9340
f 9319 9340 9339
f 9320 9321 9341
f 9320 9341 9340
f 9321 9322 9342
f 9321 9342 9341
f 9322 9323 9343
f 9322 9343 9342
f 9323 9324 9344
f 9323 9344 9343
f 9324 9305 9325
f 9324 9325 9344
f 9325 9326 9346
f 9325 9346 9345
f 9326 9327 9347
f 9326 9347 9346
f 9327 9328 9348
f 9327 9348 9347
f 9328 9329 9349
f 9328 9349 9348
f 9329 9330 9350
f 9329 9350 9349
f 9330 9331 9351
f 9330 9351 9350
f 9331 9332 9352
f 9331 9352 9351
f 9332 9333 9353
f 9332 9353 9352
f 9333 9334 9354
f 9333 9354 9353
f 9334 9335 9355
f 9334 9355 9354
f 9335 9336 9356
f 9335 9356 9355
f 9336 9337 9357
f 9336 9357 9356
f 9337 9338 9358
f 9337 9358 9357
f 9338 9339 9359
f 9338 9359 9358
f 9339 9340 9360
f 9339 9360 9359
f 9340 9341 9361
f 9340 9361 9360
f 9341 9342 9362
f 9341 9362 9361
f 9342 9343 9363
f 9342 9363 9362
f 9343 9344 9364
f 9343 9364 9363
f 9344 9325 9345
f 9344 9345 9364
f 9345 9346 9366
f 9345 9366 9365
f 9346 9347 9367
f 9346 9367 9366
f 9347 9348 9368
f 9347 9368 9367
f 9348 9349 9369
f 9348 9369 9368
f 9349 9350 9370
f 9349 9370 9369
f 9350 9351 9371
f 9350 9371 9370
f 9351 9352 9372
f 9351 9372 9371
f 9352 9353 9373
f 9352 9373 9372
f 9353 9354 9374
f 9353 9374 9373
f 9354 9355 9375
f 9354 9375 9374
f 9355 9356 9376
f 9355 9376 9375
f 9356 9357 9377
f 9356 9377 9376
f 9357 9358 9378
f 9357 9378 9377
f 9358 9359 9379
f 9358 9379 9378
f 9359 9360 9380
f 9359 9380 9379
f 9360 9361 9381
f 9360 9381 9380
f 9361 9362 9382
f 9361 9382 9381
f 9362 9363 9383
f 9362 9383 9382
f 9363 9364 9384
f 9363 9384 9383
f 9364 9345 9365
f 9364 9365 9384
f 9365 9366 9386
f 9365 9386 9385
f 9366 9367 9387
f 9366 9387 9386
f 9367 9368 9388
f 9367 9388 9387
f 9368 9369 9389
f 9368 9389 9388
f 9369 9370 9390
f 9369 9390 9389
f 9370 9371 9391
f 9370 9391 9390
f 9371 9372 9392
f 9371 9392 9391
f 9372 9373 9393
f 9372 9393 9392
f 9373 9374 9394
f 9373 9394 9393
f 9374 9375 9395
f 9374 9395 9394
f 9375 9376 9396
f 9375 9396 9395
f 9376 9377 9397
f 9376 9397 9396
f 9377 9378 9398
f 9377 9398 9397
f 9378 9379 9399
f 9378 9399 9398
f 9379 9380 9400
f 9379 9400 9399
f 9380 9381 9401
f 9380 9401 9400
f 9381 9382 9402
f 9381 9402 9401
f 9382 9383 9403
f 9382 9403 9402
f 9383 9384 9404
f 9383 9404 9403
f 9384 9365 9385
f 9384 9385 9404
f 9385 9386 9406
f 9385 9406 9405
f 9386 9387 9407
f 9386 9407 9406
f 9387 9388 9408
f 9387 9408 9407
f 9388 9389 9409
f 9388 9409 9408
f 9389 9390 9410
f 9389 9410 9409
f 9390 9391 9411
f 9390 9411 9410
f 9391 9392 9412
f 9391 9412 9411
f 9392 9393 9413
f 9392 9413 9412
f 9393 9394 9414
f 9393 9414 9413
f 9394 9395 9415
f 9394 9415 9414
f 9395 9396 9416
f 9395 9416 9415
f 9396 9397 9417
f 9396 9417 9416
f 9397 9398 9418
f 9397 9418 9417
f 9398 9399 9419
f 9398 9419 9418
f 9399 9400 9420
f 9399 9420 9419
f 9400 9401 9421
f 9400 9421 9420
f 9401 9402 9422
f 9401 9422 9421
f 9402 9403 9423
f 9402 9423 9422
f 9403 9404 9424
f 9403 9424 9423
f 9404 9385 9405
f 9404 9405 9424
f 9405 9406 9426
f 9405 9426 9425
f 9406 9407 9427
f 9406 9427 9426
f 9407 9408 9428
f 9407 9428 9427
f 9408 9409 9429
f 9408 9429 9428
f 9409 9410 9430
f 9409 9430 9429
f 9410 9411 9431
f 9410 9431 9430
f 9411 9412 9432
f 9411 9432 9431
f 9412 9413 9433
f 9412 9433 9432
f 9413 9414 9434
f 9413 9434 9433
f 9414 9415 9435
f 9414 9435 9434
f 9415 9416 9436
f 9415 9436 9435
f 9416 9417 9437
f 9416 9437 9436
f 9417 9418 9438
f 9417 9438 9437
f 9418 9419 9439
f 9418 9439 9438
f 9419 9420 9440
f 9419 9440 9439
f 9420 9421 9441
f 9420 9441 9440
f 9421 9422 9442
f 9421 9442 9441
f 9422 9423 9443
f 9422 9443 9442
f 9423 9424 9444
f 9423 9444 9443
f 9424 9405 9425
f 9424 9425 9444
f 9425 9426 9446
f 9425 9446 9445
f 9426 9427 9447
f 9426 9447 9446
f 9427 9428 9448
f 9427 9448 9447
f 9428 9429 9449
f 9428 9449 9448
f 9429 9430 9450
f 9429 9450 9449
f 9430 9431 9451
f 9430 9451 9450
f 9431 9432 9452
f 9431 9452 9451
f 9432 9433 9453
f 9432 9453 9452
f 9433 9434 9454
f 9433 9454 9453
f 9434 9435 9455
f 9434 9455 9454
f 9435 9436 9456
f 9435 9456 9455
f 9436 9437 9457
f 9436 9457 9456
f 9437 9438 9458
f 9437 9458 9457
f 9438 9439 9459
f 9438 9459 9458
f 9439 9440 9460
f 9439 9460 9459
f 9440 9441 9461
f 9440 9461 9460
f 9441 9442 9462
f 9441 9462 9461
f 9442 9443 9463
f 9442 9463 9462
f 9443 9444 9464
f 9443 9464 9463
f 9444 9425 9445
f 9444 9445 9464
f 9445 9446 9466
f 9445 9466 9465
f 9446 9447 9467
f 9446 9467 9466
f 9447 9448 9468
f 9447 9468 9467
f 9448 9449 9469
f 9448 9469 9468
f 9449 9450 9470
f 9449 9470 9469
f 9450 9451 9471
f 9450 9471 9470
f 9451 9452 9472
f 9451 9472 9471
f 9452 9453 9473
f 9452 9473 9472
f 9453 9454 9474
f 9453 9474 9473
f 9454 9455 9475
f 9454 9475 9474
f 9455 9456 9476
f 9455 9476 9475
f 9456 9457 9477
f 9456 9477 9476
f 9457 9458 9478
f 9457 9478 9477
f 9458 9459 9479
f 9458 9479 9478
f 9459 9460 9480
f 9459 9480 9479
f 9460 9461 9481
f 9460 9481 9480
f 9461 9462 9482
f 9461 9482 9481
f 9462 9463 9483
f 9462 9483 9482
f 9463 9464 9484
f 9463 9484 9483
f 9464 9445 9465
f 9464 9465 9484
f 9465 9466 9486
f 9465 9486 9485
f 9466 9467 9487
f 9466 9487 9486
f 9467 9468 9488
f 9467 9488 9487
f 9468 9469 9489
f 9468 9489 9488
f 9469 9470 9490
f 9469 9490 9489
f 9470 9471 9491
f 9470 9491 9490
f 9471 9472 9492
f 9471 9492 9491
f 9472 9473 9493
f 9472 9493 9492
f 9473 9474 9494
f 9473 9494 9493
f 9474 9475 9495
f 9474 9495 9494
f 9475 9476 9496
f 9475 9496 9495
f 9476 9477 9497
f 9476 9497 9496
f 9477 9478 9498
f 9477 9498 9497
f 9478 9479 9499
f 9478 9499 9498
f 9479 9480 9500
f 9479 9500 9499
f 9480 9481 9501
f 9480 9501 9500
f 9481 9482 9502
f 9481 9502 9501
f 9482 9483 9503
f 9482 9503 9502
f 9483 9484 9504
f 9483 9504 9503
f 9484 9465 9485
f 9484 9485 9504
f 9485 9486 9506
f 9485 9506 9505
f 9486 9487 9507
f 9486 9507 9506
f 9487 9488 9508
f 9487 9508 9507
f 9488 9489 9509
f 9488 9509 9508
f 9489 9490 9510
f 9489 9510 9509
f 9490 9491 9511
f 9490 9511 9510
f 9491 9492 9512
f 9491 9512 9511
f 9492 9493 9513
f 9492 9513 9512
f 9493 9494 9514
f 9493 9514 9513
f 9494 9495 9515
f 9494 9515 9514
f 9495 9496 9516
f 9495 9516 9515
f 9496 9497 9517
f 9496 9517 9516
f 9497 9498 9518
f 9497 9518 9517
f 9498 9499 9519
f 9498 9519 9518
f 9499 9500 9520
f 9499 9520 9519
f 9500 9501 9521
f 9500 9521 9520
f 9501 9502 9522
f 9501 9522 9521
f 9502 9503 9523
f 9502 9523 9522
f 9503 9504 9524
f 9503 9524 9523
f 9504 9485 9505
f 9504 9505 9524
f 9505 9506 9526
f 9505 9526 9525
f 9506 9507 9527
f 9506 9527 9526
f 9507 9508 9528
f 9507 9528 9527
f 9508 9509 9529
f 9508 9529 9528
f 9509 9510 9530
f 9509 9530 9529
f 9510 9511 9531
f 9510 9531 9530
f 9511 9512 9532
f 9511 9532 9531
f 9512 9513 9533
f 9512 9533 9532
f 9513 9514 9534
f 9513 9534 9533
f 9514 9515 9535
f 9514 9535 9534
f 9515 9516 9536
f 9515 9536 9535
f 9516 9517 9537
f 9516 9537 9536
f 9517 9518 9538
f 9517 9538 9537
f 9518 9519 9539
f 9518 9539 9538
f 9519 9520 9540
f 9519 9540 9539
f 9520 9521 9541
f 9520 9541 9540
f 9521 9522 9542
f 9521 9542 9541
f 9522 9523 9543
f 9522 9543 9542
f 9523 9524 9544
f 9523 9544 9543
f 9524 9505 9525
f 9524 9525 9544
f 9525 9526 9546
f 9525 9546 9545
f 9526 9527 9547
f 9526 9547 9546
f 9527 9528 9548
f 9527 9548 9547
f 9528 9529 9549
f 9528 9549 9548
f 9529 9530 9550
f 9529 9550 9549
f 9530 9531 9551
f 9530 9551 9550
f 9531 9532 9552
f 9531 9552 9551
f 9532 9533 9553
f 9532 9553 9552
f 9533 9534 9554
f 9533 9554 9553
f 9534 9535 9555
f 9534 9555 9554
f 9535 9536 9556
f 9535 9556 9555
f 9536 9537 9557
f 9536 9557 9556
f 9537 9538 9558
f 9537 9558 9557
f 9538 9539 9559
f 9538 9559 9558
f 9539 9540 9560
f 9539 9560 9559
f 9540 9541 9561
f 9540 9561 9560
f 9541 9542 9562
f 9541 9562 9561
f 9542 9543 9563
f 9542 9563 9562
f 9543 9544 9564
f 9543 9564 9563
f 9544 9525 9545
f 9544 9545 9564
o Back_Spine_0
g Back_Spine_0
usemtl Gunmetal
v -0.240000 1.780000 -0.530000
v -0.240000 1.780000 -0.530000
v -0.240000 1.780000 -0.530000
v -0.240000 1.780000 -0.530000
v -0.240000 1.780000 -0.530000
v -0.240000 1.780000 -0.530000
v -0.240000 1.780000 -0.530000
v -0.240000 1.780000 -0.530000
v -0.240000 1.780000 -0.530000
v -0.240000 1.780000 -0.530000
v -0.240000 1.780000 -0.530000
v -0.240000 1.780000 -0.530000
v -0.240000 1.780000 -0.530000
v -0.240000 1.780000 -0.530000
v -0.240000 1.780000 -0.530000
v -0.240000 1.780000 -0.530000
v -0.240000 1.780000 -0.530000
v -0.240000 1.780000 -0.530000
v -0.240000 1.780000 -0.530000
v -0.240000 1.780000 -0.530000
v -0.173863 1.782921 -0.530000
v -0.175502 1.782921 -0.510204
v -0.180513 1.782921 -0.502697
v -0.189295 1.782921 -0.497969
v -0.203235 1.782921 -0.495270
v -0.240000 1.782921 -0.494388
v -0.276765 1.782921 -0.495270
v -0.290705 1.782921 -0.497969
v -0.299487 1.782921 -0.502697
v -0.304498 1.782921 -0.510204
v -0.306137 1.782921 -0.530000
v -0.304498 1.782921 -0.549796
v -0.299487 1.782921 -0.557303
v -0.290705 1.782921 -0.562031
v -0.276765 1.782921 -0.564730
v -0.240000 1.782921 -0.565612
v -0.203235 1.782921 -0.564730
v -0.189295 1.782921 -0.562031
v -0.180513 1.782921 -0.557303
v -0.175502 1.782921 -0.549796
v -0.148076 1.791797 -0.530000
v -0.150354 1.791797 -0.502485
v -0.157319 1.791797 -0.492052
v -0.169525 1.791797 -0.485479
v -0.188900 1.791797 -0.481729
v -0.240000 1.791797 -0.480503
v -0.291100 1.791797 -0.481729
v -0.310475 1.791797 -0.485479
v -0.322681 1.791797 -0.492052
v -0.329646 1.791797 -0.502485
v -0.331924 1.791797 -0.530000
v -0.329646 1.791797 -0.557515
v -0.322681 1.791797 -0.567948
v -0.310475 1.791797 -0.574521
v -0.291100 1.791797 -0.578271
v -0.240000 1.791797 -0.579497
v -0.188900 1.791797 -0.578271
v -0.169525 1.791797 -0.574521
v -0.157319 1.791797 -0.567948
v -0.150354 1.791797 -0.557515
v -0.130683 1.807048 -0.530000
v -0.133392 1.807048 -0.497279
v -0.141675 1.807048 -0.484872
v -0.156190 1.807048 -0.477056
v -0.179232 1.807048 -0.472596
v -0.240000 1.807048 -0.471137
v -0.300768 1.807048 -0.472596
v -0.323810 1.807048 -0.477056
v -0.338325 1.807048 -0.484872
v -0.346608 1.807048 -0.497279
v -0.349317 1.807048 -0.530000
v -0.346608 1.807048 -0.562721
v -0.338325 1.807048 -0.575128
v -0.323810 1.807048 -0.582944
v -0.300768 1.807048 -0.587404
v -0.240000 1.807048 -0.588863
v -0.179232 1.807048 -0.587404
v -0.156190 1.807048 -0.582944
v -0.141675 1.807048 -0.575128
v -0.133392 1.807048 -0.562721
v -0.119021 1.829792 -0.530000
v -0.122019 1.829792 -0.493788
v -0.131185 1.829792 -0.480057
v -0.147249 1.829792 -0.471407
v -0.172749 1.829792 -0.466472
v -0.240000 1.829792 -0.464858
v -0.307251 1.829792 -0.466472
v -0.332751 1.829792 -0.471407
v -0.348815 1.829792 -0.480057
v -0.357981 1.829792 -0.493788
v -0.360979 1.829792 -0.530000
v -0.357981 1.829792 -0.566212
v -0.348815 1.829792 -0.579943
v -0.332751 1.829792 -0.588593
v -0.307251 1.829792 -0.593528
v -0.240000 1.829792 -0.595142
v -0.172749 1.829792 -0.593528
v -0.147249 1.829792 -0.588593
v -0.131185 1.829792 -0.579943
v -0.122019 1.829792 -0.566212
v -0.112234 1.863514 -0.530000
v -0.115400 1.863514 -0.491756
v -0.125080 1.863514 -0.477255
v -0.142045 1.863514 -0.468120
v -0.168976 1.863514 -0.462908
v -0.240000 1.863514 -0.461203
v -0.311024 1.863514 -0.462908
v -0.337955 1.863514 -0.468120
v -0.354920 1.863514 -0.477255
v -0.364600 1.863514 -0.491756
v -0.367766 1.863514 -0.530000
v -0.364600 1.863514 -0.568244
v -0.354920 1.863514 -0.582745
v -0.337955 1.863514 -0.591880
v -0.311024 1.863514 -0.597092
v -0.240000 1.863514 -0.598797
v -0.168976 1.863514 -0.597092
v -0.142045 1.863514 -0.591880
v -0.125080 1.863514 -0.582745
v -0.115400 1.863514 -0.568244
v -0.110000 1.950000 -0.530000
v -0.113221 1.950000 -0.491087
v -0.123071 1.950000 -0.476333
v -0.140333 1.950000 -0.467038
v -0.167734 1.950000 -0.461735
v -0.240000 1.950000 -0.460000
v -0.312266 1.950000 -0.461735
v -0.339667 1.950000 -0.467038
v -0.356929 1.950000 -0.476333
v -0.366779 1.950000 -0.491087
v -0.370000 1.950000 -0.530000
v -0.366779 1.950000 -0.568913
v -0.356929 1.950000 -0.583667
v -0.339667 1.950000 -0.592962
v -0.312266 1.950000 -0.598265
v -0.240000 1.950000 -0.600000
v -0.167734 1.950000 -0.598265
v -0.140333 1.950000 -0.592962
v -0.123071 1.950000 -0.583667
v -0.113221 1.950000 -0.568913
v -0.112234 2.036486 -0.530000
v -0.115400 2.036486 -0.491756
v -0.125080 2.036486 -0.477255
v -0.142045 2.036486 -0.468120
v -0.168976 2.036486 -0.462908
v -0.240000 2.036486 -0.461203
v -0.311024 2.036486 -0.462908
v -0.337955 2.036486 -0.468120
v -0.354920 2.036486 -0.477255
v -0.364600 2.036486 -0.491756
v -0.367766 2.036486 -0.530000
v -0.364600 2.036486 -0.568244
v -0.354920 2.036486 -0.582745
v -0.337955 2.036486 -0.591880
v -0.311024 2.036486 -0.597092
v -0.240000 2.036486 -0.598797
v -0.168976 2.036486 -0.597092
v -0.142045 2.036486 -0.591880
v -0.125080 2.036486 -0.582745
v -0.115400 2.036486 -0.568244
v -0.119021 2.070208 -0.530000
v -0.122019 2.070208 -0.493788
v -0.131185 2.070208 -0.480057
v -0.147249 2.070208 -0.471407
v -0.172749 2.070208 -0.466472
v -0.240000 2.070208 -0.464858
v -0.307251 2.070208 -0.466472
v -0.332751 2.070208 -0.471407
v -0.348815 2.070208 -0.480057
v -0.357981 2.070208 -0.493788
v -0.360979 2.070208 -0.530000
v -0.357981 2.070208 -0.566212
v -0.348815 2.070208 -0.579943
v -0.332751 2.070208 -0.588593
v -0.307251 2.070208 -0.593528
v -0.240000 2.070208 -0.595142
v -0.172749 2.070208 -0.593528
v -0.147249 2.070208 -0.588593
v -0.131185 2.070208 -0.579943
v -0.122019 2.070208 -0.566212
v -0.130683 2.092952 -0.530000
v -0.133392 2.092952 -0.497279
v -0.141675 2.092952 -0.484872
v -0.156190 2.092952 -0.477056
v -0.179232 2.092952 -0.472596
v -0.240000 2.092952 -0.471137
v -0.300768 2.092952 -0.472596
v -0.323810 2.092952 -0.477056
v -0.338325 2.092952 -0.484872
v -0.346608 2.092952 -0.497279
v -0.349317 2.092952 -0.530000
v -0.346608 2.092952 -0.562721
v -0.338325 2.092952 -0.575128
v -0.323810 2.092952 -0.582944
v -0.300768 2.092952 -0.587404
v -0.240000 2.092952 -0.588863
v -0.179232 2.092952 -0.587404
v -0.156190 2.092952 -0.582944
v -0.141675 2.092952 -0.575128
v -0.133392 2.092952 -0.562721
v -0.148076 2.108203 -0.530000
v -0.150354 2.108203 -0.502485
v -0.157319 2.108203 -0.492052
v -0.169525 2.108203 -0.485479
v -0.188900 2.108203 -0.481729
v -0.240000 2.108203 -0.480503
v -0.291100 2.108203 -0.481729
v -0.310475 2.108203 -0.485479
v -0.322681 2.108203 -0.492052
v -0.329646 2.108203 -0.502485
v -0.331924 2.108203 -0.530000
v -0.329646 2.108203 -0.557515
v -0.322681 2.108203 -0.567948
v -0.310475 2.108203 -0.574521
v -0.291100 2.108203 -0.578271
v -0.240000 2.108203 -0.579497
v -0.188900 2.108203 -0.578271
v -0.169525 2.108203 -0.574521
v -0.157319 2.108203 -0.567948
v -0.150354 2.108203 -0.557515
v -0.173863 2.117079 -0.530000
v -0.175502 2.117079 -0.510204
v -0.180513 2.117079 -0.502697
v -0.189295 2.117079 -0.497969
v -0.203235 2.117079 -0.495270
v -0.240000 2.117079 -0.494388
v -0.276765 2.117079 -0.495270
v -0.290705 2.117079 -0.497969
v -0.299487 2.117079 -0.502697
v -0.304498 2.117079 -0.510204
v -0.306137 2.117079 -0.530000
v -0.304498 2.117079 -0.549796
v -0.299487 2.117079 -0.557303
v -0.290705 2.117079 -0.562031
v -0.276765 2.117079 -0.564730
v -0.240000 2.117079 -0.565612
v -0.203235 2.117079 -0.564730
v -0.189295 2.117079 -0.562031
v -0.180513 2.117079 -0.557303
v -0.175502 2.117079 -0.549796
v -0.240000 2.120000 -0.530000
v -0.240000 2.120000 -0.530000
v -0.240000 2.120000 -0.530000
v -0.240000 2.120000 -0.530000
v -0.240000 2.120000 -0.530000
v -0.240000 2.120000 -0.530000
v -0.240000 2.120000 -0.530000
v -0.240000 2.120000 -0.530000
v -0.240000 2.120000 -0.530000
v -0.240000 2.120000 -0.530000
v -0.240000 2.120000 -0.530000
v -0.240000 2.120000 -0.530000
v -0.240000 2.120000 -0.530000
v -0.240000 2.120000 -0.530000
v -0.240000 2.120000 -0.530000
v -0.240000 2.120000 -0.530000
v -0.240000 2.120000 -0.530000
v -0.240000 2.120000 -0.530000
v -0.240000 2.120000 -0.530000
v -0.240000 2.120000 -0.530000
f 9565 9566 9586
f 9565 9586 9585
f 9566 9567 9587
f 9566 9587 9586
f 9567 9568 9588
f 9567 9588 9587
f 9568 9569 9589
f 9568 9589 9588
f 9569 9570 9590
f 9569 9590 9589
f 9570 9571 9591
f 9570 9591 9590
f 9571 9572 9592
f 9571 9592 9591
f 9572 9573 9593
f 9572 9593 9592
f 9573 9574 9594
f 9573 9594 9593
f 9574 9575 9595
f 9574 9595 9594
f 9575 9576 9596
f 9575 9596 9595
f 9576 9577 9597
f 9576 9597 9596
f 9577 9578 9598
f 9577 9598 9597
f 9578 9579 9599
f 9578 9599 9598
f 9579 9580 9600
f 9579 9600 9599
f 9580 9581 9601
f 9580 9601 9600
f 9581 9582 9602
f 9581 9602 9601
f 9582 9583 9603
f 9582 9603 9602
f 9583 9584 9604
f 9583 9604 9603
f 9584 9565 9585
f 9584 9585 9604
f 9585 9586 9606
f 9585 9606 9605
f 9586 9587 9607
f 9586 9607 9606
f 9587 9588 9608
f 9587 9608 9607
f 9588 9589 9609
f 9588 9609 9608
f 9589 9590 9610
f 9589 9610 9609
f 9590 9591 9611
f 9590 9611 9610
f 9591 9592 9612
f 9591 9612 9611
f 9592 9593 9613
f 9592 9613 9612
f 9593 9594 9614
f 9593 9614 9613
f 9594 9595 9615
f 9594 9615 9614
f 9595 9596 9616
f 9595 9616 9615
f 9596 9597 9617
f 9596 9617 9616
f 9597 9598 9618
f 9597 9618 9617
f 9598 9599 9619
f 9598 9619 9618
f 9599 9600 9620
f 9599 9620 9619
f 9600 9601 9621
f 9600 9621 9620
f 9601 9602 9622
f 9601 9622 9621
f 9602 9603 9623
f 9602 9623 9622
f 9603 9604 9624
f 9603 9624 9623
f 9604 9585 9605
f 9604 9605 9624
f 9605 9606 9626
f 9605 9626 9625
f 9606 9607 9627
f 9606 9627 9626
f 9607 9608 9628
f 9607 9628 9627
f 9608 9609 9629
f 9608 9629 9628
f 9609 9610 9630
f 9609 9630 9629
f 9610 9611 9631
f 9610 9631 9630
f 9611 9612 9632
f 9611 9632 9631
f 9612 9613 9633
f 9612 9633 9632
f 9613 9614 9634
f 9613 9634 9633
f 9614 9615 9635
f 9614 9635 9634
f 9615 9616 9636
f 9615 9636 9635
f 9616 9617 9637
f 9616 9637 9636
f 9617 9618 9638
f 9617 9638 9637
f 9618 9619 9639
f 9618 9639 9638
f 9619 9620 9640
f 9619 9640 9639
f 9620 9621 9641
f 9620 9641 9640
f 9621 9622 9642
f 9621 9642 9641
f 9622 9623 9643
f 9622 9643 9642
f 9623 9624 9644
f 9623 9644 9643
f 9624 9605 9625
f 9624 9625 9644
f 9625 9626 9646
f 9625 9646 9645
f 9626 9627 9647
f 9626 9647 9646
f 9627 9628 9648
f 9627 9648 9647
f 9628 9629 9649
f 9628 9649 9648
f 9629 9630 9650
f 9629 9650 9649
f 9630 9631 9651
f 9630 9651 9650
f 9631 9632 9652
f 9631 9652 9651
f 9632 9633 9653
f 9632 9653 9652
f 9633 9634 9654
f 9633 9654 9653
f 9634 9635 9655
f 9634 9655 9654
f 9635 9636 9656
f 9635 9656 9655
f 9636 9637 9657
f 9636 9657 9656
f 9637 9638 9658
f 9637 9658 9657
f 9638 9639 9659
f 9638 9659 9658
f 9639 9640 9660
f 9639 9660 9659
f 9640 9641 9661
f 9640 9661 9660
f 9641 9642 9662
f 9641 9662 9661
f 9642 9643 9663
f 9642 9663 9662
f 9643 9644 9664
f 9643 9664 9663
f 9644 9625 9645
f 9644 9645 9664
f 9645 9646 9666
f 9645 9666 9665
f 9646 9647 9667
f 9646 9667 9666
f 9647 9648 9668
f 9647 9668 9667
f 9648 9649 9669
f 9648 9669 9668
f 9649 9650 9670
f 9649 9670 9669
f 9650 9651 9671
f 9650 9671 9670
f 9651 9652 9672
f 9651 9672 9671
f 9652 9653 9673
f 9652 9673 9672
f 9653 9654 9674
f 9653 9674 9673
f 9654 9655 9675
f 9654 9675 9674
f 9655 9656 9676
f 9655 9676 9675
f 9656 9657 9677
f 9656 9677 9676
f 9657 9658 9678
f 9657 9678 9677
f 9658 9659 9679
f 9658 9679 9678
f 9659 9660 9680
f 9659 9680 9679
f 9660 9661 9681
f 9660 9681 9680
f 9661 9662 9682
f 9661 9682 9681
f 9662 9663 9683
f 9662 9683 9682
f 9663 9664 9684
f 9663 9684 9683
f 9664 9645 9665
f 9664 9665 9684
f 9665 9666 9686
f 9665 9686 9685
f 9666 9667 9687
f 9666 9687 9686
f 9667 9668 9688
f 9667 9688 9687
f 9668 9669 9689
f 9668 9689 9688
f 9669 9670 9690
f 9669 9690 9689
f 9670 9671 9691
f 9670 9691 9690
f 9671 9672 9692
f 9671 9692 9691
f 9672 9673 9693
f 9672 9693 9692
f 9673 9674 9694
f 9673 9694 9693
f 9674 9675 9695
f 9674 9695 9694
f 9675 9676 9696
f 9675 9696 9695
f 9676 9677 9697
f 9676 9697 9696
f 9677 9678 9698
f 9677 9698 9697
f 9678 9679 9699
f 9678 9699 9698
f 9679 9680 9700
f 9679 9700 9699
f 9680 9681 9701
f 9680 9701 9700
f 9681 9682 9702
f 9681 9702 9701
f 9682 9683 9703
f 9682 9703 9702
f 9683 9684 9704
f 9683 9704 9703
f 9684 9665 9685
f 9684 9685 9704
f 9685 9686 9706
f 9685 9706 9705
f 9686 9687 9707
f 9686 9707 9706
f 9687 9688 9708
f 9687 9708 9707
f 9688 9689 9709
f 9688 9709 9708
f 9689 9690 9710
f 9689 9710 9709
f 9690 9691 9711
f 9690 9711 9710
f 9691 9692 9712
f 9691 9712 9711
f 9692 9693 9713
f 9692 9713 9712
f 9693 9694 9714
f 9693 9714 9713
f 9694 9695 9715
f 9694 9715 9714
f 9695 9696 9716
f 9695 9716 9715
f 9696 9697 9717
f 9696 9717 9716
f 9697 9698 9718
f 9697 9718 9717
f 9698 9699 9719
f 9698 9719 9718
f 9699 9700 9720
f 9699 9720 9719
f 9700 9701 9721
f 9700 9721 9720
f 9701 9702 9722
f 9701 9722 9721
f 9702 9703 9723
f 9702 9723 9722
f 9703 9704 9724
f 9703 9724 9723
f 9704 9685 9705
f 9704 9705 9724
f 9705 9706 9726
f 9705 9726 9725
f 9706 9707 9727
f 9706 9727 9726
f 9707 9708 9728
f 9707 9728 9727
f 9708 9709 9729
f 9708 9729 9728
f 9709 9710 9730
f 9709 9730 9729
f 9710 9711 9731
f 9710 9731 9730
f 9711 9712 9732
f 9711 9732 9731
f 9712 9713 9733
f 9712 9733 9732
f 9713 9714 9734
f 9713 9734 9733
f 9714 9715 9735
f 9714 9735 9734
f 9715 9716 9736
f 9715 9736 9735
f 9716 9717 9737
f 9716 9737 9736
f 9717 9718 9738
f 9717 9738 9737
f 9718 9719 9739
f 9718 9739 9738
f 9719 9720 9740
f 9719 9740 9739
f 9720 9721 9741
f 9720 9741 9740
f 9721 9722 9742
f 9721 9742 9741
f 9722 9723 9743
f 9722 9743 9742
f 9723 9724 9744
f 9723 9744 9743
f 9724 9705 9725
f 9724 9725 9744
f 9725 9726 9746
f 9725 9746 9745
f 9726 9727 9747
f 9726 9747 9746
f 9727 9728 9748
f 9727 9748 9747
f 9728 9729 9749
f 9728 9749 9748
f 9729 9730 9750
f 9729 9750 9749
f 9730 9731 9751
f 9730 9751 9750
f 9731 9732 9752
f 9731 9752 9751
f 9732 9733 9753
f 9732 9753 9752
f 9733 9734 9754
f 9733 9754 9753
f 9734 9735 9755
f 9734 9755 9754
f 9735 9736 9756
f 9735 9756 9755
f 9736 9737 9757
f 9736 9757 9756
f 9737 9738 9758
f 9737 9758 9757
f 9738 9739 9759
f 9738 9759 9758
f 9739 9740 9760
f 9739 9760 9759
f 9740 9741 9761
f 9740 9761 9760
f 9741 9742 9762
f 9741 9762 9761
f 9742 9743 9763
f 9742 9763 9762
f 9743 9744 9764
f 9743 9764 9763
f 9744 9725 9745
f 9744 9745 9764
f 9745 9746 9766
f 9745 9766 9765
f 9746 9747 9767
f 9746 9767 9766
f 9747 9748 9768
f 9747 9768 9767
f 9748 9749 9769
f 9748 9769 9768
f 9749 9750 9770
f 9749 9770 9769
f 9750 9751 9771
f 9750 9771 9770
f 9751 9752 9772
f 9751 9772 9771
f 9752 9753 9773
f 9752 9773 9772
f 9753 9754 9774
f 9753 9774 9773
f 9754 9755 9775
f 9754 9775 9774
f 9755 9756 9776
f 9755 9776 9775
f 9756 9757 9777
f 9756 9777 9776
f 9757 9758 9778
f 9757 9778 9777
f 9758 9759 9779
f 9758 9779 9778
f 9759 9760 9780
f 9759 9780 9779
f 9760 9761 9781
f 9760 9781 9780
f 9761 9762 9782
f 9761 9782 9781
f 9762 9763 9783
f 9762 9783 9782
f 9763 9764 9784
f 9763 9784 9783
f 9764 9745 9765
f 9764 9765 9784
f 9765 9766 9786
f 9765 9786 9785
f 9766 9767 9787
f 9766 9787 9786
f 9767 9768 9788
f 9767 9788 9787
f 9768 9769 9789
f 9768 9789 9788
f 9769 9770 9790
f 9769 9790 9789
f 9770 9771 9791
f 9770 9791 9790
f 9771 9772 9792
f 9771 9792 9791
f 9772 9773 9793
f 9772 9793 9792
f 9773 9774 9794
f 9773 9794 9793
f 9774 9775 9795
f 9774 9795 9794
f 9775 9776 9796
f 9775 9796 9795
f 9776 9777 9797
f 9776 9797 9796
f 9777 9778 9798
f 9777 9798 9797
f 9778 9779 9799
f 9778 9799 9798
f 9779 9780 9800
f 9779 9800 9799
f 9780 9781 9801
f 9780 9801 9800
f 9781 9782 9802
f 9781 9802 9801
f 9782 9783 9803
f 9782 9803 9802
f 9783 9784 9804
f 9783 9804 9803
f 9784 9765 9785
f 9784 9785 9804
f 9785 9786 9806
f 9785 9806 9805
f 9786 9787 9807
f 9786 9807 9806
f 9787 9788 9808
f 9787 9808 9807
f 9788 9789 9809
f 9788 9809 9808
f 9789 9790 9810
f 9789 9810 9809
f 9790 9791 9811
f 9790 9811 9810
f 9791 9792 9812
f 9791 9812 9811
f 9792 9793 9813
f 9792 9813 9812
f 9793 9794 9814
f 9793 9814 9813
f 9794 9795 9815
f 9794 9815 9814
f 9795 9796 9816
f 9795 9816 9815
f 9796 9797 9817
f 9796 9817 9816
f 9797 9798 9818
f 9797 9818 9817
f 9798 9799 9819
f 9798 9819 9818
f 9799 9800 9820
f 9799 9820 9819
f 9800 9801 9821
f 9800 9821 9820
f 9801 9802 9822
f 9801 9822 9821
f 9802 9803 9823
f 9802 9823 9822
f 9803 9804 9824
f 9803 9824 9823
f 9804 9785 9805
f 9804 9805 9824
o Back_Spine_1
g Back_Spine_1
usemtl Gunmetal
v 0.000000 1.940000 -0.530000
v 0.000000 1.940000 -0.530000
v 0.000000 1.940000 -0.530000
v 0.000000 1.940000 -0.530000
v 0.000000 1.940000 -0.530000
v 0.000000 1.940000 -0.530000
v -0.000000 1.940000 -0.530000
v -0.000000 1.940000 -0.530000
v -0.000000 1.940000 -0.530000
v -0.000000 1.940000 -0.530000
v -0.000000 1.940000 -0.530000
v -0.000000 1.940000 -0.530000
v -0.000000 1.940000 -0.530000
v -0.000000 1.940000 -0.530000
v -0.000000 1.940000 -0.530000
v -0.000000 1.940000 -0.530000
v 0.000000 1.940000 -0.530000
v 0.000000 1.940000 -0.530000
v 0.000000 1.940000 -0.530000
v 0.000000 1.940000 -0.530000
v 0.066137 1.942921 -0.530000
v 0.064498 1.942921 -0.510204
v 0.059487 1.942921 -0.502697
v 0.050705 1.942921 -0.497969
v 0.036765 1.942921 -0.495270
v 0.000000 1.942921 -0.494388
v -0.036765 1.942921 -0.495270
v -0.050705 1.942921 -0.497969
v -0.059487 1.942921 -0.502697
v -0.064498 1.942921 -0.510204
v -0.066137 1.942921 -0.530000
v -0.064498 1.942921 -0.549796
v -0.059487 1.942921 -0.557303
v -0.050705 1.942921 -0.562031
v -0.036765 1.942921 -0.564730
v -0.000000 1.942921 -0.565612
v 0.036765 1.942921 -0.564730
v 0.050705 1.942921 -0.562031
v 0.059487 1.942921 -0.557303
v 0.064498 1.942921 -0.549796
v 0.091924 1.951797 -0.530000
v 0.089646 1.951797 -0.502485
v 0.082681 1.951797 -0.492052
v 0.070475 1.951797 -0.485479
v 0.051100 1.951797 -0.481729
v 0.000000 1.951797 -0.480503
v -0.051100 1.951797 -0.481729
v -0.070475 1.951797 -0.485479
v -0.082681 1.951797 -0.492052
v -0.089646 1.951797 -0.502485
v -0.091924 1.951797 -0.530000
v -0.089646 1.951797 -0.557515
v -0.082681 1.951797 -0.567948
v -0.070475 1.951797 -0.574521
v -0.051100 1.951797 -0.578271
v -0.000000 1.951797 -0.579497
v 0.051100 1.951797 -0.578271
v 0.070475 1.951797 -0.574521
v 0.082681 1.951797 -0.567948
v 0.089646 1.951797 -0.557515
v 0.109317 1.967048 -0.530000
v 0.106608 1.967048 -0.497279
v 0.098325 1.967048 -0.484872
v 0.083810 1.967048 -0.477056
v 0.060768 1.967048 -0.472596
v 0.000000 1.967048 -0.471137
v -0.060768 1.967048 -0.472596
v -0.083810 1.967048 -0.477056
v -0.098325 1.967048 -0.484872
v -0.106608 1.967048 -0.497279
v -0.109317 1.967048 -0.530000
v -0.106608 1.967048 -0.562721
v -0.098325 1.967048 -0.575128
v -0.083810 1.967048 -0.582944
v -0.060768 1.967048 -0.587404
v -0.000000 1.967048 -0.588863
v 0.060768 1.967048 -0.587404
v 0.083810 1.967048 -0.582944
v 0.098325 1.967048 -0.575128
v 0.106608 1.967048 -0.562721
v 0.120979 1.989792 -0.530000
v 0.117981 1.989792 -0.493788
v 0.108815 1.989792 -0.480057
v 0.092751 1.989792 -0.471407
v 0.067251 1.989792 -0.466472
v 0.000000 1.989792 -0.464858
v -0.067251 1.989792 -0.466472
v -0.092751 1.989792 -0.471407
v -0.108815 1.989792 -0.480057
v -0.117981 1.989792 -0.493788
v -0.120979 1.989792 -0.530000
v -0.117981 1.989792 -0.566212
v -0.108815 1.989792 -0.579943
v -0.092751 1.989792 -0.588593
v -0.067251 1.989792 -0.593528
v -0.000000 1.989792 -0.595142
v 0.067251 1.989792 -0.593528
v 0.092751 1.989792 -0.588593
v 0.108815 1.989792 -0.579943
v 0.117981 1.989792 -0.566212
v 0.127766 2.023514 -0.530000
v 0.124600 2.023514 -0.491756
v 0.114920 2.023514 -0.477255
v 0.097955 2.023514 -0.468120
v 0.071024 2.023514 -0.462908
v 0.000000 2.023514 -0.461203
v -0.071024 2.023514 -0.462908
v -0.097955 2.023514 -0.468120
v -0.114920 2.023514 -0.477255
v -0.124600 2.023514 -0.491756
v -0.127766 2.023514 -0.530000
v -0.124600 2.023514 -0.568244
v -0.114920 2.023514 -0.582745
v -0.097955 2.023514 -0.591880
v -0.071024 2.023514 -0.597092
v -0.000000 2.023514 -0.598797
v 0.071024 2.023514 -0.597092
v 0.097955 2.023514 -0.591880
v 0.114920 2.023514 -0.582745
v 0.124600 2.023514 -0.568244
v 0.130000 2.110000 -0.530000
v 0.126779 2.110000 -0.491087
v 0.116929 2.110000 -0.476333
v 0.099667 2.110000 -0.467038
v 0.072266 2.110000 -0.461735
v 0.000000 2.110000 -0.460000
v -0.072266 2.110000 -0.461735
v -0.099667 2.110000 -0.467038
v -0.116929 2.110000 -0.476333
v -0.126779 2.110000 -0.491087
v -0.130000 2.110000 -0.530000
v -0.126779 2.110000 -0.568913
v -0.116929 2.110000 -0.583667
v -0.099667 2.110000 -0.592962
v -0.072266 2.110000 -0.598265
v -0.000000 2.110000 -0.600000
v 0.072266 2.110000 -0.598265
v 0.099667 2.110000 -0.592962
v 0.116929 2.110000 -0.583667
v 0.126779 2.110000 -0.568913
v 0.127766 2.196486 -0.530000
v 0.124600 2.196486 -0.491756
v 0.114920 2.196486 -0.477255
v 0.097955 2.196486 -0.468120
v 0.071024 2.196486 -0.462908
v 0.000000 2.196486 -0.461203
v -0.071024 2.196486 -0.462908
v -0.097955 2.196486 -0.468120
v -0.114920 2.196486 -0.477255
v -0.124600 2.196486 -0.491756
v -0.127766 2.196486 -0.530000
v -0.124600 2.196486 -0.568244
v -0.114920 2.196486 -0.582745
v -0.097955 2.196486 -0.591880
v -0.071024 2.196486 -0.597092
v -0.000000 2.196486 -0.598797
v 0.071024 2.196486 -0.597092
v 0.097955 2.196486 -0.591880
v 0.114920 2.196486 -0.582745
v 0.124600 2.196486 -0.568244
v 0.120979 2.230208 -0.530000
v 0.117981 2.230208 -0.493788
v 0.108815 2.230208 -0.480057
v 0.092751 2.230208 -0.471407
v 0.067251 2.230208 -0.466472
v 0.000000 2.230208 -0.464858
v -0.067251 2.230208 -0.466472
v -0.092751 2.230208 -0.471407
v -0.108815 2.230208 -0.480057
v -0.117981 2.230208 -0.493788
v -0.120979 2.230208 -0.530000
v -0.117981 2.230208 -0.566212
v -0.108815 2.230208 -0.579943
v -0.092751 2.230208 -0.588593
v -0.067251 2.230208 -0.593528
v -0.000000 2.230208 -0.595142
v 0.067251 2.230208 -0.593528
v 0.092751 2.230208 -0.588593
v 0.108815 2.230208 -0.579943
v 0.117981 2.230208 -0.566212
v 0.109317 2.252952 -0.530000
v 0.106608 2.252952 -0.497279
v 0.098325 2.252952 -0.484872
v 0.083810 2.252952 -0.477056
v 0.060768 2.252952 -0.472596
v 0.000000 2.252952 -0.471137
v -0.060768 2.252952 -0.472596
v -0.083810 2.252952 -0.477056
v -0.098325 2.252952 -0.484872
v -0.106608 2.252952 -0.497279
v -0.109317 2.252952 -0.530000
v -0.106608 2.252952 -0.562721
v -0.098325 2.252952 -0.575128
v -0.083810 2.252952 -0.582944
v -0.060768 2.252952 -0.587404
v -0.000000 2.252952 -0.588863
v 0.060768 2.252952 -0.587404
v 0.083810 2.252952 -0.582944
v 0.098325 2.252952 -0.575128
v 0.106608 2.252952 -0.562721
v 0.091924 2.268203 -0.530000
v 0.089646 2.268203 -0.502485
v 0.082681 2.268203 -0.492052
v 0.070475 2.268203 -0.485479
v 0.051100 2.268203 -0.481729
v 0.000000 2.268203 -0.480503
v -0.051100 2.268203 -0.481729
v -0.070475 2.268203 -0.485479
v -0.082681 2.268203 -0.492052
v -0.089646 2.268203 -0.502485
v -0.091924 2.268203 -0.530000
v -0.089646 2.268203 -0.557515
v -0.082681 2.268203 -0.567948
v -0.070475 2.268203 -0.574521
v -0.051100 2.268203 -0.578271
v -0.000000 2.268203 -0.579497
v 0.051100 2.268203 -0.578271
v 0.070475 2.268203 -0.574521
v 0.082681 2.268203 -0.567948
v 0.089646 2.268203 -0.557515
v 0.066137 2.277079 -0.530000
v 0.064498 2.277079 -0.510204
v 0.059487 2.277079 -0.502697
v 0.050705 2.277079 -0.497969
v 0.036765 2.277079 -0.495270
v 0.000000 2.277079 -0.494388
v -0.036765 2.277079 -0.495270
v -0.050705 2.277079 -0.497969
v -0.059487 2.277079 -0.502697
v -0.064498 2.277079 -0.510204
v -0.066137 2.277079 -0.530000
v -0.064498 2.277079 -0.549796
v -0.059487 2.277079 -0.557303
v -0.050705 2.277079 -0.562031
v -0.036765 2.277079 -0.564730
v -0.000000 2.277079 -0.565612
v 0.036765 2.277079 -0.564730
v 0.050705 2.277079 -0.562031
v 0.059487 2.277079 -0.557303
v 0.064498 2.277079 -0.549796
v 0.000000 2.280000 -0.530000
v 0.000000 2.280000 -0.530000
v 0.000000 2.280000 -0.530000
v 0.000000 2.280000 -0.530000
v 0.000000 2.280000 -0.530000
v 0.000000 2.280000 -0.530000
v -0.000000 2.280000 -0.530000
v -0.000000 2.280000 -0.530000
v -0.000000 2.280000 -0.530000
v -0.000000 2.280000 -0.530000
v -0.000000 2.280000 -0.530000
v -0.000000 2.280000 -0.530000
v -0.000000 2.280000 -0.530000
v -0.000000 2.280000 -0.530000
v -0.000000 2.280000 -0.530000
v -0.000000 2.280000 -0.530000
v 0.000000 2.280000 -0.530000
v 0.000000 2.280000 -0.530000
v 0.000000 2.280000 -0.530000
v 0.000000 2.280000 -0.530000
f 9825 9826 9846
f 9825 9846 9845
f 9826 9827 9847
f 9826 9847 9846
f 9827 9828 9848
f 9827 9848 9847
f 9828 9829 9849
f 9828 9849 9848
f 9829 9830 9850
f 9829 9850 9849
f 9830 9831 9851
f 9830 9851 9850
f 9831 9832 9852
f 9831 9852 9851
f 9832 9833 9853
f 9832 9853 9852
f 9833 9834 9854
f 9833 9854 9853
f 9834 9835 9855
f 9834 9855 9854
f 9835 9836 9856
f 9835 9856 9855
f 9836 9837 9857
f 9836 9857 9856
f 9837 9838 9858
f 9837 9858 9857
f 9838 9839 9859
f 9838 9859 9858
f 9839 9840 9860
f 9839 9860 9859
f 9840 9841 9861
f 9840 9861 9860
f 9841 9842 9862
f 9841 9862 9861
f 9842 9843 9863
f 9842 9863 9862
f 9843 9844 9864
f 9843 9864 9863
f 9844 9825 9845
f 9844 9845 9864
f 9845 9846 9866
f 9845 9866 9865
f 9846 9847 9867
f 9846 9867 9866
f 9847 9848 9868
f 9847 9868 9867
f 9848 9849 9869
f 9848 9869 9868
f 9849 9850 9870
f 9849 9870 9869
f 9850 9851 9871
f 9850 9871 9870
f 9851 9852 9872
f 9851 9872 9871
f 9852 9853 9873
f 9852 9873 9872
f 9853 9854 9874
f 9853 9874 9873
f 9854 9855 9875
f 9854 9875 9874
f 9855 9856 9876
f 9855 9876 9875
f 9856 9857 9877
f 9856 9877 9876
f 9857 9858 9878
f 9857 9878 9877
f 9858 9859 9879
f 9858 9879 9878
f 9859 9860 9880
f 9859 9880 9879
f 9860 9861 9881
f 9860 9881 9880
f 9861 9862 9882
f 9861 9882 9881
f 9862 9863 9883
f 9862 9883 9882
f 9863 9864 9884
f 9863 9884 9883
f 9864 9845 9865
f 9864 9865 9884
f 9865 9866 9886
f 9865 9886 9885
f 9866 9867 9887
f 9866 9887 9886
f 9867 9868 9888
f 9867 9888 9887
f 9868 9869 9889
f 9868 9889 9888
f 9869 9870 9890
f 9869 9890 9889
f 9870 9871 9891
f 9870 9891 9890
f 9871 9872 9892
f 9871 9892 9891
f 9872 9873 9893
f 9872 9893 9892
f 9873 9874 9894
f 9873 9894 9893
f 9874 9875 9895
f 9874 9895 9894
f 9875 9876 9896
f 9875 9896 9895
f 9876 9877 9897
f 9876 9897 9896
f 9877 9878 9898
f 9877 9898 9897
f 9878 9879 9899
f 9878 9899 9898
f 9879 9880 9900
f 9879 9900 9899
f 9880 9881 9901
f 9880 9901 9900
f 9881 9882 9902
f 9881 9902 9901
f 9882 9883 9903
f 9882 9903 9902
f 9883 9884 9904
f 9883 9904 9903
f 9884 9865 9885
f 9884 9885 9904
f 9885 9886 9906
f 9885 9906 9905
f 9886 9887 9907
f 9886 9907 9906
f 9887 9888 9908
f 9887 9908 9907
f 9888 9889 9909
f 9888 9909 9908
f 9889 9890 9910
f 9889 9910 9909
f 9890 9891 9911
f 9890 9911 9910
f 9891 9892 9912
f 9891 9912 9911
f 9892 9893 9913
f 9892 9913 9912
f 9893 9894 9914
f 9893 9914 9913
f 9894 9895 9915
f 9894 9915 9914
f 9895 9896 9916
f 9895 9916 9915
f 9896 9897 9917
f 9896 9917 9916
f 9897 9898 9918
f 9897 9918 9917
f 9898 9899 9919
f 9898 9919 9918
f 9899 9900 9920
f 9899 9920 9919
f 9900 9901 9921
f 9900 9921 9920
f 9901 9902 9922
f 9901 9922 9921
f 9902 9903 9923
f 9902 9923 9922
f 9903 9904 9924
f 9903 9924 9923
f 9904 9885 9905
f 9904 9905 9924
f 9905 9906 9926
f 9905 9926 9925
f 9906 9907 9927
f 9906 9927 9926
f 9907 9908 9928
f 9907 9928 9927
f 9908 9909 9929
f 9908 9929 9928
f 9909 9910 9930
f 9909 9930 9929
f 9910 9911 9931
f 9910 9931 9930
f 9911 9912 9932
f 9911 9932 9931
f 9912 9913 9933
f 9912 9933 9932
f 9913 9914 9934
f 9913 9934 9933
f 9914 9915 9935
f 9914 9935 9934
f 9915 9916 9936
f 9915 9936 9935
f 9916 9917 9937
f 9916 9937 9936
f 9917 9918 9938
f 9917 9938 9937
f 9918 9919 9939
f 9918 9939 9938
f 9919 9920 9940
f 9919 9940 9939
f 9920 9921 9941
f 9920 9941 9940
f 9921 9922 9942
f 9921 9942 9941
f 9922 9923 9943
f 9922 9943 9942
f 9923 9924 9944
f 9923 9944 9943
f 9924 9905 9925
f 9924 9925 9944
f 9925 9926 9946
f 9925 9946 9945
f 9926 9927 9947
f 9926 9947 9946
f 9927 9928 9948
f 9927 9948 9947
f 9928 9929 9949
f 9928 9949 9948
f 9929 9930 9950
f 9929 9950 9949
f 9930 9931 9951
f 9930 9951 9950
f 9931 9932 9952
f 9931 9952 9951
f 9932 9933 9953
f 9932 9953 9952
f 9933 9934 9954
f 9933 9954 9953
f 9934 9935 9955
f 9934 9955 9954
f 9935 9936 9956
f 9935 9956 9955
f 9936 9937 9957
f 9936 9957 9956
f 9937 9938 9958
f 9937 9958 9957
f 9938 9939 9959
f 9938 9959 9958
f 9939 9940 9960
f 9939 9960 9959
f 9940 9941 9961
f 9940 9961 9960
f 9941 9942 9962
f 9941 9962 9961
f 9942 9943 9963
f 9942 9963 9962
f 9943 9944 9964
f 9943 9964 9963
f 9944 9925 9945
f 9944 9945 9964
f 9945 9946 9966
f 9945 9966 9965
f 9946 9947 9967
f 9946 9967 9966
f 9947 9948 9968
f 9947 9968 9967
f 9948 9949 9969
f 9948 9969 9968
f 9949 9950 9970
f 9949 9970 9969
f 9950 9951 9971
f 9950 9971 9970
f 9951 9952 9972
f 9951 9972 9971
f 9952 9953 9973
f 9952 9973 9972
f 9953 9954 9974
f 9953 9974 9973
f 9954 9955 9975
f 9954 9975 9974
f 9955 9956 9976
f 9955 9976 9975
f 9956 9957 9977
f 9956 9977 9976
f 9957 9958 9978
f 9957 9978 9977
f 9958 9959 9979
f 9958 9979 9978
f 9959 9960 9980
f 9959 9980 9979
f 9960 9961 9981
f 9960 9981 9980
f 9961 9962 9982
f 9961 9982 9981
f 9962 9963 9983
f 9962 9983 9982
f 9963 9964 9984
f 9963 9984 9983
f 9964 9945 9965
f 9964 9965 9984
f 9965 9966 9986
f 9965 9986 9985
f 9966 9967 9987
f 9966 9987 9986
f 9967 9968 9988
f 9967 9988 9987
f 9968 9969 9989
f 9968 9989 9988
f 9969 9970 9990
f 9969 9990 9989
f 9970 9971 9991
f 9970 9991 9990
f 9971 9972 9992
f 9971 9992 9991
f 9972 9973 9993
f 9972 9993 9992
f 9973 9974 9994
f 9973 9994 9993
f 9974 9975 9995
f 9974 9995 9994
f 9975 9976 9996
f 9975 9996 9995
f 9976 9977 9997
f 9976 9997 9996
f 9977 9978 9998
f 9977 9998 9997
f 9978 9979 9999
f 9978 9999 9998
f 9979 9980 10000
f 9979 10000 9999
f 9980 9981 10001
f 9980 10001 10000
f 9981 9982 10002
f 9981 10002 10001
f 9982 9983 10003
f 9982 10003 10002
f 9983 9984 10004
f 9983 10004 10003
f 9984 9965 9985
f 9984 9985 10004
f 9985 9986 10006
f 9985 10006 10005
f 9986 9987 10007
f 9986 10007 10006
f 9987 9988 10008
f 9987 10008 10007
f 9988 9989 10009
f 9988 10009 10008
f 9989 9990 10010
f 9989 10010 10009
f 9990 9991 10011
f 9990 10011 10010
f 9991 9992 10012
f 9991 10012 10011
f 9992 9993 10013
f 9992 10013 10012
f 9993 9994 10014
f 9993 10014 10013
f 9994 9995 10015
f 9994 10015 10014
f 9995 9996 10016
f 9995 10016 10015
f 9996 9997 10017
f 9996 10017 10016
f 9997 9998 10018
f 9997 10018 10017
f 9998 9999 10019
f 9998 10019 10018
f 9999 10000 10020
f 9999 10020 10019
f 10000 10001 10021
f 10000 10021 10020
f 10001 10002 10022
f 10001 10022 10021
f 10002 10003 10023
f 10002 10023 10022
f 10003 10004 10024
f 10003 10024 10023
f 10004 9985 10005
f 10004 10005 10024
f 10005 10006 10026
f 10005 10026 10025
f 10006 10007 10027
f 10006 10027 10026
f 10007 10008 10028
f 10007 10028 10027
f 10008 10009 10029
f 10008 10029 10028
f 10009 10010 10030
f 10009 10030 10029
f 10010 10011 10031
f 10010 10031 10030
f 10011 10012 10032
f 10011 10032 10031
f 10012 10013 10033
f 10012 10033 10032
f 10013 10014 10034
f 10013 10034 10033
f 10014 10015 10035
f 10014 10035 10034
f 10015 10016 10036
f 10015 10036 10035
f 10016 10017 10037
f 10016 10037 10036
f 10017 10018 10038
f 10017 10038 10037
f 10018 10019 10039
f 10018 10039 10038
f 10019 10020 10040
f 10019 10040 10039
f 10020 10021 10041
f 10020 10041 10040
f 10021 10022 10042
f 10021 10042 10041
f 10022 10023 10043
f 10022 10043 10042
f 10023 10024 10044
f 10023 10044 10043
f 10024 10005 10025
f 10024 10025 10044
f 10025 10026 10046
f 10025 10046 10045
f 10026 10027 10047
f 10026 10047 10046
f 10027 10028 10048
f 10027 10048 10047
f 10028 10029 10049
f 10028 10049 10048
f 10029 10030 10050
f 10029 10050 10049
f 10030 10031 10051
f 10030 10051 10050
f 10031 10032 10052
f 10031 10052 10051
f 10032 10033 10053
f 10032 10053 10052
f 10033 10034 10054
f 10033 10054 10053
f 10034 10035 10055
f 10034 10055 10054
f 10035 10036 10056
f 10035 10056 10055
f 10036 10037 10057
f 10036 10057 10056
f 10037 10038 10058
f 10037 10058 10057
f 10038 10039 10059
f 10038 10059 10058
f 10039 10040 10060
f 10039 10060 10059
f 10040 10041 10061
f 10040 10061 10060
f 10041 10042 10062
f 10041 10062 10061
f 10042 10043 10063
f 10042 10063 10062
f 10043 10044 10064
f 10043 10064 10063
f 10044 10025 10045
f 10044 10045 10064
f 10045 10046 10066
f 10045 10066 10065
f 10046 10047 10067
f 10046 10067 10066
f 10047 10048 10068
f 10047 10068 10067
f 10048 10049 10069
f 10048 10069 10068
f 10049 10050 10070
f 10049 10070 10069
f 10050 10051 10071
f 10050 10071 10070
f 10051 10052 10072
f 10051 10072 10071
f 10052 10053 10073
f 10052 10073 10072
f 10053 10054 10074
f 10053 10074 10073
f 10054 10055 10075
f 10054 10075 10074
f 10055 10056 10076
f 10055 10076 10075
f 10056 10057 10077
f 10056 10077 10076
f 10057 10058 10078
f 10057 10078 10077
f 10058 10059 10079
f 10058 10079 10078
f 10059 10060 10080
f 10059 10080 10079
f 10060 10061 10081
f 10060 10081 10080
f 10061 10062 10082
f 10061 10082 10081
f 10062 10063 10083
f 10062 10083 10082
f 10063 10064 10084
f 10063 10084 10083
f 10064 10045 10065
f 10064 10065 10084
o Back_Spine_2
g Back_Spine_2
usemtl Gunmetal
v 0.240000 2.100000 -0.530000
v 0.240000 2.100000 -0.530000
v 0.240000 2.100000 -0.530000
v 0.240000 2.100000 -0.530000
v 0.240000 2.100000 -0.530000
v 0.240000 2.100000 -0.530000
v 0.240000 2.100000 -0.530000
v 0.240000 2.100000 -0.530000
v 0.240000 2.100000 -0.530000
v 0.240000 2.100000 -0.530000
v 0.240000 2.100000 -0.530000
v 0.240000 2.100000 -0.530000
v 0.240000 2.100000 -0.530000
v 0.240000 2.100000 -0.530000
v 0.240000 2.100000 -0.530000
v 0.240000 2.100000 -0.530000
v 0.240000 2.100000 -0.530000
v 0.240000 2.100000 -0.530000
v 0.240000 2.100000 -0.530000
v 0.240000 2.100000 -0.530000
v 0.306137 2.102921 -0.530000
v 0.304498 2.102921 -0.510204
v 0.299487 2.102921 -0.502697
v 0.290705 2.102921 -0.497969
v 0.276765 2.102921 -0.495270
v 0.240000 2.102921 -0.494388
v 0.203235 2.102921 -0.495270
v 0.189295 2.102921 -0.497969
v 0.180513 2.102921 -0.502697
v 0.175502 2.102921 -0.510204
v 0.173863 2.102921 -0.530000
v 0.175502 2.102921 -0.549796
v 0.180513 2.102921 -0.557303
v 0.189295 2.102921 -0.562031
v 0.203235 2.102921 -0.564730
v 0.240000 2.102921 -0.565612
v 0.276765 2.102921 -0.564730
v 0.290705 2.102921 -0.562031
v 0.299487 2.102921 -0.557303
v 0.304498 2.102921 -0.549796
v 0.331924 2.111797 -0.530000
v 0.329646 2.111797 -0.502485
v 0.322681 2.111797 -0.492052
v 0.310475 2.111797 -0.485479
v 0.291100 2.111797 -0.481729
v 0.240000 2.111797 -0.480503
v 0.188900 2.111797 -0.481729
v 0.169525 2.111797 -0.485479
v 0.157319 2.111797 -0.492052
v 0.150354 2.111797 -0.502485
v 0.148076 2.111797 -0.530000
v 0.150354 2.111797 -0.557515
v 0.157319 2.111797 -0.567948
v 0.169525 2.111797 -0.574521
v 0.188900 2.111797 -0.578271
v 0.240000 2.111797 -0.579497
v 0.291100 2.111797 -0.578271
v 0.310475 2.111797 -0.574521
v 0.322681 2.111797 -0.567948
v 0.329646 2.111797 -0.557515
v 0.349317 2.127048 -0.530000
v 0.346608 2.127048 -0.497279
v 0.338325 2.127048 -0.484872
v 0.323810 2.127048 -0.477056
v 0.300768 2.127048 -0.472596
v 0.240000 2.127048 -0.471137
v 0.179232 2.127048 -0.472596
v 0.156190 2.127048 -0.477056
v 0.141675 2.127048 -0.484872
v 0.133392 2.127048 -0.497279
v 0.130683 2.127048 -0.530000
v 0.133392 2.127048 -0.562721
v 0.141675 2.127048 -0.575128
v 0.156190 2.127048 -0.582944
v 0.179232 2.127048 -0.587404
v 0.240000 2.127048 -0.588863
v 0.300768 2.127048 -0.587404
v 0.323810 2.127048 -0.582944
v 0.338325 2.127048 -0.575128
v 0.346608 2.127048 -0.562721
v 0.360979 2.149792 -0.530000
v 0.357981 2.149792 -0.493788
v 0.348815 2.149792 -0.480057
v 0.332751 2.149792 -0.471407
v 0.307251 2.149792 -0.466472
v 0.240000 2.149792 -0.464858
v 0.172749 2.149792 -0.466472
v 0.147249 2.149792 -0.471407
v 0.131185 2.149792 -0.480057
v 0.122019 2.149792 -0.493788
v 0.119021 2.149792 -0.530000
v 0.122019 2.149792 -0.566212
v 0.131185 2.149792 -0.579943
v 0.147249 2.149792 -0.588593
v 0.172749 2.149792 -0.593528
v 0.240000 2.149792 -0.595142
v 0.307251 2.149792 -0.593528
v 0.332751 2.149792 -0.588593
v 0.348815 2.149792 -0.579943
v 0.357981 2.149792 -0.566212
v 0.367766 2.183514 -0.530000
v 0.364600 2.183514 -0.491756
v 0.354920 2.183514 -0.477255
v 0.337955 2.183514 -0.468120
v 0.311024 2.183514 -0.462908
v 0.240000 2.183514 -0.461203
v 0.168976 2.183514 -0.462908
v 0.142045 2.183514 -0.468120
v 0.125080 2.183514 -0.477255
v 0.115400 2.183514 -0.491756
v 0.112234 2.183514 -0.530000
v 0.115400 2.183514 -0.568244
v 0.125080 2.183514 -0.582745
v 0.142045 2.183514 -0.591880
v 0.168976 2.183514 -0.597092
v 0.240000 2.183514 -0.598797
v 0.311024 2.183514 -0.597092
v 0.337955 2.183514 -0.591880
v 0.354920 2.183514 -0.582745
v 0.364600 2.183514 -0.568244
v 0.370000 2.270000 -0.530000
v 0.366779 2.270000 -0.491087
v 0.356929 2.270000 -0.476333
v 0.339667 2.270000 -0.467038
v 0.312266 2.270000 -0.461735
v 0.240000 2.270000 -0.460000
v 0.167734 2.270000 -0.461735
v 0.140333 2.270000 -0.467038
v 0.123071 2.270000 -0.476333
v 0.113221 2.270000 -0.491087
v 0.110000 2.270000 -0.530000
v 0.113221 2.270000 -0.568913
v 0.123071 2.270000 -0.583667
v 0.140333 2.270000 -0.592962
v 0.167734 2.270000 -0.598265
v 0.240000 2.270000 -0.600000
v 0.312266 2.270000 -0.598265
v 0.339667 2.270000 -0.592962
v 0.356929 2.270000 -0.583667
v 0.366779 2.270000 -0.568913
v 0.367766 2.356486 -0.530000
v 0.364600 2.356486 -0.491756
v 0.354920 2.356486 -0.477255
v 0.337955 2.356486 -0.468120
v 0.311024 2.356486 -0.462908
v 0.240000 2.356486 -0.461203
v 0.168976 2.356486 -0.462908
v 0.142045 2.356486 -0.468120
v 0.125080 2.356486 -0.477255
v 0.115400 2.356486 -0.491756
v 0.112234 2.356486 -0.530000
v 0.115400 2.356486 -0.568244
v 0.125080 2.356486 -0.582745
v 0.142045 2.356486 -0.591880
v 0.168976 2.356486 -0.597092
v 0.240000 2.356486 -0.598797
v 0.311024 2.356486 -0.597092
v 0.337955 2.356486 -0.591880
v 0.354920 2.356486 -0.582745
v 0.364600 2.356486 -0.568244
v 0.360979 2.390208 -0.530000
v 0.357981 2.390208 -0.493788
v 0.348815 2.390208 -0.480057
v 0.332751 2.390208 -0.471407
v 0.307251 2.390208 -0.466472
v 0.240000 2.390208 -0.464858
v 0.172749 2.390208 -0.466472
v 0.147249 2.390208 -0.471407
v 0.131185 2.390208 -0.480057
v 0.122019 2.390208 -0.493788
v 0.119021 2.390208 -0.530000
v 0.122019 2.390208 -0.566212
v 0.131185 2.390208 -0.579943
v 0.147249 2.390208 -0.588593
v 0.172749 2.390208 -0.593528
v 0.240000 2.390208 -0.595142
v 0.307251 2.390208 -0.593528
v 0.332751 2.390208 -0.588593
v 0.348815 2.390208 -0.579943
v 0.357981 2.390208 -0.566212
v 0.349317 2.412952 -0.530000
v 0.346608 2.412952 -0.497279
v 0.338325 2.412952 -0.484872
v 0.323810 2.412952 -0.477056
v 0.300768 2.412952 -0.472596
v 0.240000 2.412952 -0.471137
v 0.179232 2.412952 -0.472596
v 0.156190 2.412952 -0.477056
v 0.141675 2.412952 -0.484872
v 0.133392 2.412952 -0.497279
v 0.130683 2.412952 -0.530000
v 0.133392 2.412952 -0.562721
v 0.141675 2.412952 -0.575128
v 0.156190 2.412952 -0.582944
v 0.179232 2.412952 -0.587404
v 0.240000 2.412952 -0.588863
v 0.300768 2.412952 -0.587404
v 0.323810 2.412952 -0.582944
v 0.338325 2.412952 -0.575128
v 0.346608 2.412952 -0.562721
v 0.331924 2.428203 -0.530000
v 0.329646 2.428203 -0.502485
v 0.322681 2.428203 -0.492052
v 0.310475 2.428203 -0.485479
v 0.291100 2.428203 -0.481729
v 0.240000 2.428203 -0.480503
v 0.188900 2.428203 -0.481729
v 0.169525 2.428203 -0.485479
v 0.157319 2.428203 -0.492052
v 0.150354 2.428203 -0.502485
v 0.148076 2.428203 -0.530000
v 0.150354 2.428203 -0.557515
v 0.157319 2.428203 -0.567948
v 0.169525 2.428203 -0.574521
v 0.188900 2.428203 -0.578271
v 0.240000 2.428203 -0.579497
v 0.291100 2.428203 -0.578271
v 0.310475 2.428203 -0.574521
v 0.322681 2.428203 -0.567948
v 0.329646 2.428203 -0.557515
v 0.306137 2.437079 -0.530000
v 0.304498 2.437079 -0.510204
v 0.299487 2.437079 -0.502697
v 0.290705 2.437079 -0.497969
v 0.276765 2.437079 -0.495270
v 0.240000 2.437079 -0.494388
v 0.203235 2.437079 -0.495270
v 0.189295 2.437079 -0.497969
v 0.180513 2.437079 -0.502697
v 0.175502 2.437079 -0.510204
v 0.173863 2.437079 -0.530000
v 0.175502 2.437079 -0.549796
v 0.180513 2.437079 -0.557303
v 0.189295 2.437079 -0.562031
v 0.203235 2.437079 -0.564730
v 0.240000 2.437079 -0.565612
v 0.276765 2.437079 -0.564730
v 0.290705 2.437079 -0.562031
v 0.299487 2.437079 -0.557303
v 0.304498 2.437079 -0.549796
v 0.240000 2.440000 -0.530000
v 0.240000 2.440000 -0.530000
v 0.240000 2.440000 -0.530000
v 0.240000 2.440000 -0.530000
v 0.240000 2.440000 -0.530000
v 0.240000 2.440000 -0.530000
v 0.240000 2.440000 -0.530000
v 0.240000 2.440000 -0.530000
v 0.240000 2.440000 -0.530000
v 0.240000 2.440000 -0.530000
v 0.240000 2.440000 -0.530000
v 0.240000 2.440000 -0.530000
v 0.240000 2.440000 -0.530000
v 0.240000 2.440000 -0.530000
v 0.240000 2.440000 -0.530000
v 0.240000 2.440000 -0.530000
v 0.240000 2.440000 -0.530000
v 0.240000 2.440000 -0.530000
v 0.240000 2.440000 -0.530000
v 0.240000 2.440000 -0.530000
f 10085 10086 10106
f 10085 10106 10105
f 10086 10087 10107
f 10086 10107 10106
f 10087 10088 10108
f 10087 10108 10107
f 10088 10089 10109
f 10088 10109 10108
f 10089 10090 10110
f 10089 10110 10109
f 10090 10091 10111
f 10090 10111 10110
f 10091 10092 10112
f 10091 10112 10111
f 10092 10093 10113
f 10092 10113 10112
f 10093 10094 10114
f 10093 10114 10113
f 10094 10095 10115
f 10094 10115 10114
f 10095 10096 10116
f 10095 10116 10115
f 10096 10097 10117
f 10096 10117 10116
f 10097 10098 10118
f 10097 10118 10117
f 10098 10099 10119
f 10098 10119 10118
f 10099 10100 10120
f 10099 10120 10119
f 10100 10101 10121
f 10100 10121 10120
f 10101 10102 10122
f 10101 10122 10121
f 10102 10103 10123
f 10102 10123 10122
f 10103 10104 10124
f 10103 10124 10123
f 10104 10085 10105
f 10104 10105 10124
f 10105 10106 10126
f 10105 10126 10125
f 10106 10107 10127
f 10106 10127 10126
f 10107 10108 10128
f 10107 10128 10127
f 10108 10109 10129
f 10108 10129 10128
f 10109 10110 10130
f 10109 10130 10129
f 10110 10111 10131
f 10110 10131 10130
f 10111 10112 10132
f 10111 10132 10131
f 10112 10113 10133
f 10112 10133 10132
f 10113 10114 10134
f 10113 10134 10133
f 10114 10115 10135
f 10114 10135 10134
f 10115 10116 10136
f 10115 10136 10135
f 10116 10117 10137
f 10116 10137 10136
f 10117 10118 10138
f 10117 10138 10137
f 10118 10119 10139
f 10118 10139 10138
f 10119 10120 10140
f 10119 10140 10139
f 10120 10121 10141
f 10120 10141 10140
f 10121 10122 10142
f 10121 10142 10141
f 10122 10123 10143
f 10122 10143 10142
f 10123 10124 10144
f 10123 10144 10143
f 10124 10105 10125
f 10124 10125 10144
f 10125 10126 10146
f 10125 10146 10145
f 10126 10127 10147
f 10126 10147 10146
f 10127 10128 10148
f 10127 10148 10147
f 10128 10129 10149
f 10128 10149 10148
f 10129 10130 10150
f 10129 10150 10149
f 10130 10131 10151
f 10130 10151 10150
f 10131 10132 10152
f 10131 10152 10151
f 10132 10133 10153
f 10132 10153 10152
f 10133 10134 10154
f 10133 10154 10153
f 10134 10135 10155
f 10134 10155 10154
f 10135 10136 10156
f 10135 10156 10155
f 10136 10137 10157
f 10136 10157 10156
f 10137 10138 10158
f 10137 10158 10157
f 10138 10139 10159
f 10138 10159 10158
f 10139 10140 10160
f 10139 10160 10159
f 10140 10141 10161
f 10140 10161 10160
f 10141 10142 10162
f 10141 10162 10161
f 10142 10143 10163
f 10142 10163 10162
f 10143 10144 10164
f 10143 10164 10163
f 10144 10125 10145
f 10144 10145 10164
f 10145 10146 10166
f 10145 10166 10165
f 10146 10147 10167
f 10146 10167 10166
f 10147 10148 10168
f 10147 10168 10167
f 10148 10149 10169
f 10148 10169 10168
f 10149 10150 10170
f 10149 10170 10169
f 10150 10151 10171
f 10150 10171 10170
f 10151 10152 10172
f 10151 10172 10171
f 10152 10153 10173
f 10152 10173 10172
f 10153 10154 10174
f 10153 10174 10173
f 10154 10155 10175
f 10154 10175 10174
f 10155 10156 10176
f 10155 10176 10175
f 10156 10157 10177
f 10156 10177 10176
f 10157 10158 10178
f 10157 10178 10177
f 10158 10159 10179
f 10158 10179 10178
f 10159 10160 10180
f 10159 10180 10179
f 10160 10161 10181
f 10160 10181 10180
f 10161 10162 10182
f 10161 10182 10181
f 10162 10163 10183
f 10162 10183 10182
f 10163 10164 10184
f 10163 10184 10183
f 10164 10145 10165
f 10164 10165 10184
f 10165 10166 10186
f 10165 10186 10185
f 10166 10167 10187
f 10166 10187 10186
f 10167 10168 10188
f 10167 10188 10187
f 10168 10169 10189
f 10168 10189 10188
f 10169 10170 10190
f 10169 10190 10189
f 10170 10171 10191
f 10170 10191 10190
f 10171 10172 10192
f 10171 10192 10191
f 10172 10173 10193
f 10172 10193 10192
f 10173 10174 10194
f 10173 10194 10193
f 10174 10175 10195
f 10174 10195 10194
f 10175 10176 10196
f 10175 10196 10195
f 10176 10177 10197
f 10176 10197 10196
f 10177 10178 10198
f 10177 10198 10197
f 10178 10179 10199
f 10178 10199 10198
f 10179 10180 10200
f 10179 10200 10199
f 10180 10181 10201
f 10180 10201 10200
f 10181 10182 10202
f 10181 10202 10201
f 10182 10183 10203
f 10182 10203 10202
f 10183 10184 10204
f 10183 10204 10203
f 10184 10165 10185
f 10184 10185 10204
f 10185 10186 10206
f 10185 10206 10205
f 10186 10187 10207
f 10186 10207 10206
f 10187 10188 10208
f 10187 10208 10207
f 10188 10189 10209
f 10188 10209 10208
f 10189 10190 10210
f 10189 10210 10209
f 10190 10191 10211
f 10190 10211 10210
f 10191 10192 10212
f 10191 10212 10211
f 10192 10193 10213
f 10192 10213 10212
f 10193 10194 10214
f 10193 10214 10213
f 10194 10195 10215
f 10194 10215 10214
f 10195 10196 10216
f 10195 10216 10215
f 10196 10197 10217
f 10196 10217 10216
f 10197 10198 10218
f 10197 10218 10217
f 10198 10199 10219
f 10198 10219 10218
f 10199 10200 10220
f 10199 10220 10219
f 10200 10201 10221
f 10200 10221 10220
f 10201 10202 10222
f 10201 10222 10221
f 10202 10203 10223
f 10202 10223 10222
f 10203 10204 10224
f 10203 10224 10223
f 10204 10185 10205
f 10204 10205 10224
f 10205 10206 10226
f 10205 10226 10225
f 10206 10207 10227
f 10206 10227 10226
f 10207 10208 10228
f 10207 10228 10227
f 10208 10209 10229
f 10208 10229 10228
f 10209 10210 10230
f 10209 10230 10229
f 10210 10211 10231
f 10210 10231 10230
f 10211 10212 10232
f 10211 10232 10231
f 10212 10213 10233
f 10212 10233 10232
f 10213 10214 10234
f 10213 10234 10233
f 10214 10215 10235
f 10214 10235 10234
f 10215 10216 10236
f 10215 10236 10235
f 10216 10217 10237
f 10216 10237 10236
f 10217 10218 10238
f 10217 10238 10237
f 10218 10219 10239
f 10218 10239 10238
f 10219 10220 10240
f 10219 10240 10239
f 10220 10221 10241
f 10220 10241 10240
f 10221 10222 10242
f 10221 10242 10241
f 10222 10223 10243
f 10222 10243 10242
f 10223 10224 10244
f 10223 10244 10243
f 10224 10205 10225
f 10224 10225 10244
f 10225 10226 10246
f 10225 10246 10245
f 10226 10227 10247
f 10226 10247 10246
f 10227 10228 10248
f 10227 10248 10247
f 10228 10229 10249
f 10228 10249 10248
f 10229 10230 10250
f 10229 10250 10249
f 10230 10231 10251
f 10230 10251 10250
f 10231 10232 10252
f 10231 10252 10251
f 10232 10233 10253
f 10232 10253 10252
f 10233 10234 10254
f 10233 10254 10253
f 10234 10235 10255
f 10234 10255 10254
f 10235 10236 10256
f 10235 10256 10255
f 10236 10237 10257
f 10236 10257 10256
f 10237 10238 10258
f 10237 10258 10257
f 10238 10239 10259
f 10238 10259 10258
f 10239 10240 10260
f 10239 10260 10259
f 10240 10241 10261
f 10240 10261 10260
f 10241 10242 10262
f 10241 10262 10261
f 10242 10243 10263
f 10242 10263 10262
f 10243 10244 10264
f 10243 10264 10263
f 10244 10225 10245
f 10244 10245 10264
f 10245 10246 10266
f 10245 10266 10265
f 10246 10247 10267
f 10246 10267 10266
f 10247 10248 10268
f 10247 10268 10267
f 10248 10249 10269
f 10248 10269 10268
f 10249 10250 10270
f 10249 10270 10269
f 10250 10251 10271
f 10250 10271 10270
f 10251 10252 10272
f 10251 10272 10271
f 10252 10253 10273
f 10252 10273 10272
f 10253 10254 10274
f 10253 10274 10273
f 10254 10255 10275
f 10254 10275 10274
f 10255 10256 10276
f 10255 10276 10275
f 10256 10257 10277
f 10256 10277 10276
f 10257 10258 10278
f 10257 10278 10277
f 10258 10259 10279
f 10258 10279 10278
f 10259 10260 10280
f 10259 10280 10279
f 10260 10261 10281
f 10260 10281 10280
f 10261 10262 10282
f 10261 10282 10281
f 10262 10263 10283
f 10262 10283 10282
f 10263 10264 10284
f 10263 10284 10283
f 10264 10245 10265
f 10264 10265 10284
f 10265 10266 10286
f 10265 10286 10285
f 10266 10267 10287
f 10266 10287 10286
f 10267 10268 10288
f 10267 10288 10287
f 10268 10269 10289
f 10268 10289 10288
f 10269 10270 10290
f 10269 10290 10289
f 10270 10271 10291
f 10270 10291 10290
f 10271 10272 10292
f 10271 10292 10291
f 10272 10273 10293
f 10272 10293 10292
f 10273 10274 10294
f 10273 10294 10293
f 10274 10275 10295
f 10274 10295 10294
f 10275 10276 10296
f 10275 10296 10295
f 10276 10277 10297
f 10276 10297 10296
f 10277 10278 10298
f 10277 10298 10297
f 10278 10279 10299
f 10278 10299 10298
f 10279 10280 10300
f 10279 10300 10299
f 10280 10281 10301
f 10280 10301 10300
f 10281 10282 10302
f 10281 10302 10301
f 10282 10283 10303
f 10282 10303 10302
f 10283 10284 10304
f 10283 10304 10303
f 10284 10265 10285
f 10284 10285 10304
f 10285 10286 10306
f 10285 10306 10305
f 10286 10287 10307
f 10286 10307 10306
f 10287 10288 10308
f 10287 10308 10307
f 10288 10289 10309
f 10288 10309 10308
f 10289 10290 10310
f 10289 10310 10309
f 10290 10291 10311
f 10290 10311 10310
f 10291 10292 10312
f 10291 10312 10311
f 10292 10293 10313
f 10292 10313 10312
f 10293 10294 10314
f 10293 10314 10313
f 10294 10295 10315
f 10294 10315 10314
f 10295 10296 10316
f 10295 10316 10315
f 10296 10297 10317
f 10296 10317 10316
f 10297 10298 10318
f 10297 10318 10317
f 10298 10299 10319
f 10298 10319 10318
f 10299 10300 10320
f 10299 10320 10319
f 10300 10301 10321
f 10300 10321 10320
f 10301 10302 10322
f 10301 10322 10321
f 10302 10303 10323
f 10302 10323 10322
f 10303 10304 10324
f 10303 10324 10323
f 10304 10285 10305
f 10304 10305 10324
f 10305 10306 10326
f 10305 10326 10325
f 10306 10307 10327
f 10306 10327 10326
f 10307 10308 10328
f 10307 10328 10327
f 10308 10309 10329
f 10308 10329 10328
f 10309 10310 10330
f 10309 10330 10329
f 10310 10311 10331
f 10310 10331 10330
f 10311 10312 10332
f 10311 10332 10331
f 10312 10313 10333
f 10312 10333 10332
f 10313 10314 10334
f 10313 10334 10333
f 10314 10315 10335
f 10314 10335 10334
f 10315 10316 10336
f 10315 10336 10335
f 10316 10317 10337
f 10316 10337 10336
f 10317 10318 10338
f 10317 10338 10337
f 10318 10319 10339
f 10318 10339 10338
f 10319 10320 10340
f 10319 10340 10339
f 10320 10321 10341
f 10320 10341 10340
f 10321 10322 10342
f 10321 10342 10341
f 10322 10323 10343
f 10322 10343 10342
f 10323 10324 10344
f 10323 10344 10343
f 10324 10305 10325
f 10324 10325 10344
o Racket_Frame
g Racket_Frame
usemtl Bastion_Yellow
v 1.755000 1.420000 0.000000
v 1.744749 1.420000 0.024749
v 1.720000 1.420000 0.035000
v 1.695251 1.420000 0.024749
v 1.685000 1.420000 0.000000
v 1.695251 1.420000 -0.024749
v 1.720000 1.420000 -0.035000
v 1.744749 1.420000 -0.024749
v 1.749716 1.493159 0.000000
v 1.739662 1.491159 0.024749
v 1.715388 1.486331 0.035000
v 1.691115 1.481502 0.024749
v 1.681061 1.479503 0.000000
v 1.691115 1.481502 -0.024749
v 1.715388 1.486331 -0.035000
v 1.739662 1.491159 -0.024749
v 1.734067 1.563506 0.000000
v 1.724596 1.559583 0.024749
v 1.701731 1.550112 0.035000
v 1.678866 1.540641 0.024749
v 1.669395 1.536718 0.000000
v 1.678866 1.540641 -0.024749
v 1.701731 1.550112 -0.035000
v 1.724596 1.559583 -0.024749
v 1.708654 1.628339 0.000000
v 1.700131 1.622644 0.024749
v 1.679553 1.608894 0.035000
v 1.658975 1.595144 0.024749
v 1.650451 1.589449 0.000000
v 1.658975 1.595144 -0.024749
v 1.679553 1.608894 -0.035000
v 1.700131 1.622644 -0.024749
v 1.674454 1.685165 0.000000
v 1.667206 1.677916 0.024749
v 1.649706 1.660416 0.035000
v 1.632206 1.642916 0.024749
v 1.624957 1.635668 0.000000
v 1.632206 1.642916 -0.024749
v 1.649706 1.660416 -0.035000
v 1.667206 1.677916 -0.024749
v 1.632782 1.731801 0.000000
v 1.627087 1.723277 0.024749
v 1.613337 1.702700 0.035000
v 1.599587 1.682122 0.024749
v 1.593892 1.673598 0.000000
v 1.599587 1.682122 -0.024749
v 1.613337 1.702700 -0.035000
v 1.627087 1.723277 -0.024749
v 1.585238 1.766455 0.000000
v 1.581315 1.756984 0.024749
v 1.571844 1.734119 0.035000
v 1.562373 1.711254 0.024749
v 1.558450 1.701783 0.000000
v 1.562373 1.711254 -0.024749
v 1.571844 1.734119 -0.035000
v 1.581315 1.756984 -0.024749
v 1.533650 1.787794 0.000000
v 1.531650 1.777740 0.024749
v 1.526822 1.753467 0.035000
v 1.521993 1.729194 0.024749
v 1.519994 1.719140 0.000000
v 1.521993 1.729194 -0.024749
v 1.526822 1.753467 -0.035000
v 1.531650 1.777740 -0.024749
v 1.480000 1.795000 0.000000
v 1.480000 1.784749 0.024749
v 1.480000 1.760000 0.035000
v 1.480000 1.735251 0.024749
v 1.480000 1.725000 0.000000
v 1.480000 1.735251 -0.024749
v 1.480000 1.760000 -0.035000
v 1.480000 1.784749 -0.024749
v 1.426350 1.787794 0.000000
v 1.428350 1.777740 0.024749
v 1.433178 1.753467 0.035000
v 1.438007 1.729194 0.024749
v 1.440006 1.719140 0.000000
v 1.438007 1.729194 -0.024749
v 1.433178 1.753467 -0.035000
v 1.428350 1.777740 -0.024749
v 1.374762 1.766455 0.000000
v 1.378685 1.756984 0.024749
v 1.388156 1.734119 0.035000
v 1.397627 1.711254 0.024749
v 1.401550 1.701783 0.000000
v 1.397627 1.711254 -0.024749
v 1.388156 1.734119 -0.035000
v 1.378685 1.756984 -0.024749
v 1.327218 1.731801 0.000000
v 1.332913 1.723277 0.024749
v 1.346663 1.702700 0.035000
v 1.360413 1.682122 0.024749
v 1.366108 1.673598 0.000000
v 1.360413 1.682122 -0.024749
v 1.346663 1.702700 -0.035000
v 1.332913 1.723277 -0.024749
v 1.285546 1.685165 0.000000
v 1.292794 1.677916 0.024749
v 1.310294 1.660416 0.035000
v 1.327794 1.642916 0.024749
v 1.335043 1.635668 0.000000
v 1.327794 1.642916 -0.024749
v 1.310294 1.660416 -0.035000
v 1.292794 1.677916 -0.024749
v 1.251346 1.628339 0.000000
v 1.259869 1.622644 0.024749
v 1.280447 1.608894 0.035000
v 1.301025 1.595144 0.024749
v 1.309549 1.589449 0.000000
v 1.301025 1.595144 -0.024749
v 1.280447 1.608894 -0.035000
v 1.259869 1.622644 -0.024749
v 1.225933 1.563506 0.000000
v 1.235404 1.559583 0.024749
v 1.258269 1.550112 0.035000
v 1.281134 1.540641 0.024749
v 1.290605 1.536718 0.000000
v 1.281134 1.540641 -0.024749
v 1.258269 1.550112 -0.035000
v 1.235404 1.559583 -0.024749
v 1.210284 1.493159 0.000000
v 1.220338 1.491159 0.024749
v 1.244612 1.486331 0.035000
v 1.268885 1.481502 0.024749
v 1.278939 1.479503 0.000000
v 1.268885 1.481502 -0.024749
v 1.244612 1.486331 -0.035000
v 1.220338 1.491159 -0.024749
v 1.205000 1.420000 0.000000
v 1.215251 1.420000 0.024749
v 1.240000 1.420000 0.035000
v 1.264749 1.420000 0.024749
v 1.275000 1.420000 0.000000
v 1.264749 1.420000 -0.024749
v 1.240000 1.420000 -0.035000
v 1.215251 1.420000 -0.024749
v 1.210284 1.346841 0.000000
v 1.220338 1.348841 0.024749
v 1.244612 1.353669 0.035000
v 1.268885 1.358498 0.024749
v 1.278939 1.360497 0.000000
v 1.268885 1.358498 -0.024749
v 1.244612 1.353669 -0.035000
v 1.220338 1.348841 -0.024749
v 1.225933 1.276494 0.000000
v 1.235404 1.280417 0.024749
v 1.258269 1.289888 0.035000
v 1.281134 1.299359 0.024749
v 1.290605 1.303282 0.000000
v 1.281134 1.299359 -0.024749
v 1.258269 1.289888 -0.035000
v 1.235404 1.280417 -0.024749
v 1.251346 1.211661 0.000000
v 1.259869 1.217356 0.024749
v 1.280447 1.231106 0.035000
v 1.301025 1.244856 0.024749
v 1.309549 1.250551 0.000000
v 1.301025 1.244856 -0.024749
v 1.280447 1.231106 -0.035000
v 1.259869 1.217356 -0.024749
v 1.285546 1.154835 0.000000
v 1.292794 1.162084 0.024749
v 1.310294 1.179584 0.035000
v 1.327794 1.197084 0.024749
v 1.335043 1.204332 0.000000
v 1.327794 1.197084 -0.024749
v 1.310294 1.179584 -0.035000
v 1.292794 1.162084 -0.024749
v 1.327218 1.108199 0.000000
v 1.332913 1.116723 0.024749
v 1.346663 1.137300 0.035000
v 1.360413 1.157878 0.024749
v 1.366108 1.166402 0.000000
v 1.360413 1.157878 -0.024749
v 1.346663 1.137300 -0.035000
v 1.332913 1.116723 -0.024749
v 1.374762 1.073545 0.000000
v 1.378685 1.083016 0.024749
v 1.388156 1.105881 0.035000
v 1.397627 1.128746 0.024749
v 1.401550 1.138217 0.000000
v 1.397627 1.128746 -0.024749
v 1.388156 1.105881 -0.035000
v 1.378685 1.083016 -0.024749
v 1.426350 1.052206 0.000000
v 1.428350 1.062260 0.024749
v 1.433178 1.086533 0.035000
v 1.438007 1.110806 0.024749
v 1.440006 1.120860 0.000000
v 1.438007 1.110806 -0.024749
v 1.433178 1.086533 -0.035000
v 1.428350 1.062260 -0.024749
v 1.480000 1.045000 0.000000
v 1.480000 1.055251 0.024749
v 1.480000 1.080000 0.035000
v 1.480000 1.104749 0.024749
v 1.480000 1.115000 0.000000
v 1.480000 1.104749 -0.024749
v 1.480000 1.080000 -0.035000
v 1.480000 1.055251 -0.024749
v 1.533650 1.052206 0.000000
v 1.531650 1.062260 0.024749
v 1.526822 1.086533 0.035000
v 1.521993 1.110806 0.024749
v 1.519994 1.120860 0.000000
v 1.521993 1.110806 -0.024749
v 1.526822 1.086533 -0.035000
v 1.531650 1.062260 -0.024749
v 1.585238 1.073545 0.000000
v 1.581315 1.083016 0.024749
v 1.571844 1.105881 0.035000
v 1.562373 1.128746 0.024749
v 1.558450 1.138217 0.000000
v 1.562373 1.128746 -0.024749
v 1.571844 1.105881 -0.035000
v 1.581315 1.083016 -0.024749
v 1.632782 1.108199 0.000000
v 1.627087 1.116723 0.024749
v 1.613337 1.137300 0.035000
v 1.599587 1.157878 0.024749
v 1.593892 1.166402 0.000000
v 1.599587 1.157878 -0.024749
v 1.613337 1.137300 -0.035000
v 1.627087 1.116723 -0.024749
v 1.674454 1.154835 0.000000
v 1.667206 1.162084 0.024749
v 1.649706 1.179584 0.035000
v 1.632206 1.197084 0.024749
v 1.624957 1.204332 0.000000
v 1.632206 1.197084 -0.024749
v 1.649706 1.179584 -0.035000
v 1.667206 1.162084 -0.024749
v 1.708654 1.211661 0.000000
v 1.700131 1.217356 0.024749
v 1.679553 1.231106 0.035000
v 1.658975 1.244856 0.024749
v 1.650451 1.250551 0.000000
v 1.658975 1.244856 -0.024749
v 1.679553 1.231106 -0.035000
v 1.700131 1.217356 -0.024749
v 1.734067 1.276494 0.000000
v 1.724596 1.280417 0.024749
v 1.701731 1.289888 0.035000
v 1.678866 1.299359 0.024749
v 1.669395 1.303282 0.000000
v 1.678866 1.299359 -0.024749
v 1.701731 1.289888 -0.035000
v 1.724596 1.280417 -0.024749
v 1.749716 1.346841 0.000000
v 1.739662 1.348841 0.024749
v 1.715388 1.353669 0.035000
v 1.691115 1.358498 0.024749
v 1.681061 1.360497 0.000000
v 1.691115 1.358498 -0.024749
v 1.715388 1.353669 -0.035000
v 1.739662 1.348841 -0.024749
f 10345 10353 10354
f 10345 10354 10346
f 10346 10354 10355
f 10346 10355 10347
f 10347 10355 10356
f 10347 10356 10348
f 10348 10356 10357
f 10348 10357 10349
f 10349 10357 10358
f 10349 10358 10350
f 10350 10358 10359
f 10350 10359 10351
f 10351 10359 10360
f 10351 10360 10352
f 10352 10360 10353
f 10352 10353 10345
f 10353 10361 10362
f 10353 10362 10354
f 10354 10362 10363
f 10354 10363 10355
f 10355 10363 10364
f 10355 10364 10356
f 10356 10364 10365
f 10356 10365 10357
f 10357 10365 10366
f 10357 10366 10358
f 10358 10366 10367
f 10358 10367 10359
f 10359 10367 10368
f 10359 10368 10360
f 10360 10368 10361
f 10360 10361 10353
f 10361 10369 10370
f 10361 10370 10362
f 10362 10370 10371
f 10362 10371 10363
f 10363 10371 10372
f 10363 10372 10364
f 10364 10372 10373
f 10364 10373 10365
f 10365 10373 10374
f 10365 10374 10366
f 10366 10374 10375
f 10366 10375 10367
f 10367 10375 10376
f 10367 10376 10368
f 10368 10376 10369
f 10368 10369 10361
f 10369 10377 10378
f 10369 10378 10370
f 10370 10378 10379
f 10370 10379 10371
f 10371 10379 10380
f 10371 10380 10372
f 10372 10380 10381
f 10372 10381 10373
f 10373 10381 10382
f 10373 10382 10374
f 10374 10382 10383
f 10374 10383 10375
f 10375 10383 10384
f 10375 10384 10376
f 10376 10384 10377
f 10376 10377 10369
f 10377 10385 10386
f 10377 10386 10378
f 10378 10386 10387
f 10378 10387 10379
f 10379 10387 10388
f 10379 10388 10380
f 10380 10388 10389
f 10380 10389 10381
f 10381 10389 10390
f 10381 10390 10382
f 10382 10390 10391
f 10382 10391 10383
f 10383 10391 10392
f 10383 10392 10384
f 10384 10392 10385
f 10384 10385 10377
f 10385 10393 10394
f 10385 10394 10386
f 10386 10394 10395
f 10386 10395 10387
f 10387 10395 10396
f 10387 10396 10388
f 10388 10396 10397
f 10388 10397 10389
f 10389 10397 10398
f 10389 10398 10390
f 10390 10398 10399
f 10390 10399 10391
f 10391 10399 10400
f 10391 10400 10392
f 10392 10400 10393
f 10392 10393 10385
f 10393 10401 10402
f 10393 10402 10394
f 10394 10402 10403
f 10394 10403 10395
f 10395 10403 10404
f 10395 10404 10396
f 10396 10404 10405
f 10396 10405 10397
f 10397 10405 10406
f 10397 10406 10398
f 10398 10406 10407
f 10398 10407 10399
f 10399 10407 10408
f 10399 10408 10400
f 10400 10408 10401
f 10400 10401 10393
f 10401 10409 10410
f 10401 10410 10402
f 10402 10410 10411
f 10402 10411 10403
f 10403 10411 10412
f 10403 10412 10404
f 10404 10412 10413
f 10404 10413 10405
f 10405 10413 10414
f 10405 10414 10406
f 10406 10414 10415
f 10406 10415 10407
f 10407 10415 10416
f 10407 10416 10408
f 10408 10416 10409
f 10408 10409 10401
f 10409 10417 10418
f 10409 10418 10410
f 10410 10418 10419
f 10410 10419 10411
f 10411 10419 10420
f 10411 10420 10412
f 10412 10420 10421
f 10412 10421 10413
f 10413 10421 10422
f 10413 10422 10414
f 10414 10422 10423
f 10414 10423 10415
f 10415 10423 10424
f 10415 10424 10416
f 10416 10424 10417
f 10416 10417 10409
f 10417 10425 10426
f 10417 10426 10418
f 10418 10426 10427
f 10418 10427 10419
f 10419 10427 10428
f 10419 10428 10420
f 10420 10428 10429
f 10420 10429 10421
f 10421 10429 10430
f 10421 10430 10422
f 10422 10430 10431
f 10422 10431 10423
f 10423 10431 10432
f 10423 10432 10424
f 10424 10432 10425
f 10424 10425 10417
f 10425 10433 10434
f 10425 10434 10426
f 10426 10434 10435
f 10426 10435 10427
f 10427 10435 10436
f 10427 10436 10428
f 10428 10436 10437
f 10428 10437 10429
f 10429 10437 10438
f 10429 10438 10430
f 10430 10438 10439
f 10430 10439 10431
f 10431 10439 10440
f 10431 10440 10432
f 10432 10440 10433
f 10432 10433 10425
f 10433 10441 10442
f 10433 10442 10434
f 10434 10442 10443
f 10434 10443 10435
f 10435 10443 10444
f 10435 10444 10436
f 10436 10444 10445
f 10436 10445 10437
f 10437 10445 10446
f 10437 10446 10438
f 10438 10446 10447
f 10438 10447 10439
f 10439 10447 10448
f 10439 10448 10440
f 10440 10448 10441
f 10440 10441 10433
f 10441 10449 10450
f 10441 10450 10442
f 10442 10450 10451
f 10442 10451 10443
f 10443 10451 10452
f 10443 10452 10444
f 10444 10452 10453
f 10444 10453 10445
f 10445 10453 10454
f 10445 10454 10446
f 10446 10454 10455
f 10446 10455 10447
f 10447 10455 10456
f 10447 10456 10448
f 10448 10456 10449
f 10448 10449 10441
f 10449 10457 10458
f 10449 10458 10450
f 10450 10458 10459
f 10450 10459 10451
f 10451 10459 10460
f 10451 10460 10452
f 10452 10460 10461
f 10452 10461 10453
f 10453 10461 10462
f 10453 10462 10454
f 10454 10462 10463
f 10454 10463 10455
f 10455 10463 10464
f 10455 10464 10456
f 10456 10464 10457
f 10456 10457 10449
f 10457 10465 10466
f 10457 10466 10458
f 10458 10466 10467
f 10458 10467 10459
f 10459 10467 10468
f 10459 10468 10460
f 10460 10468 10469
f 10460 10469 10461
f 10461 10469 10470
f 10461 10470 10462
f 10462 10470 10471
f 10462 10471 10463
f 10463 10471 10472
f 10463 10472 10464
f 10464 10472 10465
f 10464 10465 10457
f 10465 10473 10474
f 10465 10474 10466
f 10466 10474 10475
f 10466 10475 10467
f 10467 10475 10476
f 10467 10476 10468
f 10468 10476 10477
f 10468 10477 10469
f 10469 10477 10478
f 10469 10478 10470
f 10470 10478 10479
f 10470 10479 10471
f 10471 10479 10480
f 10471 10480 10472
f 10472 10480 10473
f 10472 10473 10465
f 10473 10481 10482
f 10473 10482 10474
f 10474 10482 10483
f 10474 10483 10475
f 10475 10483 10484
f 10475 10484 10476
f 10476 10484 10485
f 10476 10485 10477
f 10477 10485 10486
f 10477 10486 10478
f 10478 10486 10487
f 10478 10487 10479
f 10479 10487 10488
f 10479 10488 10480
f 10480 10488 10481
f 10480 10481 10473
f 10481 10489 10490
f 10481 10490 10482
f 10482 10490 10491
f 10482 10491 10483
f 10483 10491 10492
f 10483 10492 10484
f 10484 10492 10493
f 10484 10493 10485
f 10485 10493 10494
f 10485 10494 10486
f 10486 10494 10495
f 10486 10495 10487
f 10487 10495 10496
f 10487 10496 10488
f 10488 10496 10489
f 10488 10489 10481
f 10489 10497 10498
f 10489 10498 10490
f 10490 10498 10499
f 10490 10499 10491
f 10491 10499 10500
f 10491 10500 10492
f 10492 10500 10501
f 10492 10501 10493
f 10493 10501 10502
f 10493 10502 10494
f 10494 10502 10503
f 10494 10503 10495
f 10495 10503 10504
f 10495 10504 10496
f 10496 10504 10497
f 10496 10497 10489
f 10497 10505 10506
f 10497 10506 10498
f 10498 10506 10507
f 10498 10507 10499
f 10499 10507 10508
f 10499 10508 10500
f 10500 10508 10509
f 10500 10509 10501
f 10501 10509 10510
f 10501 10510 10502
f 10502 10510 10511
f 10502 10511 10503
f 10503 10511 10512
f 10503 10512 10504
f 10504 10512 10505
f 10504 10505 10497
f 10505 10513 10514
f 10505 10514 10506
f 10506 10514 10515
f 10506 10515 10507
f 10507 10515 10516
f 10507 10516 10508
f 10508 10516 10517
f 10508 10517 10509
f 10509 10517 10518
f 10509 10518 10510
f 10510 10518 10519
f 10510 10519 10511
f 10511 10519 10520
f 10511 10520 10512
f 10512 10520 10513
f 10512 10513 10505
f 10513 10521 10522
f 10513 10522 10514
f 10514 10522 10523
f 10514 10523 10515
f 10515 10523 10524
f 10515 10524 10516
f 10516 10524 10525
f 10516 10525 10517
f 10517 10525 10526
f 10517 10526 10518
f 10518 10526 10527
f 10518 10527 10519
f 10519 10527 10528
f 10519 10528 10520
f 10520 10528 10521
f 10520 10521 10513
f 10521 10529 10530
f 10521 10530 10522
f 10522 10530 10531
f 10522 10531 10523
f 10523 10531 10532
f 10523 10532 10524
f 10524 10532 10533
f 10524 10533 10525
f 10525 10533 10534
f 10525 10534 10526
f 10526 10534 10535
f 10526 10535 10527
f 10527 10535 10536
f 10527 10536 10528
f 10528 10536 10529
f 10528 10529 10521
f 10529 10537 10538
f 10529 10538 10530
f 10530 10538 10539
f 10530 10539 10531
f 10531 10539 10540
f 10531 10540 10532
f 10532 10540 10541
f 10532 10541 10533
f 10533 10541 10542
f 10533 10542 10534
f 10534 10542 10543
f 10534 10543 10535
f 10535 10543 10544
f 10535 10544 10536
f 10536 10544 10537
f 10536 10537 10529
f 10537 10545 10546
f 10537 10546 10538
f 10538 10546 10547
f 10538 10547 10539
f 10539 10547 10548
f 10539 10548 10540
f 10540 10548 10549
f 10540 10549 10541
f 10541 10549 10550
f 10541 10550 10542
f 10542 10550 10551
f 10542 10551 10543
f 10543 10551 10552
f 10543 10552 10544
f 10544 10552 10545
f 10544 10545 10537
f 10545 10553 10554
f 10545 10554 10546
f 10546 10554 10555
f 10546 10555 10547
f 10547 10555 10556
f 10547 10556 10548
f 10548 10556 10557
f 10548 10557 10549
f 10549 10557 10558
f 10549 10558 10550
f 10550 10558 10559
f 10550 10559 10551
f 10551 10559 10560
f 10551 10560 10552
f 10552 10560 10553
f 10552 10553 10545
f 10553 10561 10562
f 10553 10562 10554
f 10554 10562 10563
f 10554 10563 10555
f 10555 10563 10564
f 10555 10564 10556
f 10556 10564 10565
f 10556 10565 10557
f 10557 10565 10566
f 10557 10566 10558
f 10558 10566 10567
f 10558 10567 10559
f 10559 10567 10568
f 10559 10568 10560
f 10560 10568 10561
f 10560 10561 10553
f 10561 10569 10570
f 10561 10570 10562
f 10562 10570 10571
f 10562 10571 10563
f 10563 10571 10572
f 10563 10572 10564
f 10564 10572 10573
f 10564 10573 10565
f 10565 10573 10574
f 10565 10574 10566
f 10566 10574 10575
f 10566 10575 10567
f 10567 10575 10576
f 10567 10576 10568
f 10568 10576 10569
f 10568 10569 10561
f 10569 10577 10578
f 10569 10578 10570
f 10570 10578 10579
f 10570 10579 10571
f 10571 10579 10580
f 10571 10580 10572
f 10572 10580 10581
f 10572 10581 10573
f 10573 10581 10582
f 10573 10582 10574
f 10574 10582 10583
f 10574 10583 10575
f 10575 10583 10584
f 10575 10584 10576
f 10576 10584 10577
f 10576 10577 10569
f 10577 10585 10586
f 10577 10586 10578
f 10578 10586 10587
f 10578 10587 10579
f 10579 10587 10588
f 10579 10588 10580
f 10580 10588 10589
f 10580 10589 10581
f 10581 10589 10590
f 10581 10590 10582
f 10582 10590 10591
f 10582 10591 10583
f 10583 10591 10592
f 10583 10592 10584
f 10584 10592 10585
f 10584 10585 10577
f 10585 10593 10594
f 10585 10594 10586
f 10586 10594 10595
f 10586 10595 10587
f 10587 10595 10596
f 10587 10596 10588
f 10588 10596 10597
f 10588 10597 10589
f 10589 10597 10598
f 10589 10598 10590
f 10590 10598 10599
f 10590 10599 10591
f 10591 10599 10600
f 10591 10600 10592
f 10592 10600 10593
f 10592 10593 10585
f 10593 10345 10346
f 10593 10346 10594
f 10594 10346 10347
f 10594 10347 10595
f 10595 10347 10348
f 10595 10348 10596
f 10596 10348 10349
f 10596 10349 10597
f 10597 10349 10350
f 10597 10350 10598
f 10598 10350 10351
f 10598 10351 10599
f 10599 10351 10352
f 10599 10352 10600
f 10600 10352 10345
f 10600 10345 10593
o Racket_Handle
g Racket_Handle
usemtl Grip_Black
v 1.480000 0.530000 0.000000
v 1.480000 1.100000 0.000000
v 1.480000 0.530000 -0.038000
v 1.461000 0.530000 -0.032909
v 1.447091 0.530000 -0.019000
v 1.442000 0.530000 -0.000000
v 1.447091 0.530000 0.019000
v 1.461000 0.530000 0.032909
v 1.480000 0.530000 0.038000
v 1.499000 0.530000 0.032909
v 1.512909 0.530000 0.019000
v 1.518000 0.530000 0.000000
v 1.512909 0.530000 -0.019000
v 1.499000 0.530000 -0.032909
v 1.480000 1.100000 -0.048000
v 1.456000 1.100000 -0.041569
v 1.438431 1.100000 -0.024000
v 1.432000 1.100000 -0.000000
v 1.438431 1.100000 0.024000
v 1.456000 1.100000 0.041569
v 1.480000 1.100000 0.048000
v 1.504000 1.100000 0.041569
v 1.521569 1.100000 0.024000
v 1.528000 1.100000 0.000000
v 1.521569 1.100000 -0.024000
v 1.504000 1.100000 -0.041569
f 10603 10604 10616
f 10603 10616 10615
f 10601 10604 10603
f 10602 10615 10616
f 10604 10605 10617
f 10604 10617 10616
f 10601 10605 10604
f 10602 10616 10617
f 10605 10606 10618
f 10605 10618 10617
f 10601 10606 10605
f 10602 10617 10618
f 10606 10607 10619
f 10606 10619 10618
f 10601 10607 10606
f 10602 10618 10619
f 10607 10608 10620
f 10607 10620 10619
f 10601 10608 10607
f 10602 10619 10620
f 10608 10609 10621
f 10608 10621 10620
f 10601 10609 10608
f 10602 10620 10621
f 10609 10610 10622
f 10609 10622 10621
f 10601 10610 10609
f 10602 10621 10622
f 10610 10611 10623
f 10610 10623 10622
f 10601 10611 10610
f 10602 10622 10623
f 10611 10612 10624
f 10611 10624 10623
f 10601 10612 10611
f 10602 10623 10624
f 10612 10613 10625
f 10612 10625 10624
f 10601 10613 10612
f 10602 10624 10625
f 10613 10614 10626
f 10613 10626 10625
f 10601 10614 10613
f 10602 10625 10626
f 10614 10603 10615
f 10614 10615 10626
f 10601 10603 10614
f 10602 10626 10615
o Racket_Throat_Left
g Racket_Throat_Left
usemtl Deep_Navy
v 1.480000 1.100000 0.000000
v 1.330000 1.210000 0.000000
v 1.480000 1.100000 -0.027000
v 1.470615 1.087202 -0.021843
v 1.464815 1.079293 -0.008343
v 1.464815 1.079293 0.008343
v 1.470615 1.087202 0.021843
v 1.480000 1.100000 0.027000
v 1.489385 1.112798 0.021843
v 1.495185 1.120707 0.008343
v 1.495185 1.120707 -0.008343
v 1.489385 1.112798 -0.021843
v 1.330000 1.210000 -0.025000
v 1.321310 1.198150 -0.020225
v 1.315939 1.190827 -0.007725
v 1.315939 1.190827 0.007725
v 1.321310 1.198150 0.020225
v 1.330000 1.210000 0.025000
v 1.338690 1.221850 0.020225
v 1.344061 1.229173 0.007725
v 1.344061 1.229173 -0.007725
v 1.338690 1.221850 -0.020225
f 10629 10630 10640
f 10629 10640 10639
f 10627 10630 10629
f 10628 10639 10640
f 10630 10631 10641
f 10630 10641 10640
f 10627 10631 10630
f 10628 10640 10641
f 10631 10632 10642
f 10631 10642 10641
f 10627 10632 10631
f 10628 10641 10642
f 10632 10633 10643
f 10632 10643 10642
f 10627 10633 10632
f 10628 10642 10643
f 10633 10634 10644
f 10633 10644 10643
f 10627 10634 10633
f 10628 10643 10644
f 10634 10635 10645
f 10634 10645 10644
f 10627 10635 10634
f 10628 10644 10645
f 10635 10636 10646
f 10635 10646 10645
f 10627 10636 10635
f 10628 10645 10646
f 10636 10637 10647
f 10636 10647 10646
f 10627 10637 10636
f 10628 10646 10647
f 10637 10638 10648
f 10637 10648 10647
f 10627 10638 10637
f 10628 10647 10648
f 10638 10629 10639
f 10638 10639 10648
f 10627 10629 10638
f 10628 10648 10639
o Racket_Throat_Right
g Racket_Throat_Right
usemtl Deep_Navy
v 1.480000 1.100000 0.000000
v 1.630000 1.210000 0.000000
v 1.480000 1.100000 0.027000
v 1.489385 1.087202 0.021843
v 1.495185 1.079293 0.008343
v 1.495185 1.079293 -0.008343
v 1.489385 1.087202 -0.021843
v 1.480000 1.100000 -0.027000
v 1.470615 1.112798 -0.021843
v 1.464815 1.120707 -0.008343
v 1.464815 1.120707 0.008343
v 1.470615 1.112798 0.021843
v 1.630000 1.210000 0.025000
v 1.638690 1.198150 0.020225
v 1.644061 1.190827 0.007725
v 1.644061 1.190827 -0.007725
v 1.638690 1.198150 -0.020225
v 1.630000 1.210000 -0.025000
v 1.621310 1.221850 -0.020225
v 1.615939 1.229173 -0.007725
v 1.615939 1.229173 0.007725
v 1.621310 1.221850 0.020225
f 10651 10652 10662
f 10651 10662 10661
f 10649 10652 10651
f 10650 10661 10662
f 10652 10653 10663
f 10652 10663 10662
f 10649 10653 10652
f 10650 10662 10663
f 10653 10654 10664
f 10653 10664 10663
f 10649 10654 10653
f 10650 10663 10664
f 10654 10655 10665
f 10654 10665 10664
f 10649 10655 10654
f 10650 10664 10665
f 10655 10656 10666
f 10655 10666 10665
f 10649 10656 10655
f 10650 10665 10666
f 10656 10657 10667
f 10656 10667 10666
f 10649 10657 10656
f 10650 10666 10667
f 10657 10658 10668
f 10657 10668 10667
f 10649 10658 10657
f 10650 10667 10668
f 10658 10659 10669
f 10658 10669 10668
f 10649 10659 10658
f 10650 10668 10669
f 10659 10660 10670
f 10659 10670 10669
f 10649 10660 10659
f 10650 10669 10670
f 10660 10651 10661
f 10660 10661 10670
f 10649 10651 10660
f 10650 10670 10661
o Racket_String_V_0
g Racket_String_V_0
usemtl Deep_Navy
v 1.300000 1.214954 0.000000
v 1.300000 1.625046 0.000000
v 1.300000 1.214954 -0.004000
v 1.296536 1.214954 -0.002000
v 1.296536 1.214954 0.002000
v 1.300000 1.214954 0.004000
v 1.303464 1.214954 0.002000
v 1.303464 1.214954 -0.002000
v 1.300000 1.625046 -0.004000
v 1.296536 1.625046 -0.002000
v 1.296536 1.625046 0.002000
v 1.300000 1.625046 0.004000
v 1.303464 1.625046 0.002000
v 1.303464 1.625046 -0.002000
f 10673 10674 10680
f 10673 10680 10679
f 10671 10674 10673
f 10672 10679 10680
f 10674 10675 10681
f 10674 10681 10680
f 10671 10675 10674
f 10672 10680 10681
f 10675 10676 10682
f 10675 10682 10681
f 10671 10676 10675
f 10672 10681 10682
f 10676 10677 10683
f 10676 10683 10682
f 10671 10677 10676
f 10672 10682 10683
f 10677 10678 10684
f 10677 10684 10683
f 10671 10678 10677
f 10672 10683 10684
f 10678 10673 10679
f 10678 10679 10684
f 10671 10673 10678
f 10672 10684 10679
o Racket_String_V_1
g Racket_String_V_1
usemtl Deep_Navy
v 1.345000 1.163693 0.000000
v 1.345000 1.676307 0.000000
v 1.345000 1.163693 -0.004000
v 1.341536 1.163693 -0.002000
v 1.341536 1.163693 0.002000
v 1.345000 1.163693 0.004000
v 1.348464 1.163693 0.002000
v 1.348464 1.163693 -0.002000
v 1.345000 1.676307 -0.004000
v 1.341536 1.676307 -0.002000
v 1.341536 1.676307 0.002000
v 1.345000 1.676307 0.004000
v 1.348464 1.676307 0.002000
v 1.348464 1.676307 -0.002000
f 10687 10688 10694
f 10687 10694 10693
f 10685 10688 10687
f 10686 10693 10694
f 10688 10689 10695
f 10688 10695 10694
f 10685 10689 10688
f 10686 10694 10695
f 10689 10690 10696
f 10689 10696 10695
f 10685 10690 10689
f 10686 10695 10696
f 10690 10691 10697
f 10690 10697 10696
f 10685 10691 10690
f 10686 10696 10697
f 10691 10692 10698
f 10691 10698 10697
f 10685 10692 10691
f 10686 10697 10698
f 10692 10687 10693
f 10692 10693 10698
f 10685 10687 10692
f 10686 10698 10693
o Racket_String_V_2
g Racket_String_V_2
usemtl Deep_Navy
v 1.390000 1.132622 0.000000
v 1.390000 1.707378 0.000000
v 1.390000 1.132622 -0.004000
v 1.386536 1.132622 -0.002000
v 1.386536 1.132622 0.002000
v 1.390000 1.132622 0.004000
v 1.393464 1.132622 0.002000
v 1.393464 1.132622 -0.002000
v 1.390000 1.707378 -0.004000
v 1.386536 1.707378 -0.002000
v 1.386536 1.707378 0.002000
v 1.390000 1.707378 0.004000
v 1.393464 1.707378 0.002000
v 1.393464 1.707378 -0.002000
f 10701 10702 10708
f 10701 10708 10707
f 10699 10702 10701
f 10700 10707 10708
f 10702 10703 10709
f 10702 10709 10708
f 10699 10703 10702
f 10700 10708 10709
f 10703 10704 10710
f 10703 10710 10709
f 10699 10704 10703
f 10700 10709 10710
f 10704 10705 10711
f 10704 10711 10710
f 10699 10705 10704
f 10700 10710 10711
f 10705 10706 10712
f 10705 10712 10711
f 10699 10706 10705
f 10700 10711 10712
f 10706 10701 10707
f 10706 10707 10712
f 10699 10701 10706
f 10700 10712 10707
o Racket_String_V_3
g Racket_String_V_3
usemtl Deep_Navy
v 1.435000 1.115498 0.000000
v 1.435000 1.724502 0.000000
v 1.435000 1.115498 -0.004000
v 1.431536 1.115498 -0.002000
v 1.431536 1.115498 0.002000
v 1.435000 1.115498 0.004000
v 1.438464 1.115498 0.002000
v 1.438464 1.115498 -0.002000
v 1.435000 1.724502 -0.004000
v 1.431536 1.724502 -0.002000
v 1.431536 1.724502 0.002000
v 1.435000 1.724502 0.004000
v 1.438464 1.724502 0.002000
v 1.438464 1.724502 -0.002000
f 10715 10716 10722
f 10715 10722 10721
f 10713 10716 10715
f 10714 10721 10722
f 10716 10717 10723
f 10716 10723 10722
f 10713 10717 10716
f 10714 10722 10723
f 10717 10718 10724
f 10717 10724 10723
f 10713 10718 10717
f 10714 10723 10724
f 10718 10719 10725
f 10718 10725 10724
f 10713 10719 10718
f 10714 10724 10725
f 10719 10720 10726
f 10719 10726 10725
f 10713 10720 10719
f 10714 10725 10726
f 10720 10715 10721
f 10720 10721 10726
f 10713 10715 10720
f 10714 10726 10721
o Racket_String_V_4
g Racket_String_V_4
usemtl Deep_Navy
v 1.480000 1.110000 0.000000
v 1.480000 1.730000 0.000000
v 1.480000 1.110000 -0.004000
v 1.476536 1.110000 -0.002000
v 1.476536 1.110000 0.002000
v 1.480000 1.110000 0.004000
v 1.483464 1.110000 0.002000
v 1.483464 1.110000 -0.002000
v 1.480000 1.730000 -0.004000
v 1.476536 1.730000 -0.002000
v 1.476536 1.730000 0.002000
v 1.480000 1.730000 0.004000
v 1.483464 1.730000 0.002000
v 1.483464 1.730000 -0.002000
f 10729 10730 10736
f 10729 10736 10735
f 10727 10730 10729
f 10728 10735 10736
f 10730 10731 10737
f 10730 10737 10736
f 10727 10731 10730
f 10728 10736 10737
f 10731 10732 10738
f 10731 10738 10737
f 10727 10732 10731
f 10728 10737 10738
f 10732 10733 10739
f 10732 10739 10738
f 10727 10733 10732
f 10728 10738 10739
f 10733 10734 10740
f 10733 10740 10739
f 10727 10734 10733
f 10728 10739 10740
f 10734 10729 10735
f 10734 10735 10740
f 10727 10729 10734
f 10728 10740 10735
o Racket_String_V_5
g Racket_String_V_5
usemtl Deep_Navy
v 1.525000 1.115498 0.000000
v 1.525000 1.724502 0.000000
v 1.525000 1.115498 -0.004000
v 1.521536 1.115498 -0.002000
v 1.521536 1.115498 0.002000
v 1.525000 1.115498 0.004000
v 1.528464 1.115498 0.002000
v 1.528464 1.115498 -0.002000
v 1.525000 1.724502 -0.004000
v 1.521536 1.724502 -0.002000
v 1.521536 1.724502 0.002000
v 1.525000 1.724502 0.004000
v 1.528464 1.724502 0.002000
v 1.528464 1.724502 -0.002000
f 10743 10744 10750
f 10743 10750 10749
f 10741 10744 10743
f 10742 10749 10750
f 10744 10745 10751
f 10744 10751 10750
f 10741 10745 10744
f 10742 10750 10751
f 10745 10746 10752
f 10745 10752 10751
f 10741 10746 10745
f 10742 10751 10752
f 10746 10747 10753
f 10746 10753 10752
f 10741 10747 10746
f 10742 10752 10753
f 10747 10748 10754
f 10747 10754 10753
f 10741 10748 10747
f 10742 10753 10754
f 10748 10743 10749
f 10748 10749 10754
f 10741 10743 10748
f 10742 10754 10749
o Racket_String_V_6
g Racket_String_V_6
usemtl Deep_Navy
v 1.570000 1.132622 0.000000
v 1.570000 1.707378 0.000000
v 1.570000 1.132622 -0.004000
v 1.566536 1.132622 -0.002000
v 1.566536 1.132622 0.002000
v 1.570000 1.132622 0.004000
v 1.573464 1.132622 0.002000
v 1.573464 1.132622 -0.002000
v 1.570000 1.707378 -0.004000
v 1.566536 1.707378 -0.002000
v 1.566536 1.707378 0.002000
v 1.570000 1.707378 0.004000
v 1.573464 1.707378 0.002000
v 1.573464 1.707378 -0.002000
f 10757 10758 10764
f 10757 10764 10763
f 10755 10758 10757
f 10756 10763 10764
f 10758 10759 10765
f 10758 10765 10764
f 10755 10759 10758
f 10756 10764 10765
f 10759 10760 10766
f 10759 10766 10765
f 10755 10760 10759
f 10756 10765 10766
f 10760 10761 10767
f 10760 10767 10766
f 10755 10761 10760
f 10756 10766 10767
f 10761 10762 10768
f 10761 10768 10767
f 10755 10762 10761
f 10756 10767 10768
f 10762 10757 10763
f 10762 10763 10768
f 10755 10757 10762
f 10756 10768 10763
o Racket_String_V_7
g Racket_String_V_7
usemtl Deep_Navy
v 1.615000 1.163693 0.000000
v 1.615000 1.676307 0.000000
v 1.615000 1.163693 -0.004000
v 1.611536 1.163693 -0.002000
v 1.611536 1.163693 0.002000
v 1.615000 1.163693 0.004000
v 1.618464 1.163693 0.002000
v 1.618464 1.163693 -0.002000
v 1.615000 1.676307 -0.004000
v 1.611536 1.676307 -0.002000
v 1.611536 1.676307 0.002000
v 1.615000 1.676307 0.004000
v 1.618464 1.676307 0.002000
v 1.618464 1.676307 -0.002000
f 10771 10772 10778
f 10771 10778 10777
f 10769 10772 10771
f 10770 10777 10778
f 10772 10773 10779
f 10772 10779 10778
f 10769 10773 10772
f 10770 10778 10779
f 10773 10774 10780
f 10773 10780 10779
f 10769 10774 10773
f 10770 10779 10780
f 10774 10775 10781
f 10774 10781 10780
f 10769 10775 10774
f 10770 10780 10781
f 10775 10776 10782
f 10775 10782 10781
f 10769 10776 10775
f 10770 10781 10782
f 10776 10771 10777
f 10776 10777 10782
f 10769 10771 10776
f 10770 10782 10777
o Racket_String_V_8
g Racket_String_V_8
usemtl Deep_Navy
v 1.660000 1.214954 0.000000
v 1.660000 1.625046 0.000000
v 1.660000 1.214954 -0.004000
v 1.656536 1.214954 -0.002000
v 1.656536 1.214954 0.002000
v 1.660000 1.214954 0.004000
v 1.663464 1.214954 0.002000
v 1.663464 1.214954 -0.002000
v 1.660000 1.625046 -0.004000
v 1.656536 1.625046 -0.002000
v 1.656536 1.625046 0.002000
v 1.660000 1.625046 0.004000
v 1.663464 1.625046 0.002000
v 1.663464 1.625046 -0.002000
f 10785 10786 10792
f 10785 10792 10791
f 10783 10786 10785
f 10784 10791 10792
f 10786 10787 10793
f 10786 10793 10792
f 10783 10787 10786
f 10784 10792 10793
f 10787 10788 10794
f 10787 10794 10793
f 10783 10788 10787
f 10784 10793 10794
f 10788 10789 10795
f 10788 10795 10794
f 10783 10789 10788
f 10784 10794 10795
f 10789 10790 10796
f 10789 10796 10795
f 10783 10790 10789
f 10784 10795 10796
f 10790 10785 10791
f 10790 10791 10796
f 10783 10785 10790
f 10784 10796 10791
o Racket_String_H_0
g Racket_String_H_0
usemtl Deep_Navy
v 1.346292 1.150000 0.000000
v 1.613708 1.150000 0.000000
v 1.346292 1.150000 0.004000
v 1.346292 1.146536 0.002000
v 1.346292 1.146536 -0.002000
v 1.346292 1.150000 -0.004000
v 1.346292 1.153464 -0.002000
v 1.346292 1.153464 0.002000
v 1.613708 1.150000 0.004000
v 1.613708 1.146536 0.002000
v 1.613708 1.146536 -0.002000
v 1.613708 1.150000 -0.004000
v 1.613708 1.153464 -0.002000
v 1.613708 1.153464 0.002000
f 10799 10800 10806
f 10799 10806 10805
f 10797 10800 10799
f 10798 10805 10806
f 10800 10801 10807
f 10800 10807 10806
f 10797 10801 10800
f 10798 10806 10807
f 10801 10802 10808
f 10801 10808 10807
f 10797 10802 10801
f 10798 10807 10808
f 10802 10803 10809
f 10802 10809 10808
f 10797 10803 10802
f 10798 10808 10809
f 10803 10804 10810
f 10803 10810 10809
f 10797 10804 10803
f 10798 10809 10810
f 10804 10799 10805
f 10804 10805 10810
f 10797 10799 10804
f 10798 10810 10805
o Racket_String_H_1
g Racket_String_H_1
usemtl Deep_Navy
v 1.315063 1.195000 0.000000
v 1.644937 1.195000 0.000000
v 1.315063 1.195000 0.004000
v 1.315063 1.191536 0.002000
v 1.315063 1.191536 -0.002000
v 1.315063 1.195000 -0.004000
v 1.315063 1.198464 -0.002000
v 1.315063 1.198464 0.002000
v 1.644937 1.195000 0.004000
v 1.644937 1.191536 0.002000
v 1.644937 1.191536 -0.002000
v 1.644937 1.195000 -0.004000
v 1.644937 1.198464 -0.002000
v 1.644937 1.198464 0.002000
f 10813 10814 10820
f 10813 10820 10819
f 10811 10814 10813
f 10812 10819 10820
f 10814 10815 10821
f 10814 10821 10820
f 10811 10815 10814
f 10812 10820 10821
f 10815 10816 10822
f 10815 10822 10821
f 10811 10816 10815
f 10812 10821 10822
f 10816 10817 10823
f 10816 10823 10822
f 10811 10817 10816
f 10812 10822 10823
f 10817 10818 10824
f 10817 10824 10823
f 10811 10818 10817
f 10812 10823 10824
f 10818 10813 10819
f 10818 10819 10824
f 10811 10813 10818
f 10812 10824 10819
o Racket_String_H_2
g Racket_String_H_2
usemtl Deep_Navy
v 1.293360 1.240000 0.000000
v 1.666640 1.240000 0.000000
v 1.293360 1.240000 0.004000
v 1.293360 1.236536 0.002000
v 1.293360 1.236536 -0.002000
v 1.293360 1.240000 -0.004000
v 1.293360 1.243464 -0.002000
v 1.293360 1.243464 0.002000
v 1.666640 1.240000 0.004000
v 1.666640 1.236536 0.002000
v 1.666640 1.236536 -0.002000
v 1.666640 1.240000 -0.004000
v 1.666640 1.243464 -0.002000
v 1.666640 1.243464 0.002000
f 10827 10828 10834
f 10827 10834 10833
f 10825 10828 10827
f 10826 10833 10834
f 10828 10829 10835
f 10828 10835 10834
f 10825 10829 10828
f 10826 10834 10835
f 10829 10830 10836
f 10829 10836 10835
f 10825 10830 10829
f 10826 10835 10836
f 10830 10831 10837
f 10830 10837 10836
f 10825 10831 10830
f 10826 10836 10837
f 10831 10832 10838
f 10831 10838 10837
f 10825 10832 10831
f 10826 10837 10838
f 10832 10827 10833
f 10832 10833 10838
f 10825 10827 10832
f 10826 10838 10833
o Racket_String_H_3
g Racket_String_H_3
usemtl Deep_Navy
v 1.278086 1.285000 0.000000
v 1.681914 1.285000 0.000000
v 1.278086 1.285000 0.004000
v 1.278086 1.281536 0.002000
v 1.278086 1.281536 -0.002000
v 1.278086 1.285000 -0.004000
v 1.278086 1.288464 -0.002000
v 1.278086 1.288464 0.002000
v 1.681914 1.285000 0.004000
v 1.681914 1.281536 0.002000
v 1.681914 1.281536 -0.002000
v 1.681914 1.285000 -0.004000
v 1.681914 1.288464 -0.002000
v 1.681914 1.288464 0.002000
f 10841 10842 10848
f 10841 10848 10847
f 10839 10842 10841
f 10840 10847 10848
f 10842 10843 10849
f 10842 10849 10848
f 10839 10843 10842
f 10840 10848 10849
f 10843 10844 10850
f 10843 10850 10849
f 10839 10844 10843
f 10840 10849 10850
f 10844 10845 10851
f 10844 10851 10850
f 10839 10845 10844
f 10840 10850 10851
f 10845 10846 10852
f 10845 10852 10851
f 10839 10846 10845
f 10840 10851 10852
f 10846 10841 10847
f 10846 10847 10852
f 10839 10841 10846
f 10840 10852 10847
o Racket_String_H_4
g Racket_String_H_4
usemtl Deep_Navy
v 1.267848 1.330000 0.000000
v 1.692152 1.330000 0.000000
v 1.267848 1.330000 0.004000
v 1.267848 1.326536 0.002000
v 1.267848 1.326536 -0.002000
v 1.267848 1.330000 -0.004000
v 1.267848 1.333464 -0.002000
v 1.267848 1.333464 0.002000
v 1.692152 1.330000 0.004000
v 1.692152 1.326536 0.002000
v 1.692152 1.326536 -0.002000
v 1.692152 1.330000 -0.004000
v 1.692152 1.333464 -0.002000
v 1.692152 1.333464 0.002000
f 10855 10856 10862
f 10855 10862 10861
f 10853 10856 10855
f 10854 10861 10862
f 10856 10857 10863
f 10856 10863 10862
f 10853 10857 10856
f 10854 10862 10863
f 10857 10858 10864
f 10857 10864 10863
f 10853 10858 10857
f 10854 10863 10864
f 10858 10859 10865
f 10858 10865 10864
f 10853 10859 10858
f 10854 10864 10865
f 10859 10860 10866
f 10859 10866 10865
f 10853 10860 10859
f 10854 10865 10866
f 10860 10855 10861
f 10860 10861 10866
f 10853 10855 10860
f 10854 10866 10861
o Racket_String_H_5
g Racket_String_H_5
usemtl Deep_Navy
v 1.261935 1.375000 0.000000
v 1.698065 1.375000 0.000000
v 1.261935 1.375000 0.004000
v 1.261935 1.371536 0.002000
v 1.261935 1.371536 -0.002000
v 1.261935 1.375000 -0.004000
v 1.261935 1.378464 -0.002000
v 1.261935 1.378464 0.002000
v 1.698065 1.375000 0.004000
v 1.698065 1.371536 0.002000
v 1.698065 1.371536 -0.002000
v 1.698065 1.375000 -0.004000
v 1.698065 1.378464 -0.002000
v 1.698065 1.378464 0.002000
f 10869 10870 10876
f 10869 10876 10875
f 10867 10870 10869
f 10868 10875 10876
f 10870 10871 10877
f 10870 10877 10876
f 10867 10871 10870
f 10868 10876 10877
f 10871 10872 10878
f 10871 10878 10877
f 10867 10872 10871
f 10868 10877 10878
f 10872 10873 10879
f 10872 10879 10878
f 10867 10873 10872
f 10868 10878 10879
f 10873 10874 10880
f 10873 10880 10879
f 10867 10874 10873
f 10868 10879 10880
f 10874 10869 10875
f 10874 10875 10880
f 10867 10869 10874
f 10868 10880 10875
o Racket_String_H_6
g Racket_String_H_6
usemtl Deep_Navy
v 1.260000 1.420000 0.000000
v 1.700000 1.420000 0.000000
v 1.260000 1.420000 0.004000
v 1.260000 1.416536 0.002000
v 1.260000 1.416536 -0.002000
v 1.260000 1.420000 -0.004000
v 1.260000 1.423464 -0.002000
v 1.260000 1.423464 0.002000
v 1.700000 1.420000 0.004000
v 1.700000 1.416536 0.002000
v 1.700000 1.416536 -0.002000
v 1.700000 1.420000 -0.004000
v 1.700000 1.423464 -0.002000
v 1.700000 1.423464 0.002000
f 10883 10884 10890
f 10883 10890 10889
f 10881 10884 10883
f 10882 10889 10890
f 10884 10885 10891
f 10884 10891 10890
f 10881 10885 10884
f 10882 10890 10891
f 10885 10886 10892
f 10885 10892 10891
f 10881 10886 10885
f 10882 10891 10892
f 10886 10887 10893
f 10886 10893 10892
f 10881 10887 10886
f 10882 10892 10893
f 10887 10888 10894
f 10887 10894 10893
f 10881 10888 10887
f 10882 10893 10894
f 10888 10883 10889
f 10888 10889 10894
f 10881 10883 10888
f 10882 10894 10889
o Racket_String_H_7
g Racket_String_H_7
usemtl Deep_Navy
v 1.261935 1.465000 0.000000
v 1.698065 1.465000 0.000000
v 1.261935 1.465000 0.004000
v 1.261935 1.461536 0.002000
v 1.261935 1.461536 -0.002000
v 1.261935 1.465000 -0.004000
v 1.261935 1.468464 -0.002000
v 1.261935 1.468464 0.002000
v 1.698065 1.465000 0.004000
v 1.698065 1.461536 0.002000
v 1.698065 1.461536 -0.002000
v 1.698065 1.465000 -0.004000
v 1.698065 1.468464 -0.002000
v 1.698065 1.468464 0.002000
f 10897 10898 10904
f 10897 10904 10903
f 10895 10898 10897
f 10896 10903 10904
f 10898 10899 10905
f 10898 10905 10904
f 10895 10899 10898
f 10896 10904 10905
f 10899 10900 10906
f 10899 10906 10905
f 10895 10900 10899
f 10896 10905 10906
f 10900 10901 10907
f 10900 10907 10906
f 10895 10901 10900
f 10896 10906 10907
f 10901 10902 10908
f 10901 10908 10907
f 10895 10902 10901
f 10896 10907 10908
f 10902 10897 10903
f 10902 10903 10908
f 10895 10897 10902
f 10896 10908 10903
o Racket_String_H_8
g Racket_String_H_8
usemtl Deep_Navy
v 1.267848 1.510000 0.000000
v 1.692152 1.510000 0.000000
v 1.267848 1.510000 0.004000
v 1.267848 1.506536 0.002000
v 1.267848 1.506536 -0.002000
v 1.267848 1.510000 -0.004000
v 1.267848 1.513464 -0.002000
v 1.267848 1.513464 0.002000
v 1.692152 1.510000 0.004000
v 1.692152 1.506536 0.002000
v 1.692152 1.506536 -0.002000
v 1.692152 1.510000 -0.004000
v 1.692152 1.513464 -0.002000
v 1.692152 1.513464 0.002000
f 10911 10912 10918
f 10911 10918 10917
f 10909 10912 10911
f 10910 10917 10918
f 10912 10913 10919
f 10912 10919 10918
f 10909 10913 10912
f 10910 10918 10919
f 10913 10914 10920
f 10913 10920 10919
f 10909 10914 10913
f 10910 10919 10920
f 10914 10915 10921
f 10914 10921 10920
f 10909 10915 10914
f 10910 10920 10921
f 10915 10916 10922
f 10915 10922 10921
f 10909 10916 10915
f 10910 10921 10922
f 10916 10911 10917
f 10916 10917 10922
f 10909 10911 10916
f 10910 10922 10917
o Racket_String_H_9
g Racket_String_H_9
usemtl Deep_Navy
v 1.278086 1.555000 0.000000
v 1.681914 1.555000 0.000000
v 1.278086 1.555000 0.004000
v 1.278086 1.551536 0.002000
v 1.278086 1.551536 -0.002000
v 1.278086 1.555000 -0.004000
v 1.278086 1.558464 -0.002000
v 1.278086 1.558464 0.002000
v 1.681914 1.555000 0.004000
v 1.681914 1.551536 0.002000
v 1.681914 1.551536 -0.002000
v 1.681914 1.555000 -0.004000
v 1.681914 1.558464 -0.002000
v 1.681914 1.558464 0.002000
f 10925 10926 10932
f 10925 10932 10931
f 10923 10926 10925
f 10924 10931 10932
f 10926 10927 10933
f 10926 10933 10932
f 10923 10927 10926
f 10924 10932 10933
f 10927 10928 10934
f 10927 10934 10933
f 10923 10928 10927
f 10924 10933 10934
f 10928 10929 10935
f 10928 10935 10934
f 10923 10929 10928
f 10924 10934 10935
f 10929 10930 10936
f 10929 10936 10935
f 10923 10930 10929
f 10924 10935 10936
f 10930 10925 10931
f 10930 10931 10936
f 10923 10925 10930
f 10924 10936 10931
o Racket_String_H_10
g Racket_String_H_10
usemtl Deep_Navy
v 1.293360 1.600000 0.000000
v 1.666640 1.600000 0.000000
v 1.293360 1.600000 0.004000
v 1.293360 1.596536 0.002000
v 1.293360 1.596536 -0.002000
v 1.293360 1.600000 -0.004000
v 1.293360 1.603464 -0.002000
v 1.293360 1.603464 0.002000
v 1.666640 1.600000 0.004000
v 1.666640 1.596536 0.002000
v 1.666640 1.596536 -0.002000
v 1.666640 1.600000 -0.004000
v 1.666640 1.603464 -0.002000
v 1.666640 1.603464 0.002000
f 10939 10940 10946
f 10939 10946 10945
f 10937 10940 10939
f 10938 10945 10946
f 10940 10941 10947
f 10940 10947 10946
f 10937 10941 10940
f 10938 10946 10947
f 10941 10942 10948
f 10941 10948 10947
f 10937 10942 10941
f 10938 10947 10948
f 10942 10943 10949
f 10942 10949 10948
f 10937 10943 10942
f 10938 10948 10949
f 10943 10944 10950
f 10943 10950 10949
f 10937 10944 10943
f 10938 10949 10950
f 10944 10939 10945
f 10944 10945 10950
f 10937 10939 10944
f 10938 10950 10945
o Racket_String_H_11
g Racket_String_H_11
usemtl Deep_Navy
v 1.315063 1.645000 0.000000
v 1.644937 1.645000 0.000000
v 1.315063 1.645000 0.004000
v 1.315063 1.641536 0.002000
v 1.315063 1.641536 -0.002000
v 1.315063 1.645000 -0.004000
v 1.315063 1.648464 -0.002000
v 1.315063 1.648464 0.002000
v 1.644937 1.645000 0.004000
v 1.644937 1.641536 0.002000
v 1.644937 1.641536 -0.002000
v 1.644937 1.645000 -0.004000
v 1.644937 1.648464 -0.002000
v 1.644937 1.648464 0.002000
f 10953 10954 10960
f 10953 10960 10959
f 10951 10954 10953
f 10952 10959 10960
f 10954 10955 10961
f 10954 10961 10960
f 10951 10955 10954
f 10952 10960 10961
f 10955 10956 10962
f 10955 10962 10961
f 10951 10956 10955
f 10952 10961 10962
f 10956 10957 10963
f 10956 10963 10962
f 10951 10957 10956
f 10952 10962 10963
f 10957 10958 10964
f 10957 10964 10963
f 10951 10958 10957
f 10952 10963 10964
f 10958 10953 10959
f 10958 10959 10964
f 10951 10953 10958
f 10952 10964 10959
o Racket_String_H_12
g Racket_String_H_12
usemtl Deep_Navy
v 1.346292 1.690000 0.000000
v 1.613708 1.690000 0.000000
v 1.346292 1.690000 0.004000
v 1.346292 1.686536 0.002000
v 1.346292 1.686536 -0.002000
v 1.346292 1.690000 -0.004000
v 1.346292 1.693464 -0.002000
v 1.346292 1.693464 0.002000
v 1.613708 1.690000 0.004000
v 1.613708 1.686536 0.002000
v 1.613708 1.686536 -0.002000
v 1.613708 1.690000 -0.004000
v 1.613708 1.693464 -0.002000
v 1.613708 1.693464 0.002000
f 10967 10968 10974
f 10967 10974 10973
f 10965 10968 10967
f 10966 10973 10974
f 10968 10969 10975
f 10968 10975 10974
f 10965 10969 10968
f 10966 10974 10975
f 10969 10970 10976
f 10969 10976 10975
f 10965 10970 10969
f 10966 10975 10976
f 10970 10971 10977
f 10970 10977 10976
f 10965 10971 10970
f 10966 10976 10977
f 10971 10972 10978
f 10971 10978 10977
f 10965 10972 10971
f 10966 10977 10978
f 10972 10967 10973
f 10972 10973 10978
f 10965 10967 10972
f 10966 10978 10973
