mtllib Lux_Fox_Model_v1.mtl
s 1
o L_Shoe
g L_Shoe
usemtl Sport_White
v -0.260000 0.000000 0.090000
v -0.260000 0.000000 0.090000
v -0.260000 0.000000 0.090000
v -0.260000 0.000000 0.090000
v -0.260000 0.000000 0.090000
v -0.260000 0.000000 0.090000
v -0.260000 0.000000 0.090000
v -0.260000 0.000000 0.090000
v -0.260000 0.000000 0.090000
v -0.260000 0.000000 0.090000
v -0.260000 0.000000 0.090000
v -0.260000 0.000000 0.090000
v -0.260000 0.000000 0.090000
v -0.260000 0.000000 0.090000
v -0.260000 0.000000 0.090000
v -0.260000 0.000000 0.090000
v -0.260000 0.000000 0.090000
v -0.260000 0.000000 0.090000
v -0.260000 0.000000 0.090000
v -0.260000 0.000000 0.090000
v -0.153758 0.002550 0.090000
v -0.156761 0.002550 0.172642
v -0.165876 0.002550 0.209333
v -0.181581 0.002550 0.233233
v -0.205693 0.002550 0.247103
v -0.260000 0.002550 0.251673
v -0.314307 0.002550 0.247103
v -0.338419 0.002550 0.233233
v -0.354124 0.002550 0.209333
v -0.363239 0.002550 0.172642
v -0.366242 0.002550 0.090000
v -0.363239 0.002550 0.007358
v -0.354124 0.002550 -0.029333
v -0.338419 0.002550 -0.053233
v -0.314307 0.002550 -0.067103
v -0.260000 0.002550 -0.071673
v -0.205693 0.002550 -0.067103
v -0.181581 0.002550 -0.053233
v -0.165876 0.002550 -0.029333
v -0.156761 0.002550 0.007358
v -0.105221 0.010258 0.090000
v -0.109597 0.010258 0.210396
v -0.122875 0.010258 0.263850
v -0.145755 0.010258 0.298668
v -0.180883 0.010258 0.318874
v -0.260000 0.010258 0.325533
v -0.339117 0.010258 0.318874
v -0.374245 0.010258 0.298668
v -0.397125 0.010258 0.263850
v -0.410403 0.010258 0.210396
v -0.414779 0.010258 0.090000
v -0.410403 0.010258 -0.030396
v -0.397125 0.010258 -0.083850
v -0.374245 0.010258 -0.118668
v -0.339117 0.010258 -0.138874
v -0.260000 0.010258 -0.145533
v -0.180883 0.010258 -0.138874
v -0.145755 0.010258 -0.118668
v -0.122875 0.010258 -0.083850
v -0.109597 0.010258 -0.030396
v -0.071323 0.023356 0.090000
v -0.076656 0.023356 0.236764
v -0.092843 0.023356 0.301926
v -0.120734 0.023356 0.344369
v -0.163555 0.023356 0.369001
v -0.260000 0.023356 0.377117
v -0.356445 0.023356 0.369001
v -0.399266 0.023356 0.344369
v -0.427157 0.023356 0.301926
v -0.443344 0.023356 0.236764
v -0.448677 0.023356 0.090000
v -0.443344 0.023356 -0.056764
v -0.427157 0.023356 -0.121926
v -0.399266 0.023356 -0.164369
v -0.356445 0.023356 -0.189001
v -0.260000 0.023356 -0.197117
v -0.163555 0.023356 -0.189001
v -0.120734 0.023356 -0.164369
v -0.092843 0.023356 -0.121926
v -0.076656 0.023356 -0.056764
v -0.048149 0.042516 0.090000
v -0.054137 0.042516 0.254791
v -0.072312 0.042516 0.327956
v -0.103629 0.042516 0.375611
v -0.151709 0.042516 0.403269
v -0.260000 0.042516 0.412382
v -0.368291 0.042516 0.403269
v -0.416371 0.042516 0.375611
v -0.447688 0.042516 0.327956
v -0.465863 0.042516 0.254791
v -0.471851 0.042516 0.090000
v -0.465863 0.042516 -0.074791
v -0.447688 0.042516 -0.147956
v -0.416371 0.042516 -0.195611
v -0.368291 0.042516 -0.223269
v -0.260000 0.042516 -0.232382
v -0.151709 0.042516 -0.223269
v -0.103629 0.042516 -0.195611
v -0.072312 0.042516 -0.147956
v -0.054137 0.042516 -0.074791
v -0.034512 0.069950 0.090000
v -0.040886 0.069950 0.265398
v -0.060231 0.069950 0.343273
v -0.093563 0.069950 0.393997
v -0.144738 0.069950 0.423435
v -0.260000 0.069950 0.433135
v -0.375262 0.069950 0.423435
v -0.426437 0.069950 0.393997
v -0.459769 0.069950 0.343273
v -0.479114 0.069950 0.265398
v -0.485488 0.069950 0.090000
v -0.479114 0.069950 -0.085398
v -0.459769 0.069950 -0.163273
v -0.426437 0.069950 -0.213997
v -0.375262 0.069950 -0.243435
v -0.260000 0.069950 -0.253135
v -0.144738 0.069950 -0.243435
v -0.093563 0.069950 -0.213997
v -0.060231 0.069950 -0.163273
v -0.040886 0.069950 -0.085398
v -0.030000 0.130000 0.090000
v -0.036502 0.130000 0.268908
v -0.056234 0.130000 0.348341
v -0.090233 0.130000 0.400079
v -0.142432 0.130000 0.430106
v -0.260000 0.130000 0.440000
v -0.377568 0.130000 0.430106
v -0.429767 0.130000 0.400079
v -0.463766 0.130000 0.348341
v -0.483498 0.130000 0.268908
v -0.490000 0.130000 0.090000
v -0.483498 0.130000 -0.088908
v -0.463766 0.130000 -0.168341
v -0.429767 0.130000 -0.220079
v -0.377568 0.130000 -0.250106
v -0.260000 0.130000 -0.260000
v -0.142432 0.130000 -0.250106
v -0.090233 0.130000 -0.220079
v -0.056234 0.130000 -0.168341
v -0.036502 0.130000 -0.088908
v -0.034512 0.190050 0.090000
v -0.040886 0.190050 0.265398
v -0.060231 0.190050 0.343273
v -0.093563 0.190050 0.393997
v -0.144738 0.190050 0.423435
v -0.260000 0.190050 0.433135
v -0.375262 0.190050 0.423435
v -0.426437 0.190050 0.393997
v -0.459769 0.190050 0.343273
v -0.479114 0.190050 0.265398
v -0.485488 0.190050 0.090000
v -0.479114 0.190050 -0.085398
v -0.459769 0.190050 -0.163273
v -0.426437 0.190050 -0.213997
v -0.375262 0.190050 -0.243435
v -0.260000 0.190050 -0.253135
v -0.144738 0.190050 -0.243435
v -0.093563 0.190050 -0.213997
v -0.060231 0.190050 -0.163273
v -0.040886 0.190050 -0.085398
v -0.048149 0.217484 0.090000
v -0.054137 0.217484 0.254791
v -0.072312 0.217484 0.327956
v -0.103629 0.217484 0.375611
v -0.151709 0.217484 0.403269
v -0.260000 0.217484 0.412382
v -0.368291 0.217484 0.403269
v -0.416371 0.217484 0.375611
v -0.447688 0.217484 0.327956
v -0.465863 0.217484 0.254791
v -0.471851 0.217484 0.090000
v -0.465863 0.217484 -0.074791
v -0.447688 0.217484 -0.147956
v -0.416371 0.217484 -0.195611
v -0.368291 0.217484 -0.223269
v -0.260000 0.217484 -0.232382
v -0.151709 0.217484 -0.223269
v -0.103629 0.217484 -0.195611
v -0.072312 0.217484 -0.147956
v -0.054137 0.217484 -0.074791
v -0.071323 0.236644 0.090000
v -0.076656 0.236644 0.236764
v -0.092843 0.236644 0.301926
v -0.120734 0.236644 0.344369
v -0.163555 0.236644 0.369001
v -0.260000 0.236644 0.377117
v -0.356445 0.236644 0.369001
v -0.399266 0.236644 0.344369
v -0.427157 0.236644 0.301926
v -0.443344 0.236644 0.236764
v -0.448677 0.236644 0.090000
v -0.443344 0.236644 -0.056764
v -0.427157 0.236644 -0.121926
v -0.399266 0.236644 -0.164369
v -0.356445 0.236644 -0.189001
v -0.260000 0.236644 -0.197117
v -0.163555 0.236644 -0.189001
v -0.120734 0.236644 -0.164369
v -0.092843 0.236644 -0.121926
v -0.076656 0.236644 -0.056764
v -0.105221 0.249742 0.090000
v -0.109597 0.249742 0.210396
v -0.122875 0.249742 0.263850
v -0.145755 0.249742 0.298668
v -0.180883 0.249742 0.318874
v -0.260000 0.249742 0.325533
v -0.339117 0.249742 0.318874
v -0.374245 0.249742 0.298668
v -0.397125 0.249742 0.263850
v -0.410403 0.249742 0.210396
v -0.414779 0.249742 0.090000
v -0.410403 0.249742 -0.030396
v -0.397125 0.249742 -0.083850
v -0.374245 0.249742 -0.118668
v -0.339117 0.249742 -0.138874
v -0.260000 0.249742 -0.145533
v -0.180883 0.249742 -0.138874
v -0.145755 0.249742 -0.118668
v -0.122875 0.249742 -0.083850
v -0.109597 0.249742 -0.030396
v -0.153758 0.257450 0.090000
v -0.156761 0.257450 0.172642
v -0.165876 0.257450 0.209333
v -0.181581 0.257450 0.233233
v -0.205693 0.257450 0.247103
v -0.260000 0.257450 0.251673
v -0.314307 0.257450 0.247103
v -0.338419 0.257450 0.233233
v -0.354124 0.257450 0.209333
v -0.363239 0.257450 0.172642
v -0.366242 0.257450 0.090000
v -0.363239 0.257450 0.007358
v -0.354124 0.257450 -0.029333
v -0.338419 0.257450 -0.053233
v -0.314307 0.257450 -0.067103
v -0.260000 0.257450 -0.071673
v -0.205693 0.257450 -0.067103
v -0.181581 0.257450 -0.053233
v -0.165876 0.257450 -0.029333
v -0.156761 0.257450 0.007358
v -0.260000 0.260000 0.090000
v -0.260000 0.260000 0.090000
v -0.260000 0.260000 0.090000
v -0.260000 0.260000 0.090000
v -0.260000 0.260000 0.090000
v -0.260000 0.260000 0.090000
v -0.260000 0.260000 0.090000
v -0.260000 0.260000 0.090000
v -0.260000 0.260000 0.090000
v -0.260000 0.260000 0.090000
v -0.260000 0.260000 0.090000
v -0.260000 0.260000 0.090000
v -0.260000 0.260000 0.090000
v -0.260000 0.260000 0.090000
v -0.260000 0.260000 0.090000
v -0.260000 0.260000 0.090000
v -0.260000 0.260000 0.090000
v -0.260000 0.260000 0.090000
v -0.260000 0.260000 0.090000
v -0.260000 0.260000 0.090000
f 1 2 22
f 1 22 21
f 2 3 23
f 2 23 22
f 3 4 24
f 3 24 23
f 4 5 25
f 4 25 24
f 5 6 26
f 5 26 25
f 6 7 27
f 6 27 26
f 7 8 28
f 7 28 27
f 8 9 29
f 8 29 28
f 9 10 30
f 9 30 29
f 10 11 31
f 10 31 30
f 11 12 32
f 11 32 31
f 12 13 33
f 12 33 32
f 13 14 34
f 13 34 33
f 14 15 35
f 14 35 34
f 15 16 36
f 15 36 35
f 16 17 37
f 16 37 36
f 17 18 38
f 17 38 37
f 18 19 39
f 18 39 38
f 19 20 40
f 19 40 39
f 20 1 21
f 20 21 40
f 21 22 42
f 21 42 41
f 22 23 43
f 22 43 42
f 23 24 44
f 23 44 43
f 24 25 45
f 24 45 44
f 25 26 46
f 25 46 45
f 26 27 47
f 26 47 46
f 27 28 48
f 27 48 47
f 28 29 49
f 28 49 48
f 29 30 50
f 29 50 49
f 30 31 51
f 30 51 50
f 31 32 52
f 31 52 51
f 32 33 53
f 32 53 52
f 33 34 54
f 33 54 53
f 34 35 55
f 34 55 54
f 35 36 56
f 35 56 55
f 36 37 57
f 36 57 56
f 37 38 58
f 37 58 57
f 38 39 59
f 38 59 58
f 39 40 60
f 39 60 59
f 40 21 41
f 40 41 60
f 41 42 62
f 41 62 61
f 42 43 63
f 42 63 62
f 43 44 64
f 43 64 63
f 44 45 65
f 44 65 64
f 45 46 66
f 45 66 65
f 46 47 67
f 46 67 66
f 47 48 68
f 47 68 67
f 48 49 69
f 48 69 68
f 49 50 70
f 49 70 69
f 50 51 71
f 50 71 70
f 51 52 72
f 51 72 71
f 52 53 73
f 52 73 72
f 53 54 74
f 53 74 73
f 54 55 75
f 54 75 74
f 55 56 76
f 55 76 75
f 56 57 77
f 56 77 76
f 57 58 78
f 57 78 77
f 58 59 79
f 58 79 78
f 59 60 80
f 59 80 79
f 60 41 61
f 60 61 80
f 61 62 82
f 61 82 81
f 62 63 83
f 62 83 82
f 63 64 84
f 63 84 83
f 64 65 85
f 64 85 84
f 65 66 86
f 65 86 85
f 66 67 87
f 66 87 86
f 67 68 88
f 67 88 87
f 68 69 89
f 68 89 88
f 69 70 90
f 69 90 89
f 70 71 91
f 70 91 90
f 71 72 92
f 71 92 91
f 72 73 93
f 72 93 92
f 73 74 94
f 73 94 93
f 74 75 95
f 74 95 94
f 75 76 96
f 75 96 95
f 76 77 97
f 76 97 96
f 77 78 98
f 77 98 97
f 78 79 99
f 78 99 98
f 79 80 100
f 79 100 99
f 80 61 81
f 80 81 100
f 81 82 102
f 81 102 101
f 82 83 103
f 82 103 102
f 83 84 104
f 83 104 103
f 84 85 105
f 84 105 104
f 85 86 106
f 85 106 105
f 86 87 107
f 86 107 106
f 87 88 108
f 87 108 107
f 88 89 109
f 88 109 108
f 89 90 110
f 89 110 109
f 90 91 111
f 90 111 110
f 91 92 112
f 91 112 111
f 92 93 113
f 92 113 112
f 93 94 114
f 93 114 113
f 94 95 115
f 94 115 114
f 95 96 116
f 95 116 115
f 96 97 117
f 96 117 116
f 97 98 118
f 97 118 117
f 98 99 119
f 98 119 118
f 99 100 120
f 99 120 119
f 100 81 101
f 100 101 120
f 101 102 122
f 101 122 121
f 102 103 123
f 102 123 122
f 103 104 124
f 103 124 123
f 104 105 125
f 104 125 124
f 105 106 126
f 105 126 125
f 106 107 127
f 106 127 126
f 107 108 128
f 107 128 127
f 108 109 129
f 108 129 128
f 109 110 130
f 109 130 129
f 110 111 131
f 110 131 130
f 111 112 132
f 111 132 131
f 112 113 133
f 112 133 132
f 113 114 134
f 113 134 133
f 114 115 135
f 114 135 134
f 115 116 136
f 115 136 135
f 116 117 137
f 116 137 136
f 117 118 138
f 117 138 137
f 118 119 139
f 118 139 138
f 119 120 140
f 119 140 139
f 120 101 121
f 120 121 140
f 121 122 142
f 121 142 141
f 122 123 143
f 122 143 142
f 123 124 144
f 123 144 143
f 124 125 145
f 124 145 144
f 125 126 146
f 125 146 145
f 126 127 147
f 126 147 146
f 127 128 148
f 127 148 147
f 128 129 149
f 128 149 148
f 129 130 150
f 129 150 149
f 130 131 151
f 130 151 150
f 131 132 152
f 131 152 151
f 132 133 153
f 132 153 152
f 133 134 154
f 133 154 153
f 134 135 155
f 134 155 154
f 135 136 156
f 135 156 155
f 136 137 157
f 136 157 156
f 137 138 158
f 137 158 157
f 138 139 159
f 138 159 158
f 139 140 160
f 139 160 159
f 140 121 141
f 140 141 160
f 141 142 162
f 141 162 161
f 142 143 163
f 142 163 162
f 143 144 164
f 143 164 163
f 144 145 165
f 144 165 164
f 145 146 166
f 145 166 165
f 146 147 167
f 146 167 166
f 147 148 168
f 147 168 167
f 148 149 169
f 148 169 168
f 149 150 170
f 149 170 169
f 150 151 171
f 150 171 170
f 151 152 172
f 151 172 171
f 152 153 173
f 152 173 172
f 153 154 174
f 153 174 173
f 154 155 175
f 154 175 174
f 155 156 176
f 155 176 175
f 156 157 177
f 156 177 176
f 157 158 178
f 157 178 177
f 158 159 179
f 158 179 178
f 159 160 180
f 159 180 179
f 160 141 161
f 160 161 180
f 161 162 182
f 161 182 181
f 162 163 183
f 162 183 182
f 163 164 184
f 163 184 183
f 164 165 185
f 164 185 184
f 165 166 186
f 165 186 185
f 166 167 187
f 166 187 186
f 167 168 188
f 167 188 187
f 168 169 189
f 168 189 188
f 169 170 190
f 169 190 189
f 170 171 191
f 170 191 190
f 171 172 192
f 171 192 191
f 172 173 193
f 172 193 192
f 173 174 194
f 173 194 193
f 174 175 195
f 174 195 194
f 175 176 196
f 175 196 195
f 176 177 197
f 176 197 196
f 177 178 198
f 177 198 197
f 178 179 199
f 178 199 198
f 179 180 200
f 179 200 199
f 180 161 181
f 180 181 200
f 181 182 202
f 181 202 201
f 182 183 203
f 182 203 202
f 183 184 204
f 183 204 203
f 184 185 205
f 184 205 204
f 185 186 206
f 185 206 205
f 186 187 207
f 186 207 206
f 187 188 208
f 187 208 207
f 188 189 209
f 188 209 208
f 189 190 210
f 189 210 209
f 190 191 211
f 190 211 210
f 191 192 212
f 191 212 211
f 192 193 213
f 192 213 212
f 193 194 214
f 193 214 213
f 194 195 215
f 194 215 214
f 195 196 216
f 195 216 215
f 196 197 217
f 196 217 216
f 197 198 218
f 197 218 217
f 198 199 219
f 198 219 218
f 199 200 220
f 199 220 219
f 200 181 201
f 200 201 220
f 201 202 222
f 201 222 221
f 202 203 223
f 202 223 222
f 203 204 224
f 203 224 223
f 204 205 225
f 204 225 224
f 205 206 226
f 205 226 225
f 206 207 227
f 206 227 226
f 207 208 228
f 207 228 227
f 208 209 229
f 208 229 228
f 209 210 230
f 209 230 229
f 210 211 231
f 210 231 230
f 211 212 232
f 211 232 231
f 212 213 233
f 212 233 232
f 213 214 234
f 213 234 233
f 214 215 235
f 214 235 234
f 215 216 236
f 215 236 235
f 216 217 237
f 216 237 236
f 217 218 238
f 217 238 237
f 218 219 239
f 218 239 238
f 219 220 240
f 219 240 239
f 220 201 221
f 220 221 240
f 221 222 242
f 221 242 241
f 222 223 243
f 222 243 242
f 223 224 244
f 223 244 243
f 224 225 245
f 224 245 244
f 225 226 246
f 225 246 245
f 226 227 247
f 226 247 246
f 227 228 248
f 227 248 247
f 228 229 249
f 228 249 248
f 229 230 250
f 229 250 249
f 230 231 251
f 230 251 250
f 231 232 252
f 231 252 251
f 232 233 253
f 232 253 252
f 233 234 254
f 233 254 253
f 234 235 255
f 234 255 254
f 235 236 256
f 235 256 255
f 236 237 257
f 236 257 256
f 237 238 258
f 237 258 257
f 238 239 259
f 238 259 258
f 239 240 260
f 239 260 259
f 240 221 241
f 240 241 260
o L_Shoe_Accent
g L_Shoe_Accent
usemtl Hot_Pink
v -0.260000 0.030000 0.280000
v -0.260000 0.030000 0.280000
v -0.260000 0.030000 0.280000
v -0.260000 0.030000 0.280000
v -0.260000 0.030000 0.280000
v -0.260000 0.030000 0.280000
v -0.260000 0.030000 0.280000
v -0.260000 0.030000 0.280000
v -0.260000 0.030000 0.280000
v -0.260000 0.030000 0.280000
v -0.260000 0.030000 0.280000
v -0.260000 0.030000 0.280000
v -0.260000 0.030000 0.280000
v -0.260000 0.030000 0.280000
v -0.260000 0.030000 0.280000
v -0.260000 0.030000 0.280000
v -0.260000 0.030000 0.280000
v -0.260000 0.030000 0.280000
v -0.260000 0.030000 0.280000
v -0.260000 0.030000 0.280000
v -0.186897 0.031599 0.280000
v -0.189302 0.031599 0.304132
v -0.196529 0.031599 0.317047
v -0.208704 0.031599 0.325840
v -0.226586 0.031599 0.331060
v -0.260000 0.031599 0.332797
v -0.293414 0.031599 0.331060
v -0.311296 0.031599 0.325840
v -0.323471 0.031599 0.317047
v -0.330698 0.031599 0.304132
v -0.333103 0.031599 0.280000
v -0.330698 0.031599 0.255868
v -0.323471 0.031599 0.242953
v -0.311296 0.031599 0.234160
v -0.293414 0.031599 0.228940
v -0.260000 0.031599 0.227203
v -0.226586 0.031599 0.228940
v -0.208704 0.031599 0.234160
v -0.196529 0.031599 0.242953
v -0.189302 0.031599 0.255868
v -0.146607 0.036401 0.280000
v -0.150338 0.036401 0.317432
v -0.161548 0.036401 0.337465
v -0.180433 0.036401 0.351104
v -0.208171 0.036401 0.359200
v -0.260000 0.036401 0.361895
v -0.311829 0.036401 0.359200
v -0.339567 0.036401 0.351104
v -0.358452 0.036401 0.337465
v -0.369662 0.036401 0.317432
v -0.373393 0.036401 0.280000
v -0.369662 0.036401 0.242568
v -0.358452 0.036401 0.222535
v -0.339567 0.036401 0.208896
v -0.311829 0.036401 0.200800
v -0.260000 0.036401 0.198105
v -0.208171 0.036401 0.200800
v -0.180433 0.036401 0.208896
v -0.161548 0.036401 0.222535
v -0.150338 0.036401 0.242568
v -0.117134 0.044441 0.280000
v -0.121834 0.044441 0.327162
v -0.135958 0.044441 0.352401
v -0.159752 0.044441 0.369586
v -0.194699 0.044441 0.379786
v -0.260000 0.044441 0.383181
v -0.325301 0.044441 0.379786
v -0.360248 0.044441 0.369586
v -0.384042 0.044441 0.352401
v -0.398166 0.044441 0.327162
v -0.402866 0.044441 0.280000
v -0.398166 0.044441 0.232838
v -0.384042 0.044441 0.207599
v -0.360248 0.044441 0.190414
v -0.325301 0.044441 0.180214
v -0.260000 0.044441 0.176819
v -0.194699 0.044441 0.180214
v -0.159752 0.044441 0.190414
v -0.135958 0.044441 0.207599
v -0.121834 0.044441 0.232838
v -0.096459 0.055903 0.280000
v -0.101840 0.055903 0.333987
v -0.118008 0.055903 0.362879
v -0.145245 0.055903 0.382550
v -0.185249 0.055903 0.394227
v -0.260000 0.055903 0.398113
v -0.334751 0.055903 0.394227
v -0.374755 0.055903 0.382550
v -0.401992 0.055903 0.362879
v -0.418160 0.055903 0.333987
v -0.423541 0.055903 0.280000
v -0.418160 0.055903 0.226013
v -0.401992 0.055903 0.197121
v -0.374755 0.055903 0.177450
v -0.334751 0.055903 0.165773
v -0.260000 0.055903 0.161887
v -0.185249 0.055903 0.165773
v -0.145245 0.055903 0.177450
v -0.118008 0.055903 0.197121
v -0.101840 0.055903 0.226013
v -0.084112 0.071571 0.280000
v -0.089899 0.071571 0.338062
v -0.107288 0.071571 0.369136
v -0.136581 0.071571 0.390292
v -0.179606 0.071571 0.402850
v -0.260000 0.071571 0.407030
v -0.340394 0.071571 0.402850
v -0.383419 0.071571 0.390292
v -0.412712 0.071571 0.369136
v -0.430101 0.071571 0.338062
v -0.435888 0.071571 0.280000
v -0.430101 0.071571 0.221938
v -0.412712 0.071571 0.190864
v -0.383419 0.071571 0.169708
v -0.340394 0.071571 0.157150
v -0.260000 0.071571 0.152970
v -0.179606 0.071571 0.157150
v -0.136581 0.071571 0.169708
v -0.107288 0.071571 0.190864
v -0.089899 0.071571 0.221938
v -0.080000 0.100000 0.280000
v -0.085922 0.100000 0.339420
v -0.103717 0.100000 0.371220
v -0.133696 0.100000 0.392871
v -0.177726 0.100000 0.405723
v -0.260000 0.100000 0.410000
v -0.342274 0.100000 0.405723
v -0.386304 0.100000 0.392871
v -0.416283 0.100000 0.371220
v -0.434078 0.100000 0.339420
v -0.440000 0.100000 0.280000
v -0.434078 0.100000 0.220580
v -0.416283 0.100000 0.188780
v -0.386304 0.100000 0.167129
v -0.342274 0.100000 0.154277
v -0.260000 0.100000 0.150000
v -0.177726 0.100000 0.154277
v -0.133696 0.100000 0.167129
v -0.103717 0.100000 0.188780
v -0.085922 0.100000 0.220580
v -0.084112 0.128429 0.280000
v -0.089899 0.128429 0.338062
v -0.107288 0.128429 0.369136
v -0.136581 0.128429 0.390292
v -0.179606 0.128429 0.402850
v -0.260000 0.128429 0.407030
v -0.340394 0.128429 0.402850
v -0.383419 0.128429 0.390292
v -0.412712 0.128429 0.369136
v -0.430101 0.128429 0.338062
v -0.435888 0.128429 0.280000
v -0.430101 0.128429 0.221938
v -0.412712 0.128429 0.190864
v -0.383419 0.128429 0.169708
v -0.340394 0.128429 0.157150
v -0.260000 0.128429 0.152970
v -0.179606 0.128429 0.157150
v -0.136581 0.128429 0.169708
v -0.107288 0.128429 0.190864
v -0.089899 0.128429 0.221938
v -0.096459 0.144097 0.280000
v -0.101840 0.144097 0.333987
v -0.118008 0.144097 0.362879
v -0.145245 0.144097 0.382550
v -0.185249 0.144097 0.394227
v -0.260000 0.144097 0.398113
v -0.334751 0.144097 0.394227
v -0.374755 0.144097 0.382550
v -0.401992 0.144097 0.362879
v -0.418160 0.144097 0.333987
v -0.423541 0.144097 0.280000
v -0.418160 0.144097 0.226013
v -0.401992 0.144097 0.197121
v -0.374755 0.144097 0.177450
v -0.334751 0.144097 0.165773
v -0.260000 0.144097 0.161887
v -0.185249 0.144097 0.165773
v -0.145245 0.144097 0.177450
v -0.118008 0.144097 0.197121
v -0.101840 0.144097 0.226013
v -0.117134 0.155559 0.280000
v -0.121834 0.155559 0.327162
v -0.135958 0.155559 0.352401
v -0.159752 0.155559 0.369586
v -0.194699 0.155559 0.379786
v -0.260000 0.155559 0.383181
v -0.325301 0.155559 0.379786
v -0.360248 0.155559 0.369586
v -0.384042 0.155559 0.352401
v -0.398166 0.155559 0.327162
v -0.402866 0.155559 0.280000
v -0.398166 0.155559 0.232838
v -0.384042 0.155559 0.207599
v -0.360248 0.155559 0.190414
v -0.325301 0.155559 0.180214
v -0.260000 0.155559 0.176819
v -0.194699 0.155559 0.180214
v -0.159752 0.155559 0.190414
v -0.135958 0.155559 0.207599
v -0.121834 0.155559 0.232838
v -0.146607 0.163599 0.280000
v -0.150338 0.163599 0.317432
v -0.161548 0.163599 0.337465
v -0.180433 0.163599 0.351104
v -0.208171 0.163599 0.359200
v -0.260000 0.163599 0.361895
v -0.311829 0.163599 0.359200
v -0.339567 0.163599 0.351104
v -0.358452 0.163599 0.337465
v -0.369662 0.163599 0.317432
v -0.373393 0.163599 0.280000
v -0.369662 0.163599 0.242568
v -0.358452 0.163599 0.222535
v -0.339567 0.163599 0.208896
v -0.311829 0.163599 0.200800
v -0.260000 0.163599 0.198105
v -0.208171 0.163599 0.200800
v -0.180433 0.163599 0.208896
v -0.161548 0.163599 0.222535
v -0.150338 0.163599 0.242568
v -0.186897 0.168401 0.280000
v -0.189302 0.168401 0.304132
v -0.196529 0.168401 0.317047
v -0.208704 0.168401 0.325840
v -0.226586 0.168401 0.331060
v -0.260000 0.168401 0.332797
v -0.293414 0.168401 0.331060
v -0.311296 0.168401 0.325840
v -0.323471 0.168401 0.317047
v -0.330698 0.168401 0.304132
v -0.333103 0.168401 0.280000
v -0.330698 0.168401 0.255868
v -0.323471 0.168401 0.242953
v -0.311296 0.168401 0.234160
v -0.293414 0.168401 0.228940
v -0.260000 0.168401 0.227203
v -0.226586 0.168401 0.228940
v -0.208704 0.168401 0.234160
v -0.196529 0.168401 0.242953
v -0.189302 0.168401 0.255868
v -0.260000 0.170000 0.280000
v -0.260000 0.170000 0.280000
v -0.260000 0.170000 0.280000
v -0.260000 0.170000 0.280000
v -0.260000 0.170000 0.280000
v -0.260000 0.170000 0.280000
v -0.260000 0.170000 0.280000
v -0.260000 0.170000 0.280000
v -0.260000 0.170000 0.280000
v -0.260000 0.170000 0.280000
v -0.260000 0.170000 0.280000
v -0.260000 0.170000 0.280000
v -0.260000 0.170000 0.280000
v -0.260000 0.170000 0.280000
v -0.260000 0.170000 0.280000
v -0.260000 0.170000 0.280000
v -0.260000 0.170000 0.280000
v -0.260000 0.170000 0.280000
v -0.260000 0.170000 0.280000
v -0.260000 0.170000 0.280000
f 261 262 282
f 261 282 281
f 262 263 283
f 262 283 282
f 263 264 284
f 263 284 283
f 264 265 285
f 264 285 284
f 265 266 286
f 265 286 285
f 266 267 287
f 266 287 286
f 267 268 288
f 267 288 287
f 268 269 289
f 268 289 288
f 269 270 290
f 269 290 289
f 270 271 291
f 270 291 290
f 271 272 292
f 271 292 291
f 272 273 293
f 272 293 292
f 273 274 294
f 273 294 293
f 274 275 295
f 274 295 294
f 275 276 296
f 275 296 295
f 276 277 297
f 276 297 296
f 277 278 298
f 277 298 297
f 278 279 299
f 278 299 298
f 279 280 300
f 279 300 299
f 280 261 281
f 280 281 300
f 281 282 302
f 281 302 301
f 282 283 303
f 282 303 302
f 283 284 304
f 283 304 303
f 284 285 305
f 284 305 304
f 285 286 306
f 285 306 305
f 286 287 307
f 286 307 306
f 287 288 308
f 287 308 307
f 288 289 309
f 288 309 308
f 289 290 310
f 289 310 309
f 290 291 311
f 290 311 310
f 291 292 312
f 291 312 311
f 292 293 313
f 292 313 312
f 293 294 314
f 293 314 313
f 294 295 315
f 294 315 314
f 295 296 316
f 295 316 315
f 296 297 317
f 296 317 316
f 297 298 318
f 297 318 317
f 298 299 319
f 298 319 318
f 299 300 320
f 299 320 319
f 300 281 301
f 300 301 320
f 301 302 322
f 301 322 321
f 302 303 323
f 302 323 322
f 303 304 324
f 303 324 323
f 304 305 325
f 304 325 324
f 305 306 326
f 305 326 325
f 306 307 327
f 306 327 326
f 307 308 328
f 307 328 327
f 308 309 329
f 308 329 328
f 309 310 330
f 309 330 329
f 310 311 331
f 310 331 330
f 311 312 332
f 311 332 331
f 312 313 333
f 312 333 332
f 313 314 334
f 313 334 333
f 314 315 335
f 314 335 334
f 315 316 336
f 315 336 335
f 316 317 337
f 316 337 336
f 317 318 338
f 317 338 337
f 318 319 339
f 318 339 338
f 319 320 340
f 319 340 339
f 320 301 321
f 320 321 340
f 321 322 342
f 321 342 341
f 322 323 343
f 322 343 342
f 323 324 344
f 323 344 343
f 324 325 345
f 324 345 344
f 325 326 346
f 325 346 345
f 326 327 347
f 326 347 346
f 327 328 348
f 327 348 347
f 328 329 349
f 328 349 348
f 329 330 350
f 329 350 349
f 330 331 351
f 330 351 350
f 331 332 352
f 331 352 351
f 332 333 353
f 332 353 352
f 333 334 354
f 333 354 353
f 334 335 355
f 334 355 354
f 335 336 356
f 335 356 355
f 336 337 357
f 336 357 356
f 337 338 358
f 337 358 357
f 338 339 359
f 338 359 358
f 339 340 360
f 339 360 359
f 340 321 341
f 340 341 360
f 341 342 362
f 341 362 361
f 342 343 363
f 342 363 362
f 343 344 364
f 343 364 363
f 344 345 365
f 344 365 364
f 345 346 366
f 345 366 365
f 346 347 367
f 346 367 366
f 347 348 368
f 347 368 367
f 348 349 369
f 348 369 368
f 349 350 370
f 349 370 369
f 350 351 371
f 350 371 370
f 351 352 372
f 351 372 371
f 352 353 373
f 352 373 372
f 353 354 374
f 353 374 373
f 354 355 375
f 354 375 374
f 355 356 376
f 355 376 375
f 356 357 377
f 356 377 376
f 357 358 378
f 357 378 377
f 358 359 379
f 358 379 378
f 359 360 380
f 359 380 379
f 360 341 361
f 360 361 380
f 361 362 382
f 361 382 381
f 362 363 383
f 362 383 382
f 363 364 384
f 363 384 383
f 364 365 385
f 364 385 384
f 365 366 386
f 365 386 385
f 366 367 387
f 366 387 386
f 367 368 388
f 367 388 387
f 368 369 389
f 368 389 388
f 369 370 390
f 369 390 389
f 370 371 391
f 370 391 390
f 371 372 392
f 371 392 391
f 372 373 393
f 372 393 392
f 373 374 394
f 373 394 393
f 374 375 395
f 374 395 394
f 375 376 396
f 375 396 395
f 376 377 397
f 376 397 396
f 377 378 398
f 377 398 397
f 378 379 399
f 378 399 398
f 379 380 400
f 379 400 399
f 380 361 381
f 380 381 400
f 381 382 402
f 381 402 401
f 382 383 403
f 382 403 402
f 383 384 404
f 383 404 403
f 384 385 405
f 384 405 404
f 385 386 406
f 385 406 405
f 386 387 407
f 386 407 406
f 387 388 408
f 387 408 407
f 388 389 409
f 388 409 408
f 389 390 410
f 389 410 409
f 390 391 411
f 390 411 410
f 391 392 412
f 391 412 411
f 392 393 413
f 392 413 412
f 393 394 414
f 393 414 413
f 394 395 415
f 394 415 414
f 395 396 416
f 395 416 415
f 396 397 417
f 396 417 416
f 397 398 418
f 397 418 417
f 398 399 419
f 398 419 418
f 399 400 420
f 399 420 419
f 400 381 401
f 400 401 420
f 401 402 422
f 401 422 421
f 402 403 423
f 402 423 422
f 403 404 424
f 403 424 423
f 404 405 425
f 404 425 424
f 405 406 426
f 405 426 425
f 406 407 427
f 406 427 426
f 407 408 428
f 407 428 427
f 408 409 429
f 408 429 428
f 409 410 430
f 409 430 429
f 410 411 431
f 410 431 430
f 411 412 432
f 411 432 431
f 412 413 433
f 412 433 432
f 413 414 434
f 413 434 433
f 414 415 435
f 414 435 434
f 415 416 436
f 415 436 435
f 416 417 437
f 416 437 436
f 417 418 438
f 417 438 437
f 418 419 439
f 418 439 438
f 419 420 440
f 419 440 439
f 420 401 421
f 420 421 440
f 421 422 442
f 421 442 441
f 422 423 443
f 422 443 442
f 423 424 444
f 423 444 443
f 424 425 445
f 424 445 444
f 425 426 446
f 425 446 445
f 426 427 447
f 426 447 446
f 427 428 448
f 427 448 447
f 428 429 449
f 428 449 448
f 429 430 450
f 429 450 449
f 430 431 451
f 430 451 450
f 431 432 452
f 431 452 451
f 432 433 453
f 432 453 452
f 433 434 454
f 433 454 453
f 434 435 455
f 434 455 454
f 435 436 456
f 435 456 455
f 436 437 457
f 436 457 456
f 437 438 458
f 437 458 457
f 438 439 459
f 438 459 458
f 439 440 460
f 439 460 459
f 440 421 441
f 440 441 460
f 441 442 462
f 441 462 461
f 442 443 463
f 442 463 462
f 443 444 464
f 443 464 463
f 444 445 465
f 444 465 464
f 445 446 466
f 445 466 465
f 446 447 467
f 446 467 466
f 447 448 468
f 447 468 467
f 448 449 469
f 448 469 468
f 449 450 470
f 449 470 469
f 450 451 471
f 450 471 470
f 451 452 472
f 451 472 471
f 452 453 473
f 452 473 472
f 453 454 474
f 453 474 473
f 454 455 475
f 454 475 474
f 455 456 476
f 455 476 475
f 456 457 477
f 456 477 476
f 457 458 478
f 457 478 477
f 458 459 479
f 458 479 478
f 459 460 480
f 459 480 479
f 460 441 461
f 460 461 480
f 461 462 482
f 461 482 481
f 462 463 483
f 462 483 482
f 463 464 484
f 463 484 483
f 464 465 485
f 464 485 484
f 465 466 486
f 465 486 485
f 466 467 487
f 466 487 486
f 467 468 488
f 467 488 487
f 468 469 489
f 468 489 488
f 469 470 490
f 469 490 489
f 470 471 491
f 470 491 490
f 471 472 492
f 471 492 491
f 472 473 493
f 472 493 492
f 473 474 494
f 473 494 493
f 474 475 495
f 474 495 494
f 475 476 496
f 475 496 495
f 476 477 497
f 476 497 496
f 477 478 498
f 477 498 497
f 478 479 499
f 478 499 498
f 479 480 500
f 479 500 499
f 480 461 481
f 480 481 500
f 481 482 502
f 481 502 501
f 482 483 503
f 482 503 502
f 483 484 504
f 483 504 503
f 484 485 505
f 484 505 504
f 485 486 506
f 485 506 505
f 486 487 507
f 486 507 506
f 487 488 508
f 487 508 507
f 488 489 509
f 488 509 508
f 489 490 510
f 489 510 509
f 490 491 511
f 490 511 510
f 491 492 512
f 491 512 511
f 492 493 513
f 492 513 512
f 493 494 514
f 493 514 513
f 494 495 515
f 494 515 514
f 495 496 516
f 495 516 515
f 496 497 517
f 496 517 516
f 497 498 518
f 497 518 517
f 498 499 519
f 498 519 518
f 499 500 520
f 499 520 519
f 500 481 501
f 500 501 520
o L_Shin
g L_Shin
usemtl Lux_Cyan
v -0.260000 0.240000 0.020000
v -0.260000 0.760000 0.000000
v -0.260000 0.235196 -0.104908
v -0.307835 0.235562 -0.095400
v -0.348388 0.236603 -0.068323
v -0.375485 0.238162 -0.027800
v -0.385000 0.240000 0.020000
v -0.375485 0.241838 0.067800
v -0.348388 0.243397 0.108323
v -0.307835 0.244438 0.135400
v -0.260000 0.244804 0.144908
v -0.212165 0.244438 0.135400
v -0.171612 0.243397 0.108323
v -0.144515 0.241838 0.067800
v -0.135000 0.240000 0.020000
v -0.144515 0.238162 -0.027800
v -0.171612 0.236603 -0.068323
v -0.212165 0.235562 -0.095400
v -0.260000 0.754427 -0.144893
v -0.315489 0.754851 -0.133864
v -0.362530 0.756059 -0.102455
v -0.393963 0.757867 -0.055448
v -0.405000 0.760000 -0.000000
v -0.393963 0.762133 0.055448
v -0.362530 0.763941 0.102455
v -0.315489 0.765149 0.133864
v -0.260000 0.765573 0.144893
v -0.204511 0.765149 0.133864
v -0.157470 0.763941 0.102455
v -0.126037 0.762133 0.055448
v -0.115000 0.760000 0.000000
v -0.126037 0.757867 -0.055448
v -0.157470 0.756059 -0.102455
v -0.204511 0.754851 -0.133864
f 523 524 540
f 523 540 539
f 521 524 523
f 522 539 540
f 524 525 541
f 524 541 540
f 521 525 524
f 522 540 541
f 525 526 542
f 525 542 541
f 521 526 525
f 522 541 542
f 526 527 543
f 526 543 542
f 521 527 526
f 522 542 543
f 527 528 544
f 527 544 543
f 521 528 527
f 522 543 544
f 528 529 545
f 528 545 544
f 521 529 528
f 522 544 545
f 529 530 546
f 529 546 545
f 521 530 529
f 522 545 546
f 530 531 547
f 530 547 546
f 521 531 530
f 522 546 547
f 531 532 548
f 531 548 547
f 521 532 531
f 522 547 548
f 532 533 549
f 532 549 548
f 521 533 532
f 522 548 549
f 533 534 550
f 533 550 549
f 521 534 533
f 522 549 550
f 534 535 551
f 534 551 550
f 521 535 534
f 522 550 551
f 535 536 552
f 535 552 551
f 521 536 535
f 522 551 552
f 536 537 553
f 536 553 552
f 521 537 536
f 522 552 553
f 537 538 554
f 537 554 553
f 521 538 537
f 522 553 554
f 538 523 539
f 538 539 554
f 521 523 538
f 522 554 539
o L_Knee_Pad
g L_Knee_Pad
usemtl Deep_Navy
v -0.260000 0.660000 0.070000
v -0.260000 0.660000 0.070000
v -0.260000 0.660000 0.070000
v -0.260000 0.660000 0.070000
v -0.260000 0.660000 0.070000
v -0.260000 0.660000 0.070000
v -0.260000 0.660000 0.070000
v -0.260000 0.660000 0.070000
v -0.260000 0.660000 0.070000
v -0.260000 0.660000 0.070000
v -0.260000 0.660000 0.070000
v -0.260000 0.660000 0.070000
v -0.260000 0.660000 0.070000
v -0.260000 0.660000 0.070000
v -0.260000 0.660000 0.070000
v -0.260000 0.660000 0.070000
v -0.260000 0.660000 0.070000
v -0.260000 0.660000 0.070000
v -0.260000 0.660000 0.070000
v -0.260000 0.660000 0.070000
v -0.190958 0.663884 0.070000
v -0.193230 0.663884 0.094132
v -0.200055 0.663884 0.107047
v -0.211554 0.663884 0.115840
v -0.228443 0.663884 0.121060
v -0.260000 0.663884 0.122797
v -0.291557 0.663884 0.121060
v -0.308446 0.663884 0.115840
v -0.319945 0.663884 0.107047
v -0.326770 0.663884 0.094132
v -0.329042 0.663884 0.070000
v -0.326770 0.663884 0.045868
v -0.319945 0.663884 0.032953
v -0.308446 0.663884 0.024160
v -0.291557 0.663884 0.018940
v -0.260000 0.663884 0.017203
v -0.228443 0.663884 0.018940
v -0.211554 0.663884 0.024160
v -0.200055 0.663884 0.032953
v -0.193230 0.663884 0.045868
v -0.152907 0.675545 0.070000
v -0.156430 0.675545 0.107432
v -0.167018 0.675545 0.127465
v -0.184854 0.675545 0.141104
v -0.211050 0.675545 0.149200
v -0.260000 0.675545 0.151895
v -0.308950 0.675545 0.149200
v -0.335146 0.675545 0.141104
v -0.352982 0.675545 0.127465
v -0.363570 0.675545 0.107432
v -0.367093 0.675545 0.070000
v -0.363570 0.675545 0.032568
v -0.352982 0.675545 0.012535
v -0.335146 0.675545 -0.001104
v -0.308950 0.675545 -0.009200
v -0.260000 0.675545 -0.011895
v -0.211050 0.675545 -0.009200
v -0.184854 0.675545 -0.001104
v -0.167018 0.675545 0.012535
v -0.156430 0.675545 0.032568
v -0.125071 0.695071 0.070000
v -0.129510 0.695071 0.117162
v -0.142850 0.695071 0.142401
v -0.165321 0.695071 0.159586
v -0.198327 0.695071 0.169786
v -0.260000 0.695071 0.173181
v -0.321673 0.695071 0.169786
v -0.354679 0.695071 0.159586
v -0.377150 0.695071 0.142401
v -0.390490 0.695071 0.117162
v -0.394929 0.695071 0.070000
v -0.390490 0.695071 0.022838
v -0.377150 0.695071 -0.002401
v -0.354679 0.695071 -0.019586
v -0.321673 0.695071 -0.029786
v -0.260000 0.695071 -0.033181
v -0.198327 0.695071 -0.029786
v -0.165321 0.695071 -0.019586
v -0.142850 0.695071 -0.002401
v -0.129510 0.695071 0.022838
v -0.105545 0.722907 0.070000
v -0.110626 0.722907 0.123987
v -0.125896 0.722907 0.152879
v -0.151620 0.722907 0.172550
v -0.189402 0.722907 0.184227
v -0.260000 0.722907 0.188113
v -0.330598 0.722907 0.184227
v -0.368380 0.722907 0.172550
v -0.394104 0.722907 0.152879
v -0.409374 0.722907 0.123987
v -0.414455 0.722907 0.070000
v -0.409374 0.722907 0.016013
v -0.394104 0.722907 -0.012879
v -0.368380 0.722907 -0.032550
v -0.330598 0.722907 -0.044227
v -0.260000 0.722907 -0.048113
v -0.189402 0.722907 -0.044227
v -0.151620 0.722907 -0.032550
v -0.125896 0.722907 -0.012879
v -0.110626 0.722907 0.016013
v -0.093884 0.760958 0.070000
v -0.099349 0.760958 0.128062
v -0.115772 0.760958 0.159136
v -0.143438 0.760958 0.180292
v -0.184072 0.760958 0.192850
v -0.260000 0.760958 0.197030
v -0.335928 0.760958 0.192850
v -0.376562 0.760958 0.180292
v -0.404228 0.760958 0.159136
v -0.420651 0.760958 0.128062
v -0.426116 0.760958 0.070000
v -0.420651 0.760958 0.011938
v -0.404228 0.760958 -0.019136
v -0.376562 0.760958 -0.040292
v -0.335928 0.760958 -0.052850
v -0.260000 0.760958 -0.057030
v -0.184072 0.760958 -0.052850
v -0.143438 0.760958 -0.040292
v -0.115772 0.760958 -0.019136
v -0.099349 0.760958 0.011938
v -0.090000 0.830000 0.070000
v -0.095593 0.830000 0.129420
v -0.112400 0.830000 0.161220
v -0.140713 0.830000 0.182871
v -0.182297 0.830000 0.195723
v -0.260000 0.830000 0.200000
v -0.337703 0.830000 0.195723
v -0.379287 0.830000 0.182871
v -0.407600 0.830000 0.161220
v -0.424407 0.830000 0.129420
v -0.430000 0.830000 0.070000
v -0.424407 0.830000 0.010580
v -0.407600 0.830000 -0.021220
v -0.379287 0.830000 -0.042871
v -0.337703 0.830000 -0.055723
v -0.260000 0.830000 -0.060000
v -0.182297 0.830000 -0.055723
v -0.140713 0.830000 -0.042871
v -0.112400 0.830000 -0.021220
v -0.095593 0.830000 0.010580
v -0.093884 0.899042 0.070000
v -0.099349 0.899042 0.128062
v -0.115772 0.899042 0.159136
v -0.143438 0.899042 0.180292
v -0.184072 0.899042 0.192850
v -0.260000 0.899042 0.197030
v -0.335928 0.899042 0.192850
v -0.376562 0.899042 0.180292
v -0.404228 0.899042 0.159136
v -0.420651 0.899042 0.128062
v -0.426116 0.899042 0.070000
v -0.420651 0.899042 0.011938
v -0.404228 0.899042 -0.019136
v -0.376562 0.899042 -0.040292
v -0.335928 0.899042 -0.052850
v -0.260000 0.899042 -0.057030
v -0.184072 0.899042 -0.052850
v -0.143438 0.899042 -0.040292
v -0.115772 0.899042 -0.019136
v -0.099349 0.899042 0.011938
v -0.105545 0.937093 0.070000
v -0.110626 0.937093 0.123987
v -0.125896 0.937093 0.152879
v -0.151620 0.937093 0.172550
v -0.189402 0.937093 0.184227
v -0.260000 0.937093 0.188113
v -0.330598 0.937093 0.184227
v -0.368380 0.937093 0.172550
v -0.394104 0.937093 0.152879
v -0.409374 0.937093 0.123987
v -0.414455 0.937093 0.070000
v -0.409374 0.937093 0.016013
v -0.394104 0.937093 -0.012879
v -0.368380 0.937093 -0.032550
v -0.330598 0.937093 -0.044227
v -0.260000 0.937093 -0.048113
v -0.189402 0.937093 -0.044227
v -0.151620 0.937093 -0.032550
v -0.125896 0.937093 -0.012879
v -0.110626 0.937093 0.016013
v -0.125071 0.964929 0.070000
v -0.129510 0.964929 0.117162
v -0.142850 0.964929 0.142401
v -0.165321 0.964929 0.159586
v -0.198327 0.964929 0.169786
v -0.260000 0.964929 0.173181
v -0.321673 0.964929 0.169786
v -0.354679 0.964929 0.159586
v -0.377150 0.964929 0.142401
v -0.390490 0.964929 0.117162
v -0.394929 0.964929 0.070000
v -0.390490 0.964929 0.022838
v -0.377150 0.964929 -0.002401
v -0.354679 0.964929 -0.019586
v -0.321673 0.964929 -0.029786
v -0.260000 0.964929 -0.033181
v -0.198327 0.964929 -0.029786
v -0.165321 0.964929 -0.019586
v -0.142850 0.964929 -0.002401
v -0.129510 0.964929 0.022838
v -0.152907 0.984455 0.070000
v -0.156430 0.984455 0.107432
v -0.167018 0.984455 0.127465
v -0.184854 0.984455 0.141104
v -0.211050 0.984455 0.149200
v -0.260000 0.984455 0.151895
v -0.308950 0.984455 0.149200
v -0.335146 0.984455 0.141104
v -0.352982 0.984455 0.127465
v -0.363570 0.984455 0.107432
v -0.367093 0.984455 0.070000
v -0.363570 0.984455 0.032568
v -0.352982 0.984455 0.012535
v -0.335146 0.984455 -0.001104
v -0.308950 0.984455 -0.009200
v -0.260000 0.984455 -0.011895
v -0.211050 0.984455 -0.009200
v -0.184854 0.984455 -0.001104
v -0.167018 0.984455 0.012535
v -0.156430 0.984455 0.032568
v -0.190958 0.996116 0.070000
v -0.193230 0.996116 0.094132
v -0.200055 0.996116 0.107047
v -0.211554 0.996116 0.115840
v -0.228443 0.996116 0.121060
v -0.260000 0.996116 0.122797
v -0.291557 0.996116 0.121060
v -0.308446 0.996116 0.115840
v -0.319945 0.996116 0.107047
v -0.326770 0.996116 0.094132
v -0.329042 0.996116 0.070000
v -0.326770 0.996116 0.045868
v -0.319945 0.996116 0.032953
v -0.308446 0.996116 0.024160
v -0.291557 0.996116 0.018940
v -0.260000 0.996116 0.017203
v -0.228443 0.996116 0.018940
v -0.211554 0.996116 0.024160
v -0.200055 0.996116 0.032953
v -0.193230 0.996116 0.045868
v -0.260000 1.000000 0.070000
v -0.260000 1.000000 0.070000
v -0.260000 1.000000 0.070000
v -0.260000 1.000000 0.070000
v -0.260000 1.000000 0.070000
v -0.260000 1.000000 0.070000
v -0.260000 1.000000 0.070000
v -0.260000 1.000000 0.070000
v -0.260000 1.000000 0.070000
v -0.260000 1.000000 0.070000
v -0.260000 1.000000 0.070000
v -0.260000 1.000000 0.070000
v -0.260000 1.000000 0.070000
v -0.260000 1.000000 0.070000
v -0.260000 1.000000 0.070000
v -0.260000 1.000000 0.070000
v -0.260000 1.000000 0.070000
v -0.260000 1.000000 0.070000
v -0.260000 1.000000 0.070000
v -0.260000 1.000000 0.070000
f 555 556 576
f 555 576 575
f 556 557 577
f 556 577 576
f 557 558 578
f 557 578 577
f 558 559 579
f 558 579 578
f 559 560 580
f 559 580 579
f 560 561 581
f 560 581 580
f 561 562 582
f 561 582 581
f 562 563 583
f 562 583 582
f 563 564 584
f 563 584 583
f 564 565 585
f 564 585 584
f 565 566 586
f 565 586 585
f 566 567 587
f 566 587 586
f 567 568 588
f 567 588 587
f 568 569 589
f 568 589 588
f 569 570 590
f 569 590 589
f 570 571 591
f 570 591 590
f 571 572 592
f 571 592 591
f 572 573 593
f 572 593 592
f 573 574 594
f 573 594 593
f 574 555 575
f 574 575 594
f 575 576 596
f 575 596 595
f 576 577 597
f 576 597 596
f 577 578 598
f 577 598 597
f 578 579 599
f 578 599 598
f 579 580 600
f 579 600 599
f 580 581 601
f 580 601 600
f 581 582 602
f 581 602 601
f 582 583 603
f 582 603 602
f 583 584 604
f 583 604 603
f 584 585 605
f 584 605 604
f 585 586 606
f 585 606 605
f 586 587 607
f 586 607 606
f 587 588 608
f 587 608 607
f 588 589 609
f 588 609 608
f 589 590 610
f 589 610 609
f 590 591 611
f 590 611 610
f 591 592 612
f 591 612 611
f 592 593 613
f 592 613 612
f 593 594 614
f 593 614 613
f 594 575 595
f 594 595 614
f 595 596 616
f 595 616 615
f 596 597 617
f 596 617 616
f 597 598 618
f 597 618 617
f 598 599 619
f 598 619 618
f 599 600 620
f 599 620 619
f 600 601 621
f 600 621 620
f 601 602 622
f 601 622 621
f 602 603 623
f 602 623 622
f 603 604 624
f 603 624 623
f 604 605 625
f 604 625 624
f 605 606 626
f 605 626 625
f 606 607 627
f 606 627 626
f 607 608 628
f 607 628 627
f 608 609 629
f 608 629 628
f 609 610 630
f 609 630 629
f 610 611 631
f 610 631 630
f 611 612 632
f 611 632 631
f 612 613 633
f 612 633 632
f 613 614 634
f 613 634 633
f 614 595 615
f 614 615 634
f 615 616 636
f 615 636 635
f 616 617 637
f 616 637 636
f 617 618 638
f 617 638 637
f 618 619 639
f 618 639 638
f 619 620 640
f 619 640 639
f 620 621 641
f 620 641 640
f 621 622 642
f 621 642 641
f 622 623 643
f 622 643 642
f 623 624 644
f 623 644 643
f 624 625 645
f 624 645 644
f 625 626 646
f 625 646 645
f 626 627 647
f 626 647 646
f 627 628 648
f 627 648 647
f 628 629 649
f 628 649 648
f 629 630 650
f 629 650 649
f 630 631 651
f 630 651 650
f 631 632 652
f 631 652 651
f 632 633 653
f 632 653 652
f 633 634 654
f 633 654 653
f 634 615 635
f 634 635 654
f 635 636 656
f 635 656 655
f 636 637 657
f 636 657 656
f 637 638 658
f 637 658 657
f 638 639 659
f 638 659 658
f 639 640 660
f 639 660 659
f 640 641 661
f 640 661 660
f 641 642 662
f 641 662 661
f 642 643 663
f 642 663 662
f 643 644 664
f 643 664 663
f 644 645 665
f 644 665 664
f 645 646 666
f 645 666 665
f 646 647 667
f 646 667 666
f 647 648 668
f 647 668 667
f 648 649 669
f 648 669 668
f 649 650 670
f 649 670 669
f 650 651 671
f 650 671 670
f 651 652 672
f 651 672 671
f 652 653 673
f 652 673 672
f 653 654 674
f 653 674 673
f 654 635 655
f 654 655 674
f 655 656 676
f 655 676 675
f 656 657 677
f 656 677 676
f 657 658 678
f 657 678 677
f 658 659 679
f 658 679 678
f 659 660 680
f 659 680 679
f 660 661 681
f 660 681 680
f 661 662 682
f 661 682 681
f 662 663 683
f 662 683 682
f 663 664 684
f 663 684 683
f 664 665 685
f 664 685 684
f 665 666 686
f 665 686 685
f 666 667 687
f 666 687 686
f 667 668 688
f 667 688 687
f 668 669 689
f 668 689 688
f 669 670 690
f 669 690 689
f 670 671 691
f 670 691 690
f 671 672 692
f 671 692 691
f 672 673 693
f 672 693 692
f 673 674 694
f 673 694 693
f 674 655 675
f 674 675 694
f 675 676 696
f 675 696 695
f 676 677 697
f 676 697 696
f 677 678 698
f 677 698 697
f 678 679 699
f 678 699 698
f 679 680 700
f 679 700 699
f 680 681 701
f 680 701 700
f 681 682 702
f 681 702 701
f 682 683 703
f 682 703 702
f 683 684 704
f 683 704 703
f 684 685 705
f 684 705 704
f 685 686 706
f 685 706 705
f 686 687 707
f 686 707 706
f 687 688 708
f 687 708 707
f 688 689 709
f 688 709 708
f 689 690 710
f 689 710 709
f 690 691 711
f 690 711 710
f 691 692 712
f 691 712 711
f 692 693 713
f 692 713 712
f 693 694 714
f 693 714 713
f 694 675 695
f 694 695 714
f 695 696 716
f 695 716 715
f 696 697 717
f 696 717 716
f 697 698 718
f 697 718 717
f 698 699 719
f 698 719 718
f 699 700 720
f 699 720 719
f 700 701 721
f 700 721 720
f 701 702 722
f 701 722 721
f 702 703 723
f 702 723 722
f 703 704 724
f 703 724 723
f 704 705 725
f 704 725 724
f 705 706 726
f 705 726 725
f 706 707 727
f 706 727 726
f 707 708 728
f 707 728 727
f 708 709 729
f 708 729 728
f 709 710 730
f 709 730 729
f 710 711 731
f 710 731 730
f 711 712 732
f 711 732 731
f 712 713 733
f 712 733 732
f 713 714 734
f 713 734 733
f 714 695 715
f 714 715 734
f 715 716 736
f 715 736 735
f 716 717 737
f 716 737 736
f 717 718 738
f 717 738 737
f 718 719 739
f 718 739 738
f 719 720 740
f 719 740 739
f 720 721 741
f 720 741 740
f 721 722 742
f 721 742 741
f 722 723 743
f 722 743 742
f 723 724 744
f 723 744 743
f 724 725 745
f 724 745 744
f 725 726 746
f 725 746 745
f 726 727 747
f 726 747 746
f 727 728 748
f 727 748 747
f 728 729 749
f 728 749 748
f 729 730 750
f 729 750 749
f 730 731 751
f 730 751 750
f 731 732 752
f 731 752 751
f 732 733 753
f 732 753 752
f 733 734 754
f 733 754 753
f 734 715 735
f 734 735 754
f 735 736 756
f 735 756 755
f 736 737 757
f 736 757 756
f 737 738 758
f 737 758 757
f 738 739 759
f 738 759 758
f 739 740 760
f 739 760 759
f 740 741 761
f 740 761 760
f 741 742 762
f 741 762 761
f 742 743 763
f 742 763 762
f 743 744 764
f 743 764 763
f 744 745 765
f 744 765 764
f 745 746 766
f 745 766 765
f 746 747 767
f 746 767 766
f 747 748 768
f 747 768 767
f 748 749 769
f 748 769 768
f 749 750 770
f 749 770 769
f 750 751 771
f 750 771 770
f 751 752 772
f 751 772 771
f 752 753 773
f 752 773 772
f 753 754 774
f 753 774 773
f 754 735 755
f 754 755 774
f 755 756 776
f 755 776 775
f 756 757 777
f 756 777 776
f 757 758 778
f 757 778 777
f 758 759 779
f 758 779 778
f 759 760 780
f 759 780 779
f 760 761 781
f 760 781 780
f 761 762 782
f 761 782 781
f 762 763 783
f 762 783 782
f 763 764 784
f 763 784 783
f 764 765 785
f 764 785 784
f 765 766 786
f 765 786 785
f 766 767 787
f 766 787 786
f 767 768 788
f 767 788 787
f 768 769 789
f 768 789 788
f 769 770 790
f 769 790 789
f 770 771 791
f 770 791 790
f 771 772 792
f 771 792 791
f 772 773 793
f 772 793 792
f 773 774 794
f 773 794 793
f 774 755 775
f 774 775 794
f 775 776 796
f 775 796 795
f 776 777 797
f 776 797 796
f 777 778 798
f 777 798 797
f 778 779 799
f 778 799 798
f 779 780 800
f 779 800 799
f 780 781 801
f 780 801 800
f 781 782 802
f 781 802 801
f 782 783 803
f 782 803 802
f 783 784 804
f 783 804 803
f 784 785 805
f 784 805 804
f 785 786 806
f 785 806 805
f 786 787 807
f 786 807 806
f 787 788 808
f 787 808 807
f 788 789 809
f 788 809 808
f 789 790 810
f 789 810 809
f 790 791 811
f 790 811 810
f 791 792 812
f 791 812 811
f 792 793 813
f 792 813 812
f 793 794 814
f 793 814 813
f 794 775 795
f 794 795 814
o L_Thigh
g L_Thigh
usemtl Lux_Cyan
v -0.260000 0.900000 0.000000
v -0.202800 1.340000 0.000000
v -0.260000 0.900000 -0.170000
v -0.324513 0.908387 -0.157060
v -0.379205 0.915497 -0.120208
v -0.415749 0.920247 -0.065056
v -0.428581 0.921916 -0.000000
v -0.415749 0.920247 0.065056
v -0.379205 0.915497 0.120208
v -0.324513 0.908387 0.157060
v -0.260000 0.900000 0.170000
v -0.195487 0.891613 0.157060
v -0.140795 0.884503 0.120208
v -0.104251 0.879753 0.065056
v -0.091419 0.878084 0.000000
v -0.104251 0.879753 -0.065056
v -0.140795 0.884503 -0.120208
v -0.195487 0.891613 -0.157060
v -0.202800 1.340000 -0.205000
v -0.280595 1.350113 -0.189395
v -0.346547 1.358687 -0.144957
v -0.390615 1.364416 -0.078450
v -0.406089 1.366428 -0.000000
v -0.390615 1.364416 0.078450
v -0.346547 1.358687 0.144957
v -0.280595 1.350113 0.189395
v -0.202800 1.340000 0.205000
v -0.125005 1.329887 0.189395
v -0.059053 1.321313 0.144957
v -0.014985 1.315584 0.078450
v 0.000489 1.313572 0.000000
v -0.014985 1.315584 -0.078450
v -0.059053 1.321313 -0.144957
v -0.125005 1.329887 -0.189395
f 817 818 834
f 817 834 833
f 815 818 817
f 816 833 834
f 818 819 835
f 818 835 834
f 815 819 818
f 816 834 835
f 819 820 836
f 819 836 835
f 815 820 819
f 816 835 836
f 820 821 837
f 820 837 836
f 815 821 820
f 816 836 837
f 821 822 838
f 821 838 837
f 815 822 821
f 816 837 838
f 822 823 839
f 822 839 838
f 815 823 822
f 816 838 839
f 823 824 840
f 823 840 839
f 815 824 823
f 816 839 840
f 824 825 841
f 824 841 840
f 815 825 824
f 816 840 841
f 825 826 842
f 825 842 841
f 815 826 825
f 816 841 842
f 826 827 843
f 826 843 842
f 815 827 826
f 816 842 843
f 827 828 844
f 827 844 843
f 815 828 827
f 816 843 844
f 828 829 845
f 828 845 844
f 815 829 828
f 816 844 845
f 829 830 846
f 829 846 845
f 815 830 829
f 816 845 846
f 830 831 847
f 830 847 846
f 815 831 830
f 816 846 847
f 831 832 848
f 831 848 847
f 815 832 831
f 816 847 848
f 832 817 833
f 832 833 848
f 815 817 832
f 816 848 833
o R_Shoe
g R_Shoe
usemtl Sport_White
v 0.260000 0.000000 0.090000
v 0.260000 0.000000 0.090000
v 0.260000 0.000000 0.090000
v 0.260000 0.000000 0.090000
v 0.260000 0.000000 0.090000
v 0.260000 0.000000 0.090000
v 0.260000 0.000000 0.090000
v 0.260000 0.000000 0.090000
v 0.260000 0.000000 0.090000
v 0.260000 0.000000 0.090000
v 0.260000 0.000000 0.090000
v 0.260000 0.000000 0.090000
v 0.260000 0.000000 0.090000
v 0.260000 0.000000 0.090000
v 0.260000 0.000000 0.090000
v 0.260000 0.000000 0.090000
v 0.260000 0.000000 0.090000
v 0.260000 0.000000 0.090000
v 0.260000 0.000000 0.090000
v 0.260000 0.000000 0.090000
v 0.366242 0.002550 0.090000
v 0.363239 0.002550 0.172642
v 0.354124 0.002550 0.209333
v 0.338419 0.002550 0.233233
v 0.314307 0.002550 0.247103
v 0.260000 0.002550 0.251673
v 0.205693 0.002550 0.247103
v 0.181581 0.002550 0.233233
v 0.165876 0.002550 0.209333
v 0.156761 0.002550 0.172642
v 0.153758 0.002550 0.090000
v 0.156761 0.002550 0.007358
v 0.165876 0.002550 -0.029333
v 0.181581 0.002550 -0.053233
v 0.205693 0.002550 -0.067103
v 0.260000 0.002550 -0.071673
v 0.314307 0.002550 -0.067103
v 0.338419 0.002550 -0.053233
v 0.354124 0.002550 -0.029333
v 0.363239 0.002550 0.007358
v 0.414779 0.010258 0.090000
v 0.410403 0.010258 0.210396
v 0.397125 0.010258 0.263850
v 0.374245 0.010258 0.298668
v 0.339117 0.010258 0.318874
v 0.260000 0.010258 0.325533
v 0.180883 0.010258 0.318874
v 0.145755 0.010258 0.298668
v 0.122875 0.010258 0.263850
v 0.109597 0.010258 0.210396
v 0.105221 0.010258 0.090000
v 0.109597 0.010258 -0.030396
v 0.122875 0.010258 -0.083850
v 0.145755 0.010258 -0.118668
v 0.180883 0.010258 -0.138874
v 0.260000 0.010258 -0.145533
v 0.339117 0.010258 -0.138874
v 0.374245 0.010258 -0.118668
v 0.397125 0.010258 -0.083850
v 0.410403 0.010258 -0.030396
v 0.448677 0.023356 0.090000
v 0.443344 0.023356 0.236764
v 0.427157 0.023356 0.301926
v 0.399266 0.023356 0.344369
v 0.356445 0.023356 0.369001
v 0.260000 0.023356 0.377117
v 0.163555 0.023356 0.369001
v 0.120734 0.023356 0.344369
v 0.092843 0.023356 0.301926
v 0.076656 0.023356 0.236764
v 0.071323 0.023356 0.090000
v 0.076656 0.023356 -0.056764
v 0.092843 0.023356 -0.121926
v 0.120734 0.023356 -0.164369
v 0.163555 0.023356 -0.189001
v 0.260000 0.023356 -0.197117
v 0.356445 0.023356 -0.189001
v 0.399266 0.023356 -0.164369
v 0.427157 0.023356 -0.121926
v 0.443344 0.023356 -0.056764
v 0.471851 0.042516 0.090000
v 0.465863 0.042516 0.254791
v 0.447688 0.042516 0.327956
v 0.416371 0.042516 0.375611
v 0.368291 0.042516 0.403269
v 0.260000 0.042516 0.412382
v 0.151709 0.042516 0.403269
v 0.103629 0.042516 0.375611
v 0.072312 0.042516 0.327956
v 0.054137 0.042516 0.254791
v 0.048149 0.042516 0.090000
v 0.054137 0.042516 -0.074791
v 0.072312 0.042516 -0.147956
v 0.103629 0.042516 -0.195611
v 0.151709 0.042516 -0.223269
v 0.260000 0.042516 -0.232382
v 0.368291 0.042516 -0.223269
v 0.416371 0.042516 -0.195611
v 0.447688 0.042516 -0.147956
v 0.465863 0.042516 -0.074791
v 0.485488 0.069950 0.090000
v 0.479114 0.069950 0.265398
v 0.459769 0.069950 0.343273
v 0.426437 0.069950 0.393997
v 0.375262 0.069950 0.423435
v 0.260000 0.069950 0.433135
v 0.144738 0.069950 0.423435
v 0.093563 0.069950 0.393997
v 0.060231 0.069950 0.343273
v 0.040886 0.069950 0.265398
v 0.034512 0.069950 0.090000
v 0.040886 0.069950 -0.085398
v 0.060231 0.069950 -0.163273
v 0.093563 0.069950 -0.213997
v 0.144738 0.069950 -0.243435
v 0.260000 0.069950 -0.253135
v 0.375262 0.069950 -0.243435
v 0.426437 0.069950 -0.213997
v 0.459769 0.069950 -0.163273
v 0.479114 0.069950 -0.085398
v 0.490000 0.130000 0.090000
v 0.483498 0.130000 0.268908
v 0.463766 0.130000 0.348341
v 0.429767 0.130000 0.400079
v 0.377568 0.130000 0.430106
v 0.260000 0.130000 0.440000
v 0.142432 0.130000 0.430106
v 0.090233 0.130000 0.400079
v 0.056234 0.130000 0.348341
v 0.036502 0.130000 0.268908
v 0.030000 0.130000 0.090000
v 0.036502 0.130000 -0.088908
v 0.056234 0.130000 -0.168341
v 0.090233 0.130000 -0.220079
v 0.142432 0.130000 -0.250106
v 0.260000 0.130000 -0.260000
v 0.377568 0.130000 -0.250106
v 0.429767 0.130000 -0.220079
v 0.463766 0.130000 -0.168341
v 0.483498 0.130000 -0.088908
v 0.485488 0.190050 0.090000
v 0.479114 0.190050 0.265398
v 0.459769 0.190050 0.343273
v 0.426437 0.190050 0.393997
v 0.375262 0.190050 0.423435
v 0.260000 0.190050 0.433135
v 0.144738 0.190050 0.423435
v 0.093563 0.190050 0.393997
v 0.060231 0.190050 0.343273
v 0.040886 0.190050 0.265398
v 0.034512 0.190050 0.090000
v 0.040886 0.190050 -0.085398
v 0.060231 0.190050 -0.163273
v 0.093563 0.190050 -0.213997
v 0.144738 0.190050 -0.243435
v 0.260000 0.190050 -0.253135
v 0.375262 0.190050 -0.243435
v 0.426437 0.190050 -0.213997
v 0.459769 0.190050 -0.163273
v 0.479114 0.190050 -0.085398
v 0.471851 0.217484 0.090000
v 0.465863 0.217484 0.254791
v 0.447688 0.217484 0.327956
v 0.416371 0.217484 0.375611
v 0.368291 0.217484 0.403269
v 0.260000 0.217484 0.412382
v 0.151709 0.217484 0.403269
v 0.103629 0.217484 0.375611
v 0.072312 0.217484 0.327956
v 0.054137 0.217484 0.254791
v 0.048149 0.217484 0.090000
v 0.054137 0.217484 -0.074791
v 0.072312 0.217484 -0.147956
v 0.103629 0.217484 -0.195611
v 0.151709 0.217484 -0.223269
v 0.260000 0.217484 -0.232382
v 0.368291 0.217484 -0.223269
v 0.416371 0.217484 -0.195611
v 0.447688 0.217484 -0.147956
v 0.465863 0.217484 -0.074791
v 0.448677 0.236644 0.090000
v 0.443344 0.236644 0.236764
v 0.427157 0.236644 0.301926
v 0.399266 0.236644 0.344369
v 0.356445 0.236644 0.369001
v 0.260000 0.236644 0.377117
v 0.163555 0.236644 0.369001
v 0.120734 0.236644 0.344369
v 0.092843 0.236644 0.301926
v 0.076656 0.236644 0.236764
v 0.071323 0.236644 0.090000
v 0.076656 0.236644 -0.056764
v 0.092843 0.236644 -0.121926
v 0.120734 0.236644 -0.164369
v 0.163555 0.236644 -0.189001
v 0.260000 0.236644 -0.197117
v 0.356445 0.236644 -0.189001
v 0.399266 0.236644 -0.164369
v 0.427157 0.236644 -0.121926
v 0.443344 0.236644 -0.056764
v 0.414779 0.249742 0.090000
v 0.410403 0.249742 0.210396
v 0.397125 0.249742 0.263850
v 0.374245 0.249742 0.298668
v 0.339117 0.249742 0.318874
v 0.260000 0.249742 0.325533
v 0.180883 0.249742 0.318874
v 0.145755 0.249742 0.298668
v 0.122875 0.249742 0.263850
v 0.109597 0.249742 0.210396
v 0.105221 0.249742 0.090000
v 0.109597 0.249742 -0.030396
v 0.122875 0.249742 -0.083850
v 0.145755 0.249742 -0.118668
v 0.180883 0.249742 -0.138874
v 0.260000 0.249742 -0.145533
v 0.339117 0.249742 -0.138874
v 0.374245 0.249742 -0.118668
v 0.397125 0.249742 -0.083850
v 0.410403 0.249742 -0.030396
v 0.366242 0.257450 0.090000
v 0.363239 0.257450 0.172642
v 0.354124 0.257450 0.209333
v 0.338419 0.257450 0.233233
v 0.314307 0.257450 0.247103
v 0.260000 0.257450 0.251673
v 0.205693 0.257450 0.247103
v 0.181581 0.257450 0.233233
v 0.165876 0.257450 0.209333
v 0.156761 0.257450 0.172642
v 0.153758 0.257450 0.090000
v 0.156761 0.257450 0.007358
v 0.165876 0.257450 -0.029333
v 0.181581 0.257450 -0.053233
v 0.205693 0.257450 -0.067103
v 0.260000 0.257450 -0.071673
v 0.314307 0.257450 -0.067103
v 0.338419 0.257450 -0.053233
v 0.354124 0.257450 -0.029333
v 0.363239 0.257450 0.007358
v 0.260000 0.260000 0.090000
v 0.260000 0.260000 0.090000
v 0.260000 0.260000 0.090000
v 0.260000 0.260000 0.090000
v 0.260000 0.260000 0.090000
v 0.260000 0.260000 0.090000
v 0.260000 0.260000 0.090000
v 0.260000 0.260000 0.090000
v 0.260000 0.260000 0.090000
v 0.260000 0.260000 0.090000
v 0.260000 0.260000 0.090000
v 0.260000 0.260000 0.090000
v 0.260000 0.260000 0.090000
v 0.260000 0.260000 0.090000
v 0.260000 0.260000 0.090000
v 0.260000 0.260000 0.090000
v 0.260000 0.260000 0.090000
v 0.260000 0.260000 0.090000
v 0.260000 0.260000 0.090000
v 0.260000 0.260000 0.090000
f 849 850 870
f 849 870 869
f 850 851 871
f 850 871 870
f 851 852 872
f 851 872 871
f 852 853 873
f 852 873 872
f 853 854 874
f 853 874 873
f 854 855 875
f 854 875 874
f 855 856 876
f 855 876 875
f 856 857 877
f 856 877 876
f 857 858 878
f 857 878 877
f 858 859 879
f 858 879 878
f 859 860 880
f 859 880 879
f 860 861 881
f 860 881 880
f 861 862 882
f 861 882 881
f 862 863 883
f 862 883 882
f 863 864 884
f 863 884 883
f 864 865 885
f 864 885 884
f 865 866 886
f 865 886 885
f 866 867 887
f 866 887 886
f 867 868 888
f 867 888 887
f 868 849 869
f 868 869 888
f 869 870 890
f 869 890 889
f 870 871 891
f 870 891 890
f 871 872 892
f 871 892 891
f 872 873 893
f 872 893 892
f 873 874 894
f 873 894 893
f 874 875 895
f 874 895 894
f 875 876 896
f 875 896 895
f 876 877 897
f 876 897 896
f 877 878 898
f 877 898 897
f 878 879 899
f 878 899 898
f 879 880 900
f 879 900 899
f 880 881 901
f 880 901 900
f 881 882 902
f 881 902 901
f 882 883 903
f 882 903 902
f 883 884 904
f 883 904 903
f 884 885 905
f 884 905 904
f 885 886 906
f 885 906 905
f 886 887 907
f 886 907 906
f 887 888 908
f 887 908 907
f 888 869 889
f 888 889 908
f 889 890 910
f 889 910 909
f 890 891 911
f 890 911 910
f 891 892 912
f 891 912 911
f 892 893 913
f 892 913 912
f 893 894 914
f 893 914 913
f 894 895 915
f 894 915 914
f 895 896 916
f 895 916 915
f 896 897 917
f 896 917 916
f 897 898 918
f 897 918 917
f 898 899 919
f 898 919 918
f 899 900 920
f 899 920 919
f 900 901 921
f 900 921 920
f 901 902 922
f 901 922 921
f 902 903 923
f 902 923 922
f 903 904 924
f 903 924 923
f 904 905 925
f 904 925 924
f 905 906 926
f 905 926 925
f 906 907 927
f 906 927 926
f 907 908 928
f 907 928 927
f 908 889 909
f 908 909 928
f 909 910 930
f 909 930 929
f 910 911 931
f 910 931 930
f 911 912 932
f 911 932 931
f 912 913 933
f 912 933 932
f 913 914 934
f 913 934 933
f 914 915 935
f 914 935 934
f 915 916 936
f 915 936 935
f 916 917 937
f 916 937 936
f 917 918 938
f 917 938 937
f 918 919 939
f 918 939 938
f 919 920 940
f 919 940 939
f 920 921 941
f 920 941 940
f 921 922 942
f 921 942 941
f 922 923 943
f 922 943 942
f 923 924 944
f 923 944 943
f 924 925 945
f 924 945 944
f 925 926 946
f 925 946 945
f 926 927 947
f 926 947 946
f 927 928 948
f 927 948 947
f 928 909 929
f 928 929 948
f 929 930 950
f 929 950 949
f 930 931 951
f 930 951 950
f 931 932 952
f 931 952 951
f 932 933 953
f 932 953 952
f 933 934 954
f 933 954 953
f 934 935 955
f 934 955 954
f 935 936 956
f 935 956 955
f 936 937 957
f 936 957 956
f 937 938 958
f 937 958 957
f 938 939 959
f 938 959 958
f 939 940 960
f 939 960 959
f 940 941 961
f 940 961 960
f 941 942 962
f 941 962 961
f 942 943 963
f 942 963 962
f 943 944 964
f 943 964 963
f 944 945 965
f 944 965 964
f 945 946 966
f 945 966 965
f 946 947 967
f 946 967 966
f 947 948 968
f 947 968 967
f 948 929 949
f 948 949 968
f 949 950 970
f 949 970 969
f 950 951 971
f 950 971 970
f 951 952 972
f 951 972 971
f 952 953 973
f 952 973 972
f 953 954 974
f 953 974 973
f 954 955 975
f 954 975 974
f 955 956 976
f 955 976 975
f 956 957 977
f 956 977 976
f 957 958 978
f 957 978 977
f 958 959 979
f 958 979 978
f 959 960 980
f 959 980 979
f 960 961 981
f 960 981 980
f 961 962 982
f 961 982 981
f 962 963 983
f 962 983 982
f 963 964 984
f 963 984 983
f 964 965 985
f 964 985 984
f 965 966 986
f 965 986 985
f 966 967 987
f 966 987 986
f 967 968 988
f 967 988 987
f 968 949 969
f 968 969 988
f 969 970 990
f 969 990 989
f 970 971 991
f 970 991 990
f 971 972 992
f 971 992 991
f 972 973 993
f 972 993 992
f 973 974 994
f 973 994 993
f 974 975 995
f 974 995 994
f 975 976 996
f 975 996 995
f 976 977 997
f 976 997 996
f 977 978 998
f 977 998 997
f 978 979 999
f 978 999 998
f 979 980 1000
f 979 1000 999
f 980 981 1001
f 980 1001 1000
f 981 982 1002
f 981 1002 1001
f 982 983 1003
f 982 1003 1002
f 983 984 1004
f 983 1004 1003
f 984 985 1005
f 984 1005 1004
f 985 986 1006
f 985 1006 1005
f 986 987 1007
f 986 1007 1006
f 987 988 1008
f 987 1008 1007
f 988 969 989
f 988 989 1008
f 989 990 1010
f 989 1010 1009
f 990 991 1011
f 990 1011 1010
f 991 992 1012
f 991 1012 1011
f 992 993 1013
f 992 1013 1012
f 993 994 1014
f 993 1014 1013
f 994 995 1015
f 994 1015 1014
f 995 996 1016
f 995 1016 1015
f 996 997 1017
f 996 1017 1016
f 997 998 1018
f 997 1018 1017
f 998 999 1019
f 998 1019 1018
f 999 1000 1020
f 999 1020 1019
f 1000 1001 1021
f 1000 1021 1020
f 1001 1002 1022
f 1001 1022 1021
f 1002 1003 1023
f 1002 1023 1022
f 1003 1004 1024
f 1003 1024 1023
f 1004 1005 1025
f 1004 1025 1024
f 1005 1006 1026
f 1005 1026 1025
f 1006 1007 1027
f 1006 1027 1026
f 1007 1008 1028
f 1007 1028 1027
f 1008 989 1009
f 1008 1009 1028
f 1009 1010 1030
f 1009 1030 1029
f 1010 1011 1031
f 1010 1031 1030
f 1011 1012 1032
f 1011 1032 1031
f 1012 1013 1033
f 1012 1033 1032
f 1013 1014 1034
f 1013 1034 1033
f 1014 1015 1035
f 1014 1035 1034
f 1015 1016 1036
f 1015 1036 1035
f 1016 1017 1037
f 1016 1037 1036
f 1017 1018 1038
f 1017 1038 1037
f 1018 1019 1039
f 1018 1039 1038
f 1019 1020 1040
f 1019 1040 1039
f 1020 1021 1041
f 1020 1041 1040
f 1021 1022 1042
f 1021 1042 1041
f 1022 1023 1043
f 1022 1043 1042
f 1023 1024 1044
f 1023 1044 1043
f 1024 1025 1045
f 1024 1045 1044
f 1025 1026 1046
f 1025 1046 1045
f 1026 1027 1047
f 1026 1047 1046
f 1027 1028 1048
f 1027 1048 1047
f 1028 1009 1029
f 1028 1029 1048
f 1029 1030 1050
f 1029 1050 1049
f 1030 1031 1051
f 1030 1051 1050
f 1031 1032 1052
f 1031 1052 1051
f 1032 1033 1053
f 1032 1053 1052
f 1033 1034 1054
f 1033 1054 1053
f 1034 1035 1055
f 1034 1055 1054
f 1035 1036 1056
f 1035 1056 1055
f 1036 1037 1057
f 1036 1057 1056
f 1037 1038 1058
f 1037 1058 1057
f 1038 1039 1059
f 1038 1059 1058
f 1039 1040 1060
f 1039 1060 1059
f 1040 1041 1061
f 1040 1061 1060
f 1041 1042 1062
f 1041 1062 1061
f 1042 1043 1063
f 1042 1063 1062
f 1043 1044 1064
f 1043 1064 1063
f 1044 1045 1065
f 1044 1065 1064
f 1045 1046 1066
f 1045 1066 1065
f 1046 1047 1067
f 1046 1067 1066
f 1047 1048 1068
f 1047 1068 1067
f 1048 1029 1049
f 1048 1049 1068
f 1049 1050 1070
f 1049 1070 1069
f 1050 1051 1071
f 1050 1071 1070
f 1051 1052 1072
f 1051 1072 1071
f 1052 1053 1073
f 1052 1073 1072
f 1053 1054 1074
f 1053 1074 1073
f 1054 1055 1075
f 1054 1075 1074
f 1055 1056 1076
f 1055 1076 1075
f 1056 1057 1077
f 1056 1077 1076
f 1057 1058 1078
f 1057 1078 1077
f 1058 1059 1079
f 1058 1079 1078
f 1059 1060 1080
f 1059 1080 1079
f 1060 1061 1081
f 1060 1081 1080
f 1061 1062 1082
f 1061 1082 1081
f 1062 1063 1083
f 1062 1083 1082
f 1063 1064 1084
f 1063 1084 1083
f 1064 1065 1085
f 1064 1085 1084
f 1065 1066 1086
f 1065 1086 1085
f 1066 1067 1087
f 1066 1087 1086
f 1067 1068 1088
f 1067 1088 1087
f 1068 1049 1069
f 1068 1069 1088
f 1069 1070 1090
f 1069 1090 1089
f 1070 1071 1091
f 1070 1091 1090
f 1071 1072 1092
f 1071 1092 1091
f 1072 1073 1093
f 1072 1093 1092
f 1073 1074 1094
f 1073 1094 1093
f 1074 1075 1095
f 1074 1095 1094
f 1075 1076 1096
f 1075 1096 1095
f 1076 1077 1097
f 1076 1097 1096
f 1077 1078 1098
f 1077 1098 1097
f 1078 1079 1099
f 1078 1099 1098
f 1079 1080 1100
f 1079 1100 1099
f 1080 1081 1101
f 1080 1101 1100
f 1081 1082 1102
f 1081 1102 1101
f 1082 1083 1103
f 1082 1103 1102
f 1083 1084 1104
f 1083 1104 1103
f 1084 1085 1105
f 1084 1105 1104
f 1085 1086 1106
f 1085 1106 1105
f 1086 1087 1107
f 1086 1107 1106
f 1087 1088 1108
f 1087 1108 1107
f 1088 1069 1089
f 1088 1089 1108
o R_Shoe_Accent
g R_Shoe_Accent
usemtl Hot_Pink
v 0.260000 0.030000 0.280000
v 0.260000 0.030000 0.280000
v 0.260000 0.030000 0.280000
v 0.260000 0.030000 0.280000
v 0.260000 0.030000 0.280000
v 0.260000 0.030000 0.280000
v 0.260000 0.030000 0.280000
v 0.260000 0.030000 0.280000
v 0.260000 0.030000 0.280000
v 0.260000 0.030000 0.280000
v 0.260000 0.030000 0.280000
v 0.260000 0.030000 0.280000
v 0.260000 0.030000 0.280000
v 0.260000 0.030000 0.280000
v 0.260000 0.030000 0.280000
v 0.260000 0.030000 0.280000
v 0.260000 0.030000 0.280000
v 0.260000 0.030000 0.280000
v 0.260000 0.030000 0.280000
v 0.260000 0.030000 0.280000
v 0.333103 0.031599 0.280000
v 0.330698 0.031599 0.304132
v 0.323471 0.031599 0.317047
v 0.311296 0.031599 0.325840
v 0.293414 0.031599 0.331060
v 0.260000 0.031599 0.332797
v 0.226586 0.031599 0.331060
v 0.208704 0.031599 0.325840
v 0.196529 0.031599 0.317047
v 0.189302 0.031599 0.304132
v 0.186897 0.031599 0.280000
v 0.189302 0.031599 0.255868
v 0.196529 0.031599 0.242953
v 0.208704 0.031599 0.234160
v 0.226586 0.031599 0.228940
v 0.260000 0.031599 0.227203
v 0.293414 0.031599 0.228940
v 0.311296 0.031599 0.234160
v 0.323471 0.031599 0.242953
v 0.330698 0.031599 0.255868
v 0.373393 0.036401 0.280000
v 0.369662 0.036401 0.317432
v 0.358452 0.036401 0.337465
v 0.339567 0.036401 0.351104
v 0.311829 0.036401 0.359200
v 0.260000 0.036401 0.361895
v 0.208171 0.036401 0.359200
v 0.180433 0.036401 0.351104
v 0.161548 0.036401 0.337465
v 0.150338 0.036401 0.317432
v 0.146607 0.036401 0.280000
v 0.150338 0.036401 0.242568
v 0.161548 0.036401 0.222535
v 0.180433 0.036401 0.208896
v 0.208171 0.036401 0.200800
v 0.260000 0.036401 0.198105
v 0.311829 0.036401 0.200800
v 0.339567 0.036401 0.208896
v 0.358452 0.036401 0.222535
v 0.369662 0.036401 0.242568
v 0.402866 0.044441 0.280000
v 0.398166 0.044441 0.327162
v 0.384042 0.044441 0.352401
v 0.360248 0.044441 0.369586
v 0.325301 0.044441 0.379786
v 0.260000 0.044441 0.383181
v 0.194699 0.044441 0.379786
v 0.159752 0.044441 0.369586
v 0.135958 0.044441 0.352401
v 0.121834 0.044441 0.327162
v 0.117134 0.044441 0.280000
v 0.121834 0.044441 0.232838
v 0.135958 0.044441 0.207599
v 0.159752 0.044441 0.190414
v 0.194699 0.044441 0.180214
v 0.260000 0.044441 0.176819
v 0.325301 0.044441 0.180214
v 0.360248 0.044441 0.190414
v 0.384042 0.044441 0.207599
v 0.398166 0.044441 0.232838
v 0.423541 0.055903 0.280000
v 0.418160 0.055903 0.333987
v 0.401992 0.055903 0.362879
v 0.374755 0.055903 0.382550
v 0.334751 0.055903 0.394227
v 0.260000 0.055903 0.398113
v 0.185249 0.055903 0.394227
v 0.145245 0.055903 0.382550
v 0.118008 0.055903 0.362879
v 0.101840 0.055903 0.333987
v 0.096459 0.055903 0.280000
v 0.101840 0.055903 0.226013
v 0.118008 0.055903 0.197121
v 0.145245 0.055903 0.177450
v 0.185249 0.055903 0.165773
v 0.260000 0.055903 0.161887
v 0.334751 0.055903 0.165773
v 0.374755 0.055903 0.177450
v 0.401992 0.055903 0.197121
v 0.418160 0.055903 0.226013
v 0.435888 0.071571 0.280000
v 0.430101 0.071571 0.338062
v 0.412712 0.071571 0.369136
v 0.383419 0.071571 0.390292
v 0.340394 0.071571 0.402850
v 0.260000 0.071571 0.407030
v 0.179606 0.071571 0.402850
v 0.136581 0.071571 0.390292
v 0.107288 0.071571 0.369136
v 0.089899 0.071571 0.338062
v 0.084112 0.071571 0.280000
v 0.089899 0.071571 0.221938
v 0.107288 0.071571 0.190864
v 0.136581 0.071571 0.169708
v 0.179606 0.071571 0.157150
v 0.260000 0.071571 0.152970
v 0.340394 0.071571 0.157150
v 0.383419 0.071571 0.169708
v 0.412712 0.071571 0.190864
v 0.430101 0.071571 0.221938
v 0.440000 0.100000 0.280000
v 0.434078 0.100000 0.339420
v 0.416283 0.100000 0.371220
v 0.386304 0.100000 0.392871
v 0.342274 0.100000 0.405723
v 0.260000 0.100000 0.410000
v 0.177726 0.100000 0.405723
v 0.133696 0.100000 0.392871
v 0.103717 0.100000 0.371220
v 0.085922 0.100000 0.339420
v 0.080000 0.100000 0.280000
v 0.085922 0.100000 0.220580
v 0.103717 0.100000 0.188780
v 0.133696 0.100000 0.167129
v 0.177726 0.100000 0.154277
v 0.260000 0.100000 0.150000
v 0.342274 0.100000 0.154277
v 0.386304 0.100000 0.167129
v 0.416283 0.100000 0.188780
v 0.434078 0.100000 0.220580
v 0.435888 0.128429 0.280000
v 0.430101 0.128429 0.338062
v 0.412712 0.128429 0.369136
v 0.383419 0.128429 0.390292
v 0.340394 0.128429 0.402850
v 0.260000 0.128429 0.407030
v 0.179606 0.128429 0.402850
v 0.136581 0.128429 0.390292
v 0.107288 0.128429 0.369136
v 0.089899 0.128429 0.338062
v 0.084112 0.128429 0.280000
v 0.089899 0.128429 0.221938
v 0.107288 0.128429 0.190864
v 0.136581 0.128429 0.169708
v 0.179606 0.128429 0.157150
v 0.260000 0.128429 0.152970
v 0.340394 0.128429 0.157150
v 0.383419 0.128429 0.169708
v 0.412712 0.128429 0.190864
v 0.430101 0.128429 0.221938
v 0.423541 0.144097 0.280000
v 0.418160 0.144097 0.333987
v 0.401992 0.144097 0.362879
v 0.374755 0.144097 0.382550
v 0.334751 0.144097 0.394227
v 0.260000 0.144097 0.398113
v 0.185249 0.144097 0.394227
v 0.145245 0.144097 0.382550
v 0.118008 0.144097 0.362879
v 0.101840 0.144097 0.333987
v 0.096459 0.144097 0.280000
v 0.101840 0.144097 0.226013
v 0.118008 0.144097 0.197121
v 0.145245 0.144097 0.177450
v 0.185249 0.144097 0.165773
v 0.260000 0.144097 0.161887
v 0.334751 0.144097 0.165773
v 0.374755 0.144097 0.177450
v 0.401992 0.144097 0.197121
v 0.418160 0.144097 0.226013
v 0.402866 0.155559 0.280000
v 0.398166 0.155559 0.327162
v 0.384042 0.155559 0.352401
v 0.360248 0.155559 0.369586
v 0.325301 0.155559 0.379786
v 0.260000 0.155559 0.383181
v 0.194699 0.155559 0.379786
v 0.159752 0.155559 0.369586
v 0.135958 0.155559 0.352401
v 0.121834 0.155559 0.327162
v 0.117134 0.155559 0.280000
v 0.121834 0.155559 0.232838
v 0.135958 0.155559 0.207599
v 0.159752 0.155559 0.190414
v 0.194699 0.155559 0.180214
v 0.260000 0.155559 0.176819
v 0.325301 0.155559 0.180214
v 0.360248 0.155559 0.190414
v 0.384042 0.155559 0.207599
v 0.398166 0.155559 0.232838
v 0.373393 0.163599 0.280000
v 0.369662 0.163599 0.317432
v 0.358452 0.163599 0.337465
v 0.339567 0.163599 0.351104
v 0.311829 0.163599 0.359200
v 0.260000 0.163599 0.361895
v 0.208171 0.163599 0.359200
v 0.180433 0.163599 0.351104
v 0.161548 0.163599 0.337465
v 0.150338 0.163599 0.317432
v 0.146607 0.163599 0.280000
v 0.150338 0.163599 0.242568
v 0.161548 0.163599 0.222535
v 0.180433 0.163599 0.208896
v 0.208171 0.163599 0.200800
v 0.260000 0.163599 0.198105
v 0.311829 0.163599 0.200800
v 0.339567 0.163599 0.208896
v 0.358452 0.163599 0.222535
v 0.369662 0.163599 0.242568
v 0.333103 0.168401 0.280000
v 0.330698 0.168401 0.304132
v 0.323471 0.168401 0.317047
v 0.311296 0.168401 0.325840
v 0.293414 0.168401 0.331060
v 0.260000 0.168401 0.332797
v 0.226586 0.168401 0.331060
v 0.208704 0.168401 0.325840
v 0.196529 0.168401 0.317047
v 0.189302 0.168401 0.304132
v 0.186897 0.168401 0.280000
v 0.189302 0.168401 0.255868
v 0.196529 0.168401 0.242953
v 0.208704 0.168401 0.234160
v 0.226586 0.168401 0.228940
v 0.260000 0.168401 0.227203
v 0.293414 0.168401 0.228940
v 0.311296 0.168401 0.234160
v 0.323471 0.168401 0.242953
v 0.330698 0.168401 0.255868
v 0.260000 0.170000 0.280000
v 0.260000 0.170000 0.280000
v 0.260000 0.170000 0.280000
v 0.260000 0.170000 0.280000
v 0.260000 0.170000 0.280000
v 0.260000 0.170000 0.280000
v 0.260000 0.170000 0.280000
v 0.260000 0.170000 0.280000
v 0.260000 0.170000 0.280000
v 0.260000 0.170000 0.280000
v 0.260000 0.170000 0.280000
v 0.260000 0.170000 0.280000
v 0.260000 0.170000 0.280000
v 0.260000 0.170000 0.280000
v 0.260000 0.170000 0.280000
v 0.260000 0.170000 0.280000
v 0.260000 0.170000 0.280000
v 0.260000 0.170000 0.280000
v 0.260000 0.170000 0.280000
v 0.260000 0.170000 0.280000
f 1109 1110 1130
f 1109 1130 1129
f 1110 1111 1131
f 1110 1131 1130
f 1111 1112 1132
f 1111 1132 1131
f 1112 1113 1133
f 1112 1133 1132
f 1113 1114 1134
f 1113 1134 1133
f 1114 1115 1135
f 1114 1135 1134
f 1115 1116 1136
f 1115 1136 1135
f 1116 1117 1137
f 1116 1137 1136
f 1117 1118 1138
f 1117 1138 1137
f 1118 1119 1139
f 1118 1139 1138
f 1119 1120 1140
f 1119 1140 1139
f 1120 1121 1141
f 1120 1141 1140
f 1121 1122 1142
f 1121 1142 1141
f 1122 1123 1143
f 1122 1143 1142
f 1123 1124 1144
f 1123 1144 1143
f 1124 1125 1145
f 1124 1145 1144
f 1125 1126 1146
f 1125 1146 1145
f 1126 1127 1147
f 1126 1147 1146
f 1127 1128 1148
f 1127 1148 1147
f 1128 1109 1129
f 1128 1129 1148
f 1129 1130 1150
f 1129 1150 1149
f 1130 1131 1151
f 1130 1151 1150
f 1131 1132 1152
f 1131 1152 1151
f 1132 1133 1153
f 1132 1153 1152
f 1133 1134 1154
f 1133 1154 1153
f 1134 1135 1155
f 1134 1155 1154
f 1135 1136 1156
f 1135 1156 1155
f 1136 1137 1157
f 1136 1157 1156
f 1137 1138 1158
f 1137 1158 1157
f 1138 1139 1159
f 1138 1159 1158
f 1139 1140 1160
f 1139 1160 1159
f 1140 1141 1161
f 1140 1161 1160
f 1141 1142 1162
f 1141 1162 1161
f 1142 1143 1163
f 1142 1163 1162
f 1143 1144 1164
f 1143 1164 1163
f 1144 1145 1165
f 1144 1165 1164
f 1145 1146 1166
f 1145 1166 1165
f 1146 1147 1167
f 1146 1167 1166
f 1147 1148 1168
f 1147 1168 1167
f 1148 1129 1149
f 1148 1149 1168
f 1149 1150 1170
f 1149 1170 1169
f 1150 1151 1171
f 1150 1171 1170
f 1151 1152 1172
f 1151 1172 1171
f 1152 1153 1173
f 1152 1173 1172
f 1153 1154 1174
f 1153 1174 1173
f 1154 1155 1175
f 1154 1175 1174
f 1155 1156 1176
f 1155 1176 1175
f 1156 1157 1177
f 1156 1177 1176
f 1157 1158 1178
f 1157 1178 1177
f 1158 1159 1179
f 1158 1179 1178
f 1159 1160 1180
f 1159 1180 1179
f 1160 1161 1181
f 1160 1181 1180
f 1161 1162 1182
f 1161 1182 1181
f 1162 1163 1183
f 1162 1183 1182
f 1163 1164 1184
f 1163 1184 1183
f 1164 1165 1185
f 1164 1185 1184
f 1165 1166 1186
f 1165 1186 1185
f 1166 1167 1187
f 1166 1187 1186
f 1167 1168 1188
f 1167 1188 1187
f 1168 1149 1169
f 1168 1169 1188
f 1169 1170 1190
f 1169 1190 1189
f 1170 1171 1191
f 1170 1191 1190
f 1171 1172 1192
f 1171 1192 1191
f 1172 1173 1193
f 1172 1193 1192
f 1173 1174 1194
f 1173 1194 1193
f 1174 1175 1195
f 1174 1195 1194
f 1175 1176 1196
f 1175 1196 1195
f 1176 1177 1197
f 1176 1197 1196
f 1177 1178 1198
f 1177 1198 1197
f 1178 1179 1199
f 1178 1199 1198
f 1179 1180 1200
f 1179 1200 1199
f 1180 1181 1201
f 1180 1201 1200
f 1181 1182 1202
f 1181 1202 1201
f 1182 1183 1203
f 1182 1203 1202
f 1183 1184 1204
f 1183 1204 1203
f 1184 1185 1205
f 1184 1205 1204
f 1185 1186 1206
f 1185 1206 1205
f 1186 1187 1207
f 1186 1207 1206
f 1187 1188 1208
f 1187 1208 1207
f 1188 1169 1189
f 1188 1189 1208
f 1189 1190 1210
f 1189 1210 1209
f 1190 1191 1211
f 1190 1211 1210
f 1191 1192 1212
f 1191 1212 1211
f 1192 1193 1213
f 1192 1213 1212
f 1193 1194 1214
f 1193 1214 1213
f 1194 1195 1215
f 1194 1215 1214
f 1195 1196 1216
f 1195 1216 1215
f 1196 1197 1217
f 1196 1217 1216
f 1197 1198 1218
f 1197 1218 1217
f 1198 1199 1219
f 1198 1219 1218
f 1199 1200 1220
f 1199 1220 1219
f 1200 1201 1221
f 1200 1221 1220
f 1201 1202 1222
f 1201 1222 1221
f 1202 1203 1223
f 1202 1223 1222
f 1203 1204 1224
f 1203 1224 1223
f 1204 1205 1225
f 1204 1225 1224
f 1205 1206 1226
f 1205 1226 1225
f 1206 1207 1227
f 1206 1227 1226
f 1207 1208 1228
f 1207 1228 1227
f 1208 1189 1209
f 1208 1209 1228
f 1209 1210 1230
f 1209 1230 1229
f 1210 1211 1231
f 1210 1231 1230
f 1211 1212 1232
f 1211 1232 1231
f 1212 1213 1233
f 1212 1233 1232
f 1213 1214 1234
f 1213 1234 1233
f 1214 1215 1235
f 1214 1235 1234
f 1215 1216 1236
f 1215 1236 1235
f 1216 1217 1237
f 1216 1237 1236
f 1217 1218 1238
f 1217 1238 1237
f 1218 1219 1239
f 1218 1239 1238
f 1219 1220 1240
f 1219 1240 1239
f 1220 1221 1241
f 1220 1241 1240
f 1221 1222 1242
f 1221 1242 1241
f 1222 1223 1243
f 1222 1243 1242
f 1223 1224 1244
f 1223 1244 1243
f 1224 1225 1245
f 1224 1245 1244
f 1225 1226 1246
f 1225 1246 1245
f 1226 1227 1247
f 1226 1247 1246
f 1227 1228 1248
f 1227 1248 1247
f 1228 1209 1229
f 1228 1229 1248
f 1229 1230 1250
f 1229 1250 1249
f 1230 1231 1251
f 1230 1251 1250
f 1231 1232 1252
f 1231 1252 1251
f 1232 1233 1253
f 1232 1253 1252
f 1233 1234 1254
f 1233 1254 1253
f 1234 1235 1255
f 1234 1255 1254
f 1235 1236 1256
f 1235 1256 1255
f 1236 1237 1257
f 1236 1257 1256
f 1237 1238 1258
f 1237 1258 1257
f 1238 1239 1259
f 1238 1259 1258
f 1239 1240 1260
f 1239 1260 1259
f 1240 1241 1261
f 1240 1261 1260
f 1241 1242 1262
f 1241 1262 1261
f 1242 1243 1263
f 1242 1263 1262
f 1243 1244 1264
f 1243 1264 1263
f 1244 1245 1265
f 1244 1265 1264
f 1245 1246 1266
f 1245 1266 1265
f 1246 1247 1267
f 1246 1267 1266
f 1247 1248 1268
f 1247 1268 1267
f 1248 1229 1249
f 1248 1249 1268
f 1249 1250 1270
f 1249 1270 1269
f 1250 1251 1271
f 1250 1271 1270
f 1251 1252 1272
f 1251 1272 1271
f 1252 1253 1273
f 1252 1273 1272
f 1253 1254 1274
f 1253 1274 1273
f 1254 1255 1275
f 1254 1275 1274
f 1255 1256 1276
f 1255 1276 1275
f 1256 1257 1277
f 1256 1277 1276
f 1257 1258 1278
f 1257 1278 1277
f 1258 1259 1279
f 1258 1279 1278
f 1259 1260 1280
f 1259 1280 1279
f 1260 1261 1281
f 1260 1281 1280
f 1261 1262 1282
f 1261 1282 1281
f 1262 1263 1283
f 1262 1283 1282
f 1263 1264 1284
f 1263 1284 1283
f 1264 1265 1285
f 1264 1285 1284
f 1265 1266 1286
f 1265 1286 1285
f 1266 1267 1287
f 1266 1287 1286
f 1267 1268 1288
f 1267 1288 1287
f 1268 1249 1269
f 1268 1269 1288
f 1269 1270 1290
f 1269 1290 1289
f 1270 1271 1291
f 1270 1291 1290
f 1271 1272 1292
f 1271 1292 1291
f 1272 1273 1293
f 1272 1293 1292
f 1273 1274 1294
f 1273 1294 1293
f 1274 1275 1295
f 1274 1295 1294
f 1275 1276 1296
f 1275 1296 1295
f 1276 1277 1297
f 1276 1297 1296
f 1277 1278 1298
f 1277 1298 1297
f 1278 1279 1299
f 1278 1299 1298
f 1279 1280 1300
f 1279 1300 1299
f 1280 1281 1301
f 1280 1301 1300
f 1281 1282 1302
f 1281 1302 1301
f 1282 1283 1303
f 1282 1303 1302
f 1283 1284 1304
f 1283 1304 1303
f 1284 1285 1305
f 1284 1305 1304
f 1285 1286 1306
f 1285 1306 1305
f 1286 1287 1307
f 1286 1307 1306
f 1287 1288 1308
f 1287 1308 1307
f 1288 1269 1289
f 1288 1289 1308
f 1289 1290 1310
f 1289 1310 1309
f 1290 1291 1311
f 1290 1311 1310
f 1291 1292 1312
f 1291 1312 1311
f 1292 1293 1313
f 1292 1313 1312
f 1293 1294 1314
f 1293 1314 1313
f 1294 1295 1315
f 1294 1315 1314
f 1295 1296 1316
f 1295 1316 1315
f 1296 1297 1317
f 1296 1317 1316
f 1297 1298 1318
f 1297 1318 1317
f 1298 1299 1319
f 1298 1319 1318
f 1299 1300 1320
f 1299 1320 1319
f 1300 1301 1321
f 1300 1321 1320
f 1301 1302 1322
f 1301 1322 1321
f 1302 1303 1323
f 1302 1323 1322
f 1303 1304 1324
f 1303 1324 1323
f 1304 1305 1325
f 1304 1325 1324
f 1305 1306 1326
f 1305 1326 1325
f 1306 1307 1327
f 1306 1327 1326
f 1307 1308 1328
f 1307 1328 1327
f 1308 1289 1309
f 1308 1309 1328
f 1309 1310 1330
f 1309 1330 1329
f 1310 1311 1331
f 1310 1331 1330
f 1311 1312 1332
f 1311 1332 1331
f 1312 1313 1333
f 1312 1333 1332
f 1313 1314 1334
f 1313 1334 1333
f 1314 1315 1335
f 1314 1335 1334
f 1315 1316 1336
f 1315 1336 1335
f 1316 1317 1337
f 1316 1337 1336
f 1317 1318 1338
f 1317 1338 1337
f 1318 1319 1339
f 1318 1339 1338
f 1319 1320 1340
f 1319 1340 1339
f 1320 1321 1341
f 1320 1341 1340
f 1321 1322 1342
f 1321 1342 1341
f 1322 1323 1343
f 1322 1343 1342
f 1323 1324 1344
f 1323 1344 1343
f 1324 1325 1345
f 1324 1345 1344
f 1325 1326 1346
f 1325 1346 1345
f 1326 1327 1347
f 1326 1347 1346
f 1327 1328 1348
f 1327 1348 1347
f 1328 1309 1329
f 1328 1329 1348
f 1329 1330 1350
f 1329 1350 1349
f 1330 1331 1351
f 1330 1351 1350
f 1331 1332 1352
f 1331 1352 1351
f 1332 1333 1353
f 1332 1353 1352
f 1333 1334 1354
f 1333 1354 1353
f 1334 1335 1355
f 1334 1355 1354
f 1335 1336 1356
f 1335 1356 1355
f 1336 1337 1357
f 1336 1357 1356
f 1337 1338 1358
f 1337 1358 1357
f 1338 1339 1359
f 1338 1359 1358
f 1339 1340 1360
f 1339 1360 1359
f 1340 1341 1361
f 1340 1361 1360
f 1341 1342 1362
f 1341 1362 1361
f 1342 1343 1363
f 1342 1363 1362
f 1343 1344 1364
f 1343 1364 1363
f 1344 1345 1365
f 1344 1365 1364
f 1345 1346 1366
f 1345 1366 1365
f 1346 1347 1367
f 1346 1367 1366
f 1347 1348 1368
f 1347 1368 1367
f 1348 1329 1349
f 1348 1349 1368
o R_Shin
g R_Shin
usemtl Lux_Cyan
v 0.260000 0.240000 0.020000
v 0.260000 0.760000 0.000000
v 0.260000 0.235196 -0.104908
v 0.212165 0.235562 -0.095400
v 0.171612 0.236603 -0.068323
v 0.144515 0.238162 -0.027800
v 0.135000 0.240000 0.020000
v 0.144515 0.241838 0.067800
v 0.171612 0.243397 0.108323
v 0.212165 0.244438 0.135400
v 0.260000 0.244804 0.144908
v 0.307835 0.244438 0.135400
v 0.348388 0.243397 0.108323
v 0.375485 0.241838 0.067800
v 0.385000 0.240000 0.020000
v 0.375485 0.238162 -0.027800
v 0.348388 0.236603 -0.068323
v 0.307835 0.235562 -0.095400
v 0.260000 0.754427 -0.144893
v 0.204511 0.754851 -0.133864
v 0.157470 0.756059 -0.102455
v 0.126037 0.757867 -0.055448
v 0.115000 0.760000 -0.000000
v 0.126037 0.762133 0.055448
v 0.157470 0.763941 0.102455
v 0.204511 0.765149 0.133864
v 0.260000 0.765573 0.144893
v 0.315489 0.765149 0.133864
v 0.362530 0.763941 0.102455
v 0.393963 0.762133 0.055448
v 0.405000 0.760000 0.000000
v 0.393963 0.757867 -0.055448
v 0.362530 0.756059 -0.102455
v 0.315489 0.754851 -0.133864
f 1371 1372 1388
f 1371 1388 1387
f 1369 1372 1371
f 1370 1387 1388
f 1372 1373 1389
f 1372 1389 1388
f 1369 1373 1372
f 1370 1388 1389
f 1373 1374 1390
f 1373 1390 1389
f 1369 1374 1373
f 1370 1389 1390
f 1374 1375 1391
f 1374 1391 1390
f 1369 1375 1374
f 1370 1390 1391
f 1375 1376 1392
f 1375 1392 1391
f 1369 1376 1375
f 1370 1391 1392
f 1376 1377 1393
f 1376 1393 1392
f 1369 1377 1376
f 1370 1392 1393
f 1377 1378 1394
f 1377 1394 1393
f 1369 1378 1377
f 1370 1393 1394
f 1378 1379 1395
f 1378 1395 1394
f 1369 1379 1378
f 1370 1394 1395
f 1379 1380 1396
f 1379 1396 1395
f 1369 1380 1379
f 1370 1395 1396
f 1380 1381 1397
f 1380 1397 1396
f 1369 1381 1380
f 1370 1396 1397
f 1381 1382 1398
f 1381 1398 1397
f 1369 1382 1381
f 1370 1397 1398
f 1382 1383 1399
f 1382 1399 1398
f 1369 1383 1382
f 1370 1398 1399
f 1383 1384 1400
f 1383 1400 1399
f 1369 1384 1383
f 1370 1399 1400
f 1384 1385 1401
f 1384 1401 1400
f 1369 1385 1384
f 1370 1400 1401
f 1385 1386 1402
f 1385 1402 1401
f 1369 1386 1385
f 1370 1401 1402
f 1386 1371 1387
f 1386 1387 1402
f 1369 1371 1386
f 1370 1402 1387
o R_Knee_Pad
g R_Knee_Pad
usemtl Deep_Navy
v 0.260000 0.660000 0.070000
v 0.260000 0.660000 0.070000
v 0.260000 0.660000 0.070000
v 0.260000 0.660000 0.070000
v 0.260000 0.660000 0.070000
v 0.260000 0.660000 0.070000
v 0.260000 0.660000 0.070000
v 0.260000 0.660000 0.070000
v 0.260000 0.660000 0.070000
v 0.260000 0.660000 0.070000
v 0.260000 0.660000 0.070000
v 0.260000 0.660000 0.070000
v 0.260000 0.660000 0.070000
v 0.260000 0.660000 0.070000
v 0.260000 0.660000 0.070000
v 0.260000 0.660000 0.070000
v 0.260000 0.660000 0.070000
v 0.260000 0.660000 0.070000
v 0.260000 0.660000 0.070000
v 0.260000 0.660000 0.070000
v 0.329042 0.663884 0.070000
v 0.326770 0.663884 0.094132
v 0.319945 0.663884 0.107047
v 0.308446 0.663884 0.115840
v 0.291557 0.663884 0.121060
v 0.260000 0.663884 0.122797
v 0.228443 0.663884 0.121060
v 0.211554 0.663884 0.115840
v 0.200055 0.663884 0.107047
v 0.193230 0.663884 0.094132
v 0.190958 0.663884 0.070000
v 0.193230 0.663884 0.045868
v 0.200055 0.663884 0.032953
v 0.211554 0.663884 0.024160
v 0.228443 0.663884 0.018940
v 0.260000 0.663884 0.017203
v 0.291557 0.663884 0.018940
v 0.308446 0.663884 0.024160
v 0.319945 0.663884 0.032953
v 0.326770 0.663884 0.045868
v 0.367093 0.675545 0.070000
v 0.363570 0.675545 0.107432
v 0.352982 0.675545 0.127465
v 0.335146 0.675545 0.141104
v 0.308950 0.675545 0.149200
v 0.260000 0.675545 0.151895
v 0.211050 0.675545 0.149200
v 0.184854 0.675545 0.141104
v 0.167018 0.675545 0.127465
v 0.156430 0.675545 0.107432
v 0.152907 0.675545 0.070000
v 0.156430 0.675545 0.032568
v 0.167018 0.675545 0.012535
v 0.184854 0.675545 -0.001104
v 0.211050 0.675545 -0.009200
v 0.260000 0.675545 -0.011895
v 0.308950 0.675545 -0.009200
v 0.335146 0.675545 -0.001104
v 0.352982 0.675545 0.012535
v 0.363570 0.675545 0.032568
v 0.394929 0.695071 0.070000
v 0.390490 0.695071 0.117162
v 0.377150 0.695071 0.142401
v 0.354679 0.695071 0.159586
v 0.321673 0.695071 0.169786
v 0.260000 0.695071 0.173181
v 0.198327 0.695071 0.169786
v 0.165321 0.695071 0.159586
v 0.142850 0.695071 0.142401
v 0.129510 0.695071 0.117162
v 0.125071 0.695071 0.070000
v 0.129510 0.695071 0.022838
v 0.142850 0.695071 -0.002401
v 0.165321 0.695071 -0.019586
v 0.198327 0.695071 -0.029786
v 0.260000 0.695071 -0.033181
v 0.321673 0.695071 -0.029786
v 0.354679 0.695071 -0.019586
v 0.377150 0.695071 -0.002401
v 0.390490 0.695071 0.022838
v 0.414455 0.722907 0.070000
v 0.409374 0.722907 0.123987
v 0.394104 0.722907 0.152879
v 0.368380 0.722907 0.172550
v 0.330598 0.722907 0.184227
v 0.260000 0.722907 0.188113
v 0.189402 0.722907 0.184227
v 0.151620 0.722907 0.172550
v 0.125896 0.722907 0.152879
v 0.110626 0.722907 0.123987
v 0.105545 0.722907 0.070000
v 0.110626 0.722907 0.016013
v 0.125896 0.722907 -0.012879
v 0.151620 0.722907 -0.032550
v 0.189402 0.722907 -0.044227
v 0.260000 0.722907 -0.048113
v 0.330598 0.722907 -0.044227
v 0.368380 0.722907 -0.032550
v 0.394104 0.722907 -0.012879
v 0.409374 0.722907 0.016013
v 0.426116 0.760958 0.070000
v 0.420651 0.760958 0.128062
v 0.404228 0.760958 0.159136
v 0.376562 0.760958 0.180292
v 0.335928 0.760958 0.192850
v 0.260000 0.760958 0.197030
v 0.184072 0.760958 0.192850
v 0.143438 0.760958 0.180292
v 0.115772 0.760958 0.159136
v 0.099349 0.760958 0.128062
v 0.093884 0.760958 0.070000
v 0.099349 0.760958 0.011938
v 0.115772 0.760958 -0.019136
v 0.143438 0.760958 -0.040292
v 0.184072 0.760958 -0.052850
v 0.260000 0.760958 -0.057030
v 0.335928 0.760958 -0.052850
v 0.376562 0.760958 -0.040292
v 0.404228 0.760958 -0.019136
v 0.420651 0.760958 0.011938
v 0.430000 0.830000 0.070000
v 0.424407 0.830000 0.129420
v 0.407600 0.830000 0.161220
v 0.379287 0.830000 0.182871
v 0.337703 0.830000 0.195723
v 0.260000 0.830000 0.200000
v 0.182297 0.830000 0.195723
v 0.140713 0.830000 0.182871
v 0.112400 0.830000 0.161220
v 0.095593 0.830000 0.129420
v 0.090000 0.830000 0.070000
v 0.095593 0.830000 0.010580
v 0.112400 0.830000 -0.021220
v 0.140713 0.830000 -0.042871
v 0.182297 0.830000 -0.055723
v 0.260000 0.830000 -0.060000
v 0.337703 0.830000 -0.055723
v 0.379287 0.830000 -0.042871
v 0.407600 0.830000 -0.021220
v 0.424407 0.830000 0.010580
v 0.426116 0.899042 0.070000
v 0.420651 0.899042 0.128062
v 0.404228 0.899042 0.159136
v 0.376562 0.899042 0.180292
v 0.335928 0.899042 0.192850
v 0.260000 0.899042 0.197030
v 0.184072 0.899042 0.192850
v 0.143438 0.899042 0.180292
v 0.115772 0.899042 0.159136
v 0.099349 0.899042 0.128062
v 0.093884 0.899042 0.070000
v 0.099349 0.899042 0.011938
v 0.115772 0.899042 -0.019136
v 0.143438 0.899042 -0.040292
v 0.184072 0.899042 -0.052850
v 0.260000 0.899042 -0.057030
v 0.335928 0.899042 -0.052850
v 0.376562 0.899042 -0.040292
v 0.404228 0.899042 -0.019136
v 0.420651 0.899042 0.011938
v 0.414455 0.937093 0.070000
v 0.409374 0.937093 0.123987
v 0.394104 0.937093 0.152879
v 0.368380 0.937093 0.172550
v 0.330598 0.937093 0.184227
v 0.260000 0.937093 0.188113
v 0.189402 0.937093 0.184227
v 0.151620 0.937093 0.172550
v 0.125896 0.937093 0.152879
v 0.110626 0.937093 0.123987
v 0.105545 0.937093 0.070000
v 0.110626 0.937093 0.016013
v 0.125896 0.937093 -0.012879
v 0.151620 0.937093 -0.032550
v 0.189402 0.937093 -0.044227
v 0.260000 0.937093 -0.048113
v 0.330598 0.937093 -0.044227
v 0.368380 0.937093 -0.032550
v 0.394104 0.937093 -0.012879
v 0.409374 0.937093 0.016013
v 0.394929 0.964929 0.070000
v 0.390490 0.964929 0.117162
v 0.377150 0.964929 0.142401
v 0.354679 0.964929 0.159586
v 0.321673 0.964929 0.169786
v 0.260000 0.964929 0.173181
v 0.198327 0.964929 0.169786
v 0.165321 0.964929 0.159586
v 0.142850 0.964929 0.142401
v 0.129510 0.964929 0.117162
v 0.125071 0.964929 0.070000
v 0.129510 0.964929 0.022838
v 0.142850 0.964929 -0.002401
v 0.165321 0.964929 -0.019586
v 0.198327 0.964929 -0.029786
v 0.260000 0.964929 -0.033181
v 0.321673 0.964929 -0.029786
v 0.354679 0.964929 -0.019586
v 0.377150 0.964929 -0.002401
v 0.390490 0.964929 0.022838
v 0.367093 0.984455 0.070000
v 0.363570 0.984455 0.107432
v 0.352982 0.984455 0.127465
v 0.335146 0.984455 0.141104
v 0.308950 0.984455 0.149200
v 0.260000 0.984455 0.151895
v 0.211050 0.984455 0.149200
v 0.184854 0.984455 0.141104
v 0.167018 0.984455 0.127465
v 0.156430 0.984455 0.107432
v 0.152907 0.984455 0.070000
v 0.156430 0.984455 0.032568
v 0.167018 0.984455 0.012535
v 0.184854 0.984455 -0.001104
v 0.211050 0.984455 -0.009200
v 0.260000 0.984455 -0.011895
v 0.308950 0.984455 -0.009200
v 0.335146 0.984455 -0.001104
v 0.352982 0.984455 0.012535
v 0.363570 0.984455 0.032568
v 0.329042 0.996116 0.070000
v 0.326770 0.996116 0.094132
v 0.319945 0.996116 0.107047
v 0.308446 0.996116 0.115840
v 0.291557 0.996116 0.121060
v 0.260000 0.996116 0.122797
v 0.228443 0.996116 0.121060
v 0.211554 0.996116 0.115840
v 0.200055 0.996116 0.107047
v 0.193230 0.996116 0.094132
v 0.190958 0.996116 0.070000
v 0.193230 0.996116 0.045868
v 0.200055 0.996116 0.032953
v 0.211554 0.996116 0.024160
v 0.228443 0.996116 0.018940
v 0.260000 0.996116 0.017203
v 0.291557 0.996116 0.018940
v 0.308446 0.996116 0.024160
v 0.319945 0.996116 0.032953
v 0.326770 0.996116 0.045868
v 0.260000 1.000000 0.070000
v 0.260000 1.000000 0.070000
v 0.260000 1.000000 0.070000
v 0.260000 1.000000 0.070000
v 0.260000 1.000000 0.070000
v 0.260000 1.000000 0.070000
v 0.260000 1.000000 0.070000
v 0.260000 1.000000 0.070000
v 0.260000 1.000000 0.070000
v 0.260000 1.000000 0.070000
v 0.260000 1.000000 0.070000
v 0.260000 1.000000 0.070000
v 0.260000 1.000000 0.070000
v 0.260000 1.000000 0.070000
v 0.260000 1.000000 0.070000
v 0.260000 1.000000 0.070000
v 0.260000 1.000000 0.070000
v 0.260000 1.000000 0.070000
v 0.260000 1.000000 0.070000
v 0.260000 1.000000 0.070000
f 1403 1404 1424
f 1403 1424 1423
f 1404 1405 1425
f 1404 1425 1424
f 1405 1406 1426
f 1405 1426 1425
f 1406 1407 1427
f 1406 1427 1426
f 1407 1408 1428
f 1407 1428 1427
f 1408 1409 1429
f 1408 1429 1428
f 1409 1410 1430
f 1409 1430 1429
f 1410 1411 1431
f 1410 1431 1430
f 1411 1412 1432
f 1411 1432 1431
f 1412 1413 1433
f 1412 1433 1432
f 1413 1414 1434
f 1413 1434 1433
f 1414 1415 1435
f 1414 1435 1434
f 1415 1416 1436
f 1415 1436 1435
f 1416 1417 1437
f 1416 1437 1436
f 1417 1418 1438
f 1417 1438 1437
f 1418 1419 1439
f 1418 1439 1438
f 1419 1420 1440
f 1419 1440 1439
f 1420 1421 1441
f 1420 1441 1440
f 1421 1422 1442
f 1421 1442 1441
f 1422 1403 1423
f 1422 1423 1442
f 1423 1424 1444
f 1423 1444 1443
f 1424 1425 1445
f 1424 1445 1444
f 1425 1426 1446
f 1425 1446 1445
f 1426 1427 1447
f 1426 1447 1446
f 1427 1428 1448
f 1427 1448 1447
f 1428 1429 1449
f 1428 1449 1448
f 1429 1430 1450
f 1429 1450 1449
f 1430 1431 1451
f 1430 1451 1450
f 1431 1432 1452
f 1431 1452 1451
f 1432 1433 1453
f 1432 1453 1452
f 1433 1434 1454
f 1433 1454 1453
f 1434 1435 1455
f 1434 1455 1454
f 1435 1436 1456
f 1435 1456 1455
f 1436 1437 1457
f 1436 1457 1456
f 1437 1438 1458
f 1437 1458 1457
f 1438 1439 1459
f 1438 1459 1458
f 1439 1440 1460
f 1439 1460 1459
f 1440 1441 1461
f 1440 1461 1460
f 1441 1442 1462
f 1441 1462 1461
f 1442 1423 1443
f 1442 1443 1462
f 1443 1444 1464
f 1443 1464 1463
f 1444 1445 1465
f 1444 1465 1464
f 1445 1446 1466
f 1445 1466 1465
f 1446 1447 1467
f 1446 1467 1466
f 1447 1448 1468
f 1447 1468 1467
f 1448 1449 1469
f 1448 1469 1468
f 1449 1450 1470
f 1449 1470 1469
f 1450 1451 1471
f 1450 1471 1470
f 1451 1452 1472
f 1451 1472 1471
f 1452 1453 1473
f 1452 1473 1472
f 1453 1454 1474
f 1453 1474 1473
f 1454 1455 1475
f 1454 1475 1474
f 1455 1456 1476
f 1455 1476 1475
f 1456 1457 1477
f 1456 1477 1476
f 1457 1458 1478
f 1457 1478 1477
f 1458 1459 1479
f 1458 1479 1478
f 1459 1460 1480
f 1459 1480 1479
f 1460 1461 1481
f 1460 1481 1480
f 1461 1462 1482
f 1461 1482 1481
f 1462 1443 1463
f 1462 1463 1482
f 1463 1464 1484
f 1463 1484 1483
f 1464 1465 1485
f 1464 1485 1484
f 1465 1466 1486
f 1465 1486 1485
f 1466 1467 1487
f 1466 1487 1486
f 1467 1468 1488
f 1467 1488 1487
f 1468 1469 1489
f 1468 1489 1488
f 1469 1470 1490
f 1469 1490 1489
f 1470 1471 1491
f 1470 1491 1490
f 1471 1472 1492
f 1471 1492 1491
f 1472 1473 1493
f 1472 1493 1492
f 1473 1474 1494
f 1473 1494 1493
f 1474 1475 1495
f 1474 1495 1494
f 1475 1476 1496
f 1475 1496 1495
f 1476 1477 1497
f 1476 1497 1496
f 1477 1478 1498
f 1477 1498 1497
f 1478 1479 1499
f 1478 1499 1498
f 1479 1480 1500
f 1479 1500 1499
f 1480 1481 1501
f 1480 1501 1500
f 1481 1482 1502
f 1481 1502 1501
f 1482 1463 1483
f 1482 1483 1502
f 1483 1484 1504
f 1483 1504 1503
f 1484 1485 1505
f 1484 1505 1504
f 1485 1486 1506
f 1485 1506 1505
f 1486 1487 1507
f 1486 1507 1506
f 1487 1488 1508
f 1487 1508 1507
f 1488 1489 1509
f 1488 1509 1508
f 1489 1490 1510
f 1489 1510 1509
f 1490 1491 1511
f 1490 1511 1510
f 1491 1492 1512
f 1491 1512 1511
f 1492 1493 1513
f 1492 1513 1512
f 1493 1494 1514
f 1493 1514 1513
f 1494 1495 1515
f 1494 1515 1514
f 1495 1496 1516
f 1495 1516 1515
f 1496 1497 1517
f 1496 1517 1516
f 1497 1498 1518
f 1497 1518 1517
f 1498 1499 1519
f 1498 1519 1518
f 1499 1500 1520
f 1499 1520 1519
f 1500 1501 1521
f 1500 1521 1520
f 1501 1502 1522
f 1501 1522 1521
f 1502 1483 1503
f 1502 1503 1522
f 1503 1504 1524
f 1503 1524 1523
f 1504 1505 1525
f 1504 1525 1524
f 1505 1506 1526
f 1505 1526 1525
f 1506 1507 1527
f 1506 1527 1526
f 1507 1508 1528
f 1507 1528 1527
f 1508 1509 1529
f 1508 1529 1528
f 1509 1510 1530
f 1509 1530 1529
f 1510 1511 1531
f 1510 1531 1530
f 1511 1512 1532
f 1511 1532 1531
f 1512 1513 1533
f 1512 1533 1532
f 1513 1514 1534
f 1513 1534 1533
f 1514 1515 1535
f 1514 1535 1534
f 1515 1516 1536
f 1515 1536 1535
f 1516 1517 1537
f 1516 1537 1536
f 1517 1518 1538
f 1517 1538 1537
f 1518 1519 1539
f 1518 1539 1538
f 1519 1520 1540
f 1519 1540 1539
f 1520 1521 1541
f 1520 1541 1540
f 1521 1522 1542
f 1521 1542 1541
f 1522 1503 1523
f 1522 1523 1542
f 1523 1524 1544
f 1523 1544 1543
f 1524 1525 1545
f 1524 1545 1544
f 1525 1526 1546
f 1525 1546 1545
f 1526 1527 1547
f 1526 1547 1546
f 1527 1528 1548
f 1527 1548 1547
f 1528 1529 1549
f 1528 1549 1548
f 1529 1530 1550
f 1529 1550 1549
f 1530 1531 1551
f 1530 1551 1550
f 1531 1532 1552
f 1531 1552 1551
f 1532 1533 1553
f 1532 1553 1552
f 1533 1534 1554
f 1533 1554 1553
f 1534 1535 1555
f 1534 1555 1554
f 1535 1536 1556
f 1535 1556 1555
f 1536 1537 1557
f 1536 1557 1556
f 1537 1538 1558
f 1537 1558 1557
f 1538 1539 1559
f 1538 1559 1558
f 1539 1540 1560
f 1539 1560 1559
f 1540 1541 1561
f 1540 1561 1560
f 1541 1542 1562
f 1541 1562 1561
f 1542 1523 1543
f 1542 1543 1562
f 1543 1544 1564
f 1543 1564 1563
f 1544 1545 1565
f 1544 1565 1564
f 1545 1546 1566
f 1545 1566 1565
f 1546 1547 1567
f 1546 1567 1566
f 1547 1548 1568
f 1547 1568 1567
f 1548 1549 1569
f 1548 1569 1568
f 1549 1550 1570
f 1549 1570 1569
f 1550 1551 1571
f 1550 1571 1570
f 1551 1552 1572
f 1551 1572 1571
f 1552 1553 1573
f 1552 1573 1572
f 1553 1554 1574
f 1553 1574 1573
f 1554 1555 1575
f 1554 1575 1574
f 1555 1556 1576
f 1555 1576 1575
f 1556 1557 1577
f 1556 1577 1576
f 1557 1558 1578
f 1557 1578 1577
f 1558 1559 1579
f 1558 1579 1578
f 1559 1560 1580
f 1559 1580 1579
f 1560 1561 1581
f 1560 1581 1580
f 1561 1562 1582
f 1561 1582 1581
f 1562 1543 1563
f 1562 1563 1582
f 1563 1564 1584
f 1563 1584 1583
f 1564 1565 1585
f 1564 1585 1584
f 1565 1566 1586
f 1565 1586 1585
f 1566 1567 1587
f 1566 1587 1586
f 1567 1568 1588
f 1567 1588 1587
f 1568 1569 1589
f 1568 1589 1588
f 1569 1570 1590
f 1569 1590 1589
f 1570 1571 1591
f 1570 1591 1590
f 1571 1572 1592
f 1571 1592 1591
f 1572 1573 1593
f 1572 1593 1592
f 1573 1574 1594
f 1573 1594 1593
f 1574 1575 1595
f 1574 1595 1594
f 1575 1576 1596
f 1575 1596 1595
f 1576 1577 1597
f 1576 1597 1596
f 1577 1578 1598
f 1577 1598 1597
f 1578 1579 1599
f 1578 1599 1598
f 1579 1580 1600
f 1579 1600 1599
f 1580 1581 1601
f 1580 1601 1600
f 1581 1582 1602
f 1581 1602 1601
f 1582 1563 1583
f 1582 1583 1602
f 1583 1584 1604
f 1583 1604 1603
f 1584 1585 1605
f 1584 1605 1604
f 1585 1586 1606
f 1585 1606 1605
f 1586 1587 1607
f 1586 1607 1606
f 1587 1588 1608
f 1587 1608 1607
f 1588 1589 1609
f 1588 1609 1608
f 1589 1590 1610
f 1589 1610 1609
f 1590 1591 1611
f 1590 1611 1610
f 1591 1592 1612
f 1591 1612 1611
f 1592 1593 1613
f 1592 1613 1612
f 1593 1594 1614
f 1593 1614 1613
f 1594 1595 1615
f 1594 1615 1614
f 1595 1596 1616
f 1595 1616 1615
f 1596 1597 1617
f 1596 1617 1616
f 1597 1598 1618
f 1597 1618 1617
f 1598 1599 1619
f 1598 1619 1618
f 1599 1600 1620
f 1599 1620 1619
f 1600 1601 1621
f 1600 1621 1620
f 1601 1602 1622
f 1601 1622 1621
f 1602 1583 1603
f 1602 1603 1622
f 1603 1604 1624
f 1603 1624 1623
f 1604 1605 1625
f 1604 1625 1624
f 1605 1606 1626
f 1605 1626 1625
f 1606 1607 1627
f 1606 1627 1626
f 1607 1608 1628
f 1607 1628 1627
f 1608 1609 1629
f 1608 1629 1628
f 1609 1610 1630
f 1609 1630 1629
f 1610 1611 1631
f 1610 1631 1630
f 1611 1612 1632
f 1611 1632 1631
f 1612 1613 1633
f 1612 1633 1632
f 1613 1614 1634
f 1613 1634 1633
f 1614 1615 1635
f 1614 1635 1634
f 1615 1616 1636
f 1615 1636 1635
f 1616 1617 1637
f 1616 1637 1636
f 1617 1618 1638
f 1617 1638 1637
f 1618 1619 1639
f 1618 1639 1638
f 1619 1620 1640
f 1619 1640 1639
f 1620 1621 1641
f 1620 1641 1640
f 1621 1622 1642
f 1621 1642 1641
f 1622 1603 1623
f 1622 1623 1642
f 1623 1624 1644
f 1623 1644 1643
f 1624 1625 1645
f 1624 1645 1644
f 1625 1626 1646
f 1625 1646 1645
f 1626 1627 1647
f 1626 1647 1646
f 1627 1628 1648
f 1627 1648 1647
f 1628 1629 1649
f 1628 1649 1648
f 1629 1630 1650
f 1629 1650 1649
f 1630 1631 1651
f 1630 1651 1650
f 1631 1632 1652
f 1631 1652 1651
f 1632 1633 1653
f 1632 1653 1652
f 1633 1634 1654
f 1633 1654 1653
f 1634 1635 1655
f 1634 1655 1654
f 1635 1636 1656
f 1635 1656 1655
f 1636 1637 1657
f 1636 1657 1656
f 1637 1638 1658
f 1637 1658 1657
f 1638 1639 1659
f 1638 1659 1658
f 1639 1640 1660
f 1639 1660 1659
f 1640 1641 1661
f 1640 1661 1660
f 1641 1642 1662
f 1641 1662 1661
f 1642 1623 1643
f 1642 1643 1662
o R_Thigh
g R_Thigh
usemtl Lux_Cyan
v 0.260000 0.900000 0.000000
v 0.202800 1.340000 0.000000
v 0.260000 0.900000 -0.170000
v 0.195487 0.891613 -0.157060
v 0.140795 0.884503 -0.120208
v 0.104251 0.879753 -0.065056
v 0.091419 0.878084 -0.000000
v 0.104251 0.879753 0.065056
v 0.140795 0.884503 0.120208
v 0.195487 0.891613 0.157060
v 0.260000 0.900000 0.170000
v 0.324513 0.908387 0.157060
v 0.379205 0.915497 0.120208
v 0.415749 0.920247 0.065056
v 0.428581 0.921916 0.000000
v 0.415749 0.920247 -0.065056
v 0.379205 0.915497 -0.120208
v 0.324513 0.908387 -0.157060
v 0.202800 1.340000 -0.205000
v 0.125005 1.329887 -0.189395
v 0.059053 1.321313 -0.144957
v 0.014985 1.315584 -0.078450
v -0.000489 1.313572 -0.000000
v 0.014985 1.315584 0.078450
v 0.059053 1.321313 0.144957
v 0.125005 1.329887 0.189395
v 0.202800 1.340000 0.205000
v 0.280595 1.350113 0.189395
v 0.346547 1.358687 0.144957
v 0.390615 1.364416 0.078450
v 0.406089 1.366428 0.000000
v 0.390615 1.364416 -0.078450
v 0.346547 1.358687 -0.144957
v 0.280595 1.350113 -0.189395
f 1665 1666 1682
f 1665 1682 1681
f 1663 1666 1665
f 1664 1681 1682
f 1666 1667 1683
f 1666 1683 1682
f 1663 1667 1666
f 1664 1682 1683
f 1667 1668 1684
f 1667 1684 1683
f 1663 1668 1667
f 1664 1683 1684
f 1668 1669 1685
f 1668 1685 1684
f 1663 1669 1668
f 1664 1684 1685
f 1669 1670 1686
f 1669 1686 1685
f 1663 1670 1669
f 1664 1685 1686
f 1670 1671 1687
f 1670 1687 1686
f 1663 1671 1670
f 1664 1686 1687
f 1671 1672 1688
f 1671 1688 1687
f 1663 1672 1671
f 1664 1687 1688
f 1672 1673 1689
f 1672 1689 1688
f 1663 1673 1672
f 1664 1688 1689
f 1673 1674 1690
f 1673 1690 1689
f 1663 1674 1673
f 1664 1689 1690
f 1674 1675 1691
f 1674 1691 1690
f 1663 1675 1674
f 1664 1690 1691
f 1675 1676 1692
f 1675 1692 1691
f 1663 1676 1675
f 1664 1691 1692
f 1676 1677 1693
f 1676 1693 1692
f 1663 1677 1676
f 1664 1692 1693
f 1677 1678 1694
f 1677 1694 1693
f 1663 1678 1677
f 1664 1693 1694
f 1678 1679 1695
f 1678 1695 1694
f 1663 1679 1678
f 1664 1694 1695
f 1679 1680 1696
f 1679 1696 1695
f 1663 1680 1679
f 1664 1695 1696
f 1680 1665 1681
f 1680 1681 1696
f 1663 1665 1680
f 1664 1696 1681
o Shorts
g Shorts
usemtl Deep_Navy
v 0.000000 1.050000 0.000000
v 0.000000 1.050000 0.000000
v 0.000000 1.050000 0.000000
v 0.000000 1.050000 0.000000
v 0.000000 1.050000 0.000000
v 0.000000 1.050000 0.000000
v -0.000000 1.050000 0.000000
v -0.000000 1.050000 0.000000
v -0.000000 1.050000 0.000000
v -0.000000 1.050000 0.000000
v -0.000000 1.050000 0.000000
v -0.000000 1.050000 -0.000000
v -0.000000 1.050000 -0.000000
v -0.000000 1.050000 -0.000000
v -0.000000 1.050000 -0.000000
v -0.000000 1.050000 -0.000000
v 0.000000 1.050000 -0.000000
v 0.000000 1.050000 -0.000000
v 0.000000 1.050000 -0.000000
v 0.000000 1.050000 -0.000000
v 0.218759 1.055155 0.000000
v 0.213339 1.055155 0.076358
v 0.196764 1.055155 0.105310
v 0.167717 1.055155 0.123549
v 0.121607 1.055155 0.133957
v 0.000000 1.055155 0.137361
v -0.121607 1.055155 0.133957
v -0.167717 1.055155 0.123549
v -0.196764 1.055155 0.105310
v -0.213339 1.055155 0.076358
v -0.218759 1.055155 0.000000
v -0.213339 1.055155 -0.076358
v -0.196764 1.055155 -0.105310
v -0.167717 1.055155 -0.123549
v -0.121607 1.055155 -0.133957
v -0.000000 1.055155 -0.137361
v 0.121607 1.055155 -0.133957
v 0.167717 1.055155 -0.123549
v 0.196764 1.055155 -0.105310
v 0.213339 1.055155 -0.076358
v 0.304056 1.070819 0.000000
v 0.296522 1.070819 0.106130
v 0.273484 1.070819 0.146372
v 0.233111 1.070819 0.171723
v 0.169023 1.070819 0.186188
v 0.000000 1.070819 0.190919
v -0.169023 1.070819 0.186188
v -0.233111 1.070819 0.171723
v -0.273484 1.070819 0.146372
v -0.296522 1.070819 0.106130
v -0.304056 1.070819 0.000000
v -0.296522 1.070819 -0.106130
v -0.273484 1.070819 -0.146372
v -0.233111 1.070819 -0.171723
v -0.169023 1.070819 -0.186188
v -0.000000 1.070819 -0.190919
v 0.169023 1.070819 -0.186188
v 0.233111 1.070819 -0.171723
v 0.273484 1.070819 -0.146372
v 0.296522 1.070819 -0.106130
v 0.361585 1.097731 0.000000
v 0.352626 1.097731 0.126211
v 0.325229 1.097731 0.174067
v 0.277217 1.097731 0.204214
v 0.201003 1.097731 0.221416
v 0.000000 1.097731 0.227042
v -0.201003 1.097731 0.221416
v -0.277217 1.097731 0.204214
v -0.325229 1.097731 0.174067
v -0.352626 1.097731 0.126211
v -0.361585 1.097731 0.000000
v -0.352626 1.097731 -0.126211
v -0.325229 1.097731 -0.174067
v -0.277217 1.097731 -0.204214
v -0.201003 1.097731 -0.221416
v -0.000000 1.097731 -0.227042
v 0.201003 1.097731 -0.221416
v 0.277217 1.097731 -0.204214
v 0.325229 1.097731 -0.174067
v 0.352626 1.097731 -0.126211
v 0.400160 1.137868 0.000000
v 0.390245 1.137868 0.139676
v 0.359925 1.137868 0.192636
v 0.306791 1.137868 0.226000
v 0.222446 1.137868 0.245037
v 0.000000 1.137868 0.251263
v -0.222446 1.137868 0.245037
v -0.306791 1.137868 0.226000
v -0.359925 1.137868 0.192636
v -0.390245 1.137868 0.139676
v -0.400160 1.137868 0.000000
v -0.390245 1.137868 -0.139676
v -0.359925 1.137868 -0.192636
v -0.306791 1.137868 -0.226000
v -0.222446 1.137868 -0.245037
v -0.000000 1.137868 -0.251263
v 0.222446 1.137868 -0.245037
v 0.306791 1.137868 -0.226000
v 0.359925 1.137868 -0.192636
v 0.390245 1.137868 -0.139676
v 0.422611 1.197377 0.000000
v 0.412139 1.197377 0.147512
v 0.380119 1.197377 0.203444
v 0.324003 1.197377 0.238679
v 0.234926 1.197377 0.258785
v 0.000000 1.197377 0.265360
v -0.234926 1.197377 0.258785
v -0.324003 1.197377 0.238679
v -0.380119 1.197377 0.203444
v -0.412139 1.197377 0.147512
v -0.422611 1.197377 0.000000
v -0.412139 1.197377 -0.147512
v -0.380119 1.197377 -0.203444
v -0.324003 1.197377 -0.238679
v -0.234926 1.197377 -0.258785
v -0.000000 1.197377 -0.265360
v 0.234926 1.197377 -0.258785
v 0.324003 1.197377 -0.238679
v 0.380119 1.197377 -0.203444
v 0.412139 1.197377 -0.147512
v 0.430000 1.350000 0.000000
v 0.419345 1.350000 0.150091
v 0.386765 1.350000 0.207001
v 0.329669 1.350000 0.242853
v 0.239034 1.350000 0.263310
v 0.000000 1.350000 0.270000
v -0.239034 1.350000 0.263310
v -0.329669 1.350000 0.242853
v -0.386765 1.350000 0.207001
v -0.419345 1.350000 0.150091
v -0.430000 1.350000 0.000000
v -0.419345 1.350000 -0.150091
v -0.386765 1.350000 -0.207001
v -0.329669 1.350000 -0.242853
v -0.239034 1.350000 -0.263310
v -0.000000 1.350000 -0.270000
v 0.239034 1.350000 -0.263310
v 0.329669 1.350000 -0.242853
v 0.386765 1.350000 -0.207001
v 0.419345 1.350000 -0.150091
v 0.422611 1.502623 0.000000
v 0.412139 1.502623 0.147512
v 0.380119 1.502623 0.203444
v 0.324003 1.502623 0.238679
v 0.234926 1.502623 0.258785
v 0.000000 1.502623 0.265360
v -0.234926 1.502623 0.258785
v -0.324003 1.502623 0.238679
v -0.380119 1.502623 0.203444
v -0.412139 1.502623 0.147512
v -0.422611 1.502623 0.000000
v -0.412139 1.502623 -0.147512
v -0.380119 1.502623 -0.203444
v -0.324003 1.502623 -0.238679
v -0.234926 1.502623 -0.258785
v -0.000000 1.502623 -0.265360
v 0.234926 1.502623 -0.258785
v 0.324003 1.502623 -0.238679
v 0.380119 1.502623 -0.203444
v 0.412139 1.502623 -0.147512
v 0.400160 1.562132 0.000000
v 0.390245 1.562132 0.139676
v 0.359925 1.562132 0.192636
v 0.306791 1.562132 0.226000
v 0.222446 1.562132 0.245037
v 0.000000 1.562132 0.251263
v -0.222446 1.562132 0.245037
v -0.306791 1.562132 0.226000
v -0.359925 1.562132 0.192636
v -0.390245 1.562132 0.139676
v -0.400160 1.562132 0.000000
v -0.390245 1.562132 -0.139676
v -0.359925 1.562132 -0.192636
v -0.306791 1.562132 -0.226000
v -0.222446 1.562132 -0.245037
v -0.000000 1.562132 -0.251263
v 0.222446 1.562132 -0.245037
v 0.306791 1.562132 -0.226000
v 0.359925 1.562132 -0.192636
v 0.390245 1.562132 -0.139676
v 0.361585 1.602269 0.000000
v 0.352626 1.602269 0.126211
v 0.325229 1.602269 0.174067
v 0.277217 1.602269 0.204214
v 0.201003 1.602269 0.221416
v 0.000000 1.602269 0.227042
v -0.201003 1.602269 0.221416
v -0.277217 1.602269 0.204214
v -0.325229 1.602269 0.174067
v -0.352626 1.602269 0.126211
v -0.361585 1.602269 0.000000
v -0.352626 1.602269 -0.126211
v -0.325229 1.602269 -0.174067
v -0.277217 1.602269 -0.204214
v -0.201003 1.602269 -0.221416
v -0.000000 1.602269 -0.227042
v 0.201003 1.602269 -0.221416
v 0.277217 1.602269 -0.204214
v 0.325229 1.602269 -0.174067
v 0.352626 1.602269 -0.126211
v 0.304056 1.629181 0.000000
v 0.296522 1.629181 0.106130
v 0.273484 1.629181 0.146372
v 0.233111 1.629181 0.171723
v 0.169023 1.629181 0.186188
v 0.000000 1.629181 0.190919
v -0.169023 1.629181 0.186188
v -0.233111 1.629181 0.171723
v -0.273484 1.629181 0.146372
v -0.296522 1.629181 0.106130
v -0.304056 1.629181 0.000000
v -0.296522 1.629181 -0.106130
v -0.273484 1.629181 -0.146372
v -0.233111 1.629181 -0.171723
v -0.169023 1.629181 -0.186188
v -0.000000 1.629181 -0.190919
v 0.169023 1.629181 -0.186188
v 0.233111 1.629181 -0.171723
v 0.273484 1.629181 -0.146372
v 0.296522 1.629181 -0.106130
v 0.218759 1.644845 0.000000
v 0.213339 1.644845 0.076358
v 0.196764 1.644845 0.105310
v 0.167717 1.644845 0.123549
v 0.121607 1.644845 0.133957
v 0.000000 1.644845 0.137361
v -0.121607 1.644845 0.133957
v -0.167717 1.644845 0.123549
v -0.196764 1.644845 0.105310
v -0.213339 1.644845 0.076358
v -0.218759 1.644845 0.000000
v -0.213339 1.644845 -0.076358
v -0.196764 1.644845 -0.105310
v -0.167717 1.644845 -0.123549
v -0.121607 1.644845 -0.133957
v -0.000000 1.644845 -0.137361
v 0.121607 1.644845 -0.133957
v 0.167717 1.644845 -0.123549
v 0.196764 1.644845 -0.105310
v 0.213339 1.644845 -0.076358
v 0.000000 1.650000 0.000000
v 0.000000 1.650000 0.000000
v 0.000000 1.650000 0.000000
v 0.000000 1.650000 0.000000
v 0.000000 1.650000 0.000000
v 0.000000 1.650000 0.000000
v -0.000000 1.650000 0.000000
v -0.000000 1.650000 0.000000
v -0.000000 1.650000 0.000000
v -0.000000 1.650000 0.000000
v -0.000000 1.650000 0.000000
v -0.000000 1.650000 -0.000000
v -0.000000 1.650000 -0.000000
v -0.000000 1.650000 -0.000000
v -0.000000 1.650000 -0.000000
v -0.000000 1.650000 -0.000000
v 0.000000 1.650000 -0.000000
v 0.000000 1.650000 -0.000000
v 0.000000 1.650000 -0.000000
v 0.000000 1.650000 -0.000000
f 1697 1698 1718
f 1697 1718 1717
f 1698 1699 1719
f 1698 1719 1718
f 1699 1700 1720
f 1699 1720 1719
f 1700 1701 1721
f 1700 1721 1720
f 1701 1702 1722
f 1701 1722 1721
f 1702 1703 1723
f 1702 1723 1722
f 1703 1704 1724
f 1703 1724 1723
f 1704 1705 1725
f 1704 1725 1724
f 1705 1706 1726
f 1705 1726 1725
f 1706 1707 1727
f 1706 1727 1726
f 1707 1708 1728
f 1707 1728 1727
f 1708 1709 1729
f 1708 1729 1728
f 1709 1710 1730
f 1709 1730 1729
f 1710 1711 1731
f 1710 1731 1730
f 1711 1712 1732
f 1711 1732 1731
f 1712 1713 1733
f 1712 1733 1732
f 1713 1714 1734
f 1713 1734 1733
f 1714 1715 1735
f 1714 1735 1734
f 1715 1716 1736
f 1715 1736 1735
f 1716 1697 1717
f 1716 1717 1736
f 1717 1718 1738
f 1717 1738 1737
f 1718 1719 1739
f 1718 1739 1738
f 1719 1720 1740
f 1719 1740 1739
f 1720 1721 1741
f 1720 1741 1740
f 1721 1722 1742
f 1721 1742 1741
f 1722 1723 1743
f 1722 1743 1742
f 1723 1724 1744
f 1723 1744 1743
f 1724 1725 1745
f 1724 1745 1744
f 1725 1726 1746
f 1725 1746 1745
f 1726 1727 1747
f 1726 1747 1746
f 1727 1728 1748
f 1727 1748 1747
f 1728 1729 1749
f 1728 1749 1748
f 1729 1730 1750
f 1729 1750 1749
f 1730 1731 1751
f 1730 1751 1750
f 1731 1732 1752
f 1731 1752 1751
f 1732 1733 1753
f 1732 1753 1752
f 1733 1734 1754
f 1733 1754 1753
f 1734 1735 1755
f 1734 1755 1754
f 1735 1736 1756
f 1735 1756 1755
f 1736 1717 1737
f 1736 1737 1756
f 1737 1738 1758
f 1737 1758 1757
f 1738 1739 1759
f 1738 1759 1758
f 1739 1740 1760
f 1739 1760 1759
f 1740 1741 1761
f 1740 1761 1760
f 1741 1742 1762
f 1741 1762 1761
f 1742 1743 1763
f 1742 1763 1762
f 1743 1744 1764
f 1743 1764 1763
f 1744 1745 1765
f 1744 1765 1764
f 1745 1746 1766
f 1745 1766 1765
f 1746 1747 1767
f 1746 1767 1766
f 1747 1748 1768
f 1747 1768 1767
f 1748 1749 1769
f 1748 1769 1768
f 1749 1750 1770
f 1749 1770 1769
f 1750 1751 1771
f 1750 1771 1770
f 1751 1752 1772
f 1751 1772 1771
f 1752 1753 1773
f 1752 1773 1772
f 1753 1754 1774
f 1753 1774 1773
f 1754 1755 1775
f 1754 1775 1774
f 1755 1756 1776
f 1755 1776 1775
f 1756 1737 1757
f 1756 1757 1776
f 1757 1758 1778
f 1757 1778 1777
f 1758 1759 1779
f 1758 1779 1778
f 1759 1760 1780
f 1759 1780 1779
f 1760 1761 1781
f 1760 1781 1780
f 1761 1762 1782
f 1761 1782 1781
f 1762 1763 1783
f 1762 1783 1782
f 1763 1764 1784
f 1763 1784 1783
f 1764 1765 1785
f 1764 1785 1784
f 1765 1766 1786
f 1765 1786 1785
f 1766 1767 1787
f 1766 1787 1786
f 1767 1768 1788
f 1767 1788 1787
f 1768 1769 1789
f 1768 1789 1788
f 1769 1770 1790
f 1769 1790 1789
f 1770 1771 1791
f 1770 1791 1790
f 1771 1772 1792
f 1771 1792 1791
f 1772 1773 1793
f 1772 1793 1792
f 1773 1774 1794
f 1773 1794 1793
f 1774 1775 1795
f 1774 1795 1794
f 1775 1776 1796
f 1775 1796 1795
f 1776 1757 1777
f 1776 1777 1796
f 1777 1778 1798
f 1777 1798 1797
f 1778 1779 1799
f 1778 1799 1798
f 1779 1780 1800
f 1779 1800 1799
f 1780 1781 1801
f 1780 1801 1800
f 1781 1782 1802
f 1781 1802 1801
f 1782 1783 1803
f 1782 1803 1802
f 1783 1784 1804
f 1783 1804 1803
f 1784 1785 1805
f 1784 1805 1804
f 1785 1786 1806
f 1785 1806 1805
f 1786 1787 1807
f 1786 1807 1806
f 1787 1788 1808
f 1787 1808 1807
f 1788 1789 1809
f 1788 1809 1808
f 1789 1790 1810
f 1789 1810 1809
f 1790 1791 1811
f 1790 1811 1810
f 1791 1792 1812
f 1791 1812 1811
f 1792 1793 1813
f 1792 1813 1812
f 1793 1794 1814
f 1793 1814 1813
f 1794 1795 1815
f 1794 1815 1814
f 1795 1796 1816
f 1795 1816 1815
f 1796 1777 1797
f 1796 1797 1816
f 1797 1798 1818
f 1797 1818 1817
f 1798 1799 1819
f 1798 1819 1818
f 1799 1800 1820
f 1799 1820 1819
f 1800 1801 1821
f 1800 1821 1820
f 1801 1802 1822
f 1801 1822 1821
f 1802 1803 1823
f 1802 1823 1822
f 1803 1804 1824
f 1803 1824 1823
f 1804 1805 1825
f 1804 1825 1824
f 1805 1806 1826
f 1805 1826 1825
f 1806 1807 1827
f 1806 1827 1826
f 1807 1808 1828
f 1807 1828 1827
f 1808 1809 1829
f 1808 1829 1828
f 1809 1810 1830
f 1809 1830 1829
f 1810 1811 1831
f 1810 1831 1830
f 1811 1812 1832
f 1811 1832 1831
f 1812 1813 1833
f 1812 1833 1832
f 1813 1814 1834
f 1813 1834 1833
f 1814 1815 1835
f 1814 1835 1834
f 1815 1816 1836
f 1815 1836 1835
f 1816 1797 1817
f 1816 1817 1836
f 1817 1818 1838
f 1817 1838 1837
f 1818 1819 1839
f 1818 1839 1838
f 1819 1820 1840
f 1819 1840 1839
f 1820 1821 1841
f 1820 1841 1840
f 1821 1822 1842
f 1821 1842 1841
f 1822 1823 1843
f 1822 1843 1842
f 1823 1824 1844
f 1823 1844 1843
f 1824 1825 1845
f 1824 1845 1844
f 1825 1826 1846
f 1825 1846 1845
f 1826 1827 1847
f 1826 1847 1846
f 1827 1828 1848
f 1827 1848 1847
f 1828 1829 1849
f 1828 1849 1848
f 1829 1830 1850
f 1829 1850 1849
f 1830 1831 1851
f 1830 1851 1850
f 1831 1832 1852
f 1831 1852 1851
f 1832 1833 1853
f 1832 1853 1852
f 1833 1834 1854
f 1833 1854 1853
f 1834 1835 1855
f 1834 1855 1854
f 1835 1836 1856
f 1835 1856 1855
f 1836 1817 1837
f 1836 1837 1856
f 1837 1838 1858
f 1837 1858 1857
f 1838 1839 1859
f 1838 1859 1858
f 1839 1840 1860
f 1839 1860 1859
f 1840 1841 1861
f 1840 1861 1860
f 1841 1842 1862
f 1841 1862 1861
f 1842 1843 1863
f 1842 1863 1862
f 1843 1844 1864
f 1843 1864 1863
f 1844 1845 1865
f 1844 1865 1864
f 1845 1846 1866
f 1845 1866 1865
f 1846 1847 1867
f 1846 1867 1866
f 1847 1848 1868
f 1847 1868 1867
f 1848 1849 1869
f 1848 1869 1868
f 1849 1850 1870
f 1849 1870 1869
f 1850 1851 1871
f 1850 1871 1870
f 1851 1852 1872
f 1851 1872 1871
f 1852 1853 1873
f 1852 1873 1872
f 1853 1854 1874
f 1853 1874 1873
f 1854 1855 1875
f 1854 1875 1874
f 1855 1856 1876
f 1855 1876 1875
f 1856 1837 1857
f 1856 1857 1876
f 1857 1858 1878
f 1857 1878 1877
f 1858 1859 1879
f 1858 1879 1878
f 1859 1860 1880
f 1859 1880 1879
f 1860 1861 1881
f 1860 1881 1880
f 1861 1862 1882
f 1861 1882 1881
f 1862 1863 1883
f 1862 1883 1882
f 1863 1864 1884
f 1863 1884 1883
f 1864 1865 1885
f 1864 1885 1884
f 1865 1866 1886
f 1865 1886 1885
f 1866 1867 1887
f 1866 1887 1886
f 1867 1868 1888
f 1867 1888 1887
f 1868 1869 1889
f 1868 1889 1888
f 1869 1870 1890
f 1869 1890 1889
f 1870 1871 1891
f 1870 1891 1890
f 1871 1872 1892
f 1871 1892 1891
f 1872 1873 1893
f 1872 1893 1892
f 1873 1874 1894
f 1873 1894 1893
f 1874 1875 1895
f 1874 1895 1894
f 1875 1876 1896
f 1875 1896 1895
f 1876 1857 1877
f 1876 1877 1896
f 1877 1878 1898
f 1877 1898 1897
f 1878 1879 1899
f 1878 1899 1898
f 1879 1880 1900
f 1879 1900 1899
f 1880 1881 1901
f 1880 1901 1900
f 1881 1882 1902
f 1881 1902 1901
f 1882 1883 1903
f 1882 1903 1902
f 1883 1884 1904
f 1883 1904 1903
f 1884 1885 1905
f 1884 1905 1904
f 1885 1886 1906
f 1885 1906 1905
f 1886 1887 1907
f 1886 1907 1906
f 1887 1888 1908
f 1887 1908 1907
f 1888 1889 1909
f 1888 1909 1908
f 1889 1890 1910
f 1889 1910 1909
f 1890 1891 1911
f 1890 1911 1910
f 1891 1892 1912
f 1891 1912 1911
f 1892 1893 1913
f 1892 1913 1912
f 1893 1894 1914
f 1893 1914 1913
f 1894 1895 1915
f 1894 1915 1914
f 1895 1896 1916
f 1895 1916 1915
f 1896 1877 1897
f 1896 1897 1916
f 1897 1898 1918
f 1897 1918 1917
f 1898 1899 1919
f 1898 1919 1918
f 1899 1900 1920
f 1899 1920 1919
f 1900 1901 1921
f 1900 1921 1920
f 1901 1902 1922
f 1901 1922 1921
f 1902 1903 1923
f 1902 1923 1922
f 1903 1904 1924
f 1903 1924 1923
f 1904 1905 1925
f 1904 1925 1924
f 1905 1906 1926
f 1905 1926 1925
f 1906 1907 1927
f 1906 1927 1926
f 1907 1908 1928
f 1907 1928 1927
f 1908 1909 1929
f 1908 1929 1928
f 1909 1910 1930
f 1909 1930 1929
f 1910 1911 1931
f 1910 1931 1930
f 1911 1912 1932
f 1911 1932 1931
f 1912 1913 1933
f 1912 1933 1932
f 1913 1914 1934
f 1913 1934 1933
f 1914 1915 1935
f 1914 1935 1934
f 1915 1916 1936
f 1915 1936 1935
f 1916 1897 1917
f 1916 1917 1936
f 1917 1918 1938
f 1917 1938 1937
f 1918 1919 1939
f 1918 1939 1938
f 1919 1920 1940
f 1919 1940 1939
f 1920 1921 1941
f 1920 1941 1940
f 1921 1922 1942
f 1921 1942 1941
f 1922 1923 1943
f 1922 1943 1942
f 1923 1924 1944
f 1923 1944 1943
f 1924 1925 1945
f 1924 1945 1944
f 1925 1926 1946
f 1925 1946 1945
f 1926 1927 1947
f 1926 1947 1946
f 1927 1928 1948
f 1927 1948 1947
f 1928 1929 1949
f 1928 1949 1948
f 1929 1930 1950
f 1929 1950 1949
f 1930 1931 1951
f 1930 1951 1950
f 1931 1932 1952
f 1931 1952 1951
f 1932 1933 1953
f 1932 1953 1952
f 1933 1934 1954
f 1933 1954 1953
f 1934 1935 1955
f 1934 1955 1954
f 1935 1936 1956
f 1935 1956 1955
f 1936 1917 1937
f 1936 1937 1956
o Torso
g Torso
usemtl Sport_White
v 0.000000 1.220000 0.000000
v 0.000000 1.220000 0.000000
v 0.000000 1.220000 0.000000
v 0.000000 1.220000 0.000000
v 0.000000 1.220000 0.000000
v 0.000000 1.220000 0.000000
v -0.000000 1.220000 0.000000
v -0.000000 1.220000 0.000000
v -0.000000 1.220000 0.000000
v -0.000000 1.220000 0.000000
v -0.000000 1.220000 0.000000
v -0.000000 1.220000 -0.000000
v -0.000000 1.220000 -0.000000
v -0.000000 1.220000 -0.000000
v -0.000000 1.220000 -0.000000
v -0.000000 1.220000 -0.000000
v 0.000000 1.220000 -0.000000
v 0.000000 1.220000 -0.000000
v 0.000000 1.220000 -0.000000
v 0.000000 1.220000 -0.000000
v 0.157998 1.232677 0.000000
v 0.152233 1.232677 0.038489
v 0.135043 1.232677 0.061969
v 0.106586 1.232677 0.078513
v 0.066200 1.232677 0.088507
v 0.000000 1.232677 0.091859
v -0.066200 1.232677 0.088507
v -0.106586 1.232677 0.078513
v -0.135043 1.232677 0.061969
v -0.152233 1.232677 0.038489
v -0.157998 1.232677 0.000000
v -0.152233 1.232677 -0.038489
v -0.135043 1.232677 -0.061969
v -0.106586 1.232677 -0.078513
v -0.066200 1.232677 -0.088507
v -0.000000 1.232677 -0.091859
v 0.066200 1.232677 -0.088507
v 0.106586 1.232677 -0.078513
v 0.135043 1.232677 -0.061969
v 0.152233 1.232677 -0.038489
v 0.257326 1.270534 0.000000
v 0.247936 1.270534 0.062685
v 0.219940 1.270534 0.100927
v 0.173594 1.270534 0.127872
v 0.107818 1.270534 0.144149
v 0.000000 1.270534 0.149608
v -0.107818 1.270534 0.144149
v -0.173594 1.270534 0.127872
v -0.219940 1.270534 0.100927
v -0.247936 1.270534 0.062685
v -0.257326 1.270534 0.000000
v -0.247936 1.270534 -0.062685
v -0.219940 1.270534 -0.100927
v -0.173594 1.270534 -0.127872
v -0.107818 1.270534 -0.144149
v -0.000000 1.270534 -0.149608
v 0.107818 1.270534 -0.144149
v 0.173594 1.270534 -0.127872
v 0.219940 1.270534 -0.100927
v 0.247936 1.270534 -0.062685
v 0.332641 1.333208 0.000000
v 0.320503 1.333208 0.081032
v 0.284313 1.333208 0.130466
v 0.224402 1.333208 0.165298
v 0.139375 1.333208 0.186339
v 0.000000 1.333208 0.193396
v -0.139375 1.333208 0.186339
v -0.224402 1.333208 0.165298
v -0.284313 1.333208 0.130466
v -0.320503 1.333208 0.081032
v -0.332641 1.333208 0.000000
v -0.320503 1.333208 -0.081032
v -0.284313 1.333208 -0.130466
v -0.224402 1.333208 -0.165298
v -0.139375 1.333208 -0.186339
v -0.000000 1.333208 -0.193396
v 0.139375 1.333208 -0.186339
v 0.224402 1.333208 -0.165298
v 0.284313 1.333208 -0.130466
v 0.320503 1.333208 -0.081032
v 0.386540 1.420784 0.000000
v 0.372436 1.420784 0.094162
v 0.330381 1.420784 0.151606
v 0.260763 1.420784 0.192082
v 0.161959 1.420784 0.216532
v 0.000000 1.420784 0.224733
v -0.161959 1.420784 0.216532
v -0.260763 1.420784 0.192082
v -0.330381 1.420784 0.151606
v -0.372436 1.420784 0.094162
v -0.386540 1.420784 0.000000
v -0.372436 1.420784 -0.094162
v -0.330381 1.420784 -0.151606
v -0.260763 1.420784 -0.192082
v -0.161959 1.420784 -0.216532
v -0.000000 1.420784 -0.224733
v 0.161959 1.420784 -0.216532
v 0.260763 1.420784 -0.192082
v 0.330381 1.420784 -0.151606
v 0.372436 1.420784 -0.094162
v 0.419098 1.536282 0.000000
v 0.403806 1.536282 0.102093
v 0.358209 1.536282 0.164376
v 0.282727 1.536282 0.208261
v 0.175600 1.536282 0.234771
v 0.000000 1.536282 0.243662
v -0.175600 1.536282 0.234771
v -0.282727 1.536282 0.208261
v -0.358209 1.536282 0.164376
v -0.403806 1.536282 0.102093
v -0.419098 1.536282 0.000000
v -0.403806 1.536282 -0.102093
v -0.358209 1.536282 -0.164376
v -0.282727 1.536282 -0.208261
v -0.175600 1.536282 -0.234771
v -0.000000 1.536282 -0.243662
v 0.175600 1.536282 -0.234771
v 0.282727 1.536282 -0.208261
v 0.358209 1.536282 -0.164376
v 0.403806 1.536282 -0.102093
v 0.430000 1.720000 0.000000
v 0.414310 1.720000 0.104749
v 0.367527 1.720000 0.168652
v 0.290081 1.720000 0.213678
v 0.180168 1.720000 0.240878
v 0.000000 1.720000 0.250000
v -0.180168 1.720000 0.240878
v -0.290081 1.720000 0.213678
v -0.367527 1.720000 0.168652
v -0.414310 1.720000 0.104749
v -0.430000 1.720000 0.000000
v -0.414310 1.720000 -0.104749
v -0.367527 1.720000 -0.168652
v -0.290081 1.720000 -0.213678
v -0.180168 1.720000 -0.240878
v -0.000000 1.720000 -0.250000
v 0.180168 1.720000 -0.240878
v 0.290081 1.720000 -0.213678
v 0.367527 1.720000 -0.168652
v 0.414310 1.720000 -0.104749
v 0.419098 1.903718 0.000000
v 0.403806 1.903718 0.102093
v 0.358209 1.903718 0.164376
v 0.282727 1.903718 0.208261
v 0.175600 1.903718 0.234771
v 0.000000 1.903718 0.243662
v -0.175600 1.903718 0.234771
v -0.282727 1.903718 0.208261
v -0.358209 1.903718 0.164376
v -0.403806 1.903718 0.102093
v -0.419098 1.903718 0.000000
v -0.403806 1.903718 -0.102093
v -0.358209 1.903718 -0.164376
v -0.282727 1.903718 -0.208261
v -0.175600 1.903718 -0.234771
v -0.000000 1.903718 -0.243662
v 0.175600 1.903718 -0.234771
v 0.282727 1.903718 -0.208261
v 0.358209 1.903718 -0.164376
v 0.403806 1.903718 -0.102093
v 0.386540 2.019216 0.000000
v 0.372436 2.019216 0.094162
v 0.330381 2.019216 0.151606
v 0.260763 2.019216 0.192082
v 0.161959 2.019216 0.216532
v 0.000000 2.019216 0.224733
v -0.161959 2.019216 0.216532
v -0.260763 2.019216 0.192082
v -0.330381 2.019216 0.151606
v -0.372436 2.019216 0.094162
v -0.386540 2.019216 0.000000
v -0.372436 2.019216 -0.094162
v -0.330381 2.019216 -0.151606
v -0.260763 2.019216 -0.192082
v -0.161959 2.019216 -0.216532
v -0.000000 2.019216 -0.224733
v 0.161959 2.019216 -0.216532
v 0.260763 2.019216 -0.192082
v 0.330381 2.019216 -0.151606
v 0.372436 2.019216 -0.094162
v 0.332641 2.106792 0.000000
v 0.320503 2.106792 0.081032
v 0.284313 2.106792 0.130466
v 0.224402 2.106792 0.165298
v 0.139375 2.106792 0.186339
v 0.000000 2.106792 0.193396
v -0.139375 2.106792 0.186339
v -0.224402 2.106792 0.165298
v -0.284313 2.106792 0.130466
v -0.320503 2.106792 0.081032
v -0.332641 2.106792 0.000000
v -0.320503 2.106792 -0.081032
v -0.284313 2.106792 -0.130466
v -0.224402 2.106792 -0.165298
v -0.139375 2.106792 -0.186339
v -0.000000 2.106792 -0.193396
v 0.139375 2.106792 -0.186339
v 0.224402 2.106792 -0.165298
v 0.284313 2.106792 -0.130466
v 0.320503 2.106792 -0.081032
v 0.257326 2.169466 0.000000
v 0.247936 2.169466 0.062685
v 0.219940 2.169466 0.100927
v 0.173594 2.169466 0.127872
v 0.107818 2.169466 0.144149
v 0.000000 2.169466 0.149608
v -0.107818 2.169466 0.144149
v -0.173594 2.169466 0.127872
v -0.219940 2.169466 0.100927
v -0.247936 2.169466 0.062685
v -0.257326 2.169466 0.000000
v -0.247936 2.169466 -0.062685
v -0.219940 2.169466 -0.100927
v -0.173594 2.169466 -0.127872
v -0.107818 2.169466 -0.144149
v -0.000000 2.169466 -0.149608
v 0.107818 2.169466 -0.144149
v 0.173594 2.169466 -0.127872
v 0.219940 2.169466 -0.100927
v 0.247936 2.169466 -0.062685
v 0.157998 2.207323 0.000000
v 0.152233 2.207323 0.038489
v 0.135043 2.207323 0.061969
v 0.106586 2.207323 0.078513
v 0.066200 2.207323 0.088507
v 0.000000 2.207323 0.091859
v -0.066200 2.207323 0.088507
v -0.106586 2.207323 0.078513
v -0.135043 2.207323 0.061969
v -0.152233 2.207323 0.038489
v -0.157998 2.207323 0.000000
v -0.152233 2.207323 -0.038489
v -0.135043 2.207323 -0.061969
v -0.106586 2.207323 -0.078513
v -0.066200 2.207323 -0.088507
v -0.000000 2.207323 -0.091859
v 0.066200 2.207323 -0.088507
v 0.106586 2.207323 -0.078513
v 0.135043 2.207323 -0.061969
v 0.152233 2.207323 -0.038489
v 0.000000 2.220000 0.000000
v 0.000000 2.220000 0.000000
v 0.000000 2.220000 0.000000
v 0.000000 2.220000 0.000000
v 0.000000 2.220000 0.000000
v 0.000000 2.220000 0.000000
v -0.000000 2.220000 0.000000
v -0.000000 2.220000 0.000000
v -0.000000 2.220000 0.000000
v -0.000000 2.220000 0.000000
v -0.000000 2.220000 0.000000
v -0.000000 2.220000 -0.000000
v -0.000000 2.220000 -0.000000
v -0.000000 2.220000 -0.000000
v -0.000000 2.220000 -0.000000
v -0.000000 2.220000 -0.000000
v 0.000000 2.220000 -0.000000
v 0.000000 2.220000 -0.000000
v 0.000000 2.220000 -0.000000
v 0.000000 2.220000 -0.000000
f 1957 1958 1978
f 1957 1978 1977
f 1958 1959 1979
f 1958 1979 1978
f 1959 1960 1980
f 1959 1980 1979
f 1960 1961 1981
f 1960 1981 1980
f 1961 1962 1982
f 1961 1982 1981
f 1962 1963 1983
f 1962 1983 1982
f 1963 1964 1984
f 1963 1984 1983
f 1964 1965 1985
f 1964 1985 1984
f 1965 1966 1986
f 1965 1986 1985
f 1966 1967 1987
f 1966 1987 1986
f 1967 1968 1988
f 1967 1988 1987
f 1968 1969 1989
f 1968 1989 1988
f 1969 1970 1990
f 1969 1990 1989
f 1970 1971 1991
f 1970 1991 1990
f 1971 1972 1992
f 1971 1992 1991
f 1972 1973 1993
f 1972 1993 1992
f 1973 1974 1994
f 1973 1994 1993
f 1974 1975 1995
f 1974 1995 1994
f 1975 1976 1996
f 1975 1996 1995
f 1976 1957 1977
f 1976 1977 1996
f 1977 1978 1998
f 1977 1998 1997
f 1978 1979 1999
f 1978 1999 1998
f 1979 1980 2000
f 1979 2000 1999
f 1980 1981 2001
f 1980 2001 2000
f 1981 1982 2002
f 1981 2002 2001
f 1982 1983 2003
f 1982 2003 2002
f 1983 1984 2004
f 1983 2004 2003
f 1984 1985 2005
f 1984 2005 2004
f 1985 1986 2006
f 1985 2006 2005
f 1986 1987 2007
f 1986 2007 2006
f 1987 1988 2008
f 1987 2008 2007
f 1988 1989 2009
f 1988 2009 2008
f 1989 1990 2010
f 1989 2010 2009
f 1990 1991 2011
f 1990 2011 2010
f 1991 1992 2012
f 1991 2012 2011
f 1992 1993 2013
f 1992 2013 2012
f 1993 1994 2014
f 1993 2014 2013
f 1994 1995 2015
f 1994 2015 2014
f 1995 1996 2016
f 1995 2016 2015
f 1996 1977 1997
f 1996 1997 2016
f 1997 1998 2018
f 1997 2018 2017
f 1998 1999 2019
f 1998 2019 2018
f 1999 2000 2020
f 1999 2020 2019
f 2000 2001 2021
f 2000 2021 2020
f 2001 2002 2022
f 2001 2022 2021
f 2002 2003 2023
f 2002 2023 2022
f 2003 2004 2024
f 2003 2024 2023
f 2004 2005 2025
f 2004 2025 2024
f 2005 2006 2026
f 2005 2026 2025
f 2006 2007 2027
f 2006 2027 2026
f 2007 2008 2028
f 2007 2028 2027
f 2008 2009 2029
f 2008 2029 2028
f 2009 2010 2030
f 2009 2030 2029
f 2010 2011 2031
f 2010 2031 2030
f 2011 2012 2032
f 2011 2032 2031
f 2012 2013 2033
f 2012 2033 2032
f 2013 2014 2034
f 2013 2034 2033
f 2014 2015 2035
f 2014 2035 2034
f 2015 2016 2036
f 2015 2036 2035
f 2016 1997 2017
f 2016 2017 2036
f 2017 2018 2038
f 2017 2038 2037
f 2018 2019 2039
f 2018 2039 2038
f 2019 2020 2040
f 2019 2040 2039
f 2020 2021 2041
f 2020 2041 2040
f 2021 2022 2042
f 2021 2042 2041
f 2022 2023 2043
f 2022 2043 2042
f 2023 2024 2044
f 2023 2044 2043
f 2024 2025 2045
f 2024 2045 2044
f 2025 2026 2046
f 2025 2046 2045
f 2026 2027 2047
f 2026 2047 2046
f 2027 2028 2048
f 2027 2048 2047
f 2028 2029 2049
f 2028 2049 2048
f 2029 2030 2050
f 2029 2050 2049
f 2030 2031 2051
f 2030 2051 2050
f 2031 2032 2052
f 2031 2052 2051
f 2032 2033 2053
f 2032 2053 2052
f 2033 2034 2054
f 2033 2054 2053
f 2034 2035 2055
f 2034 2055 2054
f 2035 2036 2056
f 2035 2056 2055
f 2036 2017 2037
f 2036 2037 2056
f 2037 2038 2058
f 2037 2058 2057
f 2038 2039 2059
f 2038 2059 2058
f 2039 2040 2060
f 2039 2060 2059
f 2040 2041 2061
f 2040 2061 2060
f 2041 2042 2062
f 2041 2062 2061
f 2042 2043 2063
f 2042 2063 2062
f 2043 2044 2064
f 2043 2064 2063
f 2044 2045 2065
f 2044 2065 2064
f 2045 2046 2066
f 2045 2066 2065
f 2046 2047 2067
f 2046 2067 2066
f 2047 2048 2068
f 2047 2068 2067
f 2048 2049 2069
f 2048 2069 2068
f 2049 2050 2070
f 2049 2070 2069
f 2050 2051 2071
f 2050 2071 2070
f 2051 2052 2072
f 2051 2072 2071
f 2052 2053 2073
f 2052 2073 2072
f 2053 2054 2074
f 2053 2074 2073
f 2054 2055 2075
f 2054 2075 2074
f 2055 2056 2076
f 2055 2076 2075
f 2056 2037 2057
f 2056 2057 2076
f 2057 2058 2078
f 2057 2078 2077
f 2058 2059 2079
f 2058 2079 2078
f 2059 2060 2080
f 2059 2080 2079
f 2060 2061 2081
f 2060 2081 2080
f 2061 2062 2082
f 2061 2082 2081
f 2062 2063 2083
f 2062 2083 2082
f 2063 2064 2084
f 2063 2084 2083
f 2064 2065 2085
f 2064 2085 2084
f 2065 2066 2086
f 2065 2086 2085
f 2066 2067 2087
f 2066 2087 2086
f 2067 2068 2088
f 2067 2088 2087
f 2068 2069 2089
f 2068 2089 2088
f 2069 2070 2090
f 2069 2090 2089
f 2070 2071 2091
f 2070 2091 2090
f 2071 2072 2092
f 2071 2092 2091
f 2072 2073 2093
f 2072 2093 2092
f 2073 2074 2094
f 2073 2094 2093
f 2074 2075 2095
f 2074 2095 2094
f 2075 2076 2096
f 2075 2096 2095
f 2076 2057 2077
f 2076 2077 2096
f 2077 2078 2098
f 2077 2098 2097
f 2078 2079 2099
f 2078 2099 2098
f 2079 2080 2100
f 2079 2100 2099
f 2080 2081 2101
f 2080 2101 2100
f 2081 2082 2102
f 2081 2102 2101
f 2082 2083 2103
f 2082 2103 2102
f 2083 2084 2104
f 2083 2104 2103
f 2084 2085 2105
f 2084 2105 2104
f 2085 2086 2106
f 2085 2106 2105
f 2086 2087 2107
f 2086 2107 2106
f 2087 2088 2108
f 2087 2108 2107
f 2088 2089 2109
f 2088 2109 2108
f 2089 2090 2110
f 2089 2110 2109
f 2090 2091 2111
f 2090 2111 2110
f 2091 2092 2112
f 2091 2112 2111
f 2092 2093 2113
f 2092 2113 2112
f 2093 2094 2114
f 2093 2114 2113
f 2094 2095 2115
f 2094 2115 2114
f 2095 2096 2116
f 2095 2116 2115
f 2096 2077 2097
f 2096 2097 2116
f 2097 2098 2118
f 2097 2118 2117
f 2098 2099 2119
f 2098 2119 2118
f 2099 2100 2120
f 2099 2120 2119
f 2100 2101 2121
f 2100 2121 2120
f 2101 2102 2122
f 2101 2122 2121
f 2102 2103 2123
f 2102 2123 2122
f 2103 2104 2124
f 2103 2124 2123
f 2104 2105 2125
f 2104 2125 2124
f 2105 2106 2126
f 2105 2126 2125
f 2106 2107 2127
f 2106 2127 2126
f 2107 2108 2128
f 2107 2128 2127
f 2108 2109 2129
f 2108 2129 2128
f 2109 2110 2130
f 2109 2130 2129
f 2110 2111 2131
f 2110 2131 2130
f 2111 2112 2132
f 2111 2132 2131
f 2112 2113 2133
f 2112 2133 2132
f 2113 2114 2134
f 2113 2134 2133
f 2114 2115 2135
f 2114 2135 2134
f 2115 2116 2136
f 2115 2136 2135
f 2116 2097 2117
f 2116 2117 2136
f 2117 2118 2138
f 2117 2138 2137
f 2118 2119 2139
f 2118 2139 2138
f 2119 2120 2140
f 2119 2140 2139
f 2120 2121 2141
f 2120 2141 2140
f 2121 2122 2142
f 2121 2142 2141
f 2122 2123 2143
f 2122 2143 2142
f 2123 2124 2144
f 2123 2144 2143
f 2124 2125 2145
f 2124 2145 2144
f 2125 2126 2146
f 2125 2146 2145
f 2126 2127 2147
f 2126 2147 2146
f 2127 2128 2148
f 2127 2148 2147
f 2128 2129 2149
f 2128 2149 2148
f 2129 2130 2150
f 2129 2150 2149
f 2130 2131 2151
f 2130 2151 2150
f 2131 2132 2152
f 2131 2152 2151
f 2132 2133 2153
f 2132 2153 2152
f 2133 2134 2154
f 2133 2154 2153
f 2134 2135 2155
f 2134 2155 2154
f 2135 2136 2156
f 2135 2156 2155
f 2136 2117 2137
f 2136 2137 2156
f 2137 2138 2158
f 2137 2158 2157
f 2138 2139 2159
f 2138 2159 2158
f 2139 2140 2160
f 2139 2160 2159
f 2140 2141 2161
f 2140 2161 2160
f 2141 2142 2162
f 2141 2162 2161
f 2142 2143 2163
f 2142 2163 2162
f 2143 2144 2164
f 2143 2164 2163
f 2144 2145 2165
f 2144 2165 2164
f 2145 2146 2166
f 2145 2166 2165
f 2146 2147 2167
f 2146 2167 2166
f 2147 2148 2168
f 2147 2168 2167
f 2148 2149 2169
f 2148 2169 2168
f 2149 2150 2170
f 2149 2170 2169
f 2150 2151 2171
f 2150 2171 2170
f 2151 2152 2172
f 2151 2172 2171
f 2152 2153 2173
f 2152 2173 2172
f 2153 2154 2174
f 2153 2174 2173
f 2154 2155 2175
f 2154 2175 2174
f 2155 2156 2176
f 2155 2176 2175
f 2156 2137 2157
f 2156 2157 2176
f 2157 2158 2178
f 2157 2178 2177
f 2158 2159 2179
f 2158 2179 2178
f 2159 2160 2180
f 2159 2180 2179
f 2160 2161 2181
f 2160 2181 2180
f 2161 2162 2182
f 2161 2182 2181
f 2162 2163 2183
f 2162 2183 2182
f 2163 2164 2184
f 2163 2184 2183
f 2164 2165 2185
f 2164 2185 2184
f 2165 2166 2186
f 2165 2186 2185
f 2166 2167 2187
f 2166 2187 2186
f 2167 2168 2188
f 2167 2188 2187
f 2168 2169 2189
f 2168 2189 2188
f 2169 2170 2190
f 2169 2190 2189
f 2170 2171 2191
f 2170 2191 2190
f 2171 2172 2192
f 2171 2192 2191
f 2172 2173 2193
f 2172 2193 2192
f 2173 2174 2194
f 2173 2194 2193
f 2174 2175 2195
f 2174 2195 2194
f 2175 2176 2196
f 2175 2196 2195
f 2176 2157 2177
f 2176 2177 2196
f 2177 2178 2198
f 2177 2198 2197
f 2178 2179 2199
f 2178 2199 2198
f 2179 2180 2200
f 2179 2200 2199
f 2180 2181 2201
f 2180 2201 2200
f 2181 2182 2202
f 2181 2202 2201
f 2182 2183 2203
f 2182 2203 2202
f 2183 2184 2204
f 2183 2204 2203
f 2184 2185 2205
f 2184 2205 2204
f 2185 2186 2206
f 2185 2206 2205
f 2186 2187 2207
f 2186 2207 2206
f 2187 2188 2208
f 2187 2208 2207
f 2188 2189 2209
f 2188 2209 2208
f 2189 2190 2210
f 2189 2210 2209
f 2190 2191 2211
f 2190 2211 2210
f 2191 2192 2212
f 2191 2212 2211
f 2192 2193 2213
f 2192 2213 2212
f 2193 2194 2214
f 2193 2214 2213
f 2194 2195 2215
f 2194 2215 2214
f 2195 2196 2216
f 2195 2216 2215
f 2196 2177 2197
f 2196 2197 2216
o Waist_Dark
g Waist_Dark
usemtl Deep_Navy
v 0.000000 1.290000 -0.005000
v 0.000000 1.290000 -0.005000
v 0.000000 1.290000 -0.005000
v 0.000000 1.290000 -0.005000
v 0.000000 1.290000 -0.005000
v 0.000000 1.290000 -0.005000
v -0.000000 1.290000 -0.005000
v -0.000000 1.290000 -0.005000
v -0.000000 1.290000 -0.005000
v -0.000000 1.290000 -0.005000
v -0.000000 1.290000 -0.005000
v -0.000000 1.290000 -0.005000
v -0.000000 1.290000 -0.005000
v -0.000000 1.290000 -0.005000
v -0.000000 1.290000 -0.005000
v -0.000000 1.290000 -0.005000
v 0.000000 1.290000 -0.005000
v 0.000000 1.290000 -0.005000
v 0.000000 1.290000 -0.005000
v 0.000000 1.290000 -0.005000
v 0.180150 1.291962 -0.005000
v 0.175057 1.291962 0.055210
v 0.159602 1.291962 0.081943
v 0.132972 1.291962 0.099355
v 0.092086 1.291962 0.109461
v 0.000000 1.291962 0.112790
v -0.092086 1.291962 0.109461
v -0.132972 1.291962 0.099355
v -0.159602 1.291962 0.081943
v -0.175057 1.291962 0.055210
v -0.180150 1.291962 -0.005000
v -0.175057 1.291962 -0.065210
v -0.159602 1.291962 -0.091943
v -0.132972 1.291962 -0.109355
v -0.092086 1.291962 -0.119461
v -0.000000 1.291962 -0.122790
v 0.092086 1.291962 -0.119461
v 0.132972 1.291962 -0.109355
v 0.159602 1.291962 -0.091943
v 0.175057 1.291962 -0.065210
v 0.262451 1.297891 -0.005000
v 0.255032 1.297891 0.082717
v 0.232515 1.297891 0.121662
v 0.193719 1.297891 0.147029
v 0.134156 1.297891 0.161751
v 0.000000 1.297891 0.166602
v -0.134156 1.297891 0.161751
v -0.193719 1.297891 0.147029
v -0.232515 1.297891 0.121662
v -0.255032 1.297891 0.082717
v -0.262451 1.297891 -0.005000
v -0.255032 1.297891 -0.092717
v -0.232515 1.297891 -0.131662
v -0.193719 1.297891 -0.157029
v -0.134156 1.297891 -0.171751
v -0.000000 1.297891 -0.176602
v 0.134156 1.297891 -0.171751
v 0.193719 1.297891 -0.157029
v 0.232515 1.297891 -0.131662
v 0.255032 1.297891 -0.092717
v 0.319931 1.307966 -0.005000
v 0.310887 1.307966 0.101928
v 0.283440 1.307966 0.149403
v 0.236146 1.307966 0.180326
v 0.163538 1.307966 0.198272
v 0.000000 1.307966 0.204186
v -0.163538 1.307966 0.198272
v -0.236146 1.307966 0.180326
v -0.283440 1.307966 0.149403
v -0.310887 1.307966 0.101928
v -0.319931 1.307966 -0.005000
v -0.310887 1.307966 -0.111928
v -0.283440 1.307966 -0.159403
v -0.236146 1.307966 -0.190326
v -0.163538 1.307966 -0.208272
v -0.000000 1.307966 -0.214186
v 0.163538 1.307966 -0.208272
v 0.236146 1.307966 -0.190326
v 0.283440 1.307966 -0.159403
v 0.310887 1.307966 -0.111928
v 0.359226 1.322705 -0.005000
v 0.349071 1.322705 0.115062
v 0.318253 1.322705 0.168368
v 0.265151 1.322705 0.203088
v 0.183624 1.322705 0.223239
v 0.000000 1.322705 0.229879
v -0.183624 1.322705 0.223239
v -0.265151 1.322705 0.203088
v -0.318253 1.322705 0.168368
v -0.349071 1.322705 0.115062
v -0.359226 1.322705 -0.005000
v -0.349071 1.322705 -0.125062
v -0.318253 1.322705 -0.178368
v -0.265151 1.322705 -0.213088
v -0.183624 1.322705 -0.233239
v -0.000000 1.322705 -0.239879
v 0.183624 1.322705 -0.233239
v 0.265151 1.322705 -0.213088
v 0.318253 1.322705 -0.178368
v 0.349071 1.322705 -0.125062
v 0.382350 1.343808 -0.005000
v 0.371542 1.343808 0.122790
v 0.338739 1.343808 0.179528
v 0.282219 1.343808 0.216483
v 0.195444 1.343808 0.237931
v 0.000000 1.343808 0.244998
v -0.195444 1.343808 0.237931
v -0.282219 1.343808 0.216483
v -0.338739 1.343808 0.179528
v -0.371542 1.343808 0.122790
v -0.382350 1.343808 -0.005000
v -0.371542 1.343808 -0.132790
v -0.338739 1.343808 -0.189528
v -0.282219 1.343808 -0.226483
v -0.195444 1.343808 -0.247931
v -0.000000 1.343808 -0.254998
v 0.195444 1.343808 -0.247931
v 0.282219 1.343808 -0.226483
v 0.338739 1.343808 -0.189528
v 0.371542 1.343808 -0.132790
v 0.390000 1.390000 -0.005000
v 0.378975 1.390000 0.125347
v 0.345517 1.390000 0.183220
v 0.287865 1.390000 0.220915
v 0.199354 1.390000 0.242792
v 0.000000 1.390000 0.250000
v -0.199354 1.390000 0.242792
v -0.287865 1.390000 0.220915
v -0.345517 1.390000 0.183220
v -0.378975 1.390000 0.125347
v -0.390000 1.390000 -0.005000
v -0.378975 1.390000 -0.135347
v -0.345517 1.390000 -0.193220
v -0.287865 1.390000 -0.230915
v -0.199354 1.390000 -0.252792
v -0.000000 1.390000 -0.260000
v 0.199354 1.390000 -0.252792
v 0.287865 1.390000 -0.230915
v 0.345517 1.390000 -0.193220
v 0.378975 1.390000 -0.135347
v 0.382350 1.436192 -0.005000
v 0.371542 1.436192 0.122790
v 0.338739 1.436192 0.179528
v 0.282219 1.436192 0.216483
v 0.195444 1.436192 0.237931
v 0.000000 1.436192 0.244998
v -0.195444 1.436192 0.237931
v -0.282219 1.436192 0.216483
v -0.338739 1.436192 0.179528
v -0.371542 1.436192 0.122790
v -0.382350 1.436192 -0.005000
v -0.371542 1.436192 -0.132790
v -0.338739 1.436192 -0.189528
v -0.282219 1.436192 -0.226483
v -0.195444 1.436192 -0.247931
v -0.000000 1.436192 -0.254998
v 0.195444 1.436192 -0.247931
v 0.282219 1.436192 -0.226483
v 0.338739 1.436192 -0.189528
v 0.371542 1.436192 -0.132790
v 0.359226 1.457295 -0.005000
v 0.349071 1.457295 0.115062
v 0.318253 1.457295 0.168368
v 0.265151 1.457295 0.203088
v 0.183624 1.457295 0.223239
v 0.000000 1.457295 0.229879
v -0.183624 1.457295 0.223239
v -0.265151 1.457295 0.203088
v -0.318253 1.457295 0.168368
v -0.349071 1.457295 0.115062
v -0.359226 1.457295 -0.005000
v -0.349071 1.457295 -0.125062
v -0.318253 1.457295 -0.178368
v -0.265151 1.457295 -0.213088
v -0.183624 1.457295 -0.233239
v -0.000000 1.457295 -0.239879
v 0.183624 1.457295 -0.233239
v 0.265151 1.457295 -0.213088
v 0.318253 1.457295 -0.178368
v 0.349071 1.457295 -0.125062
v 0.319931 1.472034 -0.005000
v 0.310887 1.472034 0.101928
v 0.283440 1.472034 0.149403
v 0.236146 1.472034 0.180326
v 0.163538 1.472034 0.198272
v 0.000000 1.472034 0.204186
v -0.163538 1.472034 0.198272
v -0.236146 1.472034 0.180326
v -0.283440 1.472034 0.149403
v -0.310887 1.472034 0.101928
v -0.319931 1.472034 -0.005000
v -0.310887 1.472034 -0.111928
v -0.283440 1.472034 -0.159403
v -0.236146 1.472034 -0.190326
v -0.163538 1.472034 -0.208272
v -0.000000 1.472034 -0.214186
v 0.163538 1.472034 -0.208272
v 0.236146 1.472034 -0.190326
v 0.283440 1.472034 -0.159403
v 0.310887 1.472034 -0.111928
v 0.262451 1.482109 -0.005000
v 0.255032 1.482109 0.082717
v 0.232515 1.482109 0.121662
v 0.193719 1.482109 0.147029
v 0.134156 1.482109 0.161751
v 0.000000 1.482109 0.166602
v -0.134156 1.482109 0.161751
v -0.193719 1.482109 0.147029
v -0.232515 1.482109 0.121662
v -0.255032 1.482109 0.082717
v -0.262451 1.482109 -0.005000
v -0.255032 1.482109 -0.092717
v -0.232515 1.482109 -0.131662
v -0.193719 1.482109 -0.157029
v -0.134156 1.482109 -0.171751
v -0.000000 1.482109 -0.176602
v 0.134156 1.482109 -0.171751
v 0.193719 1.482109 -0.157029
v 0.232515 1.482109 -0.131662
v 0.255032 1.482109 -0.092717
v 0.180150 1.488038 -0.005000
v 0.175057 1.488038 0.055210
v 0.159602 1.488038 0.081943
v 0.132972 1.488038 0.099355
v 0.092086 1.488038 0.109461
v 0.000000 1.488038 0.112790
v -0.092086 1.488038 0.109461
v -0.132972 1.488038 0.099355
v -0.159602 1.488038 0.081943
v -0.175057 1.488038 0.055210
v -0.180150 1.488038 -0.005000
v -0.175057 1.488038 -0.065210
v -0.159602 1.488038 -0.091943
v -0.132972 1.488038 -0.109355
v -0.092086 1.488038 -0.119461
v -0.000000 1.488038 -0.122790
v 0.092086 1.488038 -0.119461
v 0.132972 1.488038 -0.109355
v 0.159602 1.488038 -0.091943
v 0.175057 1.488038 -0.065210
v 0.000000 1.490000 -0.005000
v 0.000000 1.490000 -0.005000
v 0.000000 1.490000 -0.005000
v 0.000000 1.490000 -0.005000
v 0.000000 1.490000 -0.005000
v 0.000000 1.490000 -0.005000
v -0.000000 1.490000 -0.005000
v -0.000000 1.490000 -0.005000
v -0.000000 1.490000 -0.005000
v -0.000000 1.490000 -0.005000
v -0.000000 1.490000 -0.005000
v -0.000000 1.490000 -0.005000
v -0.000000 1.490000 -0.005000
v -0.000000 1.490000 -0.005000
v -0.000000 1.490000 -0.005000
v -0.000000 1.490000 -0.005000
v 0.000000 1.490000 -0.005000
v 0.000000 1.490000 -0.005000
v 0.000000 1.490000 -0.005000
v 0.000000 1.490000 -0.005000
f 2217 2218 2238
f 2217 2238 2237
f 2218 2219 2239
f 2218 2239 2238
f 2219 2220 2240
f 2219 2240 2239
f 2220 2221 2241
f 2220 2241 2240
f 2221 2222 2242
f 2221 2242 2241
f 2222 2223 2243
f 2222 2243 2242
f 2223 2224 2244
f 2223 2244 2243
f 2224 2225 2245
f 2224 2245 2244
f 2225 2226 2246
f 2225 2246 2245
f 2226 2227 2247
f 2226 2247 2246
f 2227 2228 2248
f 2227 2248 2247
f 2228 2229 2249
f 2228 2249 2248
f 2229 2230 2250
f 2229 2250 2249
f 2230 2231 2251
f 2230 2251 2250
f 2231 2232 2252
f 2231 2252 2251
f 2232 2233 2253
f 2232 2253 2252
f 2233 2234 2254
f 2233 2254 2253
f 2234 2235 2255
f 2234 2255 2254
f 2235 2236 2256
f 2235 2256 2255
f 2236 2217 2237
f 2236 2237 2256
f 2237 2238 2258
f 2237 2258 2257
f 2238 2239 2259
f 2238 2259 2258
f 2239 2240 2260
f 2239 2260 2259
f 2240 2241 2261
f 2240 2261 2260
f 2241 2242 2262
f 2241 2262 2261
f 2242 2243 2263
f 2242 2263 2262
f 2243 2244 2264
f 2243 2264 2263
f 2244 2245 2265
f 2244 2265 2264
f 2245 2246 2266
f 2245 2266 2265
f 2246 2247 2267
f 2246 2267 2266
f 2247 2248 2268
f 2247 2268 2267
f 2248 2249 2269
f 2248 2269 2268
f 2249 2250 2270
f 2249 2270 2269
f 2250 2251 2271
f 2250 2271 2270
f 2251 2252 2272
f 2251 2272 2271
f 2252 2253 2273
f 2252 2273 2272
f 2253 2254 2274
f 2253 2274 2273
f 2254 2255 2275
f 2254 2275 2274
f 2255 2256 2276
f 2255 2276 2275
f 2256 2237 2257
f 2256 2257 2276
f 2257 2258 2278
f 2257 2278 2277
f 2258 2259 2279
f 2258 2279 2278
f 2259 2260 2280
f 2259 2280 2279
f 2260 2261 2281
f 2260 2281 2280
f 2261 2262 2282
f 2261 2282 2281
f 2262 2263 2283
f 2262 2283 2282
f 2263 2264 2284
f 2263 2284 2283
f 2264 2265 2285
f 2264 2285 2284
f 2265 2266 2286
f 2265 2286 2285
f 2266 2267 2287
f 2266 2287 2286
f 2267 2268 2288
f 2267 2288 2287
f 2268 2269 2289
f 2268 2289 2288
f 2269 2270 2290
f 2269 2290 2289
f 2270 2271 2291
f 2270 2291 2290
f 2271 2272 2292
f 2271 2292 2291
f 2272 2273 2293
f 2272 2293 2292
f 2273 2274 2294
f 2273 2294 2293
f 2274 2275 2295
f 2274 2295 2294
f 2275 2276 2296
f 2275 2296 2295
f 2276 2257 2277
f 2276 2277 2296
f 2277 2278 2298
f 2277 2298 2297
f 2278 2279 2299
f 2278 2299 2298
f 2279 2280 2300
f 2279 2300 2299
f 2280 2281 2301
f 2280 2301 2300
f 2281 2282 2302
f 2281 2302 2301
f 2282 2283 2303
f 2282 2303 2302
f 2283 2284 2304
f 2283 2304 2303
f 2284 2285 2305
f 2284 2305 2304
f 2285 2286 2306
f 2285 2306 2305
f 2286 2287 2307
f 2286 2307 2306
f 2287 2288 2308
f 2287 2308 2307
f 2288 2289 2309
f 2288 2309 2308
f 2289 2290 2310
f 2289 2310 2309
f 2290 2291 2311
f 2290 2311 2310
f 2291 2292 2312
f 2291 2312 2311
f 2292 2293 2313
f 2292 2313 2312
f 2293 2294 2314
f 2293 2314 2313
f 2294 2295 2315
f 2294 2315 2314
f 2295 2296 2316
f 2295 2316 2315
f 2296 2277 2297
f 2296 2297 2316
f 2297 2298 2318
f 2297 2318 2317
f 2298 2299 2319
f 2298 2319 2318
f 2299 2300 2320
f 2299 2320 2319
f 2300 2301 2321
f 2300 2321 2320
f 2301 2302 2322
f 2301 2322 2321
f 2302 2303 2323
f 2302 2323 2322
f 2303 2304 2324
f 2303 2324 2323
f 2304 2305 2325
f 2304 2325 2324
f 2305 2306 2326
f 2305 2326 2325
f 2306 2307 2327
f 2306 2327 2326
f 2307 2308 2328
f 2307 2328 2327
f 2308 2309 2329
f 2308 2329 2328
f 2309 2310 2330
f 2309 2330 2329
f 2310 2311 2331
f 2310 2331 2330
f 2311 2312 2332
f 2311 2332 2331
f 2312 2313 2333
f 2312 2333 2332
f 2313 2314 2334
f 2313 2334 2333
f 2314 2315 2335
f 2314 2335 2334
f 2315 2316 2336
f 2315 2336 2335
f 2316 2297 2317
f 2316 2317 2336
f 2317 2318 2338
f 2317 2338 2337
f 2318 2319 2339
f 2318 2339 2338
f 2319 2320 2340
f 2319 2340 2339
f 2320 2321 2341
f 2320 2341 2340
f 2321 2322 2342
f 2321 2342 2341
f 2322 2323 2343
f 2322 2343 2342
f 2323 2324 2344
f 2323 2344 2343
f 2324 2325 2345
f 2324 2345 2344
f 2325 2326 2346
f 2325 2346 2345
f 2326 2327 2347
f 2326 2347 2346
f 2327 2328 2348
f 2327 2348 2347
f 2328 2329 2349
f 2328 2349 2348
f 2329 2330 2350
f 2329 2350 2349
f 2330 2331 2351
f 2330 2351 2350
f 2331 2332 2352
f 2331 2352 2351
f 2332 2333 2353
f 2332 2353 2352
f 2333 2334 2354
f 2333 2354 2353
f 2334 2335 2355
f 2334 2355 2354
f 2335 2336 2356
f 2335 2356 2355
f 2336 2317 2337
f 2336 2337 2356
f 2337 2338 2358
f 2337 2358 2357
f 2338 2339 2359
f 2338 2359 2358
f 2339 2340 2360
f 2339 2360 2359
f 2340 2341 2361
f 2340 2361 2360
f 2341 2342 2362
f 2341 2362 2361
f 2342 2343 2363
f 2342 2363 2362
f 2343 2344 2364
f 2343 2364 2363
f 2344 2345 2365
f 2344 2365 2364
f 2345 2346 2366
f 2345 2366 2365
f 2346 2347 2367
f 2346 2367 2366
f 2347 2348 2368
f 2347 2368 2367
f 2348 2349 2369
f 2348 2369 2368
f 2349 2350 2370
f 2349 2370 2369
f 2350 2351 2371
f 2350 2371 2370
f 2351 2352 2372
f 2351 2372 2371
f 2352 2353 2373
f 2352 2373 2372
f 2353 2354 2374
f 2353 2374 2373
f 2354 2355 2375
f 2354 2375 2374
f 2355 2356 2376
f 2355 2376 2375
f 2356 2337 2357
f 2356 2357 2376
f 2357 2358 2378
f 2357 2378 2377
f 2358 2359 2379
f 2358 2379 2378
f 2359 2360 2380
f 2359 2380 2379
f 2360 2361 2381
f 2360 2381 2380
f 2361 2362 2382
f 2361 2382 2381
f 2362 2363 2383
f 2362 2383 2382
f 2363 2364 2384
f 2363 2384 2383
f 2364 2365 2385
f 2364 2385 2384
f 2365 2366 2386
f 2365 2386 2385
f 2366 2367 2387
f 2366 2387 2386
f 2367 2368 2388
f 2367 2388 2387
f 2368 2369 2389
f 2368 2389 2388
f 2369 2370 2390
f 2369 2390 2389
f 2370 2371 2391
f 2370 2391 2390
f 2371 2372 2392
f 2371 2392 2391
f 2372 2373 2393
f 2372 2393 2392
f 2373 2374 2394
f 2373 2394 2393
f 2374 2375 2395
f 2374 2395 2394
f 2375 2376 2396
f 2375 2396 2395
f 2376 2357 2377
f 2376 2377 2396
f 2377 2378 2398
f 2377 2398 2397
f 2378 2379 2399
f 2378 2399 2398
f 2379 2380 2400
f 2379 2400 2399
f 2380 2381 2401
f 2380 2401 2400
f 2381 2382 2402
f 2381 2402 2401
f 2382 2383 2403
f 2382 2403 2402
f 2383 2384 2404
f 2383 2404 2403
f 2384 2385 2405
f 2384 2405 2404
f 2385 2386 2406
f 2385 2406 2405
f 2386 2387 2407
f 2386 2407 2406
f 2387 2388 2408
f 2387 2408 2407
f 2388 2389 2409
f 2388 2409 2408
f 2389 2390 2410
f 2389 2410 2409
f 2390 2391 2411
f 2390 2411 2410
f 2391 2392 2412
f 2391 2412 2411
f 2392 2393 2413
f 2392 2413 2412
f 2393 2394 2414
f 2393 2414 2413
f 2394 2395 2415
f 2394 2415 2414
f 2395 2396 2416
f 2395 2416 2415
f 2396 2377 2397
f 2396 2397 2416
f 2397 2398 2418
f 2397 2418 2417
f 2398 2399 2419
f 2398 2419 2418
f 2399 2400 2420
f 2399 2420 2419
f 2400 2401 2421
f 2400 2421 2420
f 2401 2402 2422
f 2401 2422 2421
f 2402 2403 2423
f 2402 2423 2422
f 2403 2404 2424
f 2403 2424 2423
f 2404 2405 2425
f 2404 2425 2424
f 2405 2406 2426
f 2405 2426 2425
f 2406 2407 2427
f 2406 2427 2426
f 2407 2408 2428
f 2407 2428 2427
f 2408 2409 2429
f 2408 2429 2428
f 2409 2410 2430
f 2409 2430 2429
f 2410 2411 2431
f 2410 2431 2430
f 2411 2412 2432
f 2411 2432 2431
f 2412 2413 2433
f 2412 2433 2432
f 2413 2414 2434
f 2413 2434 2433
f 2414 2415 2435
f 2414 2435 2434
f 2415 2416 2436
f 2415 2436 2435
f 2416 2397 2417
f 2416 2417 2436
f 2417 2418 2438
f 2417 2438 2437
f 2418 2419 2439
f 2418 2439 2438
f 2419 2420 2440
f 2419 2440 2439
f 2420 2421 2441
f 2420 2441 2440
f 2421 2422 2442
f 2421 2442 2441
f 2422 2423 2443
f 2422 2443 2442
f 2423 2424 2444
f 2423 2444 2443
f 2424 2425 2445
f 2424 2445 2444
f 2425 2426 2446
f 2425 2446 2445
f 2426 2427 2447
f 2426 2447 2446
f 2427 2428 2448
f 2427 2448 2447
f 2428 2429 2449
f 2428 2449 2448
f 2429 2430 2450
f 2429 2450 2449
f 2430 2431 2451
f 2430 2451 2450
f 2431 2432 2452
f 2431 2452 2451
f 2432 2433 2453
f 2432 2453 2452
f 2433 2434 2454
f 2433 2454 2453
f 2434 2435 2455
f 2434 2455 2454
f 2435 2436 2456
f 2435 2456 2455
f 2436 2417 2437
f 2436 2437 2456
f 2437 2438 2458
f 2437 2458 2457
f 2438 2439 2459
f 2438 2459 2458
f 2439 2440 2460
f 2439 2460 2459
f 2440 2441 2461
f 2440 2461 2460
f 2441 2442 2462
f 2441 2462 2461
f 2442 2443 2463
f 2442 2463 2462
f 2443 2444 2464
f 2443 2464 2463
f 2444 2445 2465
f 2444 2465 2464
f 2445 2446 2466
f 2445 2466 2465
f 2446 2447 2467
f 2446 2467 2466
f 2447 2448 2468
f 2447 2468 2467
f 2448 2449 2469
f 2448 2469 2468
f 2449 2450 2470
f 2449 2470 2469
f 2450 2451 2471
f 2450 2471 2470
f 2451 2452 2472
f 2451 2472 2471
f 2452 2453 2473
f 2452 2473 2472
f 2453 2454 2474
f 2453 2474 2473
f 2454 2455 2475
f 2454 2475 2474
f 2455 2456 2476
f 2455 2476 2475
f 2456 2437 2457
f 2456 2457 2476
o Collar_Cyan
g Collar_Cyan
usemtl Lux_Cyan
v -0.200000 2.030000 0.160000
v 0.200000 2.030000 0.160000
v -0.200000 2.030000 0.195000
v -0.200000 2.012500 0.190311
v -0.200000 1.999689 0.177500
v -0.200000 1.995000 0.160000
v -0.200000 1.999689 0.142500
v -0.200000 2.012500 0.129689
v -0.200000 2.030000 0.125000
v -0.200000 2.047500 0.129689
v -0.200000 2.060311 0.142500
v -0.200000 2.065000 0.160000
v -0.200000 2.060311 0.177500
v -0.200000 2.047500 0.190311
v 0.200000 2.030000 0.195000
v 0.200000 2.012500 0.190311
v 0.200000 1.999689 0.177500
v 0.200000 1.995000 0.160000
v 0.200000 1.999689 0.142500
v 0.200000 2.012500 0.129689
v 0.200000 2.030000 0.125000
v 0.200000 2.047500 0.129689
v 0.200000 2.060311 0.142500
v 0.200000 2.065000 0.160000
v 0.200000 2.060311 0.177500
v 0.200000 2.047500 0.190311
f 2479 2480 2492
f 2479 2492 2491
f 2477 2480 2479
f 2478 2491 2492
f 2480 2481 2493
f 2480 2493 2492
f 2477 2481 2480
f 2478 2492 2493
f 2481 2482 2494
f 2481 2494 2493
f 2477 2482 2481
f 2478 2493 2494
f 2482 2483 2495
f 2482 2495 2494
f 2477 2483 2482
f 2478 2494 2495
f 2483 2484 2496
f 2483 2496 2495
f 2477 2484 2483
f 2478 2495 2496
f 2484 2485 2497
f 2484 2497 2496
f 2477 2485 2484
f 2478 2496 2497
f 2485 2486 2498
f 2485 2498 2497
f 2477 2486 2485
f 2478 2497 2498
f 2486 2487 2499
f 2486 2499 2498
f 2477 2487 2486
f 2478 2498 2499
f 2487 2488 2500
f 2487 2500 2499
f 2477 2488 2487
f 2478 2499 2500
f 2488 2489 2501
f 2488 2501 2500
f 2477 2489 2488
f 2478 2500 2501
f 2489 2490 2502
f 2489 2502 2501
f 2477 2490 2489
f 2478 2501 2502
f 2490 2479 2491
f 2490 2491 2502
f 2477 2479 2490
f 2478 2502 2491
o Chest_Accent
g Chest_Accent
usemtl Hot_Pink
v -0.260000 1.900000 0.235000
v 0.000000 1.720000 0.255000
v -0.261381 1.900000 0.252947
v -0.268185 1.889525 0.247136
v -0.270195 1.885186 0.234216
v -0.266233 1.889525 0.221755
v -0.258619 1.900000 0.217053
v -0.251815 1.910475 0.222864
v -0.249805 1.914814 0.235784
v -0.253767 1.910475 0.248245
v -0.001381 1.720000 0.272947
v -0.008185 1.709525 0.267136
v -0.010195 1.705186 0.254216
v -0.006233 1.709525 0.241755
v 0.001381 1.720000 0.237053
v 0.008185 1.730475 0.242864
v 0.010195 1.734814 0.255784
v 0.006233 1.730475 0.268245
f 2505 2506 2514
f 2505 2514 2513
f 2503 2506 2505
f 2504 2513 2514
f 2506 2507 2515
f 2506 2515 2514
f 2503 2507 2506
f 2504 2514 2515
f 2507 2508 2516
f 2507 2516 2515
f 2503 2508 2507
f 2504 2515 2516
f 2508 2509 2517
f 2508 2517 2516
f 2503 2509 2508
f 2504 2516 2517
f 2509 2510 2518
f 2509 2518 2517
f 2503 2510 2509
f 2504 2517 2518
f 2510 2511 2519
f 2510 2519 2518
f 2503 2511 2510
f 2504 2518 2519
f 2511 2512 2520
f 2511 2520 2519
f 2503 2512 2511
f 2504 2519 2520
f 2512 2505 2513
f 2512 2513 2520
f 2503 2505 2512
f 2504 2520 2513
o Chest_Accent_R
g Chest_Accent_R
usemtl Hot_Pink
v 0.000000 1.720000 0.255000
v 0.260000 1.900000 0.235000
v 0.001381 1.720000 0.272947
v 0.008185 1.709525 0.267136
v 0.010195 1.705186 0.254216
v 0.006233 1.709525 0.241755
v -0.001381 1.720000 0.237053
v -0.008185 1.730475 0.242864
v -0.010195 1.734814 0.255784
v -0.006233 1.730475 0.268245
v 0.261381 1.900000 0.252947
v 0.268185 1.889525 0.247136
v 0.270195 1.885186 0.234216
v 0.266233 1.889525 0.221755
v 0.258619 1.900000 0.217053
v 0.251815 1.910475 0.222864
v 0.249805 1.914814 0.235784
v 0.253767 1.910475 0.248245
f 2523 2524 2532
f 2523 2532 2531
f 2521 2524 2523
f 2522 2531 2532
f 2524 2525 2533
f 2524 2533 2532
f 2521 2525 2524
f 2522 2532 2533
f 2525 2526 2534
f 2525 2534 2533
f 2521 2526 2525
f 2522 2533 2534
f 2526 2527 2535
f 2526 2535 2534
f 2521 2527 2526
f 2522 2534 2535
f 2527 2528 2536
f 2527 2536 2535
f 2521 2528 2527
f 2522 2535 2536
f 2528 2529 2537
f 2528 2537 2536
f 2521 2529 2528
f 2522 2536 2537
f 2529 2530 2538
f 2529 2538 2537
f 2521 2530 2529
f 2522 2537 2538
f 2530 2523 2531
f 2530 2531 2538
f 2521 2523 2530
f 2522 2538 2531
o L_Shoulder
g L_Shoulder
usemtl Lux_Cyan
v -0.450000 1.730000 0.000000
v -0.450000 1.730000 0.000000
v -0.450000 1.730000 0.000000
v -0.450000 1.730000 0.000000
v -0.450000 1.730000 0.000000
v -0.450000 1.730000 0.000000
v -0.450000 1.730000 0.000000
v -0.450000 1.730000 0.000000
v -0.450000 1.730000 0.000000
v -0.450000 1.730000 0.000000
v -0.450000 1.730000 0.000000
v -0.450000 1.730000 -0.000000
v -0.450000 1.730000 -0.000000
v -0.450000 1.730000 -0.000000
v -0.450000 1.730000 -0.000000
v -0.450000 1.730000 -0.000000
v -0.450000 1.730000 -0.000000
v -0.450000 1.730000 -0.000000
v -0.450000 1.730000 -0.000000
v -0.450000 1.730000 -0.000000
v -0.403413 1.736474 0.000000
v -0.405693 1.736474 0.014396
v -0.412310 1.736474 0.027383
v -0.422617 1.736474 0.037690
v -0.435604 1.736474 0.044307
v -0.450000 1.736474 0.046587
v -0.464396 1.736474 0.044307
v -0.477383 1.736474 0.037690
v -0.487690 1.736474 0.027383
v -0.494307 1.736474 0.014396
v -0.496587 1.736474 0.000000
v -0.494307 1.736474 -0.014396
v -0.487690 1.736474 -0.027383
v -0.477383 1.736474 -0.037690
v -0.464396 1.736474 -0.044307
v -0.450000 1.736474 -0.046587
v -0.435604 1.736474 -0.044307
v -0.422617 1.736474 -0.037690
v -0.412310 1.736474 -0.027383
v -0.405693 1.736474 -0.014396
v -0.360000 1.755455 0.000000
v -0.364405 1.755455 0.027812
v -0.377188 1.755455 0.052901
v -0.397099 1.755455 0.072812
v -0.422188 1.755455 0.085595
v -0.450000 1.755455 0.090000
v -0.477812 1.755455 0.085595
v -0.502901 1.755455 0.072812
v -0.522812 1.755455 0.052901
v -0.535595 1.755455 0.027812
v -0.540000 1.755455 0.000000
v -0.535595 1.755455 -0.027812
v -0.522812 1.755455 -0.052901
v -0.502901 1.755455 -0.072812
v -0.477812 1.755455 -0.085595
v -0.450000 1.755455 -0.090000
v -0.422188 1.755455 -0.085595
v -0.397099 1.755455 -0.072812
v -0.377188 1.755455 -0.052901
v -0.364405 1.755455 -0.027812
v -0.322721 1.785650 0.000000
v -0.328950 1.785650 0.039331
v -0.347029 1.785650 0.074813
v -0.375187 1.785650 0.102971
v -0.410669 1.785650 0.121050
v -0.450000 1.785650 0.127279
v -0.489331 1.785650 0.121050
v -0.524813 1.785650 0.102971
v -0.552971 1.785650 0.074813
v -0.571050 1.785650 0.039331
v -0.577279 1.785650 0.000000
v -0.571050 1.785650 -0.039331
v -0.552971 1.785650 -0.074813
v -0.524813 1.785650 -0.102971
v -0.489331 1.785650 -0.121050
v -0.450000 1.785650 -0.127279
v -0.410669 1.785650 -0.121050
v -0.375187 1.785650 -0.102971
v -0.347029 1.785650 -0.074813
v -0.328950 1.785650 -0.039331
v -0.294115 1.825000 0.000000
v -0.301745 1.825000 0.048171
v -0.323887 1.825000 0.091627
v -0.358373 1.825000 0.126113
v -0.401829 1.825000 0.148255
v -0.450000 1.825000 0.155885
v -0.498171 1.825000 0.148255
v -0.541627 1.825000 0.126113
v -0.576113 1.825000 0.091627
v -0.598255 1.825000 0.048171
v -0.605885 1.825000 0.000000
v -0.598255 1.825000 -0.048171
v -0.576113 1.825000 -0.091627
v -0.541627 1.825000 -0.126113
v -0.498171 1.825000 -0.148255
v -0.450000 1.825000 -0.155885
v -0.401829 1.825000 -0.148255
v -0.358373 1.825000 -0.126113
v -0.323887 1.825000 -0.091627
v -0.301745 1.825000 -0.048171
v -0.276133 1.870824 0.000000
v -0.284643 1.870824 0.053728
v -0.309339 1.870824 0.102196
v -0.347804 1.870824 0.140661
v -0.396272 1.870824 0.165357
v -0.450000 1.870824 0.173867
v -0.503728 1.870824 0.165357
v -0.552196 1.870824 0.140661
v -0.590661 1.870824 0.102196
v -0.615357 1.870824 0.053728
v -0.623867 1.870824 0.000000
v -0.615357 1.870824 -0.053728
v -0.590661 1.870824 -0.102196
v -0.552196 1.870824 -0.140661
v -0.503728 1.870824 -0.165357
v -0.450000 1.870824 -0.173867
v -0.396272 1.870824 -0.165357
v -0.347804 1.870824 -0.140661
v -0.309339 1.870824 -0.102196
v -0.284643 1.870824 -0.053728
v -0.270000 1.920000 0.000000
v -0.278810 1.920000 0.055623
v -0.304377 1.920000 0.105801
v -0.344199 1.920000 0.145623
v -0.394377 1.920000 0.171190
v -0.450000 1.920000 0.180000
v -0.505623 1.920000 0.171190
v -0.555801 1.920000 0.145623
v -0.595623 1.920000 0.105801
v -0.621190 1.920000 0.055623
v -0.630000 1.920000 0.000000
v -0.621190 1.920000 -0.055623
v -0.595623 1.920000 -0.105801
v -0.555801 1.920000 -0.145623
v -0.505623 1.920000 -0.171190
v -0.450000 1.920000 -0.180000
v -0.394377 1.920000 -0.171190
v -0.344199 1.920000 -0.145623
v -0.304377 1.920000 -0.105801
v -0.278810 1.920000 -0.055623
v -0.276133 1.969176 0.000000
v -0.284643 1.969176 0.053728
v -0.309339 1.969176 0.102196
v -0.347804 1.969176 0.140661
v -0.396272 1.969176 0.165357
v -0.450000 1.969176 0.173867
v -0.503728 1.969176 0.165357
v -0.552196 1.969176 0.140661
v -0.590661 1.969176 0.102196
v -0.615357 1.969176 0.053728
v -0.623867 1.969176 0.000000
v -0.615357 1.969176 -0.053728
v -0.590661 1.969176 -0.102196
v -0.552196 1.969176 -0.140661
v -0.503728 1.969176 -0.165357
v -0.450000 1.969176 -0.173867
v -0.396272 1.969176 -0.165357
v -0.347804 1.969176 -0.140661
v -0.309339 1.969176 -0.102196
v -0.284643 1.969176 -0.053728
v -0.294115 2.015000 0.000000
v -0.301745 2.015000 0.048171
v -0.323887 2.015000 0.091627
v -0.358373 2.015000 0.126113
v -0.401829 2.015000 0.148255
v -0.450000 2.015000 0.155885
v -0.498171 2.015000 0.148255
v -0.541627 2.015000 0.126113
v -0.576113 2.015000 0.091627
v -0.598255 2.015000 0.048171
v -0.605885 2.015000 0.000000
v -0.598255 2.015000 -0.048171
v -0.576113 2.015000 -0.091627
v -0.541627 2.015000 -0.126113
v -0.498171 2.015000 -0.148255
v -0.450000 2.015000 -0.155885
v -0.401829 2.015000 -0.148255
v -0.358373 2.015000 -0.126113
v -0.323887 2.015000 -0.091627
v -0.301745 2.015000 -0.048171
v -0.322721 2.054350 0.000000
v -0.328950 2.054350 0.039331
v -0.347029 2.054350 0.074813
v -0.375187 2.054350 0.102971
v -0.410669 2.054350 0.121050
v -0.450000 2.054350 0.127279
v -0.489331 2.054350 0.121050
v -0.524813 2.054350 0.102971
v -0.552971 2.054350 0.074813
v -0.571050 2.054350 0.039331
v -0.577279 2.054350 0.000000
v -0.571050 2.054350 -0.039331
v -0.552971 2.054350 -0.074813
v -0.524813 2.054350 -0.102971
v -0.489331 2.054350 -0.121050
v -0.450000 2.054350 -0.127279
v -0.410669 2.054350 -0.121050
v -0.375187 2.054350 -0.102971
v -0.347029 2.054350 -0.074813
v -0.328950 2.054350 -0.039331
v -0.360000 2.084545 0.000000
v -0.364405 2.084545 0.027812
v -0.377188 2.084545 0.052901
v -0.397099 2.084545 0.072812
v -0.422188 2.084545 0.085595
v -0.450000 2.084545 0.090000
v -0.477812 2.084545 0.085595
v -0.502901 2.084545 0.072812
v -0.522812 2.084545 0.052901
v -0.535595 2.084545 0.027812
v -0.540000 2.084545 0.000000
v -0.535595 2.084545 -0.027812
v -0.522812 2.084545 -0.052901
v -0.502901 2.084545 -0.072812
v -0.477812 2.084545 -0.085595
v -0.450000 2.084545 -0.090000
v -0.422188 2.084545 -0.085595
v -0.397099 2.084545 -0.072812
v -0.377188 2.084545 -0.052901
v -0.364405 2.084545 -0.027812
v -0.403413 2.103526 0.000000
v -0.405693 2.103526 0.014396
v -0.412310 2.103526 0.027383
v -0.422617 2.103526 0.037690
v -0.435604 2.103526 0.044307
v -0.450000 2.103526 0.046587
v -0.464396 2.103526 0.044307
v -0.477383 2.103526 0.037690
v -0.487690 2.103526 0.027383
v -0.494307 2.103526 0.014396
v -0.496587 2.103526 0.000000
v -0.494307 2.103526 -0.014396
v -0.487690 2.103526 -0.027383
v -0.477383 2.103526 -0.037690
v -0.464396 2.103526 -0.044307
v -0.450000 2.103526 -0.046587
v -0.435604 2.103526 -0.044307
v -0.422617 2.103526 -0.037690
v -0.412310 2.103526 -0.027383
v -0.405693 2.103526 -0.014396
v -0.450000 2.110000 0.000000
v -0.450000 2.110000 0.000000
v -0.450000 2.110000 0.000000
v -0.450000 2.110000 0.000000
v -0.450000 2.110000 0.000000
v -0.450000 2.110000 0.000000
v -0.450000 2.110000 0.000000
v -0.450000 2.110000 0.000000
v -0.450000 2.110000 0.000000
v -0.450000 2.110000 0.000000
v -0.450000 2.110000 0.000000
v -0.450000 2.110000 -0.000000
v -0.450000 2.110000 -0.000000
v -0.450000 2.110000 -0.000000
v -0.450000 2.110000 -0.000000
v -0.450000 2.110000 -0.000000
v -0.450000 2.110000 -0.000000
v -0.450000 2.110000 -0.000000
v -0.450000 2.110000 -0.000000
v -0.450000 2.110000 -0.000000
f 2539 2540 2560
f 2539 2560 2559
f 2540 2541 2561
f 2540 2561 2560
f 2541 2542 2562
f 2541 2562 2561
f 2542 2543 2563
f 2542 2563 2562
f 2543 2544 2564
f 2543 2564 2563
f 2544 2545 2565
f 2544 2565 2564
f 2545 2546 2566
f 2545 2566 2565
f 2546 2547 2567
f 2546 2567 2566
f 2547 2548 2568
f 2547 2568 2567
f 2548 2549 2569
f 2548 2569 2568
f 2549 2550 2570
f 2549 2570 2569
f 2550 2551 2571
f 2550 2571 2570
f 2551 2552 2572
f 2551 2572 2571
f 2552 2553 2573
f 2552 2573 2572
f 2553 2554 2574
f 2553 2574 2573
f 2554 2555 2575
f 2554 2575 2574
f 2555 2556 2576
f 2555 2576 2575
f 2556 2557 2577
f 2556 2577 2576
f 2557 2558 2578
f 2557 2578 2577
f 2558 2539 2559
f 2558 2559 2578
f 2559 2560 2580
f 2559 2580 2579
f 2560 2561 2581
f 2560 2581 2580
f 2561 2562 2582
f 2561 2582 2581
f 2562 2563 2583
f 2562 2583 2582
f 2563 2564 2584
f 2563 2584 2583
f 2564 2565 2585
f 2564 2585 2584
f 2565 2566 2586
f 2565 2586 2585
f 2566 2567 2587
f 2566 2587 2586
f 2567 2568 2588
f 2567 2588 2587
f 2568 2569 2589
f 2568 2589 2588
f 2569 2570 2590
f 2569 2590 2589
f 2570 2571 2591
f 2570 2591 2590
f 2571 2572 2592
f 2571 2592 2591
f 2572 2573 2593
f 2572 2593 2592
f 2573 2574 2594
f 2573 2594 2593
f 2574 2575 2595
f 2574 2595 2594
f 2575 2576 2596
f 2575 2596 2595
f 2576 2577 2597
f 2576 2597 2596
f 2577 2578 2598
f 2577 2598 2597
f 2578 2559 2579
f 2578 2579 2598
f 2579 2580 2600
f 2579 2600 2599
f 2580 2581 2601
f 2580 2601 2600
f 2581 2582 2602
f 2581 2602 2601
f 2582 2583 2603
f 2582 2603 2602
f 2583 2584 2604
f 2583 2604 2603
f 2584 2585 2605
f 2584 2605 2604
f 2585 2586 2606
f 2585 2606 2605
f 2586 2587 2607
f 2586 2607 2606
f 2587 2588 2608
f 2587 2608 2607
f 2588 2589 2609
f 2588 2609 2608
f 2589 2590 2610
f 2589 2610 2609
f 2590 2591 2611
f 2590 2611 2610
f 2591 2592 2612
f 2591 2612 2611
f 2592 2593 2613
f 2592 2613 2612
f 2593 2594 2614
f 2593 2614 2613
f 2594 2595 2615
f 2594 2615 2614
f 2595 2596 2616
f 2595 2616 2615
f 2596 2597 2617
f 2596 2617 2616
f 2597 2598 2618
f 2597 2618 2617
f 2598 2579 2599
f 2598 2599 2618
f 2599 2600 2620
f 2599 2620 2619
f 2600 2601 2621
f 2600 2621 2620
f 2601 2602 2622
f 2601 2622 2621
f 2602 2603 2623
f 2602 2623 2622
f 2603 2604 2624
f 2603 2624 2623
f 2604 2605 2625
f 2604 2625 2624
f 2605 2606 2626
f 2605 2626 2625
f 2606 2607 2627
f 2606 2627 2626
f 2607 2608 2628
f 2607 2628 2627
f 2608 2609 2629
f 2608 2629 2628
f 2609 2610 2630
f 2609 2630 2629
f 2610 2611 2631
f 2610 2631 2630
f 2611 2612 2632
f 2611 2632 2631
f 2612 2613 2633
f 2612 2633 2632
f 2613 2614 2634
f 2613 2634 2633
f 2614 2615 2635
f 2614 2635 2634
f 2615 2616 2636
f 2615 2636 2635
f 2616 2617 2637
f 2616 2637 2636
f 2617 2618 2638
f 2617 2638 2637
f 2618 2599 2619
f 2618 2619 2638
f 2619 2620 2640
f 2619 2640 2639
f 2620 2621 2641
f 2620 2641 2640
f 2621 2622 2642
f 2621 2642 2641
f 2622 2623 2643
f 2622 2643 2642
f 2623 2624 2644
f 2623 2644 2643
f 2624 2625 2645
f 2624 2645 2644
f 2625 2626 2646
f 2625 2646 2645
f 2626 2627 2647
f 2626 2647 2646
f 2627 2628 2648
f 2627 2648 2647
f 2628 2629 2649
f 2628 2649 2648
f 2629 2630 2650
f 2629 2650 2649
f 2630 2631 2651
f 2630 2651 2650
f 2631 2632 2652
f 2631 2652 2651
f 2632 2633 2653
f 2632 2653 2652
f 2633 2634 2654
f 2633 2654 2653
f 2634 2635 2655
f 2634 2655 2654
f 2635 2636 2656
f 2635 2656 2655
f 2636 2637 2657
f 2636 2657 2656
f 2637 2638 2658
f 2637 2658 2657
f 2638 2619 2639
f 2638 2639 2658
f 2639 2640 2660
f 2639 2660 2659
f 2640 2641 2661
f 2640 2661 2660
f 2641 2642 2662
f 2641 2662 2661
f 2642 2643 2663
f 2642 2663 2662
f 2643 2644 2664
f 2643 2664 2663
f 2644 2645 2665
f 2644 2665 2664
f 2645 2646 2666
f 2645 2666 2665
f 2646 2647 2667
f 2646 2667 2666
f 2647 2648 2668
f 2647 2668 2667
f 2648 2649 2669
f 2648 2669 2668
f 2649 2650 2670
f 2649 2670 2669
f 2650 2651 2671
f 2650 2671 2670
f 2651 2652 2672
f 2651 2672 2671
f 2652 2653 2673
f 2652 2673 2672
f 2653 2654 2674
f 2653 2674 2673
f 2654 2655 2675
f 2654 2675 2674
f 2655 2656 2676
f 2655 2676 2675
f 2656 2657 2677
f 2656 2677 2676
f 2657 2658 2678
f 2657 2678 2677
f 2658 2639 2659
f 2658 2659 2678
f 2659 2660 2680
f 2659 2680 2679
f 2660 2661 2681
f 2660 2681 2680
f 2661 2662 2682
f 2661 2682 2681
f 2662 2663 2683
f 2662 2683 2682
f 2663 2664 2684
f 2663 2684 2683
f 2664 2665 2685
f 2664 2685 2684
f 2665 2666 2686
f 2665 2686 2685
f 2666 2667 2687
f 2666 2687 2686
f 2667 2668 2688
f 2667 2688 2687
f 2668 2669 2689
f 2668 2689 2688
f 2669 2670 2690
f 2669 2690 2689
f 2670 2671 2691
f 2670 2691 2690
f 2671 2672 2692
f 2671 2692 2691
f 2672 2673 2693
f 2672 2693 2692
f 2673 2674 2694
f 2673 2694 2693
f 2674 2675 2695
f 2674 2695 2694
f 2675 2676 2696
f 2675 2696 2695
f 2676 2677 2697
f 2676 2697 2696
f 2677 2678 2698
f 2677 2698 2697
f 2678 2659 2679
f 2678 2679 2698
f 2679 2680 2700
f 2679 2700 2699
f 2680 2681 2701
f 2680 2701 2700
f 2681 2682 2702
f 2681 2702 2701
f 2682 2683 2703
f 2682 2703 2702
f 2683 2684 2704
f 2683 2704 2703
f 2684 2685 2705
f 2684 2705 2704
f 2685 2686 2706
f 2685 2706 2705
f 2686 2687 2707
f 2686 2707 2706
f 2687 2688 2708
f 2687 2708 2707
f 2688 2689 2709
f 2688 2709 2708
f 2689 2690 2710
f 2689 2710 2709
f 2690 2691 2711
f 2690 2711 2710
f 2691 2692 2712
f 2691 2712 2711
f 2692 2693 2713
f 2692 2713 2712
f 2693 2694 2714
f 2693 2714 2713
f 2694 2695 2715
f 2694 2715 2714
f 2695 2696 2716
f 2695 2716 2715
f 2696 2697 2717
f 2696 2717 2716
f 2697 2698 2718
f 2697 2718 2717
f 2698 2679 2699
f 2698 2699 2718
f 2699 2700 2720
f 2699 2720 2719
f 2700 2701 2721
f 2700 2721 2720
f 2701 2702 2722
f 2701 2722 2721
f 2702 2703 2723
f 2702 2723 2722
f 2703 2704 2724
f 2703 2724 2723
f 2704 2705 2725
f 2704 2725 2724
f 2705 2706 2726
f 2705 2726 2725
f 2706 2707 2727
f 2706 2727 2726
f 2707 2708 2728
f 2707 2728 2727
f 2708 2709 2729
f 2708 2729 2728
f 2709 2710 2730
f 2709 2730 2729
f 2710 2711 2731
f 2710 2731 2730
f 2711 2712 2732
f 2711 2732 2731
f 2712 2713 2733
f 2712 2733 2732
f 2713 2714 2734
f 2713 2734 2733
f 2714 2715 2735
f 2714 2735 2734
f 2715 2716 2736
f 2715 2736 2735
f 2716 2717 2737
f 2716 2737 2736
f 2717 2718 2738
f 2717 2738 2737
f 2718 2699 2719
f 2718 2719 2738
f 2719 2720 2740
f 2719 2740 2739
f 2720 2721 2741
f 2720 2741 2740
f 2721 2722 2742
f 2721 2742 2741
f 2722 2723 2743
f 2722 2743 2742
f 2723 2724 2744
f 2723 2744 2743
f 2724 2725 2745
f 2724 2745 2744
f 2725 2726 2746
f 2725 2746 2745
f 2726 2727 2747
f 2726 2747 2746
f 2727 2728 2748
f 2727 2748 2747
f 2728 2729 2749
f 2728 2749 2748
f 2729 2730 2750
f 2729 2750 2749
f 2730 2731 2751
f 2730 2751 2750
f 2731 2732 2752
f 2731 2752 2751
f 2732 2733 2753
f 2732 2753 2752
f 2733 2734 2754
f 2733 2754 2753
f 2734 2735 2755
f 2734 2755 2754
f 2735 2736 2756
f 2735 2756 2755
f 2736 2737 2757
f 2736 2757 2756
f 2737 2738 2758
f 2737 2758 2757
f 2738 2719 2739
f 2738 2739 2758
f 2739 2740 2760
f 2739 2760 2759
f 2740 2741 2761
f 2740 2761 2760
f 2741 2742 2762
f 2741 2762 2761
f 2742 2743 2763
f 2742 2763 2762
f 2743 2744 2764
f 2743 2764 2763
f 2744 2745 2765
f 2744 2765 2764
f 2745 2746 2766
f 2745 2766 2765
f 2746 2747 2767
f 2746 2767 2766
f 2747 2748 2768
f 2747 2768 2767
f 2748 2749 2769
f 2748 2769 2768
f 2749 2750 2770
f 2749 2770 2769
f 2750 2751 2771
f 2750 2771 2770
f 2751 2752 2772
f 2751 2772 2771
f 2752 2753 2773
f 2752 2773 2772
f 2753 2754 2774
f 2753 2774 2773
f 2754 2755 2775
f 2754 2775 2774
f 2755 2756 2776
f 2755 2776 2775
f 2756 2757 2777
f 2756 2777 2776
f 2757 2758 2778
f 2757 2778 2777
f 2758 2739 2759
f 2758 2759 2778
f 2759 2760 2780
f 2759 2780 2779
f 2760 2761 2781
f 2760 2781 2780
f 2761 2762 2782
f 2761 2782 2781
f 2762 2763 2783
f 2762 2783 2782
f 2763 2764 2784
f 2763 2784 2783
f 2764 2765 2785
f 2764 2785 2784
f 2765 2766 2786
f 2765 2786 2785
f 2766 2767 2787
f 2766 2787 2786
f 2767 2768 2788
f 2767 2788 2787
f 2768 2769 2789
f 2768 2789 2788
f 2769 2770 2790
f 2769 2790 2789
f 2770 2771 2791
f 2770 2791 2790
f 2771 2772 2792
f 2771 2792 2791
f 2772 2773 2793
f 2772 2793 2792
f 2773 2774 2794
f 2773 2794 2793
f 2774 2775 2795
f 2774 2795 2794
f 2775 2776 2796
f 2775 2796 2795
f 2776 2777 2797
f 2776 2797 2796
f 2777 2778 2798
f 2777 2798 2797
f 2778 2759 2779
f 2778 2779 2798
o L_Upper_Arm
g L_Upper_Arm
usemtl Lux_Cyan
v -0.450000 1.920000 0.000000
v -0.680000 1.480000 0.000000
v -0.450000 1.920000 -0.145000
v -0.400824 1.894294 -0.133963
v -0.359135 1.872502 -0.102530
v -0.331279 1.857941 -0.055489
v -0.321497 1.852828 -0.000000
v -0.331279 1.857941 0.055489
v -0.359135 1.872502 0.102530
v -0.400824 1.894294 0.133963
v -0.450000 1.920000 0.145000
v -0.499176 1.945706 0.133963
v -0.540865 1.967498 0.102530
v -0.568721 1.982059 0.055489
v -0.578503 1.987172 0.000000
v -0.568721 1.982059 -0.055489
v -0.540865 1.967498 -0.102530
v -0.499176 1.945706 -0.133963
v -0.680000 1.480000 -0.120000
v -0.639303 1.458726 -0.110866
v -0.604801 1.440692 -0.084853
v -0.581748 1.428641 -0.045922
v -0.573653 1.424409 -0.000000
v -0.581748 1.428641 0.045922
v -0.604801 1.440692 0.084853
v -0.639303 1.458726 0.110866
v -0.680000 1.480000 0.120000
v -0.720697 1.501274 0.110866
v -0.755199 1.519308 0.084853
v -0.778252 1.531359 0.045922
v -0.786347 1.535591 0.000000
v -0.778252 1.531359 -0.045922
v -0.755199 1.519308 -0.084853
v -0.720697 1.501274 -0.110866
f 2801 2802 2818
f 2801 2818 2817
f 2799 2802 2801
f 2800 2817 2818
f 2802 2803 2819
f 2802 2819 2818
f 2799 2803 2802
f 2800 2818 2819
f 2803 2804 2820
f 2803 2820 2819
f 2799 2804 2803
f 2800 2819 2820
f 2804 2805 2821
f 2804 2821 2820
f 2799 2805 2804
f 2800 2820 2821
f 2805 2806 2822
f 2805 2822 2821
f 2799 2806 2805
f 2800 2821 2822
f 2806 2807 2823
f 2806 2823 2822
f 2799 2807 2806
f 2800 2822 2823
f 2807 2808 2824
f 2807 2824 2823
f 2799 2808 2807
f 2800 2823 2824
f 2808 2809 2825
f 2808 2825 2824
f 2799 2809 2808
f 2800 2824 2825
f 2809 2810 2826
f 2809 2826 2825
f 2799 2810 2809
f 2800 2825 2826
f 2810 2811 2827
f 2810 2827 2826
f 2799 2811 2810
f 2800 2826 2827
f 2811 2812 2828
f 2811 2828 2827
f 2799 2812 2811
f 2800 2827 2828
f 2812 2813 2829
f 2812 2829 2828
f 2799 2813 2812
f 2800 2828 2829
f 2813 2814 2830
f 2813 2830 2829
f 2799 2814 2813
f 2800 2829 2830
f 2814 2815 2831
f 2814 2831 2830
f 2799 2815 2814
f 2800 2830 2831
f 2815 2816 2832
f 2815 2832 2831
f 2799 2816 2815
f 2800 2831 2832
f 2816 2801 2817
f 2816 2817 2832
f 2799 2801 2816
f 2800 2832 2817
o L_Forearm
g L_Forearm
usemtl Lux_Cyan
v -0.680000 1.480000 0.000000
v -0.770000 1.080000 0.030000
v -0.680000 1.489349 0.124650
v -0.726675 1.499080 0.114378
v -0.766244 1.505907 0.086694
v -0.792683 1.508790 0.045811
v -0.801968 1.507289 -0.002047
v -0.792683 1.501634 -0.049592
v -0.766244 1.492686 -0.089588
v -0.726675 1.481806 -0.115945
v -0.680000 1.470651 -0.124650
v -0.633325 1.460920 -0.114378
v -0.593756 1.454093 -0.086694
v -0.567317 1.451210 -0.045811
v -0.558032 1.452711 0.002047
v -0.567317 1.458366 0.049592
v -0.593756 1.467314 0.089588
v -0.633325 1.478194 0.115945
v -0.770000 1.087105 0.124734
v -0.805473 1.094501 0.116927
v -0.835546 1.099689 0.095887
v -0.855639 1.101880 0.064816
v -0.862695 1.100740 0.028445
v -0.855639 1.096442 -0.007690
v -0.835546 1.089641 -0.038087
v -0.805473 1.081373 -0.058118
v -0.770000 1.072895 -0.064734
v -0.734527 1.065499 -0.056927
v -0.704454 1.060311 -0.035887
v -0.684361 1.058120 -0.004816
v -0.677305 1.059260 0.031555
v -0.684361 1.063558 0.067690
v -0.704454 1.070359 0.098087
v -0.734527 1.078627 0.118118
f 2835 2836 2852
f 2835 2852 2851
f 2833 2836 2835
f 2834 2851 2852
f 2836 2837 2853
f 2836 2853 2852
f 2833 2837 2836
f 2834 2852 2853
f 2837 2838 2854
f 2837 2854 2853
f 2833 2838 2837
f 2834 2853 2854
f 2838 2839 2855
f 2838 2855 2854
f 2833 2839 2838
f 2834 2854 2855
f 2839 2840 2856
f 2839 2856 2855
f 2833 2840 2839
f 2834 2855 2856
f 2840 2841 2857
f 2840 2857 2856
f 2833 2841 2840
f 2834 2856 2857
f 2841 2842 2858
f 2841 2858 2857
f 2833 2842 2841
f 2834 2857 2858
f 2842 2843 2859
f 2842 2859 2858
f 2833 2843 2842
f 2834 2858 2859
f 2843 2844 2860
f 2843 2860 2859
f 2833 2844 2843
f 2834 2859 2860
f 2844 2845 2861
f 2844 2861 2860
f 2833 2845 2844
f 2834 2860 2861
f 2845 2846 2862
f 2845 2862 2861
f 2833 2846 2845
f 2834 2861 2862
f 2846 2847 2863
f 2846 2863 2862
f 2833 2847 2846
f 2834 2862 2863
f 2847 2848 2864
f 2847 2864 2863
f 2833 2848 2847
f 2834 2863 2864
f 2848 2849 2865
f 2848 2865 2864
f 2833 2849 2848
f 2834 2864 2865
f 2849 2850 2866
f 2849 2866 2865
f 2833 2850 2849
f 2834 2865 2866
f 2850 2835 2851
f 2850 2851 2866
f 2833 2835 2850
f 2834 2866 2851
o L_Wrist_Band
g L_Wrist_Band
usemtl Hot_Pink
v -0.770000 1.150000 0.030000
v -0.770000 1.080000 0.030000
v -0.770000 1.150000 0.150000
v -0.815922 1.150000 0.140866
v -0.854853 1.150000 0.114853
v -0.880866 1.150000 0.075922
v -0.890000 1.150000 0.030000
v -0.880866 1.150000 -0.015922
v -0.854853 1.150000 -0.054853
v -0.815922 1.150000 -0.080866
v -0.770000 1.150000 -0.090000
v -0.724078 1.150000 -0.080866
v -0.685147 1.150000 -0.054853
v -0.659134 1.150000 -0.015922
v -0.650000 1.150000 0.030000
v -0.659134 1.150000 0.075922
v -0.685147 1.150000 0.114853
v -0.724078 1.150000 0.140866
v -0.770000 1.080000 0.140000
v -0.812095 1.080000 0.131627
v -0.847782 1.080000 0.107782
v -0.871627 1.080000 0.072095
v -0.880000 1.080000 0.030000
v -0.871627 1.080000 -0.012095
v -0.847782 1.080000 -0.047782
v -0.812095 1.080000 -0.071627
v -0.770000 1.080000 -0.080000
v -0.727905 1.080000 -0.071627
v -0.692218 1.080000 -0.047782
v -0.668373 1.080000 -0.012095
v -0.660000 1.080000 0.030000
v -0.668373 1.080000 0.072095
v -0.692218 1.080000 0.107782
v -0.727905 1.080000 0.131627
f 2869 2870 2886
f 2869 2886 2885
f 2867 2870 2869
f 2868 2885 2886
f 2870 2871 2887
f 2870 2887 2886
f 2867 2871 2870
f 2868 2886 2887
f 2871 2872 2888
f 2871 2888 2887
f 2867 2872 2871
f 2868 2887 2888
f 2872 2873 2889
f 2872 2889 2888
f 2867 2873 2872
f 2868 2888 2889
f 2873 2874 2890
f 2873 2890 2889
f 2867 2874 2873
f 2868 2889 2890
f 2874 2875 2891
f 2874 2891 2890
f 2867 2875 2874
f 2868 2890 2891
f 2875 2876 2892
f 2875 2892 2891
f 2867 2876 2875
f 2868 2891 2892
f 2876 2877 2893
f 2876 2893 2892
f 2867 2877 2876
f 2868 2892 2893
f 2877 2878 2894
f 2877 2894 2893
f 2867 2878 2877
f 2868 2893 2894
f 2878 2879 2895
f 2878 2895 2894
f 2867 2879 2878
f 2868 2894 2895
f 2879 2880 2896
f 2879 2896 2895
f 2867 2880 2879
f 2868 2895 2896
f 2880 2881 2897
f 2880 2897 2896
f 2867 2881 2880
f 2868 2896 2897
f 2881 2882 2898
f 2881 2898 2897
f 2867 2882 2881
f 2868 2897 2898
f 2882 2883 2899
f 2882 2899 2898
f 2867 2883 2882
f 2868 2898 2899
f 2883 2884 2900
f 2883 2900 2899
f 2867 2884 2883
f 2868 2899 2900
f 2884 2869 2885
f 2884 2885 2900
f 2867 2869 2884
f 2868 2900 2885
o L_Glove
g L_Glove
usemtl Grip_Black
v -0.770000 0.830000 0.040000
v -0.770000 0.830000 0.040000
v -0.770000 0.830000 0.040000
v -0.770000 0.830000 0.040000
v -0.770000 0.830000 0.040000
v -0.770000 0.830000 0.040000
v -0.770000 0.830000 0.040000
v -0.770000 0.830000 0.040000
v -0.770000 0.830000 0.040000
v -0.770000 0.830000 0.040000
v -0.770000 0.830000 0.040000
v -0.770000 0.830000 0.040000
v -0.770000 0.830000 0.040000
v -0.770000 0.830000 0.040000
v -0.770000 0.830000 0.040000
v -0.770000 0.830000 0.040000
v -0.770000 0.830000 0.040000
v -0.770000 0.830000 0.040000
v -0.770000 0.830000 0.040000
v -0.770000 0.830000 0.040000
v -0.718441 0.833430 0.040000
v -0.720033 0.833430 0.061655
v -0.724838 0.833430 0.072365
v -0.733012 0.833430 0.079517
v -0.745252 0.833430 0.083721
v -0.770000 0.833430 0.085114
v -0.794748 0.833430 0.083721
v -0.806988 0.833430 0.079517
v -0.815162 0.833430 0.072365
v -0.819967 0.833430 0.061655
v -0.821559 0.833430 0.040000
v -0.819967 0.833430 0.018345
v -0.815162 0.833430 0.007635
v -0.806988 0.833430 0.000483
v -0.794748 0.833430 -0.003721
v -0.770000 0.833430 -0.005114
v -0.745252 0.833430 -0.003721
v -0.733012 0.833430 0.000483
v -0.724838 0.833430 0.007635
v -0.720033 0.833430 0.018345
v -0.692190 0.843756 0.040000
v -0.694592 0.843756 0.072680
v -0.701843 0.843756 0.088844
v -0.714179 0.843756 0.099637
v -0.732651 0.843756 0.105982
v -0.770000 0.843756 0.108084
v -0.807349 0.843756 0.105982
v -0.825821 0.843756 0.099637
v -0.838157 0.843756 0.088844
v -0.845408 0.843756 0.072680
v -0.847810 0.843756 0.040000
v -0.845408 0.843756 0.007320
v -0.838157 0.843756 -0.008844
v -0.825821 0.843756 -0.019637
v -0.807349 0.843756 -0.025982
v -0.770000 0.843756 -0.028084
v -0.732651 0.843756 -0.025982
v -0.714179 0.843756 -0.019637
v -0.701843 0.843756 -0.008844
v -0.694592 0.843756 0.007320
v -0.673371 0.861161 0.040000
v -0.676354 0.861161 0.080584
v -0.685359 0.861161 0.100657
v -0.700678 0.861161 0.114061
v -0.723618 0.861161 0.121940
v -0.770000 0.861161 0.124551
v -0.816382 0.861161 0.121940
v -0.839322 0.861161 0.114061
v -0.854641 0.861161 0.100657
v -0.863646 0.861161 0.080584
v -0.866629 0.861161 0.040000
v -0.863646 0.861161 -0.000584
v -0.854641 0.861161 -0.020657
v -0.839322 0.861161 -0.034061
v -0.816382 0.861161 -0.041940
v -0.770000 0.861161 -0.044551
v -0.723618 0.861161 -0.041940
v -0.700678 0.861161 -0.034061
v -0.685359 0.861161 -0.020657
v -0.676354 0.861161 -0.000584
v -0.660317 0.886253 0.040000
v -0.663704 0.886253 0.086066
v -0.673925 0.886253 0.108851
v -0.691314 0.886253 0.124066
v -0.717353 0.886253 0.133009
v -0.770000 0.886253 0.135972
v -0.822647 0.886253 0.133009
v -0.848686 0.886253 0.124066
v -0.866075 0.886253 0.108851
v -0.876296 0.886253 0.086066
v -0.879683 0.886253 0.040000
v -0.876296 0.886253 -0.006066
v -0.866075 0.886253 -0.028851
v -0.848686 0.886253 -0.044066
v -0.822647 0.886253 -0.053009
v -0.770000 0.886253 -0.055972
v -0.717353 0.886253 -0.053009
v -0.691314 0.886253 -0.044066
v -0.673925 0.886253 -0.028851
v -0.663704 0.886253 -0.006066
v -0.652572 0.921255 0.040000
v -0.656198 0.921255 0.089319
v -0.667140 0.921255 0.113712
v -0.685757 0.921255 0.130002
v -0.713635 0.921255 0.139577
v -0.770000 0.921255 0.142749
v -0.826365 0.921255 0.139577
v -0.854243 0.921255 0.130002
v -0.872860 0.921255 0.113712
v -0.883802 0.921255 0.089319
v -0.887428 0.921255 0.040000
v -0.883802 0.921255 -0.009319
v -0.872860 0.921255 -0.033712
v -0.854243 0.921255 -0.050002
v -0.826365 0.921255 -0.059577
v -0.770000 0.921255 -0.062749
v -0.713635 0.921255 -0.059577
v -0.685757 0.921255 -0.050002
v -0.667140 0.921255 -0.033712
v -0.656198 0.921255 -0.009319
v -0.650000 0.990000 0.040000
v -0.653705 0.990000 0.090400
v -0.664887 0.990000 0.115327
v -0.683912 0.990000 0.131974
v -0.712400 0.990000 0.141758
v -0.770000 0.990000 0.145000
v -0.827600 0.990000 0.141758
v -0.856088 0.990000 0.131974
v -0.875113 0.990000 0.115327
v -0.886295 0.990000 0.090400
v -0.890000 0.990000 0.040000
v -0.886295 0.990000 -0.010400
v -0.875113 0.990000 -0.035327
v -0.856088 0.990000 -0.051974
v -0.827600 0.990000 -0.061758
v -0.770000 0.990000 -0.065000
v -0.712400 0.990000 -0.061758
v -0.683912 0.990000 -0.051974
v -0.664887 0.990000 -0.035327
v -0.653705 0.990000 -0.010400
v -0.652572 1.058745 0.040000
v -0.656198 1.058745 0.089319
v -0.667140 1.058745 0.113712
v -0.685757 1.058745 0.130002
v -0.713635 1.058745 0.139577
v -0.770000 1.058745 0.142749
v -0.826365 1.058745 0.139577
v -0.854243 1.058745 0.130002
v -0.872860 1.058745 0.113712
v -0.883802 1.058745 0.089319
v -0.887428 1.058745 0.040000
v -0.883802 1.058745 -0.009319
v -0.872860 1.058745 -0.033712
v -0.854243 1.058745 -0.050002
v -0.826365 1.058745 -0.059577
v -0.770000 1.058745 -0.062749
v -0.713635 1.058745 -0.059577
v -0.685757 1.058745 -0.050002
v -0.667140 1.058745 -0.033712
v -0.656198 1.058745 -0.009319
v -0.660317 1.093747 0.040000
v -0.663704 1.093747 0.086066
v -0.673925 1.093747 0.108851
v -0.691314 1.093747 0.124066
v -0.717353 1.093747 0.133009
v -0.770000 1.093747 0.135972
v -0.822647 1.093747 0.133009
v -0.848686 1.093747 0.124066
v -0.866075 1.093747 0.108851
v -0.876296 1.093747 0.086066
v -0.879683 1.093747 0.040000
v -0.876296 1.093747 -0.006066
v -0.866075 1.093747 -0.028851
v -0.848686 1.093747 -0.044066
v -0.822647 1.093747 -0.053009
v -0.770000 1.093747 -0.055972
v -0.717353 1.093747 -0.053009
v -0.691314 1.093747 -0.044066
v -0.673925 1.093747 -0.028851
v -0.663704 1.093747 -0.006066
v -0.673371 1.118839 0.040000
v -0.676354 1.118839 0.080584
v -0.685359 1.118839 0.100657
v -0.700678 1.118839 0.114061
v -0.723618 1.118839 0.121940
v -0.770000 1.118839 0.124551
v -0.816382 1.118839 0.121940
v -0.839322 1.118839 0.114061
v -0.854641 1.118839 0.100657
v -0.863646 1.118839 0.080584
v -0.866629 1.118839 0.040000
v -0.863646 1.118839 -0.000584
v -0.854641 1.118839 -0.020657
v -0.839322 1.118839 -0.034061
v -0.816382 1.118839 -0.041940
v -0.770000 1.118839 -0.044551
v -0.723618 1.118839 -0.041940
v -0.700678 1.118839 -0.034061
v -0.685359 1.118839 -0.020657
v -0.676354 1.118839 -0.000584
v -0.692190 1.136244 0.040000
v -0.694592 1.136244 0.072680
v -0.701843 1.136244 0.088844
v -0.714179 1.136244 0.099637
v -0.732651 1.136244 0.105982
v -0.770000 1.136244 0.108084
v -0.807349 1.136244 0.105982
v -0.825821 1.136244 0.099637
v -0.838157 1.136244 0.088844
v -0.845408 1.136244 0.072680
v -0.847810 1.136244 0.040000
v -0.845408 1.136244 0.007320
v -0.838157 1.136244 -0.008844
v -0.825821 1.136244 -0.019637
v -0.807349 1.136244 -0.025982
v -0.770000 1.136244 -0.028084
v -0.732651 1.136244 -0.025982
v -0.714179 1.136244 -0.019637
v -0.701843 1.136244 -0.008844
v -0.694592 1.136244 0.007320
v -0.718441 1.146570 0.040000
v -0.720033 1.146570 0.061655
v -0.724838 1.146570 0.072365
v -0.733012 1.146570 0.079517
v -0.745252 1.146570 0.083721
v -0.770000 1.146570 0.085114
v -0.794748 1.146570 0.083721
v -0.806988 1.146570 0.079517
v -0.815162 1.146570 0.072365
v -0.819967 1.146570 0.061655
v -0.821559 1.146570 0.040000
v -0.819967 1.146570 0.018345
v -0.815162 1.146570 0.007635
v -0.806988 1.146570 0.000483
v -0.794748 1.146570 -0.003721
v -0.770000 1.146570 -0.005114
v -0.745252 1.146570 -0.003721
v -0.733012 1.146570 0.000483
v -0.724838 1.146570 0.007635
v -0.720033 1.146570 0.018345
v -0.770000 1.150000 0.040000
v -0.770000 1.150000 0.040000
v -0.770000 1.150000 0.040000
v -0.770000 1.150000 0.040000
v -0.770000 1.150000 0.040000
v -0.770000 1.150000 0.040000
v -0.770000 1.150000 0.040000
v -0.770000 1.150000 0.040000
v -0.770000 1.150000 0.040000
v -0.770000 1.150000 0.040000
v -0.770000 1.150000 0.040000
v -0.770000 1.150000 0.040000
v -0.770000 1.150000 0.040000
v -0.770000 1.150000 0.040000
v -0.770000 1.150000 0.040000
v -0.770000 1.150000 0.040000
v -0.770000 1.150000 0.040000
v -0.770000 1.150000 0.040000
v -0.770000 1.150000 0.040000
v -0.770000 1.150000 0.040000
f 2901 2902 2922
f 2901 2922 2921
f 2902 2903 2923
f 2902 2923 2922
f 2903 2904 2924
f 2903 2924 2923
f 2904 2905 2925
f 2904 2925 2924
f 2905 2906 2926
f 2905 2926 2925
f 2906 2907 2927
f 2906 2927 2926
f 2907 2908 2928
f 2907 2928 2927
f 2908 2909 2929
f 2908 2929 2928
f 2909 2910 2930
f 2909 2930 2929
f 2910 2911 2931
f 2910 2931 2930
f 2911 2912 2932
f 2911 2932 2931
f 2912 2913 2933
f 2912 2933 2932
f 2913 2914 2934
f 2913 2934 2933
f 2914 2915 2935
f 2914 2935 2934
f 2915 2916 2936
f 2915 2936 2935
f 2916 2917 2937
f 2916 2937 2936
f 2917 2918 2938
f 2917 2938 2937
f 2918 2919 2939
f 2918 2939 2938
f 2919 2920 2940
f 2919 2940 2939
f 2920 2901 2921
f 2920 2921 2940
f 2921 2922 2942
f 2921 2942 2941
f 2922 2923 2943
f 2922 2943 2942
f 2923 2924 2944
f 2923 2944 2943
f 2924 2925 2945
f 2924 2945 2944
f 2925 2926 2946
f 2925 2946 2945
f 2926 2927 2947
f 2926 2947 2946
f 2927 2928 2948
f 2927 2948 2947
f 2928 2929 2949
f 2928 2949 2948
f 2929 2930 2950
f 2929 2950 2949
f 2930 2931 2951
f 2930 2951 2950
f 2931 2932 2952
f 2931 2952 2951
f 2932 2933 2953
f 2932 2953 2952
f 2933 2934 2954
f 2933 2954 2953
f 2934 2935 2955
f 2934 2955 2954
f 2935 2936 2956
f 2935 2956 2955
f 2936 2937 2957
f 2936 2957 2956
f 2937 2938 2958
f 2937 2958 2957
f 2938 2939 2959
f 2938 2959 2958
f 2939 2940 2960
f 2939 2960 2959
f 2940 2921 2941
f 2940 2941 2960
f 2941 2942 2962
f 2941 2962 2961
f 2942 2943 2963
f 2942 2963 2962
f 2943 2944 2964
f 2943 2964 2963
f 2944 2945 2965
f 2944 2965 2964
f 2945 2946 2966
f 2945 2966 2965
f 2946 2947 2967
f 2946 2967 2966
f 2947 2948 2968
f 2947 2968 2967
f 2948 2949 2969
f 2948 2969 2968
f 2949 2950 2970
f 2949 2970 2969
f 2950 2951 2971
f 2950 2971 2970
f 2951 2952 2972
f 2951 2972 2971
f 2952 2953 2973
f 2952 2973 2972
f 2953 2954 2974
f 2953 2974 2973
f 2954 2955 2975
f 2954 2975 2974
f 2955 2956 2976
f 2955 2976 2975
f 2956 2957 2977
f 2956 2977 2976
f 2957 2958 2978
f 2957 2978 2977
f 2958 2959 2979
f 2958 2979 2978
f 2959 2960 2980
f 2959 2980 2979
f 2960 2941 2961
f 2960 2961 2980
f 2961 2962 2982
f 2961 2982 2981
f 2962 2963 2983
f 2962 2983 2982
f 2963 2964 2984
f 2963 2984 2983
f 2964 2965 2985
f 2964 2985 2984
f 2965 2966 2986
f 2965 2986 2985
f 2966 2967 2987
f 2966 2987 2986
f 2967 2968 2988
f 2967 2988 2987
f 2968 2969 2989
f 2968 2989 2988
f 2969 2970 2990
f 2969 2990 2989
f 2970 2971 2991
f 2970 2991 2990
f 2971 2972 2992
f 2971 2992 2991
f 2972 2973 2993
f 2972 2993 2992
f 2973 2974 2994
f 2973 2994 2993
f 2974 2975 2995
f 2974 2995 2994
f 2975 2976 2996
f 2975 2996 2995
f 2976 2977 2997
f 2976 2997 2996
f 2977 2978 2998
f 2977 2998 2997
f 2978 2979 2999
f 2978 2999 2998
f 2979 2980 3000
f 2979 3000 2999
f 2980 2961 2981
f 2980 2981 3000
f 2981 2982 3002
f 2981 3002 3001
f 2982 2983 3003
f 2982 3003 3002
f 2983 2984 3004
f 2983 3004 3003
f 2984 2985 3005
f 2984 3005 3004
f 2985 2986 3006
f 2985 3006 3005
f 2986 2987 3007
f 2986 3007 3006
f 2987 2988 3008
f 2987 3008 3007
f 2988 2989 3009
f 2988 3009 3008
f 2989 2990 3010
f 2989 3010 3009
f 2990 2991 3011
f 2990 3011 3010
f 2991 2992 3012
f 2991 3012 3011
f 2992 2993 3013
f 2992 3013 3012
f 2993 2994 3014
f 2993 3014 3013
f 2994 2995 3015
f 2994 3015 3014
f 2995 2996 3016
f 2995 3016 3015
f 2996 2997 3017
f 2996 3017 3016
f 2997 2998 3018
f 2997 3018 3017
f 2998 2999 3019
f 2998 3019 3018
f 2999 3000 3020
f 2999 3020 3019
f 3000 2981 3001
f 3000 3001 3020
f 3001 3002 3022
f 3001 3022 3021
f 3002 3003 3023
f 3002 3023 3022
f 3003 3004 3024
f 3003 3024 3023
f 3004 3005 3025
f 3004 3025 3024
f 3005 3006 3026
f 3005 3026 3025
f 3006 3007 3027
f 3006 3027 3026
f 3007 3008 3028
f 3007 3028 3027
f 3008 3009 3029
f 3008 3029 3028
f 3009 3010 3030
f 3009 3030 3029
f 3010 3011 3031
f 3010 3031 3030
f 3011 3012 3032
f 3011 3032 3031
f 3012 3013 3033
f 3012 3033 3032
f 3013 3014 3034
f 3013 3034 3033
f 3014 3015 3035
f 3014 3035 3034
f 3015 3016 3036
f 3015 3036 3035
f 3016 3017 3037
f 3016 3037 3036
f 3017 3018 3038
f 3017 3038 3037
f 3018 3019 3039
f 3018 3039 3038
f 3019 3020 3040
f 3019 3040 3039
f 3020 3001 3021
f 3020 3021 3040
f 3021 3022 3042
f 3021 3042 3041
f 3022 3023 3043
f 3022 3043 3042
f 3023 3024 3044
f 3023 3044 3043
f 3024 3025 3045
f 3024 3045 3044
f 3025 3026 3046
f 3025 3046 3045
f 3026 3027 3047
f 3026 3047 3046
f 3027 3028 3048
f 3027 3048 3047
f 3028 3029 3049
f 3028 3049 3048
f 3029 3030 3050
f 3029 3050 3049
f 3030 3031 3051
f 3030 3051 3050
f 3031 3032 3052
f 3031 3052 3051
f 3032 3033 3053
f 3032 3053 3052
f 3033 3034 3054
f 3033 3054 3053
f 3034 3035 3055
f 3034 3055 3054
f 3035 3036 3056
f 3035 3056 3055
f 3036 3037 3057
f 3036 3057 3056
f 3037 3038 3058
f 3037 3058 3057
f 3038 3039 3059
f 3038 3059 3058
f 3039 3040 3060
f 3039 3060 3059
f 3040 3021 3041
f 3040 3041 3060
f 3041 3042 3062
f 3041 3062 3061
f 3042 3043 3063
f 3042 3063 3062
f 3043 3044 3064
f 3043 3064 3063
f 3044 3045 3065
f 3044 3065 3064
f 3045 3046 3066
f 3045 3066 3065
f 3046 3047 3067
f 3046 3067 3066
f 3047 3048 3068
f 3047 3068 3067
f 3048 3049 3069
f 3048 3069 3068
f 3049 3050 3070
f 3049 3070 3069
f 3050 3051 3071
f 3050 3071 3070
f 3051 3052 3072
f 3051 3072 3071
f 3052 3053 3073
f 3052 3073 3072
f 3053 3054 3074
f 3053 3074 3073
f 3054 3055 3075
f 3054 3075 3074
f 3055 3056 3076
f 3055 3076 3075
f 3056 3057 3077
f 3056 3077 3076
f 3057 3058 3078
f 3057 3078 3077
f 3058 3059 3079
f 3058 3079 3078
f 3059 3060 3080
f 3059 3080 3079
f 3060 3041 3061
f 3060 3061 3080
f 3061 3062 3082
f 3061 3082 3081
f 3062 3063 3083
f 3062 3083 3082
f 3063 3064 3084
f 3063 3084 3083
f 3064 3065 3085
f 3064 3085 3084
f 3065 3066 3086
f 3065 3086 3085
f 3066 3067 3087
f 3066 3087 3086
f 3067 3068 3088
f 3067 3088 3087
f 3068 3069 3089
f 3068 3089 3088
f 3069 3070 3090
f 3069 3090 3089
f 3070 3071 3091
f 3070 3091 3090
f 3071 3072 3092
f 3071 3092 3091
f 3072 3073 3093
f 3072 3093 3092
f 3073 3074 3094
f 3073 3094 3093
f 3074 3075 3095
f 3074 3095 3094
f 3075 3076 3096
f 3075 3096 3095
f 3076 3077 3097
f 3076 3097 3096
f 3077 3078 3098
f 3077 3098 3097
f 3078 3079 3099
f 3078 3099 3098
f 3079 3080 3100
f 3079 3100 3099
f 3080 3061 3081
f 3080 3081 3100
f 3081 3082 3102
f 3081 3102 3101
f 3082 3083 3103
f 3082 3103 3102
f 3083 3084 3104
f 3083 3104 3103
f 3084 3085 3105
f 3084 3105 3104
f 3085 3086 3106
f 3085 3106 3105
f 3086 3087 3107
f 3086 3107 3106
f 3087 3088 3108
f 3087 3108 3107
f 3088 3089 3109
f 3088 3109 3108
f 3089 3090 3110
f 3089 3110 3109
f 3090 3091 3111
f 3090 3111 3110
f 3091 3092 3112
f 3091 3112 3111
f 3092 3093 3113
f 3092 3113 3112
f 3093 3094 3114
f 3093 3114 3113
f 3094 3095 3115
f 3094 3115 3114
f 3095 3096 3116
f 3095 3116 3115
f 3096 3097 3117
f 3096 3117 3116
f 3097 3098 3118
f 3097 3118 3117
f 3098 3099 3119
f 3098 3119 3118
f 3099 3100 3120
f 3099 3120 3119
f 3100 3081 3101
f 3100 3101 3120
f 3101 3102 3122
f 3101 3122 3121
f 3102 3103 3123
f 3102 3123 3122
f 3103 3104 3124
f 3103 3124 3123
f 3104 3105 3125
f 3104 3125 3124
f 3105 3106 3126
f 3105 3126 3125
f 3106 3107 3127
f 3106 3127 3126
f 3107 3108 3128
f 3107 3128 3127
f 3108 3109 3129
f 3108 3129 3128
f 3109 3110 3130
f 3109 3130 3129
f 3110 3111 3131
f 3110 3131 3130
f 3111 3112 3132
f 3111 3132 3131
f 3112 3113 3133
f 3112 3133 3132
f 3113 3114 3134
f 3113 3134 3133
f 3114 3115 3135
f 3114 3135 3134
f 3115 3116 3136
f 3115 3136 3135
f 3116 3117 3137
f 3116 3137 3136
f 3117 3118 3138
f 3117 3138 3137
f 3118 3119 3139
f 3118 3139 3138
f 3119 3120 3140
f 3119 3140 3139
f 3120 3101 3121
f 3120 3121 3140
f 3121 3122 3142
f 3121 3142 3141
f 3122 3123 3143
f 3122 3143 3142
f 3123 3124 3144
f 3123 3144 3143
f 3124 3125 3145
f 3124 3145 3144
f 3125 3126 3146
f 3125 3146 3145
f 3126 3127 3147
f 3126 3147 3146
f 3127 3128 3148
f 3127 3148 3147
f 3128 3129 3149
f 3128 3149 3148
f 3129 3130 3150
f 3129 3150 3149
f 3130 3131 3151
f 3130 3151 3150
f 3131 3132 3152
f 3131 3152 3151
f 3132 3133 3153
f 3132 3153 3152
f 3133 3134 3154
f 3133 3154 3153
f 3134 3135 3155
f 3134 3155 3154
f 3135 3136 3156
f 3135 3156 3155
f 3136 3137 3157
f 3136 3157 3156
f 3137 3138 3158
f 3137 3158 3157
f 3138 3139 3159
f 3138 3159 3158
f 3139 3140 3160
f 3139 3160 3159
f 3140 3121 3141
f 3140 3141 3160
o R_Shoulder
g R_Shoulder
usemtl Lux_Cyan
v 0.450000 1.730000 0.000000
v 0.450000 1.730000 0.000000
v 0.450000 1.730000 0.000000
v 0.450000 1.730000 0.000000
v 0.450000 1.730000 0.000000
v 0.450000 1.730000 0.000000
v 0.450000 1.730000 0.000000
v 0.450000 1.730000 0.000000
v 0.450000 1.730000 0.000000
v 0.450000 1.730000 0.000000
v 0.450000 1.730000 0.000000
v 0.450000 1.730000 -0.000000
v 0.450000 1.730000 -0.000000
v 0.450000 1.730000 -0.000000
v 0.450000 1.730000 -0.000000
v 0.450000 1.730000 -0.000000
v 0.450000 1.730000 -0.000000
v 0.450000 1.730000 -0.000000
v 0.450000 1.730000 -0.000000
v 0.450000 1.730000 -0.000000
v 0.496587 1.736474 0.000000
v 0.494307 1.736474 0.014396
v 0.487690 1.736474 0.027383
v 0.477383 1.736474 0.037690
v 0.464396 1.736474 0.044307
v 0.450000 1.736474 0.046587
v 0.435604 1.736474 0.044307
v 0.422617 1.736474 0.037690
v 0.412310 1.736474 0.027383
v 0.405693 1.736474 0.014396
v 0.403413 1.736474 0.000000
v 0.405693 1.736474 -0.014396
v 0.412310 1.736474 -0.027383
v 0.422617 1.736474 -0.037690
v 0.435604 1.736474 -0.044307
v 0.450000 1.736474 -0.046587
v 0.464396 1.736474 -0.044307
v 0.477383 1.736474 -0.037690
v 0.487690 1.736474 -0.027383
v 0.494307 1.736474 -0.014396
v 0.540000 1.755455 0.000000
v 0.535595 1.755455 0.027812
v 0.522812 1.755455 0.052901
v 0.502901 1.755455 0.072812
v 0.477812 1.755455 0.085595
v 0.450000 1.755455 0.090000
v 0.422188 1.755455 0.085595
v 0.397099 1.755455 0.072812
v 0.377188 1.755455 0.052901
v 0.364405 1.755455 0.027812
v 0.360000 1.755455 0.000000
v 0.364405 1.755455 -0.027812
v 0.377188 1.755455 -0.052901
v 0.397099 1.755455 -0.072812
v 0.422188 1.755455 -0.085595
v 0.450000 1.755455 -0.090000
v 0.477812 1.755455 -0.085595
v 0.502901 1.755455 -0.072812
v 0.522812 1.755455 -0.052901
v 0.535595 1.755455 -0.027812
v 0.577279 1.785650 0.000000
v 0.571050 1.785650 0.039331
v 0.552971 1.785650 0.074813
v 0.524813 1.785650 0.102971
v 0.489331 1.785650 0.121050
v 0.450000 1.785650 0.127279
v 0.410669 1.785650 0.121050
v 0.375187 1.785650 0.102971
v 0.347029 1.785650 0.074813
v 0.328950 1.785650 0.039331
v 0.322721 1.785650 0.000000
v 0.328950 1.785650 -0.039331
v 0.347029 1.785650 -0.074813
v 0.375187 1.785650 -0.102971
v 0.410669 1.785650 -0.121050
v 0.450000 1.785650 -0.127279
v 0.489331 1.785650 -0.121050
v 0.524813 1.785650 -0.102971
v 0.552971 1.785650 -0.074813
v 0.571050 1.785650 -0.039331
v 0.605885 1.825000 0.000000
v 0.598255 1.825000 0.048171
v 0.576113 1.825000 0.091627
v 0.541627 1.825000 0.126113
v 0.498171 1.825000 0.148255
v 0.450000 1.825000 0.155885
v 0.401829 1.825000 0.148255
v 0.358373 1.825000 0.126113
v 0.323887 1.825000 0.091627
v 0.301745 1.825000 0.048171
v 0.294115 1.825000 0.000000
v 0.301745 1.825000 -0.048171
v 0.323887 1.825000 -0.091627
v 0.358373 1.825000 -0.126113
v 0.401829 1.825000 -0.148255
v 0.450000 1.825000 -0.155885
v 0.498171 1.825000 -0.148255
v 0.541627 1.825000 -0.126113
v 0.576113 1.825000 -0.091627
v 0.598255 1.825000 -0.048171
v 0.623867 1.870824 0.000000
v 0.615357 1.870824 0.053728
v 0.590661 1.870824 0.102196
v 0.552196 1.870824 0.140661
v 0.503728 1.870824 0.165357
v 0.450000 1.870824 0.173867
v 0.396272 1.870824 0.165357
v 0.347804 1.870824 0.140661
v 0.309339 1.870824 0.102196
v 0.284643 1.870824 0.053728
v 0.276133 1.870824 0.000000
v 0.284643 1.870824 -0.053728
v 0.309339 1.870824 -0.102196
v 0.347804 1.870824 -0.140661
v 0.396272 1.870824 -0.165357
v 0.450000 1.870824 -0.173867
v 0.503728 1.870824 -0.165357
v 0.552196 1.870824 -0.140661
v 0.590661 1.870824 -0.102196
v 0.615357 1.870824 -0.053728
v 0.630000 1.920000 0.000000
v 0.621190 1.920000 0.055623
v 0.595623 1.920000 0.105801
v 0.555801 1.920000 0.145623
v 0.505623 1.920000 0.171190
v 0.450000 1.920000 0.180000
v 0.394377 1.920000 0.171190
v 0.344199 1.920000 0.145623
v 0.304377 1.920000 0.105801
v 0.278810 1.920000 0.055623
v 0.270000 1.920000 0.000000
v 0.278810 1.920000 -0.055623
v 0.304377 1.920000 -0.105801
v 0.344199 1.920000 -0.145623
v 0.394377 1.920000 -0.171190
v 0.450000 1.920000 -0.180000
v 0.505623 1.920000 -0.171190
v 0.555801 1.920000 -0.145623
v 0.595623 1.920000 -0.105801
v 0.621190 1.920000 -0.055623
v 0.623867 1.969176 0.000000
v 0.615357 1.969176 0.053728
v 0.590661 1.969176 0.102196
v 0.552196 1.969176 0.140661
v 0.503728 1.969176 0.165357
v 0.450000 1.969176 0.173867
v 0.396272 1.969176 0.165357
v 0.347804 1.969176 0.140661
v 0.309339 1.969176 0.102196
v 0.284643 1.969176 0.053728
v 0.276133 1.969176 0.000000
v 0.284643 1.969176 -0.053728
v 0.309339 1.969176 -0.102196
v 0.347804 1.969176 -0.140661
v 0.396272 1.969176 -0.165357
v 0.450000 1.969176 -0.173867
v 0.503728 1.969176 -0.165357
v 0.552196 1.969176 -0.140661
v 0.590661 1.969176 -0.102196
v 0.615357 1.969176 -0.053728
v 0.605885 2.015000 0.000000
v 0.598255 2.015000 0.048171
v 0.576113 2.015000 0.091627
v 0.541627 2.015000 0.126113
v 0.498171 2.015000 0.148255
v 0.450000 2.015000 0.155885
v 0.401829 2.015000 0.148255
v 0.358373 2.015000 0.126113
v 0.323887 2.015000 0.091627
v 0.301745 2.015000 0.048171
v 0.294115 2.015000 0.000000
v 0.301745 2.015000 -0.048171
v 0.323887 2.015000 -0.091627
v 0.358373 2.015000 -0.126113
v 0.401829 2.015000 -0.148255
v 0.450000 2.015000 -0.155885
v 0.498171 2.015000 -0.148255
v 0.541627 2.015000 -0.126113
v 0.576113 2.015000 -0.091627
v 0.598255 2.015000 -0.048171
v 0.577279 2.054350 0.000000
v 0.571050 2.054350 0.039331
v 0.552971 2.054350 0.074813
v 0.524813 2.054350 0.102971
v 0.489331 2.054350 0.121050
v 0.450000 2.054350 0.127279
v 0.410669 2.054350 0.121050
v 0.375187 2.054350 0.102971
v 0.347029 2.054350 0.074813
v 0.328950 2.054350 0.039331
v 0.322721 2.054350 0.000000
v 0.328950 2.054350 -0.039331
v 0.347029 2.054350 -0.074813
v 0.375187 2.054350 -0.102971
v 0.410669 2.054350 -0.121050
v 0.450000 2.054350 -0.127279
v 0.489331 2.054350 -0.121050
v 0.524813 2.054350 -0.102971
v 0.552971 2.054350 -0.074813
v 0.571050 2.054350 -0.039331
v 0.540000 2.084545 0.000000
v 0.535595 2.084545 0.027812
v 0.522812 2.084545 0.052901
v 0.502901 2.084545 0.072812
v 0.477812 2.084545 0.085595
v 0.450000 2.084545 0.090000
v 0.422188 2.084545 0.085595
v 0.397099 2.084545 0.072812
v 0.377188 2.084545 0.052901
v 0.364405 2.084545 0.027812
v 0.360000 2.084545 0.000000
v 0.364405 2.084545 -0.027812
v 0.377188 2.084545 -0.052901
v 0.397099 2.084545 -0.072812
v 0.422188 2.084545 -0.085595
v 0.450000 2.084545 -0.090000
v 0.477812 2.084545 -0.085595
v 0.502901 2.084545 -0.072812
v 0.522812 2.084545 -0.052901
v 0.535595 2.084545 -0.027812
v 0.496587 2.103526 0.000000
v 0.494307 2.103526 0.014396
v 0.487690 2.103526 0.027383
v 0.477383 2.103526 0.037690
v 0.464396 2.103526 0.044307
v 0.450000 2.103526 0.046587
v 0.435604 2.103526 0.044307
v 0.422617 2.103526 0.037690
v 0.412310 2.103526 0.027383
v 0.405693 2.103526 0.014396
v 0.403413 2.103526 0.000000
v 0.405693 2.103526 -0.014396
v 0.412310 2.103526 -0.027383
v 0.422617 2.103526 -0.037690
v 0.435604 2.103526 -0.044307
v 0.450000 2.103526 -0.046587
v 0.464396 2.103526 -0.044307
v 0.477383 2.103526 -0.037690
v 0.487690 2.103526 -0.027383
v 0.494307 2.103526 -0.014396
v 0.450000 2.110000 0.000000
v 0.450000 2.110000 0.000000
v 0.450000 2.110000 0.000000
v 0.450000 2.110000 0.000000
v 0.450000 2.110000 0.000000
v 0.450000 2.110000 0.000000
v 0.450000 2.110000 0.000000
v 0.450000 2.110000 0.000000
v 0.450000 2.110000 0.000000
v 0.450000 2.110000 0.000000
v 0.450000 2.110000 0.000000
v 0.450000 2.110000 -0.000000
v 0.450000 2.110000 -0.000000
v 0.450000 2.110000 -0.000000
v 0.450000 2.110000 -0.000000
v 0.450000 2.110000 -0.000000
v 0.450000 2.110000 -0.000000
v 0.450000 2.110000 -0.000000
v 0.450000 2.110000 -0.000000
v 0.450000 2.110000 -0.000000
f 3161 3162 3182
f 3161 3182 3181
f 3162 3163 3183
f 3162 3183 3182
f 3163 3164 3184
f 3163 3184 3183
f 3164 3165 3185
f 3164 3185 3184
f 3165 3166 3186
f 3165 3186 3185
f 3166 3167 3187
f 3166 3187 3186
f 3167 3168 3188
f 3167 3188 3187
f 3168 3169 3189
f 3168 3189 3188
f 3169 3170 3190
f 3169 3190 3189
f 3170 3171 3191
f 3170 3191 3190
f 3171 3172 3192
f 3171 3192 3191
f 3172 3173 3193
f 3172 3193 3192
f 3173 3174 3194
f 3173 3194 3193
f 3174 3175 3195
f 3174 3195 3194
f 3175 3176 3196
f 3175 3196 3195
f 3176 3177 3197
f 3176 3197 3196
f 3177 3178 3198
f 3177 3198 3197
f 3178 3179 3199
f 3178 3199 3198
f 3179 3180 3200
f 3179 3200 3199
f 3180 3161 3181
f 3180 3181 3200
f 3181 3182 3202
f 3181 3202 3201
f 3182 3183 3203
f 3182 3203 3202
f 3183 3184 3204
f 3183 3204 3203
f 3184 3185 3205
f 3184 3205 3204
f 3185 3186 3206
f 3185 3206 3205
f 3186 3187 3207
f 3186 3207 3206
f 3187 3188 3208
f 3187 3208 3207
f 3188 3189 3209
f 3188 3209 3208
f 3189 3190 3210
f 3189 3210 3209
f 3190 3191 3211
f 3190 3211 3210
f 3191 3192 3212
f 3191 3212 3211
f 3192 3193 3213
f 3192 3213 3212
f 3193 3194 3214
f 3193 3214 3213
f 3194 3195 3215
f 3194 3215 3214
f 3195 3196 3216
f 3195 3216 3215
f 3196 3197 3217
f 3196 3217 3216
f 3197 3198 3218
f 3197 3218 3217
f 3198 3199 3219
f 3198 3219 3218
f 3199 3200 3220
f 3199 3220 3219
f 3200 3181 3201
f 3200 3201 3220
f 3201 3202 3222
f 3201 3222 3221
f 3202 3203 3223
f 3202 3223 3222
f 3203 3204 3224
f 3203 3224 3223
f 3204 3205 3225
f 3204 3225 3224
f 3205 3206 3226
f 3205 3226 3225
f 3206 3207 3227
f 3206 3227 3226
f 3207 3208 3228
f 3207 3228 3227
f 3208 3209 3229
f 3208 3229 3228
f 3209 3210 3230
f 3209 3230 3229
f 3210 3211 3231
f 3210 3231 3230
f 3211 3212 3232
f 3211 3232 3231
f 3212 3213 3233
f 3212 3233 3232
f 3213 3214 3234
f 3213 3234 3233
f 3214 3215 3235
f 3214 3235 3234
f 3215 3216 3236
f 3215 3236 3235
f 3216 3217 3237
f 3216 3237 3236
f 3217 3218 3238
f 3217 3238 3237
f 3218 3219 3239
f 3218 3239 3238
f 3219 3220 3240
f 3219 3240 3239
f 3220 3201 3221
f 3220 3221 3240
f 3221 3222 3242
f 3221 3242 3241
f 3222 3223 3243
f 3222 3243 3242
f 3223 3224 3244
f 3223 3244 3243
f 3224 3225 3245
f 3224 3245 3244
f 3225 3226 3246
f 3225 3246 3245
f 3226 3227 3247
f 3226 3247 3246
f 3227 3228 3248
f 3227 3248 3247
f 3228 3229 3249
f 3228 3249 3248
f 3229 3230 3250
f 3229 3250 3249
f 3230 3231 3251
f 3230 3251 3250
f 3231 3232 3252
f 3231 3252 3251
f 3232 3233 3253
f 3232 3253 3252
f 3233 3234 3254
f 3233 3254 3253
f 3234 3235 3255
f 3234 3255 3254
f 3235 3236 3256
f 3235 3256 3255
f 3236 3237 3257
f 3236 3257 3256
f 3237 3238 3258
f 3237 3258 3257
f 3238 3239 3259
f 3238 3259 3258
f 3239 3240 3260
f 3239 3260 3259
f 3240 3221 3241
f 3240 3241 3260
f 3241 3242 3262
f 3241 3262 3261
f 3242 3243 3263
f 3242 3263 3262
f 3243 3244 3264
f 3243 3264 3263
f 3244 3245 3265
f 3244 3265 3264
f 3245 3246 3266
f 3245 3266 3265
f 3246 3247 3267
f 3246 3267 3266
f 3247 3248 3268
f 3247 3268 3267
f 3248 3249 3269
f 3248 3269 3268
f 3249 3250 3270
f 3249 3270 3269
f 3250 3251 3271
f 3250 3271 3270
f 3251 3252 3272
f 3251 3272 3271
f 3252 3253 3273
f 3252 3273 3272
f 3253 3254 3274
f 3253 3274 3273
f 3254 3255 3275
f 3254 3275 3274
f 3255 3256 3276
f 3255 3276 3275
f 3256 3257 3277
f 3256 3277 3276
f 3257 3258 3278
f 3257 3278 3277
f 3258 3259 3279
f 3258 3279 3278
f 3259 3260 3280
f 3259 3280 3279
f 3260 3241 3261
f 3260 3261 3280
f 3261 3262 3282
f 3261 3282 3281
f 3262 3263 3283
f 3262 3283 3282
f 3263 3264 3284
f 3263 3284 3283
f 3264 3265 3285
f 3264 3285 3284
f 3265 3266 3286
f 3265 3286 3285
f 3266 3267 3287
f 3266 3287 3286
f 3267 3268 3288
f 3267 3288 3287
f 3268 3269 3289
f 3268 3289 3288
f 3269 3270 3290
f 3269 3290 3289
f 3270 3271 3291
f 3270 3291 3290
f 3271 3272 3292
f 3271 3292 3291
f 3272 3273 3293
f 3272 3293 3292
f 3273 3274 3294
f 3273 3294 3293
f 3274 3275 3295
f 3274 3295 3294
f 3275 3276 3296
f 3275 3296 3295
f 3276 3277 3297
f 3276 3297 3296
f 3277 3278 3298
f 3277 3298 3297
f 3278 3279 3299
f 3278 3299 3298
f 3279 3280 3300
f 3279 3300 3299
f 3280 3261 3281
f 3280 3281 3300
f 3281 3282 3302
f 3281 3302 3301
f 3282 3283 3303
f 3282 3303 3302
f 3283 3284 3304
f 3283 3304 3303
f 3284 3285 3305
f 3284 3305 3304
f 3285 3286 3306
f 3285 3306 3305
f 3286 3287 3307
f 3286 3307 3306
f 3287 3288 3308
f 3287 3308 3307
f 3288 3289 3309
f 3288 3309 3308
f 3289 3290 3310
f 3289 3310 3309
f 3290 3291 3311
f 3290 3311 3310
f 3291 3292 3312
f 3291 3312 3311
f 3292 3293 3313
f 3292 3313 3312
f 3293 3294 3314
f 3293 3314 3313
f 3294 3295 3315
f 3294 3315 3314
f 3295 3296 3316
f 3295 3316 3315
f 3296 3297 3317
f 3296 3317 3316
f 3297 3298 3318
f 3297 3318 3317
f 3298 3299 3319
f 3298 3319 3318
f 3299 3300 3320
f 3299 3320 3319
f 3300 3281 3301
f 3300 3301 3320
f 3301 3302 3322
f 3301 3322 3321
f 3302 3303 3323
f 3302 3323 3322
f 3303 3304 3324
f 3303 3324 3323
f 3304 3305 3325
f 3304 3325 3324
f 3305 3306 3326
f 3305 3326 3325
f 3306 3307 3327
f 3306 3327 3326
f 3307 3308 3328
f 3307 3328 3327
f 3308 3309 3329
f 3308 3329 3328
f 3309 3310 3330
f 3309 3330 3329
f 3310 3311 3331
f 3310 3331 3330
f 3311 3312 3332
f 3311 3332 3331
f 3312 3313 3333
f 3312 3333 3332
f 3313 3314 3334
f 3313 3334 3333
f 3314 3315 3335
f 3314 3335 3334
f 3315 3316 3336
f 3315 3336 3335
f 3316 3317 3337
f 3316 3337 3336
f 3317 3318 3338
f 3317 3338 3337
f 3318 3319 3339
f 3318 3339 3338
f 3319 3320 3340
f 3319 3340 3339
f 3320 3301 3321
f 3320 3321 3340
f 3321 3322 3342
f 3321 3342 3341
f 3322 3323 3343
f 3322 3343 3342
f 3323 3324 3344
f 3323 3344 3343
f 3324 3325 3345
f 3324 3345 3344
f 3325 3326 3346
f 3325 3346 3345
f 3326 3327 3347
f 3326 3347 3346
f 3327 3328 3348
f 3327 3348 3347
f 3328 3329 3349
f 3328 3349 3348
f 3329 3330 3350
f 3329 3350 3349
f 3330 3331 3351
f 3330 3351 3350
f 3331 3332 3352
f 3331 3352 3351
f 3332 3333 3353
f 3332 3353 3352
f 3333 3334 3354
f 3333 3354 3353
f 3334 3335 3355
f 3334 3355 3354
f 3335 3336 3356
f 3335 3356 3355
f 3336 3337 3357
f 3336 3357 3356
f 3337 3338 3358
f 3337 3358 3357
f 3338 3339 3359
f 3338 3359 3358
f 3339 3340 3360
f 3339 3360 3359
f 3340 3321 3341
f 3340 3341 3360
f 3341 3342 3362
f 3341 3362 3361
f 3342 3343 3363
f 3342 3363 3362
f 3343 3344 3364
f 3343 3364 3363
f 3344 3345 3365
f 3344 3365 3364
f 3345 3346 3366
f 3345 3366 3365
f 3346 3347 3367
f 3346 3367 3366
f 3347 3348 3368
f 3347 3368 3367
f 3348 3349 3369
f 3348 3369 3368
f 3349 3350 3370
f 3349 3370 3369
f 3350 3351 3371
f 3350 3371 3370
f 3351 3352 3372
f 3351 3372 3371
f 3352 3353 3373
f 3352 3373 3372
f 3353 3354 3374
f 3353 3374 3373
f 3354 3355 3375
f 3354 3375 3374
f 3355 3356 3376
f 3355 3376 3375
f 3356 3357 3377
f 3356 3377 3376
f 3357 3358 3378
f 3357 3378 3377
f 3358 3359 3379
f 3358 3379 3378
f 3359 3360 3380
f 3359 3380 3379
f 3360 3341 3361
f 3360 3361 3380
f 3361 3362 3382
f 3361 3382 3381
f 3362 3363 3383
f 3362 3383 3382
f 3363 3364 3384
f 3363 3384 3383
f 3364 3365 3385
f 3364 3385 3384
f 3365 3366 3386
f 3365 3386 3385
f 3366 3367 3387
f 3366 3387 3386
f 3367 3368 3388
f 3367 3388 3387
f 3368 3369 3389
f 3368 3389 3388
f 3369 3370 3390
f 3369 3390 3389
f 3370 3371 3391
f 3370 3391 3390
f 3371 3372 3392
f 3371 3392 3391
f 3372 3373 3393
f 3372 3393 3392
f 3373 3374 3394
f 3373 3394 3393
f 3374 3375 3395
f 3374 3395 3394
f 3375 3376 3396
f 3375 3396 3395
f 3376 3377 3397
f 3376 3397 3396
f 3377 3378 3398
f 3377 3398 3397
f 3378 3379 3399
f 3378 3399 3398
f 3379 3380 3400
f 3379 3400 3399
f 3380 3361 3381
f 3380 3381 3400
f 3381 3382 3402
f 3381 3402 3401
f 3382 3383 3403
f 3382 3403 3402
f 3383 3384 3404
f 3383 3404 3403
f 3384 3385 3405
f 3384 3405 3404
f 3385 3386 3406
f 3385 3406 3405
f 3386 3387 3407
f 3386 3407 3406
f 3387 3388 3408
f 3387 3408 3407
f 3388 3389 3409
f 3388 3409 3408
f 3389 3390 3410
f 3389 3410 3409
f 3390 3391 3411
f 3390 3411 3410
f 3391 3392 3412
f 3391 3412 3411
f 3392 3393 3413
f 3392 3413 3412
f 3393 3394 3414
f 3393 3414 3413
f 3394 3395 3415
f 3394 3415 3414
f 3395 3396 3416
f 3395 3416 3415
f 3396 3397 3417
f 3396 3417 3416
f 3397 3398 3418
f 3397 3418 3417
f 3398 3399 3419
f 3398 3419 3418
f 3399 3400 3420
f 3399 3420 3419
f 3400 3381 3401
f 3400 3401 3420
o R_Upper_Arm
g R_Upper_Arm
usemtl Lux_Cyan
v 0.450000 1.920000 0.000000
v 0.680000 1.480000 0.000000
v 0.450000 1.920000 0.145000
v 0.400824 1.894294 0.133963
v 0.359135 1.872502 0.102530
v 0.331279 1.857941 0.055489
v 0.321497 1.852828 0.000000
v 0.331279 1.857941 -0.055489
v 0.359135 1.872502 -0.102530
v 0.400824 1.894294 -0.133963
v 0.450000 1.920000 -0.145000
v 0.499176 1.945706 -0.133963
v 0.540865 1.967498 -0.102530
v 0.568721 1.982059 -0.055489
v 0.578503 1.987172 -0.000000
v 0.568721 1.982059 0.055489
v 0.540865 1.967498 0.102530
v 0.499176 1.945706 0.133963
v 0.680000 1.480000 0.120000
v 0.639303 1.458726 0.110866
v 0.604801 1.440692 0.084853
v 0.581748 1.428641 0.045922
v 0.573653 1.424409 0.000000
v 0.581748 1.428641 -0.045922
v 0.604801 1.440692 -0.084853
v 0.639303 1.458726 -0.110866
v 0.680000 1.480000 -0.120000
v 0.720697 1.501274 -0.110866
v 0.755199 1.519308 -0.084853
v 0.778252 1.531359 -0.045922
v 0.786347 1.535591 -0.000000
v 0.778252 1.531359 0.045922
v 0.755199 1.519308 0.084853
v 0.720697 1.501274 0.110866
f 3423 3424 3440
f 3423 3440 3439
f 3421 3424 3423
f 3422 3439 3440
f 3424 3425 3441
f 3424 3441 3440
f 3421 3425 3424
f 3422 3440 3441
f 3425 3426 3442
f 3425 3442 3441
f 3421 3426 3425
f 3422 3441 3442
f 3426 3427 3443
f 3426 3443 3442
f 3421 3427 3426
f 3422 3442 3443
f 3427 3428 3444
f 3427 3444 3443
f 3421 3428 3427
f 3422 3443 3444
f 3428 3429 3445
f 3428 3445 3444
f 3421 3429 3428
f 3422 3444 3445
f 3429 3430 3446
f 3429 3446 3445
f 3421 3430 3429
f 3422 3445 3446
f 3430 3431 3447
f 3430 3447 3446
f 3421 3431 3430
f 3422 3446 3447
f 3431 3432 3448
f 3431 3448 3447
f 3421 3432 3431
f 3422 3447 3448
f 3432 3433 3449
f 3432 3449 3448
f 3421 3433 3432
f 3422 3448 3449
f 3433 3434 3450
f 3433 3450 3449
f 3421 3434 3433
f 3422 3449 3450
f 3434 3435 3451
f 3434 3451 3450
f 3421 3435 3434
f 3422 3450 3451
f 3435 3436 3452
f 3435 3452 3451
f 3421 3436 3435
f 3422 3451 3452
f 3436 3437 3453
f 3436 3453 3452
f 3421 3437 3436
f 3422 3452 3453
f 3437 3438 3454
f 3437 3454 3453
f 3421 3438 3437
f 3422 3453 3454
f 3438 3423 3439
f 3438 3439 3454
f 3421 3423 3438
f 3422 3454 3439
o R_Forearm
g R_Forearm
usemtl Lux_Cyan
v 0.680000 1.480000 0.000000
v 0.770000 1.080000 0.030000
v 0.680000 1.489349 0.124650
v 0.633325 1.478194 0.115945
v 0.593756 1.467314 0.089588
v 0.567317 1.458366 0.049592
v 0.558032 1.452711 0.002047
v 0.567317 1.451210 -0.045811
v 0.593756 1.454093 -0.086694
v 0.633325 1.460920 -0.114378
v 0.680000 1.470651 -0.124650
v 0.726675 1.481806 -0.115945
v 0.766244 1.492686 -0.089588
v 0.792683 1.501634 -0.049592
v 0.801968 1.507289 -0.002047
v 0.792683 1.508790 0.045811
v 0.766244 1.505907 0.086694
v 0.726675 1.499080 0.114378
v 0.770000 1.087105 0.124734
v 0.734527 1.078627 0.118118
v 0.704454 1.070359 0.098087
v 0.684361 1.063558 0.067690
v 0.677305 1.059260 0.031555
v 0.684361 1.058120 -0.004816
v 0.704454 1.060311 -0.035887
v 0.734527 1.065499 -0.056927
v 0.770000 1.072895 -0.064734
v 0.805473 1.081373 -0.058118
v 0.835546 1.089641 -0.038087
v 0.855639 1.096442 -0.007690
v 0.862695 1.100740 0.028445
v 0.855639 1.101880 0.064816
v 0.835546 1.099689 0.095887
v 0.805473 1.094501 0.116927
f 3457 3458 3474
f 3457 3474 3473
f 3455 3458 3457
f 3456 3473 3474
f 3458 3459 3475
f 3458 3475 3474
f 3455 3459 3458
f 3456 3474 3475
f 3459 3460 3476
f 3459 3476 3475
f 3455 3460 3459
f 3456 3475 3476
f 3460 3461 3477
f 3460 3477 3476
f 3455 3461 3460
f 3456 3476 3477
f 3461 3462 3478
f 3461 3478 3477
f 3455 3462 3461
f 3456 3477 3478
f 3462 3463 3479
f 3462 3479 3478
f 3455 3463 3462
f 3456 3478 3479
f 3463 3464 3480
f 3463 3480 3479
f 3455 3464 3463
f 3456 3479 3480
f 3464 3465 3481
f 3464 3481 3480
f 3455 3465 3464
f 3456 3480 3481
f 3465 3466 3482
f 3465 3482 3481
f 3455 3466 3465
f 3456 3481 3482
f 3466 3467 3483
f 3466 3483 3482
f 3455 3467 3466
f 3456 3482 3483
f 3467 3468 3484
f 3467 3484 3483
f 3455 3468 3467
f 3456 3483 3484
f 3468 3469 3485
f 3468 3485 3484
f 3455 3469 3468
f 3456 3484 3485
f 3469 3470 3486
f 3469 3486 3485
f 3455 3470 3469
f 3456 3485 3486
f 3470 3471 3487
f 3470 3487 3486
f 3455 3471 3470
f 3456 3486 3487
f 3471 3472 3488
f 3471 3488 3487
f 3455 3472 3471
f 3456 3487 3488
f 3472 3457 3473
f 3472 3473 3488
f 3455 3457 3472
f 3456 3488 3473
o R_Wrist_Band
g R_Wrist_Band
usemtl Hot_Pink
v 0.770000 1.150000 0.030000
v 0.770000 1.080000 0.030000
v 0.770000 1.150000 0.150000
v 0.724078 1.150000 0.140866
v 0.685147 1.150000 0.114853
v 0.659134 1.150000 0.075922
v 0.650000 1.150000 0.030000
v 0.659134 1.150000 -0.015922
v 0.685147 1.150000 -0.054853
v 0.724078 1.150000 -0.080866
v 0.770000 1.150000 -0.090000
v 0.815922 1.150000 -0.080866
v 0.854853 1.150000 -0.054853
v 0.880866 1.150000 -0.015922
v 0.890000 1.150000 0.030000
v 0.880866 1.150000 0.075922
v 0.854853 1.150000 0.114853
v 0.815922 1.150000 0.140866
v 0.770000 1.080000 0.140000
v 0.727905 1.080000 0.131627
v 0.692218 1.080000 0.107782
v 0.668373 1.080000 0.072095
v 0.660000 1.080000 0.030000
v 0.668373 1.080000 -0.012095
v 0.692218 1.080000 -0.047782
v 0.727905 1.080000 -0.071627
v 0.770000 1.080000 -0.080000
v 0.812095 1.080000 -0.071627
v 0.847782 1.080000 -0.047782
v 0.871627 1.080000 -0.012095
v 0.880000 1.080000 0.030000
v 0.871627 1.080000 0.072095
v 0.847782 1.080000 0.107782
v 0.812095 1.080000 0.131627
f 3491 3492 3508
f 3491 3508 3507
f 3489 3492 3491
f 3490 3507 3508
f 3492 3493 3509
f 3492 3509 3508
f 3489 3493 3492
f 3490 3508 3509
f 3493 3494 3510
f 3493 3510 3509
f 3489 3494 3493
f 3490 3509 3510
f 3494 3495 3511
f 3494 3511 3510
f 3489 3495 3494
f 3490 3510 3511
f 3495 3496 3512
f 3495 3512 3511
f 3489 3496 3495
f 3490 3511 3512
f 3496 3497 3513
f 3496 3513 3512
f 3489 3497 3496
f 3490 3512 3513
f 3497 3498 3514
f 3497 3514 3513
f 3489 3498 3497
f 3490 3513 3514
f 3498 3499 3515
f 3498 3515 3514
f 3489 3499 3498
f 3490 3514 3515
f 3499 3500 3516
f 3499 3516 3515
f 3489 3500 3499
f 3490 3515 3516
f 3500 3501 3517
f 3500 3517 3516
f 3489 3501 3500
f 3490 3516 3517
f 3501 3502 3518
f 3501 3518 3517
f 3489 3502 3501
f 3490 3517 3518
f 3502 3503 3519
f 3502 3519 3518
f 3489 3503 3502
f 3490 3518 3519
f 3503 3504 3520
f 3503 3520 3519
f 3489 3504 3503
f 3490 3519 3520
f 3504 3505 3521
f 3504 3521 3520
f 3489 3505 3504
f 3490 3520 3521
f 3505 3506 3522
f 3505 3522 3521
f 3489 3506 3505
f 3490 3521 3522
f 3506 3491 3507
f 3506 3507 3522
f 3489 3491 3506
f 3490 3522 3507
o R_Glove
g R_Glove
usemtl Grip_Black
v 0.770000 0.830000 0.040000
v 0.770000 0.830000 0.040000
v 0.770000 0.830000 0.040000
v 0.770000 0.830000 0.040000
v 0.770000 0.830000 0.040000
v 0.770000 0.830000 0.040000
v 0.770000 0.830000 0.040000
v 0.770000 0.830000 0.040000
v 0.770000 0.830000 0.040000
v 0.770000 0.830000 0.040000
v 0.770000 0.830000 0.040000
v 0.770000 0.830000 0.040000
v 0.770000 0.830000 0.040000
v 0.770000 0.830000 0.040000
v 0.770000 0.830000 0.040000
v 0.770000 0.830000 0.040000
v 0.770000 0.830000 0.040000
v 0.770000 0.830000 0.040000
v 0.770000 0.830000 0.040000
v 0.770000 0.830000 0.040000
v 0.821559 0.833430 0.040000
v 0.819967 0.833430 0.061655
v 0.815162 0.833430 0.072365
v 0.806988 0.833430 0.079517
v 0.794748 0.833430 0.083721
v 0.770000 0.833430 0.085114
v 0.745252 0.833430 0.083721
v 0.733012 0.833430 0.079517
v 0.724838 0.833430 0.072365
v 0.720033 0.833430 0.061655
v 0.718441 0.833430 0.040000
v 0.720033 0.833430 0.018345
v 0.724838 0.833430 0.007635
v 0.733012 0.833430 0.000483
v 0.745252 0.833430 -0.003721
v 0.770000 0.833430 -0.005114
v 0.794748 0.833430 -0.003721
v 0.806988 0.833430 0.000483
v 0.815162 0.833430 0.007635
v 0.819967 0.833430 0.018345
v 0.847810 0.843756 0.040000
v 0.845408 0.843756 0.072680
v 0.838157 0.843756 0.088844
v 0.825821 0.843756 0.099637
v 0.807349 0.843756 0.105982
v 0.770000 0.843756 0.108084
v 0.732651 0.843756 0.105982
v 0.714179 0.843756 0.099637
v 0.701843 0.843756 0.088844
v 0.694592 0.843756 0.072680
v 0.692190 0.843756 0.040000
v 0.694592 0.843756 0.007320
v 0.701843 0.843756 -0.008844
v 0.714179 0.843756 -0.019637
v 0.732651 0.843756 -0.025982
v 0.770000 0.843756 -0.028084
v 0.807349 0.843756 -0.025982
v 0.825821 0.843756 -0.019637
v 0.838157 0.843756 -0.008844
v 0.845408 0.843756 0.007320
v 0.866629 0.861161 0.040000
v 0.863646 0.861161 0.080584
v 0.854641 0.861161 0.100657
v 0.839322 0.861161 0.114061
v 0.816382 0.861161 0.121940
v 0.770000 0.861161 0.124551
v 0.723618 0.861161 0.121940
v 0.700678 0.861161 0.114061
v 0.685359 0.861161 0.100657
v 0.676354 0.861161 0.080584
v 0.673371 0.861161 0.040000
v 0.676354 0.861161 -0.000584
v 0.685359 0.861161 -0.020657
v 0.700678 0.861161 -0.034061
v 0.723618 0.861161 -0.041940
v 0.770000 0.861161 -0.044551
v 0.816382 0.861161 -0.041940
v 0.839322 0.861161 -0.034061
v 0.854641 0.861161 -0.020657
v 0.863646 0.861161 -0.000584
v 0.879683 0.886253 0.040000
v 0.876296 0.886253 0.086066
v 0.866075 0.886253 0.108851
v 0.848686 0.886253 0.124066
v 0.822647 0.886253 0.133009
v 0.770000 0.886253 0.135972
v 0.717353 0.886253 0.133009
v 0.691314 0.886253 0.124066
v 0.673925 0.886253 0.108851
v 0.663704 0.886253 0.086066
v 0.660317 0.886253 0.040000
v 0.663704 0.886253 -0.006066
v 0.673925 0.886253 -0.028851
v 0.691314 0.886253 -0.044066
v 0.717353 0.886253 -0.053009
v 0.770000 0.886253 -0.055972
v 0.822647 0.886253 -0.053009
v 0.848686 0.886253 -0.044066
v 0.866075 0.886253 -0.028851
v 0.876296 0.886253 -0.006066
v 0.887428 0.921255 0.040000
v 0.883802 0.921255 0.089319
v 0.872860 0.921255 0.113712
v 0.854243 0.921255 0.130002
v 0.826365 0.921255 0.139577
v 0.770000 0.921255 0.142749
v 0.713635 0.921255 0.139577
v 0.685757 0.921255 0.130002
v 0.667140 0.921255 0.113712
v 0.656198 0.921255 0.089319
v 0.652572 0.921255 0.040000
v 0.656198 0.921255 -0.009319
v 0.667140 0.921255 -0.033712
v 0.685757 0.921255 -0.050002
v 0.713635 0.921255 -0.059577
v 0.770000 0.921255 -0.062749
v 0.826365 0.921255 -0.059577
v 0.854243 0.921255 -0.050002
v 0.872860 0.921255 -0.033712
v 0.883802 0.921255 -0.009319
v 0.890000 0.990000 0.040000
v 0.886295 0.990000 0.090400
v 0.875113 0.990000 0.115327
v 0.856088 0.990000 0.131974
v 0.827600 0.990000 0.141758
v 0.770000 0.990000 0.145000
v 0.712400 0.990000 0.141758
v 0.683912 0.990000 0.131974
v 0.664887 0.990000 0.115327
v 0.653705 0.990000 0.090400
v 0.650000 0.990000 0.040000
v 0.653705 0.990000 -0.010400
v 0.664887 0.990000 -0.035327
v 0.683912 0.990000 -0.051974
v 0.712400 0.990000 -0.061758
v 0.770000 0.990000 -0.065000
v 0.827600 0.990000 -0.061758
v 0.856088 0.990000 -0.051974
v 0.875113 0.990000 -0.035327
v 0.886295 0.990000 -0.010400
v 0.887428 1.058745 0.040000
v 0.883802 1.058745 0.089319
v 0.872860 1.058745 0.113712
v 0.854243 1.058745 0.130002
v 0.826365 1.058745 0.139577
v 0.770000 1.058745 0.142749
v 0.713635 1.058745 0.139577
v 0.685757 1.058745 0.130002
v 0.667140 1.058745 0.113712
v 0.656198 1.058745 0.089319
v 0.652572 1.058745 0.040000
v 0.656198 1.058745 -0.009319
v 0.667140 1.058745 -0.033712
v 0.685757 1.058745 -0.050002
v 0.713635 1.058745 -0.059577
v 0.770000 1.058745 -0.062749
v 0.826365 1.058745 -0.059577
v 0.854243 1.058745 -0.050002
v 0.872860 1.058745 -0.033712
v 0.883802 1.058745 -0.009319
v 0.879683 1.093747 0.040000
v 0.876296 1.093747 0.086066
v 0.866075 1.093747 0.108851
v 0.848686 1.093747 0.124066
v 0.822647 1.093747 0.133009
v 0.770000 1.093747 0.135972
v 0.717353 1.093747 0.133009
v 0.691314 1.093747 0.124066
v 0.673925 1.093747 0.108851
v 0.663704 1.093747 0.086066
v 0.660317 1.093747 0.040000
v 0.663704 1.093747 -0.006066
v 0.673925 1.093747 -0.028851
v 0.691314 1.093747 -0.044066
v 0.717353 1.093747 -0.053009
v 0.770000 1.093747 -0.055972
v 0.822647 1.093747 -0.053009
v 0.848686 1.093747 -0.044066
v 0.866075 1.093747 -0.028851
v 0.876296 1.093747 -0.006066
v 0.866629 1.118839 0.040000
v 0.863646 1.118839 0.080584
v 0.854641 1.118839 0.100657
v 0.839322 1.118839 0.114061
v 0.816382 1.118839 0.121940
v 0.770000 1.118839 0.124551
v 0.723618 1.118839 0.121940
v 0.700678 1.118839 0.114061
v 0.685359 1.118839 0.100657
v 0.676354 1.118839 0.080584
v 0.673371 1.118839 0.040000
v 0.676354 1.118839 -0.000584
v 0.685359 1.118839 -0.020657
v 0.700678 1.118839 -0.034061
v 0.723618 1.118839 -0.041940
v 0.770000 1.118839 -0.044551
v 0.816382 1.118839 -0.041940
v 0.839322 1.118839 -0.034061
v 0.854641 1.118839 -0.020657
v 0.863646 1.118839 -0.000584
v 0.847810 1.136244 0.040000
v 0.845408 1.136244 0.072680
v 0.838157 1.136244 0.088844
v 0.825821 1.136244 0.099637
v 0.807349 1.136244 0.105982
v 0.770000 1.136244 0.108084
v 0.732651 1.136244 0.105982
v 0.714179 1.136244 0.099637
v 0.701843 1.136244 0.088844
v 0.694592 1.136244 0.072680
v 0.692190 1.136244 0.040000
v 0.694592 1.136244 0.007320
v 0.701843 1.136244 -0.008844
v 0.714179 1.136244 -0.019637
v 0.732651 1.136244 -0.025982
v 0.770000 1.136244 -0.028084
v 0.807349 1.136244 -0.025982
v 0.825821 1.136244 -0.019637
v 0.838157 1.136244 -0.008844
v 0.845408 1.136244 0.007320
v 0.821559 1.146570 0.040000
v 0.819967 1.146570 0.061655
v 0.815162 1.146570 0.072365
v 0.806988 1.146570 0.079517
v 0.794748 1.146570 0.083721
v 0.770000 1.146570 0.085114
v 0.745252 1.146570 0.083721
v 0.733012 1.146570 0.079517
v 0.724838 1.146570 0.072365
v 0.720033 1.146570 0.061655
v 0.718441 1.146570 0.040000
v 0.720033 1.146570 0.018345
v 0.724838 1.146570 0.007635
v 0.733012 1.146570 0.000483
v 0.745252 1.146570 -0.003721
v 0.770000 1.146570 -0.005114
v 0.794748 1.146570 -0.003721
v 0.806988 1.146570 0.000483
v 0.815162 1.146570 0.007635
v 0.819967 1.146570 0.018345
v 0.770000 1.150000 0.040000
v 0.770000 1.150000 0.040000
v 0.770000 1.150000 0.040000
v 0.770000 1.150000 0.040000
v 0.770000 1.150000 0.040000
v 0.770000 1.150000 0.040000
v 0.770000 1.150000 0.040000
v 0.770000 1.150000 0.040000
v 0.770000 1.150000 0.040000
v 0.770000 1.150000 0.040000
v 0.770000 1.150000 0.040000
v 0.770000 1.150000 0.040000
v 0.770000 1.150000 0.040000
v 0.770000 1.150000 0.040000
v 0.770000 1.150000 0.040000
v 0.770000 1.150000 0.040000
v 0.770000 1.150000 0.040000
v 0.770000 1.150000 0.040000
v 0.770000 1.150000 0.040000
v 0.770000 1.150000 0.040000
f 3523 3524 3544
f 3523 3544 3543
f 3524 3525 3545
f 3524 3545 3544
f 3525 3526 3546
f 3525 3546 3545
f 3526 3527 3547
f 3526 3547 3546
f 3527 3528 3548
f 3527 3548 3547
f 3528 3529 3549
f 3528 3549 3548
f 3529 3530 3550
f 3529 3550 3549
f 3530 3531 3551
f 3530 3551 3550
f 3531 3532 3552
f 3531 3552 3551
f 3532 3533 3553
f 3532 3553 3552
f 3533 3534 3554
f 3533 3554 3553
f 3534 3535 3555
f 3534 3555 3554
f 3535 3536 3556
f 3535 3556 3555
f 3536 3537 3557
f 3536 3557 3556
f 3537 3538 3558
f 3537 3558 3557
f 3538 3539 3559
f 3538 3559 3558
f 3539 3540 3560
f 3539 3560 3559
f 3540 3541 3561
f 3540 3561 3560
f 3541 3542 3562
f 3541 3562 3561
f 3542 3523 3543
f 3542 3543 3562
f 3543 3544 3564
f 3543 3564 3563
f 3544 3545 3565
f 3544 3565 3564
f 3545 3546 3566
f 3545 3566 3565
f 3546 3547 3567
f 3546 3567 3566
f 3547 3548 3568
f 3547 3568 3567
f 3548 3549 3569
f 3548 3569 3568
f 3549 3550 3570
f 3549 3570 3569
f 3550 3551 3571
f 3550 3571 3570
f 3551 3552 3572
f 3551 3572 3571
f 3552 3553 3573
f 3552 3573 3572
f 3553 3554 3574
f 3553 3574 3573
f 3554 3555 3575
f 3554 3575 3574
f 3555 3556 3576
f 3555 3576 3575
f 3556 3557 3577
f 3556 3577 3576
f 3557 3558 3578
f 3557 3578 3577
f 3558 3559 3579
f 3558 3579 3578
f 3559 3560 3580
f 3559 3580 3579
f 3560 3561 3581
f 3560 3581 3580
f 3561 3562 3582
f 3561 3582 3581
f 3562 3543 3563
f 3562 3563 3582
f 3563 3564 3584
f 3563 3584 3583
f 3564 3565 3585
f 3564 3585 3584
f 3565 3566 3586
f 3565 3586 3585
f 3566 3567 3587
f 3566 3587 3586
f 3567 3568 3588
f 3567 3588 3587
f 3568 3569 3589
f 3568 3589 3588
f 3569 3570 3590
f 3569 3590 3589
f 3570 3571 3591
f 3570 3591 3590
f 3571 3572 3592
f 3571 3592 3591
f 3572 3573 3593
f 3572 3593 3592
f 3573 3574 3594
f 3573 3594 3593
f 3574 3575 3595
f 3574 3595 3594
f 3575 3576 3596
f 3575 3596 3595
f 3576 3577 3597
f 3576 3597 3596
f 3577 3578 3598
f 3577 3598 3597
f 3578 3579 3599
f 3578 3599 3598
f 3579 3580 3600
f 3579 3600 3599
f 3580 3581 3601
f 3580 3601 3600
f 3581 3582 3602
f 3581 3602 3601
f 3582 3563 3583
f 3582 3583 3602
f 3583 3584 3604
f 3583 3604 3603
f 3584 3585 3605
f 3584 3605 3604
f 3585 3586 3606
f 3585 3606 3605
f 3586 3587 3607
f 3586 3607 3606
f 3587 3588 3608
f 3587 3608 3607
f 3588 3589 3609
f 3588 3609 3608
f 3589 3590 3610
f 3589 3610 3609
f 3590 3591 3611
f 3590 3611 3610
f 3591 3592 3612
f 3591 3612 3611
f 3592 3593 3613
f 3592 3613 3612
f 3593 3594 3614
f 3593 3614 3613
f 3594 3595 3615
f 3594 3615 3614
f 3595 3596 3616
f 3595 3616 3615
f 3596 3597 3617
f 3596 3617 3616
f 3597 3598 3618
f 3597 3618 3617
f 3598 3599 3619
f 3598 3619 3618
f 3599 3600 3620
f 3599 3620 3619
f 3600 3601 3621
f 3600 3621 3620
f 3601 3602 3622
f 3601 3622 3621
f 3602 3583 3603
f 3602 3603 3622
f 3603 3604 3624
f 3603 3624 3623
f 3604 3605 3625
f 3604 3625 3624
f 3605 3606 3626
f 3605 3626 3625
f 3606 3607 3627
f 3606 3627 3626
f 3607 3608 3628
f 3607 3628 3627
f 3608 3609 3629
f 3608 3629 3628
f 3609 3610 3630
f 3609 3630 3629
f 3610 3611 3631
f 3610 3631 3630
f 3611 3612 3632
f 3611 3632 3631
f 3612 3613 3633
f 3612 3633 3632
f 3613 3614 3634
f 3613 3634 3633
f 3614 3615 3635
f 3614 3635 3634
f 3615 3616 3636
f 3615 3636 3635
f 3616 3617 3637
f 3616 3637 3636
f 3617 3618 3638
f 3617 3638 3637
f 3618 3619 3639
f 3618 3639 3638
f 3619 3620 3640
f 3619 3640 3639
f 3620 3621 3641
f 3620 3641 3640
f 3621 3622 3642
f 3621 3642 3641
f 3622 3603 3623
f 3622 3623 3642
f 3623 3624 3644
f 3623 3644 3643
f 3624 3625 3645
f 3624 3645 3644
f 3625 3626 3646
f 3625 3646 3645
f 3626 3627 3647
f 3626 3647 3646
f 3627 3628 3648
f 3627 3648 3647
f 3628 3629 3649
f 3628 3649 3648
f 3629 3630 3650
f 3629 3650 3649
f 3630 3631 3651
f 3630 3651 3650
f 3631 3632 3652
f 3631 3652 3651
f 3632 3633 3653
f 3632 3653 3652
f 3633 3634 3654
f 3633 3654 3653
f 3634 3635 3655
f 3634 3655 3654
f 3635 3636 3656
f 3635 3656 3655
f 3636 3637 3657
f 3636 3657 3656
f 3637 3638 3658
f 3637 3658 3657
f 3638 3639 3659
f 3638 3659 3658
f 3639 3640 3660
f 3639 3660 3659
f 3640 3641 3661
f 3640 3661 3660
f 3641 3642 3662
f 3641 3662 3661
f 3642 3623 3643
f 3642 3643 3662
f 3643 3644 3664
f 3643 3664 3663
f 3644 3645 3665
f 3644 3665 3664
f 3645 3646 3666
f 3645 3666 3665
f 3646 3647 3667
f 3646 3667 3666
f 3647 3648 3668
f 3647 3668 3667
f 3648 3649 3669
f 3648 3669 3668
f 3649 3650 3670
f 3649 3670 3669
f 3650 3651 3671
f 3650 3671 3670
f 3651 3652 3672
f 3651 3672 3671
f 3652 3653 3673
f 3652 3673 3672
f 3653 3654 3674
f 3653 3674 3673
f 3654 3655 3675
f 3654 3675 3674
f 3655 3656 3676
f 3655 3676 3675
f 3656 3657 3677
f 3656 3677 3676
f 3657 3658 3678
f 3657 3678 3677
f 3658 3659 3679
f 3658 3679 3678
f 3659 3660 3680
f 3659 3680 3679
f 3660 3661 3681
f 3660 3681 3680
f 3661 3662 3682
f 3661 3682 3681
f 3662 3643 3663
f 3662 3663 3682
f 3663 3664 3684
f 3663 3684 3683
f 3664 3665 3685
f 3664 3685 3684
f 3665 3666 3686
f 3665 3686 3685
f 3666 3667 3687
f 3666 3687 3686
f 3667 3668 3688
f 3667 3688 3687
f 3668 3669 3689
f 3668 3689 3688
f 3669 3670 3690
f 3669 3690 3689
f 3670 3671 3691
f 3670 3691 3690
f 3671 3672 3692
f 3671 3692 3691
f 3672 3673 3693
f 3672 3693 3692
f 3673 3674 3694
f 3673 3694 3693
f 3674 3675 3695
f 3674 3695 3694
f 3675 3676 3696
f 3675 3696 3695
f 3676 3677 3697
f 3676 3697 3696
f 3677 3678 3698
f 3677 3698 3697
f 3678 3679 3699
f 3678 3699 3698
f 3679 3680 3700
f 3679 3700 3699
f 3680 3681 3701
f 3680 3701 3700
f 3681 3682 3702
f 3681 3702 3701
f 3682 3663 3683
f 3682 3683 3702
f 3683 3684 3704
f 3683 3704 3703
f 3684 3685 3705
f 3684 3705 3704
f 3685 3686 3706
f 3685 3706 3705
f 3686 3687 3707
f 3686 3707 3706
f 3687 3688 3708
f 3687 3708 3707
f 3688 3689 3709
f 3688 3709 3708
f 3689 3690 3710
f 3689 3710 3709
f 3690 3691 3711
f 3690 3711 3710
f 3691 3692 3712
f 3691 3712 3711
f 3692 3693 3713
f 3692 3713 3712
f 3693 3694 3714
f 3693 3714 3713
f 3694 3695 3715
f 3694 3715 3714
f 3695 3696 3716
f 3695 3716 3715
f 3696 3697 3717
f 3696 3717 3716
f 3697 3698 3718
f 3697 3718 3717
f 3698 3699 3719
f 3698 3719 3718
f 3699 3700 3720
f 3699 3720 3719
f 3700 3701 3721
f 3700 3721 3720
f 3701 3702 3722
f 3701 3722 3721
f 3702 3683 3703
f 3702 3703 3722
f 3703 3704 3724
f 3703 3724 3723
f 3704 3705 3725
f 3704 3725 3724
f 3705 3706 3726
f 3705 3726 3725
f 3706 3707 3727
f 3706 3727 3726
f 3707 3708 3728
f 3707 3728 3727
f 3708 3709 3729
f 3708 3729 3728
f 3709 3710 3730
f 3709 3730 3729
f 3710 3711 3731
f 3710 3731 3730
f 3711 3712 3732
f 3711 3732 3731
f 3712 3713 3733
f 3712 3733 3732
f 3713 3714 3734
f 3713 3734 3733
f 3714 3715 3735
f 3714 3735 3734
f 3715 3716 3736
f 3715 3736 3735
f 3716 3717 3737
f 3716 3737 3736
f 3717 3718 3738
f 3717 3738 3737
f 3718 3719 3739
f 3718 3739 3738
f 3719 3720 3740
f 3719 3740 3739
f 3720 3721 3741
f 3720 3741 3740
f 3721 3722 3742
f 3721 3742 3741
f 3722 3703 3723
f 3722 3723 3742
f 3723 3724 3744
f 3723 3744 3743
f 3724 3725 3745
f 3724 3745 3744
f 3725 3726 3746
f 3725 3746 3745
f 3726 3727 3747
f 3726 3747 3746
f 3727 3728 3748
f 3727 3748 3747
f 3728 3729 3749
f 3728 3749 3748
f 3729 3730 3750
f 3729 3750 3749
f 3730 3731 3751
f 3730 3751 3750
f 3731 3732 3752
f 3731 3752 3751
f 3732 3733 3753
f 3732 3753 3752
f 3733 3734 3754
f 3733 3754 3753
f 3734 3735 3755
f 3734 3755 3754
f 3735 3736 3756
f 3735 3756 3755
f 3736 3737 3757
f 3736 3757 3756
f 3737 3738 3758
f 3737 3758 3757
f 3738 3739 3759
f 3738 3759 3758
f 3739 3740 3760
f 3739 3760 3759
f 3740 3741 3761
f 3740 3761 3760
f 3741 3742 3762
f 3741 3762 3761
f 3742 3723 3743
f 3742 3743 3762
f 3743 3744 3764
f 3743 3764 3763
f 3744 3745 3765
f 3744 3765 3764
f 3745 3746 3766
f 3745 3766 3765
f 3746 3747 3767
f 3746 3767 3766
f 3747 3748 3768
f 3747 3768 3767
f 3748 3749 3769
f 3748 3769 3768
f 3749 3750 3770
f 3749 3770 3769
f 3750 3751 3771
f 3750 3771 3770
f 3751 3752 3772
f 3751 3772 3771
f 3752 3753 3773
f 3752 3773 3772
f 3753 3754 3774
f 3753 3774 3773
f 3754 3755 3775
f 3754 3775 3774
f 3755 3756 3776
f 3755 3776 3775
f 3756 3757 3777
f 3756 3777 3776
f 3757 3758 3778
f 3757 3778 3777
f 3758 3759 3779
f 3758 3779 3778
f 3759 3760 3780
f 3759 3780 3779
f 3760 3761 3781
f 3760 3781 3780
f 3761 3762 3782
f 3761 3782 3781
f 3762 3743 3763
f 3762 3763 3782
o Head
g Head
usemtl Lux_Cyan
v 0.000000 1.920000 0.000000
v 0.000000 1.920000 0.000000
v 0.000000 1.920000 0.000000
v 0.000000 1.920000 0.000000
v 0.000000 1.920000 0.000000
v 0.000000 1.920000 0.000000
v -0.000000 1.920000 0.000000
v -0.000000 1.920000 0.000000
v -0.000000 1.920000 0.000000
v -0.000000 1.920000 0.000000
v -0.000000 1.920000 0.000000
v -0.000000 1.920000 -0.000000
v -0.000000 1.920000 -0.000000
v -0.000000 1.920000 -0.000000
v -0.000000 1.920000 -0.000000
v -0.000000 1.920000 -0.000000
v 0.000000 1.920000 -0.000000
v 0.000000 1.920000 -0.000000
v 0.000000 1.920000 -0.000000
v 0.000000 1.920000 -0.000000
v 0.095763 1.932948 0.000000
v 0.091076 1.932948 0.027193
v 0.077474 1.932948 0.051724
v 0.056288 1.932948 0.071192
v 0.029592 1.932948 0.083692
v 0.000000 1.932948 0.087998
v -0.029592 1.932948 0.083692
v -0.056288 1.932948 0.071192
v -0.077474 1.932948 0.051724
v -0.091076 1.932948 0.027193
v -0.095763 1.932948 0.000000
v -0.091076 1.932948 -0.027193
v -0.077474 1.932948 -0.051724
v -0.056288 1.932948 -0.071192
v -0.029592 1.932948 -0.083692
v -0.000000 1.932948 -0.087998
v 0.029592 1.932948 -0.083692
v 0.056288 1.932948 -0.071192
v 0.077474 1.932948 -0.051724
v 0.091076 1.932948 -0.027193
v 0.185000 1.970910 0.000000
v 0.175945 1.970910 0.052533
v 0.149668 1.970910 0.099923
v 0.108740 1.970910 0.137533
v 0.057168 1.970910 0.161680
v 0.000000 1.970910 0.170000
v -0.057168 1.970910 0.161680
v -0.108740 1.970910 0.137533
v -0.149668 1.970910 0.099923
v -0.175945 1.970910 0.052533
v -0.185000 1.970910 0.000000
v -0.175945 1.970910 -0.052533
v -0.149668 1.970910 -0.099923
v -0.108740 1.970910 -0.137533
v -0.057168 1.970910 -0.161680
v -0.000000 1.970910 -0.170000
v 0.057168 1.970910 -0.161680
v 0.108740 1.970910 -0.137533
v 0.149668 1.970910 -0.099923
v 0.175945 1.970910 -0.052533
v 0.261630 2.031299 0.000000
v 0.248824 2.031299 0.074293
v 0.211663 2.031299 0.141313
v 0.153782 2.031299 0.194501
v 0.080848 2.031299 0.228649
v 0.000000 2.031299 0.240416
v -0.080848 2.031299 0.228649
v -0.153782 2.031299 0.194501
v -0.211663 2.031299 0.141313
v -0.248824 2.031299 0.074293
v -0.261630 2.031299 0.000000
v -0.248824 2.031299 -0.074293
v -0.211663 2.031299 -0.141313
v -0.153782 2.031299 -0.194501
v -0.080848 2.031299 -0.228649
v -0.000000 2.031299 -0.240416
v 0.080848 2.031299 -0.228649
v 0.153782 2.031299 -0.194501
v 0.211663 2.031299 -0.141313
v 0.248824 2.031299 -0.074293
v 0.320429 2.110000 0.000000
v 0.304746 2.110000 0.090990
v 0.259233 2.110000 0.173073
v 0.188344 2.110000 0.238214
v 0.099018 2.110000 0.280037
v 0.000000 2.110000 0.294449
v -0.099018 2.110000 0.280037
v -0.188344 2.110000 0.238214
v -0.259233 2.110000 0.173073
v -0.304746 2.110000 0.090990
v -0.320429 2.110000 0.000000
v -0.304746 2.110000 -0.090990
v -0.259233 2.110000 -0.173073
v -0.188344 2.110000 -0.238214
v -0.099018 2.110000 -0.280037
v -0.000000 2.110000 -0.294449
v 0.099018 2.110000 -0.280037
v 0.188344 2.110000 -0.238214
v 0.259233 2.110000 -0.173073
v 0.304746 2.110000 -0.090990
v 0.357393 2.201649 0.000000
v 0.339901 2.201649 0.101486
v 0.289137 2.201649 0.193037
v 0.210070 2.201649 0.265693
v 0.110440 2.201649 0.312341
v 0.000000 2.201649 0.328415
v -0.110440 2.201649 0.312341
v -0.210070 2.201649 0.265693
v -0.289137 2.201649 0.193037
v -0.339901 2.201649 0.101486
v -0.357393 2.201649 0.000000
v -0.339901 2.201649 -0.101486
v -0.289137 2.201649 -0.193037
v -0.210070 2.201649 -0.265693
v -0.110440 2.201649 -0.312341
v -0.000000 2.201649 -0.328415
v 0.110440 2.201649 -0.312341
v 0.210070 2.201649 -0.265693
v 0.289137 2.201649 -0.193037
v 0.339901 2.201649 -0.101486
v 0.370000 2.300000 0.000000
v 0.351891 2.300000 0.105066
v 0.299336 2.300000 0.199847
v 0.217481 2.300000 0.275066
v 0.114336 2.300000 0.323359
v 0.000000 2.300000 0.340000
v -0.114336 2.300000 0.323359
v -0.217481 2.300000 0.275066
v -0.299336 2.300000 0.199847
v -0.351891 2.300000 0.105066
v -0.370000 2.300000 0.000000
v -0.351891 2.300000 -0.105066
v -0.299336 2.300000 -0.199847
v -0.217481 2.300000 -0.275066
v -0.114336 2.300000 -0.323359
v -0.000000 2.300000 -0.340000
v 0.114336 2.300000 -0.323359
v 0.217481 2.300000 -0.275066
v 0.299336 2.300000 -0.199847
v 0.351891 2.300000 -0.105066
v 0.357393 2.398351 0.000000
v 0.339901 2.398351 0.101486
v 0.289137 2.398351 0.193037
v 0.210070 2.398351 0.265693
v 0.110440 2.398351 0.312341
v 0.000000 2.398351 0.328415
v -0.110440 2.398351 0.312341
v -0.210070 2.398351 0.265693
v -0.289137 2.398351 0.193037
v -0.339901 2.398351 0.101486
v -0.357393 2.398351 0.000000
v -0.339901 2.398351 -0.101486
v -0.289137 2.398351 -0.193037
v -0.210070 2.398351 -0.265693
v -0.110440 2.398351 -0.312341
v -0.000000 2.398351 -0.328415
v 0.110440 2.398351 -0.312341
v 0.210070 2.398351 -0.265693
v 0.289137 2.398351 -0.193037
v 0.339901 2.398351 -0.101486
v 0.320429 2.490000 0.000000
v 0.304746 2.490000 0.090990
v 0.259233 2.490000 0.173073
v 0.188344 2.490000 0.238214
v 0.099018 2.490000 0.280037
v 0.000000 2.490000 0.294449
v -0.099018 2.490000 0.280037
v -0.188344 2.490000 0.238214
v -0.259233 2.490000 0.173073
v -0.304746 2.490000 0.090990
v -0.320429 2.490000 0.000000
v -0.304746 2.490000 -0.090990
v -0.259233 2.490000 -0.173073
v -0.188344 2.490000 -0.238214
v -0.099018 2.490000 -0.280037
v -0.000000 2.490000 -0.294449
v 0.099018 2.490000 -0.280037
v 0.188344 2.490000 -0.238214
v 0.259233 2.490000 -0.173073
v 0.304746 2.490000 -0.090990
v 0.261630 2.568701 0.000000
v 0.248824 2.568701 0.074293
v 0.211663 2.568701 0.141313
v 0.153782 2.568701 0.194501
v 0.080848 2.568701 0.228649
v 0.000000 2.568701 0.240416
v -0.080848 2.568701 0.228649
v -0.153782 2.568701 0.194501
v -0.211663 2.568701 0.141313
v -0.248824 2.568701 0.074293
v -0.261630 2.568701 0.000000
v -0.248824 2.568701 -0.074293
v -0.211663 2.568701 -0.141313
v -0.153782 2.568701 -0.194501
v -0.080848 2.568701 -0.228649
v -0.000000 2.568701 -0.240416
v 0.080848 2.568701 -0.228649
v 0.153782 2.568701 -0.194501
v 0.211663 2.568701 -0.141313
v 0.248824 2.568701 -0.074293
v 0.185000 2.629090 0.000000
v 0.175945 2.629090 0.052533
v 0.149668 2.629090 0.099923
v 0.108740 2.629090 0.137533
v 0.057168 2.629090 0.161680
v 0.000000 2.629090 0.170000
v -0.057168 2.629090 0.161680
v -0.108740 2.629090 0.137533
v -0.149668 2.629090 0.099923
v -0.175945 2.629090 0.052533
v -0.185000 2.629090 0.000000
v -0.175945 2.629090 -0.052533
v -0.149668 2.629090 -0.099923
v -0.108740 2.629090 -0.137533
v -0.057168 2.629090 -0.161680
v -0.000000 2.629090 -0.170000
v 0.057168 2.629090 -0.161680
v 0.108740 2.629090 -0.137533
v 0.149668 2.629090 -0.099923
v 0.175945 2.629090 -0.052533
v 0.095763 2.667052 0.000000
v 0.091076 2.667052 0.027193
v 0.077474 2.667052 0.051724
v 0.056288 2.667052 0.071192
v 0.029592 2.667052 0.083692
v 0.000000 2.667052 0.087998
v -0.029592 2.667052 0.083692
v -0.056288 2.667052 0.071192
v -0.077474 2.667052 0.051724
v -0.091076 2.667052 0.027193
v -0.095763 2.667052 0.000000
v -0.091076 2.667052 -0.027193
v -0.077474 2.667052 -0.051724
v -0.056288 2.667052 -0.071192
v -0.029592 2.667052 -0.083692
v -0.000000 2.667052 -0.087998
v 0.029592 2.667052 -0.083692
v 0.056288 2.667052 -0.071192
v 0.077474 2.667052 -0.051724
v 0.091076 2.667052 -0.027193
v 0.000000 2.680000 0.000000
v 0.000000 2.680000 0.000000
v 0.000000 2.680000 0.000000
v 0.000000 2.680000 0.000000
v 0.000000 2.680000 0.000000
v 0.000000 2.680000 0.000000
v -0.000000 2.680000 0.000000
v -0.000000 2.680000 0.000000
v -0.000000 2.680000 0.000000
v -0.000000 2.680000 0.000000
v -0.000000 2.680000 0.000000
v -0.000000 2.680000 -0.000000
v -0.000000 2.680000 -0.000000
v -0.000000 2.680000 -0.000000
v -0.000000 2.680000 -0.000000
v -0.000000 2.680000 -0.000000
v 0.000000 2.680000 -0.000000
v 0.000000 2.680000 -0.000000
v 0.000000 2.680000 -0.000000
v 0.000000 2.680000 -0.000000
f 3783 3784 3804
f 3783 3804 3803
f 3784 3785 3805
f 3784 3805 3804
f 3785 3786 3806
f 3785 3806 3805
f 3786 3787 3807
f 3786 3807 3806
f 3787 3788 3808
f 3787 3808 3807
f 3788 3789 3809
f 3788 3809 3808
f 3789 3790 3810
f 3789 3810 3809
f 3790 3791 3811
f 3790 3811 3810
f 3791 3792 3812
f 3791 3812 3811
f 3792 3793 3813
f 3792 3813 3812
f 3793 3794 3814
f 3793 3814 3813
f 3794 3795 3815
f 3794 3815 3814
f 3795 3796 3816
f 3795 3816 3815
f 3796 3797 3817
f 3796 3817 3816
f 3797 3798 3818
f 3797 3818 3817
f 3798 3799 3819
f 3798 3819 3818
f 3799 3800 3820
f 3799 3820 3819
f 3800 3801 3821
f 3800 3821 3820
f 3801 3802 3822
f 3801 3822 3821
f 3802 3783 3803
f 3802 3803 3822
f 3803 3804 3824
f 3803 3824 3823
f 3804 3805 3825
f 3804 3825 3824
f 3805 3806 3826
f 3805 3826 3825
f 3806 3807 3827
f 3806 3827 3826
f 3807 3808 3828
f 3807 3828 3827
f 3808 3809 3829
f 3808 3829 3828
f 3809 3810 3830
f 3809 3830 3829
f 3810 3811 3831
f 3810 3831 3830
f 3811 3812 3832
f 3811 3832 3831
f 3812 3813 3833
f 3812 3833 3832
f 3813 3814 3834
f 3813 3834 3833
f 3814 3815 3835
f 3814 3835 3834
f 3815 3816 3836
f 3815 3836 3835
f 3816 3817 3837
f 3816 3837 3836
f 3817 3818 3838
f 3817 3838 3837
f 3818 3819 3839
f 3818 3839 3838
f 3819 3820 3840
f 3819 3840 3839
f 3820 3821 3841
f 3820 3841 3840
f 3821 3822 3842
f 3821 3842 3841
f 3822 3803 3823
f 3822 3823 3842
f 3823 3824 3844
f 3823 3844 3843
f 3824 3825 3845
f 3824 3845 3844
f 3825 3826 3846
f 3825 3846 3845
f 3826 3827 3847
f 3826 3847 3846
f 3827 3828 3848
f 3827 3848 3847
f 3828 3829 3849
f 3828 3849 3848
f 3829 3830 3850
f 3829 3850 3849
f 3830 3831 3851
f 3830 3851 3850
f 3831 3832 3852
f 3831 3852 3851
f 3832 3833 3853
f 3832 3853 3852
f 3833 3834 3854
f 3833 3854 3853
f 3834 3835 3855
f 3834 3855 3854
f 3835 3836 3856
f 3835 3856 3855
f 3836 3837 3857
f 3836 3857 3856
f 3837 3838 3858
f 3837 3858 3857
f 3838 3839 3859
f 3838 3859 3858
f 3839 3840 3860
f 3839 3860 3859
f 3840 3841 3861
f 3840 3861 3860
f 3841 3842 3862
f 3841 3862 3861
f 3842 3823 3843
f 3842 3843 3862
f 3843 3844 3864
f 3843 3864 3863
f 3844 3845 3865
f 3844 3865 3864
f 3845 3846 3866
f 3845 3866 3865
f 3846 3847 3867
f 3846 3867 3866
f 3847 3848 3868
f 3847 3868 3867
f 3848 3849 3869
f 3848 3869 3868
f 3849 3850 3870
f 3849 3870 3869
f 3850 3851 3871
f 3850 3871 3870
f 3851 3852 3872
f 3851 3872 3871
f 3852 3853 3873
f 3852 3873 3872
f 3853 3854 3874
f 3853 3874 3873
f 3854 3855 3875
f 3854 3875 3874
f 3855 3856 3876
f 3855 3876 3875
f 3856 3857 3877
f 3856 3877 3876
f 3857 3858 3878
f 3857 3878 3877
f 3858 3859 3879
f 3858 3879 3878
f 3859 3860 3880
f 3859 3880 3879
f 3860 3861 3881
f 3860 3881 3880
f 3861 3862 3882
f 3861 3882 3881
f 3862 3843 3863
f 3862 3863 3882
f 3863 3864 3884
f 3863 3884 3883
f 3864 3865 3885
f 3864 3885 3884
f 3865 3866 3886
f 3865 3886 3885
f 3866 3867 3887
f 3866 3887 3886
f 3867 3868 3888
f 3867 3888 3887
f 3868 3869 3889
f 3868 3889 3888
f 3869 3870 3890
f 3869 3890 3889
f 3870 3871 3891
f 3870 3891 3890
f 3871 3872 3892
f 3871 3892 3891
f 3872 3873 3893
f 3872 3893 3892
f 3873 3874 3894
f 3873 3894 3893
f 3874 3875 3895
f 3874 3895 3894
f 3875 3876 3896
f 3875 3896 3895
f 3876 3877 3897
f 3876 3897 3896
f 3877 3878 3898
f 3877 3898 3897
f 3878 3879 3899
f 3878 3899 3898
f 3879 3880 3900
f 3879 3900 3899
f 3880 3881 3901
f 3880 3901 3900
f 3881 3882 3902
f 3881 3902 3901
f 3882 3863 3883
f 3882 3883 3902
f 3883 3884 3904
f 3883 3904 3903
f 3884 3885 3905
f 3884 3905 3904
f 3885 3886 3906
f 3885 3906 3905
f 3886 3887 3907
f 3886 3907 3906
f 3887 3888 3908
f 3887 3908 3907
f 3888 3889 3909
f 3888 3909 3908
f 3889 3890 3910
f 3889 3910 3909
f 3890 3891 3911
f 3890 3911 3910
f 3891 3892 3912
f 3891 3912 3911
f 3892 3893 3913
f 3892 3913 3912
f 3893 3894 3914
f 3893 3914 3913
f 3894 3895 3915
f 3894 3915 3914
f 3895 3896 3916
f 3895 3916 3915
f 3896 3897 3917
f 3896 3917 3916
f 3897 3898 3918
f 3897 3918 3917
f 3898 3899 3919
f 3898 3919 3918
f 3899 3900 3920
f 3899 3920 3919
f 3900 3901 3921
f 3900 3921 3920
f 3901 3902 3922
f 3901 3922 3921
f 3902 3883 3903
f 3902 3903 3922
f 3903 3904 3924
f 3903 3924 3923
f 3904 3905 3925
f 3904 3925 3924
f 3905 3906 3926
f 3905 3926 3925
f 3906 3907 3927
f 3906 3927 3926
f 3907 3908 3928
f 3907 3928 3927
f 3908 3909 3929
f 3908 3929 3928
f 3909 3910 3930
f 3909 3930 3929
f 3910 3911 3931
f 3910 3931 3930
f 3911 3912 3932
f 3911 3932 3931
f 3912 3913 3933
f 3912 3933 3932
f 3913 3914 3934
f 3913 3934 3933
f 3914 3915 3935
f 3914 3935 3934
f 3915 3916 3936
f 3915 3936 3935
f 3916 3917 3937
f 3916 3937 3936
f 3917 3918 3938
f 3917 3938 3937
f 3918 3919 3939
f 3918 3939 3938
f 3919 3920 3940
f 3919 3940 3939
f 3920 3921 3941
f 3920 3941 3940
f 3921 3922 3942
f 3921 3942 3941
f 3922 3903 3923
f 3922 3923 3942
f 3923 3924 3944
f 3923 3944 3943
f 3924 3925 3945
f 3924 3945 3944
f 3925 3926 3946
f 3925 3946 3945
f 3926 3927 3947
f 3926 3947 3946
f 3927 3928 3948
f 3927 3948 3947
f 3928 3929 3949
f 3928 3949 3948
f 3929 3930 3950
f 3929 3950 3949
f 3930 3931 3951
f 3930 3951 3950
f 3931 3932 3952
f 3931 3952 3951
f 3932 3933 3953
f 3932 3953 3952
f 3933 3934 3954
f 3933 3954 3953
f 3934 3935 3955
f 3934 3955 3954
f 3935 3936 3956
f 3935 3956 3955
f 3936 3937 3957
f 3936 3957 3956
f 3937 3938 3958
f 3937 3958 3957
f 3938 3939 3959
f 3938 3959 3958
f 3939 3940 3960
f 3939 3960 3959
f 3940 3941 3961
f 3940 3961 3960
f 3941 3942 3962
f 3941 3962 3961
f 3942 3923 3943
f 3942 3943 3962
f 3943 3944 3964
f 3943 3964 3963
f 3944 3945 3965
f 3944 3965 3964
f 3945 3946 3966
f 3945 3966 3965
f 3946 3947 3967
f 3946 3967 3966
f 3947 3948 3968
f 3947 3968 3967
f 3948 3949 3969
f 3948 3969 3968
f 3949 3950 3970
f 3949 3970 3969
f 3950 3951 3971
f 3950 3971 3970
f 3951 3952 3972
f 3951 3972 3971
f 3952 3953 3973
f 3952 3973 3972
f 3953 3954 3974
f 3953 3974 3973
f 3954 3955 3975
f 3954 3975 3974
f 3955 3956 3976
f 3955 3976 3975
f 3956 3957 3977
f 3956 3977 3976
f 3957 3958 3978
f 3957 3978 3977
f 3958 3959 3979
f 3958 3979 3978
f 3959 3960 3980
f 3959 3980 3979
f 3960 3961 3981
f 3960 3981 3980
f 3961 3962 3982
f 3961 3982 3981
f 3962 3943 3963
f 3962 3963 3982
f 3963 3964 3984
f 3963 3984 3983
f 3964 3965 3985
f 3964 3985 3984
f 3965 3966 3986
f 3965 3986 3985
f 3966 3967 3987
f 3966 3987 3986
f 3967 3968 3988
f 3967 3988 3987
f 3968 3969 3989
f 3968 3989 3988
f 3969 3970 3990
f 3969 3990 3989
f 3970 3971 3991
f 3970 3991 3990
f 3971 3972 3992
f 3971 3992 3991
f 3972 3973 3993
f 3972 3993 3992
f 3973 3974 3994
f 3973 3994 3993
f 3974 3975 3995
f 3974 3995 3994
f 3975 3976 3996
f 3975 3996 3995
f 3976 3977 3997
f 3976 3997 3996
f 3977 3978 3998
f 3977 3998 3997
f 3978 3979 3999
f 3978 3999 3998
f 3979 3980 4000
f 3979 4000 3999
f 3980 3981 4001
f 3980 4001 4000
f 3981 3982 4002
f 3981 4002 4001
f 3982 3963 3983
f 3982 3983 4002
f 3983 3984 4004
f 3983 4004 4003
f 3984 3985 4005
f 3984 4005 4004
f 3985 3986 4006
f 3985 4006 4005
f 3986 3987 4007
f 3986 4007 4006
f 3987 3988 4008
f 3987 4008 4007
f 3988 3989 4009
f 3988 4009 4008
f 3989 3990 4010
f 3989 4010 4009
f 3990 3991 4011
f 3990 4011 4010
f 3991 3992 4012
f 3991 4012 4011
f 3992 3993 4013
f 3992 4013 4012
f 3993 3994 4014
f 3993 4014 4013
f 3994 3995 4015
f 3994 4015 4014
f 3995 3996 4016
f 3995 4016 4015
f 3996 3997 4017
f 3996 4017 4016
f 3997 3998 4018
f 3997 4018 4017
f 3998 3999 4019
f 3998 4019 4018
f 3999 4000 4020
f 3999 4020 4019
f 4000 4001 4021
f 4000 4021 4020
f 4001 4002 4022
f 4001 4022 4021
f 4002 3983 4003
f 4002 4003 4022
f 4003 4004 4024
f 4003 4024 4023
f 4004 4005 4025
f 4004 4025 4024
f 4005 4006 4026
f 4005 4026 4025
f 4006 4007 4027
f 4006 4027 4026
f 4007 4008 4028
f 4007 4028 4027
f 4008 4009 4029
f 4008 4029 4028
f 4009 4010 4030
f 4009 4030 4029
f 4010 4011 4031
f 4010 4031 4030
f 4011 4012 4032
f 4011 4032 4031
f 4012 4013 4033
f 4012 4033 4032
f 4013 4014 4034
f 4013 4034 4033
f 4014 4015 4035
f 4014 4035 4034
f 4015 4016 4036
f 4015 4036 4035
f 4016 4017 4037
f 4016 4037 4036
f 4017 4018 4038
f 4017 4038 4037
f 4018 4019 4039
f 4018 4039 4038
f 4019 4020 4040
f 4019 4040 4039
f 4020 4021 4041
f 4020 4041 4040
f 4021 4022 4042
f 4021 4042 4041
f 4022 4003 4023
f 4022 4023 4042
o Muzzle
g Muzzle
usemtl Sport_White
v 0.000000 2.050000 0.310000
v 0.000000 2.050000 0.310000
v 0.000000 2.050000 0.310000
v 0.000000 2.050000 0.310000
v 0.000000 2.050000 0.310000
v 0.000000 2.050000 0.310000
v -0.000000 2.050000 0.310000
v -0.000000 2.050000 0.310000
v -0.000000 2.050000 0.310000
v -0.000000 2.050000 0.310000
v -0.000000 2.050000 0.310000
v -0.000000 2.050000 0.310000
v -0.000000 2.050000 0.310000
v -0.000000 2.050000 0.310000
v -0.000000 2.050000 0.310000
v -0.000000 2.050000 0.310000
v 0.000000 2.050000 0.310000
v 0.000000 2.050000 0.310000
v 0.000000 2.050000 0.310000
v 0.000000 2.050000 0.310000
v 0.064705 2.055793 0.310000
v 0.061538 2.055793 0.329195
v 0.052347 2.055793 0.346511
v 0.038033 2.055793 0.360253
v 0.019995 2.055793 0.369076
v 0.000000 2.055793 0.372117
v -0.019995 2.055793 0.369076
v -0.038033 2.055793 0.360253
v -0.052347 2.055793 0.346511
v -0.061538 2.055793 0.329195
v -0.064705 2.055793 0.310000
v -0.061538 2.055793 0.290805
v -0.052347 2.055793 0.273489
v -0.038033 2.055793 0.259747
v -0.019995 2.055793 0.250924
v -0.000000 2.055793 0.247883
v 0.019995 2.055793 0.250924
v 0.038033 2.055793 0.259747
v 0.052347 2.055793 0.273489
v 0.061538 2.055793 0.290805
v 0.125000 2.072776 0.310000
v 0.118882 2.072776 0.347082
v 0.101127 2.072776 0.380534
v 0.073473 2.072776 0.407082
v 0.038627 2.072776 0.424127
v 0.000000 2.072776 0.430000
v -0.038627 2.072776 0.424127
v -0.073473 2.072776 0.407082
v -0.101127 2.072776 0.380534
v -0.118882 2.072776 0.347082
v -0.125000 2.072776 0.310000
v -0.118882 2.072776 0.272918
v -0.101127 2.072776 0.239466
v -0.073473 2.072776 0.212918
v -0.038627 2.072776 0.195873
v -0.000000 2.072776 0.190000
v 0.038627 2.072776 0.195873
v 0.073473 2.072776 0.212918
v 0.101127 2.072776 0.239466
v 0.118882 2.072776 0.272918
v 0.176777 2.099792 0.310000
v 0.168125 2.099792 0.362442
v 0.143015 2.099792 0.409750
v 0.103907 2.099792 0.447295
v 0.054627 2.099792 0.471400
v 0.000000 2.099792 0.479706
v -0.054627 2.099792 0.471400
v -0.103907 2.099792 0.447295
v -0.143015 2.099792 0.409750
v -0.168125 2.099792 0.362442
v -0.176777 2.099792 0.310000
v -0.168125 2.099792 0.257558
v -0.143015 2.099792 0.210250
v -0.103907 2.099792 0.172705
v -0.054627 2.099792 0.148600
v -0.000000 2.099792 0.140294
v 0.054627 2.099792 0.148600
v 0.103907 2.099792 0.172705
v 0.143015 2.099792 0.210250
v 0.168125 2.099792 0.257558
v 0.216506 2.135000 0.310000
v 0.205910 2.135000 0.374228
v 0.175157 2.135000 0.432169
v 0.127259 2.135000 0.478151
v 0.066904 2.135000 0.507673
v 0.000000 2.135000 0.517846
v -0.066904 2.135000 0.507673
v -0.127259 2.135000 0.478151
v -0.175157 2.135000 0.432169
v -0.205910 2.135000 0.374228
v -0.216506 2.135000 0.310000
v -0.205910 2.135000 0.245772
v -0.175157 2.135000 0.187831
v -0.127259 2.135000 0.141849
v -0.066904 2.135000 0.112327
v -0.000000 2.135000 0.102154
v 0.066904 2.135000 0.112327
v 0.127259 2.135000 0.141849
v 0.175157 2.135000 0.187831
v 0.205910 2.135000 0.245772
v 0.241481 2.176001 0.310000
v 0.229663 2.176001 0.381637
v 0.195363 2.176001 0.446262
v 0.141939 2.176001 0.497548
v 0.074622 2.176001 0.530476
v 0.000000 2.176001 0.541822
v -0.074622 2.176001 0.530476
v -0.141939 2.176001 0.497548
v -0.195363 2.176001 0.446262
v -0.229663 2.176001 0.381637
v -0.241481 2.176001 0.310000
v -0.229663 2.176001 0.238363
v -0.195363 2.176001 0.173738
v -0.141939 2.176001 0.122452
v -0.074622 2.176001 0.089524
v -0.000000 2.176001 0.078178
v 0.074622 2.176001 0.089524
v 0.141939 2.176001 0.122452
v 0.195363 2.176001 0.173738
v 0.229663 2.176001 0.238363
v 0.250000 2.220000 0.310000
v 0.237764 2.220000 0.384164
v 0.202254 2.220000 0.451068
v 0.146946 2.220000 0.504164
v 0.077254 2.220000 0.538254
v 0.000000 2.220000 0.550000
v -0.077254 2.220000 0.538254
v -0.146946 2.220000 0.504164
v -0.202254 2.220000 0.451068
v -0.237764 2.220000 0.384164
v -0.250000 2.220000 0.310000
v -0.237764 2.220000 0.235836
v -0.202254 2.220000 0.168932
v -0.146946 2.220000 0.115836
v -0.077254 2.220000 0.081746
v -0.000000 2.220000 0.070000
v 0.077254 2.220000 0.081746
v 0.146946 2.220000 0.115836
v 0.202254 2.220000 0.168932
v 0.237764 2.220000 0.235836
v 0.241481 2.263999 0.310000
v 0.229663 2.263999 0.381637
v 0.195363 2.263999 0.446262
v 0.141939 2.263999 0.497548
v 0.074622 2.263999 0.530476
v 0.000000 2.263999 0.541822
v -0.074622 2.263999 0.530476
v -0.141939 2.263999 0.497548
v -0.195363 2.263999 0.446262
v -0.229663 2.263999 0.381637
v -0.241481 2.263999 0.310000
v -0.229663 2.263999 0.238363
v -0.195363 2.263999 0.173738
v -0.141939 2.263999 0.122452
v -0.074622 2.263999 0.089524
v -0.000000 2.263999 0.078178
v 0.074622 2.263999 0.089524
v 0.141939 2.263999 0.122452
v 0.195363 2.263999 0.173738
v 0.229663 2.263999 0.238363
v 0.216506 2.305000 0.310000
v 0.205910 2.305000 0.374228
v 0.175157 2.305000 0.432169
v 0.127259 2.305000 0.478151
v 0.066904 2.305000 0.507673
v 0.000000 2.305000 0.517846
v -0.066904 2.305000 0.507673
v -0.127259 2.305000 0.478151
v -0.175157 2.305000 0.432169
v -0.205910 2.305000 0.374228
v -0.216506 2.305000 0.310000
v -0.205910 2.305000 0.245772
v -0.175157 2.305000 0.187831
v -0.127259 2.305000 0.141849
v -0.066904 2.305000 0.112327
v -0.000000 2.305000 0.102154
v 0.066904 2.305000 0.112327
v 0.127259 2.305000 0.141849
v 0.175157 2.305000 0.187831
v 0.205910 2.305000 0.245772
v 0.176777 2.340208 0.310000
v 0.168125 2.340208 0.362442
v 0.143015 2.340208 0.409750
v 0.103907 2.340208 0.447295
v 0.054627 2.340208 0.471400
v 0.000000 2.340208 0.479706
v -0.054627 2.340208 0.471400
v -0.103907 2.340208 0.447295
v -0.143015 2.340208 0.409750
v -0.168125 2.340208 0.362442
v -0.176777 2.340208 0.310000
v -0.168125 2.340208 0.257558
v -0.143015 2.340208 0.210250
v -0.103907 2.340208 0.172705
v -0.054627 2.340208 0.148600
v -0.000000 2.340208 0.140294
v 0.054627 2.340208 0.148600
v 0.103907 2.340208 0.172705
v 0.143015 2.340208 0.210250
v 0.168125 2.340208 0.257558
v 0.125000 2.367224 0.310000
v 0.118882 2.367224 0.347082
v 0.101127 2.367224 0.380534
v 0.073473 2.367224 0.407082
v 0.038627 2.367224 0.424127
v 0.000000 2.367224 0.430000
v -0.038627 2.367224 0.424127
v -0.073473 2.367224 0.407082
v -0.101127 2.367224 0.380534
v -0.118882 2.367224 0.347082
v -0.125000 2.367224 0.310000
v -0.118882 2.367224 0.272918
v -0.101127 2.367224 0.239466
v -0.073473 2.367224 0.212918
v -0.038627 2.367224 0.195873
v -0.000000 2.367224 0.190000
v 0.038627 2.367224 0.195873
v 0.073473 2.367224 0.212918
v 0.101127 2.367224 0.239466
v 0.118882 2.367224 0.272918
v 0.064705 2.384207 0.310000
v 0.061538 2.384207 0.329195
v 0.052347 2.384207 0.346511
v 0.038033 2.384207 0.360253
v 0.019995 2.384207 0.369076
v 0.000000 2.384207 0.372117
v -0.019995 2.384207 0.369076
v -0.038033 2.384207 0.360253
v -0.052347 2.384207 0.346511
v -0.061538 2.384207 0.329195
v -0.064705 2.384207 0.310000
v -0.061538 2.384207 0.290805
v -0.052347 2.384207 0.273489
v -0.038033 2.384207 0.259747
v -0.019995 2.384207 0.250924
v -0.000000 2.384207 0.247883
v 0.019995 2.384207 0.250924
v 0.038033 2.384207 0.259747
v 0.052347 2.384207 0.273489
v 0.061538 2.384207 0.290805
v 0.000000 2.390000 0.310000
v 0.000000 2.390000 0.310000
v 0.000000 2.390000 0.310000
v 0.000000 2.390000 0.310000
v 0.000000 2.390000 0.310000
v 0.000000 2.390000 0.310000
v -0.000000 2.390000 0.310000
v -0.000000 2.390000 0.310000
v -0.000000 2.390000 0.310000
v -0.000000 2.390000 0.310000
v -0.000000 2.390000 0.310000
v -0.000000 2.390000 0.310000
v -0.000000 2.390000 0.310000
v -0.000000 2.390000 0.310000
v -0.000000 2.390000 0.310000
v -0.000000 2.390000 0.310000
v 0.000000 2.390000 0.310000
v 0.000000 2.390000 0.310000
v 0.000000 2.390000 0.310000
v 0.000000 2.390000 0.310000
f 4043 4044 4064
f 4043 4064 4063
f 4044 4045 4065
f 4044 4065 4064
f 4045 4046 4066
f 4045 4066 4065
f 4046 4047 4067
f 4046 4067 4066
f 4047 4048 4068
f 4047 4068 4067
f 4048 4049 4069
f 4048 4069 4068
f 4049 4050 4070
f 4049 4070 4069
f 4050 4051 4071
f 4050 4071 4070
f 4051 4052 4072
f 4051 4072 4071
f 4052 4053 4073
f 4052 4073 4072
f 4053 4054 4074
f 4053 4074 4073
f 4054 4055 4075
f 4054 4075 4074
f 4055 4056 4076
f 4055 4076 4075
f 4056 4057 4077
f 4056 4077 4076
f 4057 4058 4078
f 4057 4078 4077
f 4058 4059 4079
f 4058 4079 4078
f 4059 4060 4080
f 4059 4080 4079
f 4060 4061 4081
f 4060 4081 4080
f 4061 4062 4082
f 4061 4082 4081
f 4062 4043 4063
f 4062 4063 4082
f 4063 4064 4084
f 4063 4084 4083
f 4064 4065 4085
f 4064 4085 4084
f 4065 4066 4086
f 4065 4086 4085
f 4066 4067 4087
f 4066 4087 4086
f 4067 4068 4088
f 4067 4088 4087
f 4068 4069 4089
f 4068 4089 4088
f 4069 4070 4090
f 4069 4090 4089
f 4070 4071 4091
f 4070 4091 4090
f 4071 4072 4092
f 4071 4092 4091
f 4072 4073 4093
f 4072 4093 4092
f 4073 4074 4094
f 4073 4094 4093
f 4074 4075 4095
f 4074 4095 4094
f 4075 4076 4096
f 4075 4096 4095
f 4076 4077 4097
f 4076 4097 4096
f 4077 4078 4098
f 4077 4098 4097
f 4078 4079 4099
f 4078 4099 4098
f 4079 4080 4100
f 4079 4100 4099
f 4080 4081 4101
f 4080 4101 4100
f 4081 4082 4102
f 4081 4102 4101
f 4082 4063 4083
f 4082 4083 4102
f 4083 4084 4104
f 4083 4104 4103
f 4084 4085 4105
f 4084 4105 4104
f 4085 4086 4106
f 4085 4106 4105
f 4086 4087 4107
f 4086 4107 4106
f 4087 4088 4108
f 4087 4108 4107
f 4088 4089 4109
f 4088 4109 4108
f 4089 4090 4110
f 4089 4110 4109
f 4090 4091 4111
f 4090 4111 4110
f 4091 4092 4112
f 4091 4112 4111
f 4092 4093 4113
f 4092 4113 4112
f 4093 4094 4114
f 4093 4114 4113
f 4094 4095 4115
f 4094 4115 4114
f 4095 4096 4116
f 4095 4116 4115
f 4096 4097 4117
f 4096 4117 4116
f 4097 4098 4118
f 4097 4118 4117
f 4098 4099 4119
f 4098 4119 4118
f 4099 4100 4120
f 4099 4120 4119
f 4100 4101 4121
f 4100 4121 4120
f 4101 4102 4122
f 4101 4122 4121
f 4102 4083 4103
f 4102 4103 4122
f 4103 4104 4124
f 4103 4124 4123
f 4104 4105 4125
f 4104 4125 4124
f 4105 4106 4126
f 4105 4126 4125
f 4106 4107 4127
f 4106 4127 4126
f 4107 4108 4128
f 4107 4128 4127
f 4108 4109 4129
f 4108 4129 4128
f 4109 4110 4130
f 4109 4130 4129
f 4110 4111 4131
f 4110 4131 4130
f 4111 4112 4132
f 4111 4132 4131
f 4112 4113 4133
f 4112 4133 4132
f 4113 4114 4134
f 4113 4134 4133
f 4114 4115 4135
f 4114 4135 4134
f 4115 4116 4136
f 4115 4136 4135
f 4116 4117 4137
f 4116 4137 4136
f 4117 4118 4138
f 4117 4138 4137
f 4118 4119 4139
f 4118 4139 4138
f 4119 4120 4140
f 4119 4140 4139
f 4120 4121 4141
f 4120 4141 4140
f 4121 4122 4142
f 4121 4142 4141
f 4122 4103 4123
f 4122 4123 4142
f 4123 4124 4144
f 4123 4144 4143
f 4124 4125 4145
f 4124 4145 4144
f 4125 4126 4146
f 4125 4146 4145
f 4126 4127 4147
f 4126 4147 4146
f 4127 4128 4148
f 4127 4148 4147
f 4128 4129 4149
f 4128 4149 4148
f 4129 4130 4150
f 4129 4150 4149
f 4130 4131 4151
f 4130 4151 4150
f 4131 4132 4152
f 4131 4152 4151
f 4132 4133 4153
f 4132 4153 4152
f 4133 4134 4154
f 4133 4154 4153
f 4134 4135 4155
f 4134 4155 4154
f 4135 4136 4156
f 4135 4156 4155
f 4136 4137 4157
f 4136 4157 4156
f 4137 4138 4158
f 4137 4158 4157
f 4138 4139 4159
f 4138 4159 4158
f 4139 4140 4160
f 4139 4160 4159
f 4140 4141 4161
f 4140 4161 4160
f 4141 4142 4162
f 4141 4162 4161
f 4142 4123 4143
f 4142 4143 4162
f 4143 4144 4164
f 4143 4164 4163
f 4144 4145 4165
f 4144 4165 4164
f 4145 4146 4166
f 4145 4166 4165
f 4146 4147 4167
f 4146 4167 4166
f 4147 4148 4168
f 4147 4168 4167
f 4148 4149 4169
f 4148 4169 4168
f 4149 4150 4170
f 4149 4170 4169
f 4150 4151 4171
f 4150 4171 4170
f 4151 4152 4172
f 4151 4172 4171
f 4152 4153 4173
f 4152 4173 4172
f 4153 4154 4174
f 4153 4174 4173
f 4154 4155 4175
f 4154 4175 4174
f 4155 4156 4176
f 4155 4176 4175
f 4156 4157 4177
f 4156 4177 4176
f 4157 4158 4178
f 4157 4178 4177
f 4158 4159 4179
f 4158 4179 4178
f 4159 4160 4180
f 4159 4180 4179
f 4160 4161 4181
f 4160 4181 4180
f 4161 4162 4182
f 4161 4182 4181
f 4162 4143 4163
f 4162 4163 4182
f 4163 4164 4184
f 4163 4184 4183
f 4164 4165 4185
f 4164 4185 4184
f 4165 4166 4186
f 4165 4186 4185
f 4166 4167 4187
f 4166 4187 4186
f 4167 4168 4188
f 4167 4188 4187
f 4168 4169 4189
f 4168 4189 4188
f 4169 4170 4190
f 4169 4190 4189
f 4170 4171 4191
f 4170 4191 4190
f 4171 4172 4192
f 4171 4192 4191
f 4172 4173 4193
f 4172 4193 4192
f 4173 4174 4194
f 4173 4194 4193
f 4174 4175 4195
f 4174 4195 4194
f 4175 4176 4196
f 4175 4196 4195
f 4176 4177 4197
f 4176 4197 4196
f 4177 4178 4198
f 4177 4198 4197
f 4178 4179 4199
f 4178 4199 4198
f 4179 4180 4200
f 4179 4200 4199
f 4180 4181 4201
f 4180 4201 4200
f 4181 4182 4202
f 4181 4202 4201
f 4182 4163 4183
f 4182 4183 4202
f 4183 4184 4204
f 4183 4204 4203
f 4184 4185 4205
f 4184 4205 4204
f 4185 4186 4206
f 4185 4206 4205
f 4186 4187 4207
f 4186 4207 4206
f 4187 4188 4208
f 4187 4208 4207
f 4188 4189 4209
f 4188 4209 4208
f 4189 4190 4210
f 4189 4210 4209
f 4190 4191 4211
f 4190 4211 4210
f 4191 4192 4212
f 4191 4212 4211
f 4192 4193 4213
f 4192 4213 4212
f 4193 4194 4214
f 4193 4214 4213
f 4194 4195 4215
f 4194 4215 4214
f 4195 4196 4216
f 4195 4216 4215
f 4196 4197 4217
f 4196 4217 4216
f 4197 4198 4218
f 4197 4218 4217
f 4198 4199 4219
f 4198 4219 4218
f 4199 4200 4220
f 4199 4220 4219
f 4200 4201 4221
f 4200 4221 4220
f 4201 4202 4222
f 4201 4222 4221
f 4202 4183 4203
f 4202 4203 4222
f 4203 4204 4224
f 4203 4224 4223
f 4204 4205 4225
f 4204 4225 4224
f 4205 4206 4226
f 4205 4226 4225
f 4206 4207 4227
f 4206 4227 4226
f 4207 4208 4228
f 4207 4228 4227
f 4208 4209 4229
f 4208 4229 4228
f 4209 4210 4230
f 4209 4230 4229
f 4210 4211 4231
f 4210 4231 4230
f 4211 4212 4232
f 4211 4232 4231
f 4212 4213 4233
f 4212 4233 4232
f 4213 4214 4234
f 4213 4234 4233
f 4214 4215 4235
f 4214 4235 4234
f 4215 4216 4236
f 4215 4236 4235
f 4216 4217 4237
f 4216 4237 4236
f 4217 4218 4238
f 4217 4238 4237
f 4218 4219 4239
f 4218 4239 4238
f 4219 4220 4240
f 4219 4240 4239
f 4220 4221 4241
f 4220 4241 4240
f 4221 4222 4242
f 4221 4242 4241
f 4222 4203 4223
f 4222 4223 4242
f 4223 4224 4244
f 4223 4244 4243
f 4224 4225 4245
f 4224 4245 4244
f 4225 4226 4246
f 4225 4246 4245
f 4226 4227 4247
f 4226 4247 4246
f 4227 4228 4248
f 4227 4248 4247
f 4228 4229 4249
f 4228 4249 4248
f 4229 4230 4250
f 4229 4250 4249
f 4230 4231 4251
f 4230 4251 4250
f 4231 4232 4252
f 4231 4252 4251
f 4232 4233 4253
f 4232 4253 4252
f 4233 4234 4254
f 4233 4254 4253
f 4234 4235 4255
f 4234 4255 4254
f 4235 4236 4256
f 4235 4256 4255
f 4236 4237 4257
f 4236 4257 4256
f 4237 4238 4258
f 4237 4258 4257
f 4238 4239 4259
f 4238 4259 4258
f 4239 4240 4260
f 4239 4260 4259
f 4240 4241 4261
f 4240 4261 4260
f 4241 4242 4262
f 4241 4262 4261
f 4242 4223 4243
f 4242 4243 4262
f 4243 4244 4264
f 4243 4264 4263
f 4244 4245 4265
f 4244 4265 4264
f 4245 4246 4266
f 4245 4266 4265
f 4246 4247 4267
f 4246 4267 4266
f 4247 4248 4268
f 4247 4268 4267
f 4248 4249 4269
f 4248 4269 4268
f 4249 4250 4270
f 4249 4270 4269
f 4250 4251 4271
f 4250 4271 4270
f 4251 4252 4272
f 4251 4272 4271
f 4252 4253 4273
f 4252 4273 4272
f 4253 4254 4274
f 4253 4274 4273
f 4254 4255 4275
f 4254 4275 4274
f 4255 4256 4276
f 4255 4276 4275
f 4256 4257 4277
f 4256 4277 4276
f 4257 4258 4278
f 4257 4278 4277
f 4258 4259 4279
f 4258 4279 4278
f 4259 4260 4280
f 4259 4280 4279
f 4260 4261 4281
f 4260 4281 4280
f 4261 4262 4282
f 4261 4282 4281
f 4262 4243 4263
f 4262 4263 4282
f 4263 4264 4284
f 4263 4284 4283
f 4264 4265 4285
f 4264 4285 4284
f 4265 4266 4286
f 4265 4286 4285
f 4266 4267 4287
f 4266 4287 4286
f 4267 4268 4288
f 4267 4288 4287
f 4268 4269 4289
f 4268 4289 4288
f 4269 4270 4290
f 4269 4290 4289
f 4270 4271 4291
f 4270 4291 4290
f 4271 4272 4292
f 4271 4292 4291
f 4272 4273 4293
f 4272 4293 4292
f 4273 4274 4294
f 4273 4294 4293
f 4274 4275 4295
f 4274 4295 4294
f 4275 4276 4296
f 4275 4296 4295
f 4276 4277 4297
f 4276 4297 4296
f 4277 4278 4298
f 4277 4298 4297
f 4278 4279 4299
f 4278 4299 4298
f 4279 4280 4300
f 4279 4300 4299
f 4280 4281 4301
f 4280 4301 4300
f 4281 4282 4302
f 4281 4302 4301
f 4282 4263 4283
f 4282 4283 4302
o Nose
g Nose
usemtl Grip_Black
v 0.000000 2.175000 0.520000
v 0.000000 2.175000 0.520000
v 0.000000 2.175000 0.520000
v 0.000000 2.175000 0.520000
v 0.000000 2.175000 0.520000
v 0.000000 2.175000 0.520000
v -0.000000 2.175000 0.520000
v -0.000000 2.175000 0.520000
v -0.000000 2.175000 0.520000
v -0.000000 2.175000 0.520000
v -0.000000 2.175000 0.520000
v -0.000000 2.175000 0.520000
v -0.000000 2.175000 0.520000
v -0.000000 2.175000 0.520000
v -0.000000 2.175000 0.520000
v -0.000000 2.175000 0.520000
v 0.000000 2.175000 0.520000
v 0.000000 2.175000 0.520000
v 0.000000 2.175000 0.520000
v 0.000000 2.175000 0.520000
v 0.019411 2.176874 0.520000
v 0.018461 2.176874 0.524799
v 0.015704 2.176874 0.529128
v 0.011410 2.176874 0.532563
v 0.005998 2.176874 0.534769
v 0.000000 2.176874 0.535529
v -0.005998 2.176874 0.534769
v -0.011410 2.176874 0.532563
v -0.015704 2.176874 0.529128
v -0.018461 2.176874 0.524799
v -0.019411 2.176874 0.520000
v -0.018461 2.176874 0.515201
v -0.015704 2.176874 0.510872
v -0.011410 2.176874 0.507437
v -0.005998 2.176874 0.505231
v -0.000000 2.176874 0.504471
v 0.005998 2.176874 0.505231
v 0.011410 2.176874 0.507437
v 0.015704 2.176874 0.510872
v 0.018461 2.176874 0.515201
v 0.037500 2.182369 0.520000
v 0.035665 2.182369 0.529271
v 0.030338 2.182369 0.537634
v 0.022042 2.182369 0.544271
v 0.011588 2.182369 0.548532
v 0.000000 2.182369 0.550000
v -0.011588 2.182369 0.548532
v -0.022042 2.182369 0.544271
v -0.030338 2.182369 0.537634
v -0.035665 2.182369 0.529271
v -0.037500 2.182369 0.520000
v -0.035665 2.182369 0.510729
v -0.030338 2.182369 0.502366
v -0.022042 2.182369 0.495729
v -0.011588 2.182369 0.491468
v -0.000000 2.182369 0.490000
v 0.011588 2.182369 0.491468
v 0.022042 2.182369 0.495729
v 0.030338 2.182369 0.502366
v 0.035665 2.182369 0.510729
v 0.053033 2.191109 0.520000
v 0.050437 2.191109 0.533110
v 0.042905 2.191109 0.544938
v 0.031172 2.191109 0.554324
v 0.016388 2.191109 0.560350
v 0.000000 2.191109 0.562426
v -0.016388 2.191109 0.560350
v -0.031172 2.191109 0.554324
v -0.042905 2.191109 0.544938
v -0.050437 2.191109 0.533110
v -0.053033 2.191109 0.520000
v -0.050437 2.191109 0.506890
v -0.042905 2.191109 0.495062
v -0.031172 2.191109 0.485676
v -0.016388 2.191109 0.479650
v -0.000000 2.191109 0.477574
v 0.016388 2.191109 0.479650
v 0.031172 2.191109 0.485676
v 0.042905 2.191109 0.495062
v 0.050437 2.191109 0.506890
v 0.064952 2.202500 0.520000
v 0.061773 2.202500 0.536057
v 0.052547 2.202500 0.550542
v 0.038178 2.202500 0.562038
v 0.020071 2.202500 0.569418
v 0.000000 2.202500 0.571962
v -0.020071 2.202500 0.569418
v -0.038178 2.202500 0.562038
v -0.052547 2.202500 0.550542
v -0.061773 2.202500 0.536057
v -0.064952 2.202500 0.520000
v -0.061773 2.202500 0.503943
v -0.052547 2.202500 0.489458
v -0.038178 2.202500 0.477962
v -0.020071 2.202500 0.470582
v -0.000000 2.202500 0.468038
v 0.020071 2.202500 0.470582
v 0.038178 2.202500 0.477962
v 0.052547 2.202500 0.489458
v 0.061773 2.202500 0.503943
v 0.072444 2.215765 0.520000
v 0.068899 2.215765 0.537909
v 0.058609 2.215765 0.554065
v 0.042582 2.215765 0.566887
v 0.022387 2.215765 0.575119
v 0.000000 2.215765 0.577956
v -0.022387 2.215765 0.575119
v -0.042582 2.215765 0.566887
v -0.058609 2.215765 0.554065
v -0.068899 2.215765 0.537909
v -0.072444 2.215765 0.520000
v -0.068899 2.215765 0.502091
v -0.058609 2.215765 0.485935
v -0.042582 2.215765 0.473113
v -0.022387 2.215765 0.464881
v -0.000000 2.215765 0.462044
v 0.022387 2.215765 0.464881
v 0.042582 2.215765 0.473113
v 0.058609 2.215765 0.485935
v 0.068899 2.215765 0.502091
v 0.075000 2.230000 0.520000
v 0.071329 2.230000 0.538541
v 0.060676 2.230000 0.555267
v 0.044084 2.230000 0.568541
v 0.023176 2.230000 0.577063
v 0.000000 2.230000 0.580000
v -0.023176 2.230000 0.577063
v -0.044084 2.230000 0.568541
v -0.060676 2.230000 0.555267
v -0.071329 2.230000 0.538541
v -0.075000 2.230000 0.520000
v -0.071329 2.230000 0.501459
v -0.060676 2.230000 0.484733
v -0.044084 2.230000 0.471459
v -0.023176 2.230000 0.462937
v -0.000000 2.230000 0.460000
v 0.023176 2.230000 0.462937
v 0.044084 2.230000 0.471459
v 0.060676 2.230000 0.484733
v 0.071329 2.230000 0.501459
v 0.072444 2.244235 0.520000
v 0.068899 2.244235 0.537909
v 0.058609 2.244235 0.554065
v 0.042582 2.244235 0.566887
v 0.022387 2.244235 0.575119
v 0.000000 2.244235 0.577956
v -0.022387 2.244235 0.575119
v -0.042582 2.244235 0.566887
v -0.058609 2.244235 0.554065
v -0.068899 2.244235 0.537909
v -0.072444 2.244235 0.520000
v -0.068899 2.244235 0.502091
v -0.058609 2.244235 0.485935
v -0.042582 2.244235 0.473113
v -0.022387 2.244235 0.464881
v -0.000000 2.244235 0.462044
v 0.022387 2.244235 0.464881
v 0.042582 2.244235 0.473113
v 0.058609 2.244235 0.485935
v 0.068899 2.244235 0.502091
v 0.064952 2.257500 0.520000
v 0.061773 2.257500 0.536057
v 0.052547 2.257500 0.550542
v 0.038178 2.257500 0.562038
v 0.020071 2.257500 0.569418
v 0.000000 2.257500 0.571962
v -0.020071 2.257500 0.569418
v -0.038178 2.257500 0.562038
v -0.052547 2.257500 0.550542
v -0.061773 2.257500 0.536057
v -0.064952 2.257500 0.520000
v -0.061773 2.257500 0.503943
v -0.052547 2.257500 0.489458
v -0.038178 2.257500 0.477962
v -0.020071 2.257500 0.470582
v -0.000000 2.257500 0.468038
v 0.020071 2.257500 0.470582
v 0.038178 2.257500 0.477962
v 0.052547 2.257500 0.489458
v 0.061773 2.257500 0.503943
v 0.053033 2.268891 0.520000
v 0.050437 2.268891 0.533110
v 0.042905 2.268891 0.544938
v 0.031172 2.268891 0.554324
v 0.016388 2.268891 0.560350
v 0.000000 2.268891 0.562426
v -0.016388 2.268891 0.560350
v -0.031172 2.268891 0.554324
v -0.042905 2.268891 0.544938
v -0.050437 2.268891 0.533110
v -0.053033 2.268891 0.520000
v -0.050437 2.268891 0.506890
v -0.042905 2.268891 0.495062
v -0.031172 2.268891 0.485676
v -0.016388 2.268891 0.479650
v -0.000000 2.268891 0.477574
v 0.016388 2.268891 0.479650
v 0.031172 2.268891 0.485676
v 0.042905 2.268891 0.495062
v 0.050437 2.268891 0.506890
v 0.037500 2.277631 0.520000
v 0.035665 2.277631 0.529271
v 0.030338 2.277631 0.537634
v 0.022042 2.277631 0.544271
v 0.011588 2.277631 0.548532
v 0.000000 2.277631 0.550000
v -0.011588 2.277631 0.548532
v -0.022042 2.277631 0.544271
v -0.030338 2.277631 0.537634
v -0.035665 2.277631 0.529271
v -0.037500 2.277631 0.520000
v -0.035665 2.277631 0.510729
v -0.030338 2.277631 0.502366
v -0.022042 2.277631 0.495729
v -0.011588 2.277631 0.491468
v -0.000000 2.277631 0.490000
v 0.011588 2.277631 0.491468
v 0.022042 2.277631 0.495729
v 0.030338 2.277631 0.502366
v 0.035665 2.277631 0.510729
v 0.019411 2.283126 0.520000
v 0.018461 2.283126 0.524799
v 0.015704 2.283126 0.529128
v 0.011410 2.283126 0.532563
v 0.005998 2.283126 0.534769
v 0.000000 2.283126 0.535529
v -0.005998 2.283126 0.534769
v -0.011410 2.283126 0.532563
v -0.015704 2.283126 0.529128
v -0.018461 2.283126 0.524799
v -0.019411 2.283126 0.520000
v -0.018461 2.283126 0.515201
v -0.015704 2.283126 0.510872
v -0.011410 2.283126 0.507437
v -0.005998 2.283126 0.505231
v -0.000000 2.283126 0.504471
v 0.005998 2.283126 0.505231
v 0.011410 2.283126 0.507437
v 0.015704 2.283126 0.510872
v 0.018461 2.283126 0.515201
v 0.000000 2.285000 0.520000
v 0.000000 2.285000 0.520000
v 0.000000 2.285000 0.520000
v 0.000000 2.285000 0.520000
v 0.000000 2.285000 0.520000
v 0.000000 2.285000 0.520000
v -0.000000 2.285000 0.520000
v -0.000000 2.285000 0.520000
v -0.000000 2.285000 0.520000
v -0.000000 2.285000 0.520000
v -0.000000 2.285000 0.520000
v -0.000000 2.285000 0.520000
v -0.000000 2.285000 0.520000
v -0.000000 2.285000 0.520000
v -0.000000 2.285000 0.520000
v -0.000000 2.285000 0.520000
v 0.000000 2.285000 0.520000
v 0.000000 2.285000 0.520000
v 0.000000 2.285000 0.520000
v 0.000000 2.285000 0.520000
f 4303 4304 4324
f 4303 4324 4323
f 4304 4305 4325
f 4304 4325 4324
f 4305 4306 4326
f 4305 4326 4325
f 4306 4307 4327
f 4306 4327 4326
f 4307 4308 4328
f 4307 4328 4327
f 4308 4309 4329
f 4308 4329 4328
f 4309 4310 4330
f 4309 4330 4329
f 4310 4311 4331
f 4310 4331 4330
f 4311 4312 4332
f 4311 4332 4331
f 4312 4313 4333
f 4312 4333 4332
f 4313 4314 4334
f 4313 4334 4333
f 4314 4315 4335
f 4314 4335 4334
f 4315 4316 4336
f 4315 4336 4335
f 4316 4317 4337
f 4316 4337 4336
f 4317 4318 4338
f 4317 4338 4337
f 4318 4319 4339
f 4318 4339 4338
f 4319 4320 4340
f 4319 4340 4339
f 4320 4321 4341
f 4320 4341 4340
f 4321 4322 4342
f 4321 4342 4341
f 4322 4303 4323
f 4322 4323 4342
f 4323 4324 4344
f 4323 4344 4343
f 4324 4325 4345
f 4324 4345 4344
f 4325 4326 4346
f 4325 4346 4345
f 4326 4327 4347
f 4326 4347 4346
f 4327 4328 4348
f 4327 4348 4347
f 4328 4329 4349
f 4328 4349 4348
f 4329 4330 4350
f 4329 4350 4349
f 4330 4331 4351
f 4330 4351 4350
f 4331 4332 4352
f 4331 4352 4351
f 4332 4333 4353
f 4332 4353 4352
f 4333 4334 4354
f 4333 4354 4353
f 4334 4335 4355
f 4334 4355 4354
f 4335 4336 4356
f 4335 4356 4355
f 4336 4337 4357
f 4336 4357 4356
f 4337 4338 4358
f 4337 4358 4357
f 4338 4339 4359
f 4338 4359 4358
f 4339 4340 4360
f 4339 4360 4359
f 4340 4341 4361
f 4340 4361 4360
f 4341 4342 4362
f 4341 4362 4361
f 4342 4323 4343
f 4342 4343 4362
f 4343 4344 4364
f 4343 4364 4363
f 4344 4345 4365
f 4344 4365 4364
f 4345 4346 4366
f 4345 4366 4365
f 4346 4347 4367
f 4346 4367 4366
f 4347 4348 4368
f 4347 4368 4367
f 4348 4349 4369
f 4348 4369 4368
f 4349 4350 4370
f 4349 4370 4369
f 4350 4351 4371
f 4350 4371 4370
f 4351 4352 4372
f 4351 4372 4371
f 4352 4353 4373
f 4352 4373 4372
f 4353 4354 4374
f 4353 4374 4373
f 4354 4355 4375
f 4354 4375 4374
f 4355 4356 4376
f 4355 4376 4375
f 4356 4357 4377
f 4356 4377 4376
f 4357 4358 4378
f 4357 4378 4377
f 4358 4359 4379
f 4358 4379 4378
f 4359 4360 4380
f 4359 4380 4379
f 4360 4361 4381
f 4360 4381 4380
f 4361 4362 4382
f 4361 4382 4381
f 4362 4343 4363
f 4362 4363 4382
f 4363 4364 4384
f 4363 4384 4383
f 4364 4365 4385
f 4364 4385 4384
f 4365 4366 4386
f 4365 4386 4385
f 4366 4367 4387
f 4366 4387 4386
f 4367 4368 4388
f 4367 4388 4387
f 4368 4369 4389
f 4368 4389 4388
f 4369 4370 4390
f 4369 4390 4389
f 4370 4371 4391
f 4370 4391 4390
f 4371 4372 4392
f 4371 4392 4391
f 4372 4373 4393
f 4372 4393 4392
f 4373 4374 4394
f 4373 4394 4393
f 4374 4375 4395
f 4374 4395 4394
f 4375 4376 4396
f 4375 4396 4395
f 4376 4377 4397
f 4376 4397 4396
f 4377 4378 4398
f 4377 4398 4397
f 4378 4379 4399
f 4378 4399 4398
f 4379 4380 4400
f 4379 4400 4399
f 4380 4381 4401
f 4380 4401 4400
f 4381 4382 4402
f 4381 4402 4401
f 4382 4363 4383
f 4382 4383 4402
f 4383 4384 4404
f 4383 4404 4403
f 4384 4385 4405
f 4384 4405 4404
f 4385 4386 4406
f 4385 4406 4405
f 4386 4387 4407
f 4386 4407 4406
f 4387 4388 4408
f 4387 4408 4407
f 4388 4389 4409
f 4388 4409 4408
f 4389 4390 4410
f 4389 4410 4409
f 4390 4391 4411
f 4390 4411 4410
f 4391 4392 4412
f 4391 4412 4411
f 4392 4393 4413
f 4392 4413 4412
f 4393 4394 4414
f 4393 4414 4413
f 4394 4395 4415
f 4394 4415 4414
f 4395 4396 4416
f 4395 4416 4415
f 4396 4397 4417
f 4396 4417 4416
f 4397 4398 4418
f 4397 4418 4417
f 4398 4399 4419
f 4398 4419 4418
f 4399 4400 4420
f 4399 4420 4419
f 4400 4401 4421
f 4400 4421 4420
f 4401 4402 4422
f 4401 4422 4421
f 4402 4383 4403
f 4402 4403 4422
f 4403 4404 4424
f 4403 4424 4423
f 4404 4405 4425
f 4404 4425 4424
f 4405 4406 4426
f 4405 4426 4425
f 4406 4407 4427
f 4406 4427 4426
f 4407 4408 4428
f 4407 4428 4427
f 4408 4409 4429
f 4408 4429 4428
f 4409 4410 4430
f 4409 4430 4429
f 4410 4411 4431
f 4410 4431 4430
f 4411 4412 4432
f 4411 4432 4431
f 4412 4413 4433
f 4412 4433 4432
f 4413 4414 4434
f 4413 4434 4433
f 4414 4415 4435
f 4414 4435 4434
f 4415 4416 4436
f 4415 4436 4435
f 4416 4417 4437
f 4416 4437 4436
f 4417 4418 4438
f 4417 4438 4437
f 4418 4419 4439
f 4418 4439 4438
f 4419 4420 4440
f 4419 4440 4439
f 4420 4421 4441
f 4420 4441 4440
f 4421 4422 4442
f 4421 4442 4441
f 4422 4403 4423
f 4422 4423 4442
f 4423 4424 4444
f 4423 4444 4443
f 4424 4425 4445
f 4424 4445 4444
f 4425 4426 4446
f 4425 4446 4445
f 4426 4427 4447
f 4426 4447 4446
f 4427 4428 4448
f 4427 4448 4447
f 4428 4429 4449
f 4428 4449 4448
f 4429 4430 4450
f 4429 4450 4449
f 4430 4431 4451
f 4430 4451 4450
f 4431 4432 4452
f 4431 4452 4451
f 4432 4433 4453
f 4432 4453 4452
f 4433 4434 4454
f 4433 4454 4453
f 4434 4435 4455
f 4434 4455 4454
f 4435 4436 4456
f 4435 4456 4455
f 4436 4437 4457
f 4436 4457 4456
f 4437 4438 4458
f 4437 4458 4457
f 4438 4439 4459
f 4438 4459 4458
f 4439 4440 4460
f 4439 4460 4459
f 4440 4441 4461
f 4440 4461 4460
f 4441 4442 4462
f 4441 4462 4461
f 4442 4423 4443
f 4442 4443 4462
f 4443 4444 4464
f 4443 4464 4463
f 4444 4445 4465
f 4444 4465 4464
f 4445 4446 4466
f 4445 4466 4465
f 4446 4447 4467
f 4446 4467 4466
f 4447 4448 4468
f 4447 4468 4467
f 4448 4449 4469
f 4448 4469 4468
f 4449 4450 4470
f 4449 4470 4469
f 4450 4451 4471
f 4450 4471 4470
f 4451 4452 4472
f 4451 4472 4471
f 4452 4453 4473
f 4452 4473 4472
f 4453 4454 4474
f 4453 4474 4473
f 4454 4455 4475
f 4454 4475 4474
f 4455 4456 4476
f 4455 4476 4475
f 4456 4457 4477
f 4456 4477 4476
f 4457 4458 4478
f 4457 4478 4477
f 4458 4459 4479
f 4458 4479 4478
f 4459 4460 4480
f 4459 4480 4479
f 4460 4461 4481
f 4460 4481 4480
f 4461 4462 4482
f 4461 4482 4481
f 4462 4443 4463
f 4462 4463 4482
f 4463 4464 4484
f 4463 4484 4483
f 4464 4465 4485
f 4464 4485 4484
f 4465 4466 4486
f 4465 4486 4485
f 4466 4467 4487
f 4466 4487 4486
f 4467 4468 4488
f 4467 4488 4487
f 4468 4469 4489
f 4468 4489 4488
f 4469 4470 4490
f 4469 4490 4489
f 4470 4471 4491
f 4470 4491 4490
f 4471 4472 4492
f 4471 4492 4491
f 4472 4473 4493
f 4472 4493 4492
f 4473 4474 4494
f 4473 4494 4493
f 4474 4475 4495
f 4474 4495 4494
f 4475 4476 4496
f 4475 4496 4495
f 4476 4477 4497
f 4476 4497 4496
f 4477 4478 4498
f 4477 4498 4497
f 4478 4479 4499
f 4478 4499 4498
f 4479 4480 4500
f 4479 4500 4499
f 4480 4481 4501
f 4480 4501 4500
f 4481 4482 4502
f 4481 4502 4501
f 4482 4463 4483
f 4482 4483 4502
f 4483 4484 4504
f 4483 4504 4503
f 4484 4485 4505
f 4484 4505 4504
f 4485 4486 4506
f 4485 4506 4505
f 4486 4487 4507
f 4486 4507 4506
f 4487 4488 4508
f 4487 4508 4507
f 4488 4489 4509
f 4488 4509 4508
f 4489 4490 4510
f 4489 4510 4509
f 4490 4491 4511
f 4490 4511 4510
f 4491 4492 4512
f 4491 4512 4511
f 4492 4493 4513
f 4492 4513 4512
f 4493 4494 4514
f 4493 4514 4513
f 4494 4495 4515
f 4494 4515 4514
f 4495 4496 4516
f 4495 4516 4515
f 4496 4497 4517
f 4496 4517 4516
f 4497 4498 4518
f 4497 4518 4517
f 4498 4499 4519
f 4498 4519 4518
f 4499 4500 4520
f 4499 4520 4519
f 4500 4501 4521
f 4500 4521 4520
f 4501 4502 4522
f 4501 4522 4521
f 4502 4483 4503
f 4502 4503 4522
f 4503 4504 4524
f 4503 4524 4523
f 4504 4505 4525
f 4504 4525 4524
f 4505 4506 4526
f 4505 4526 4525
f 4506 4507 4527
f 4506 4527 4526
f 4507 4508 4528
f 4507 4528 4527
f 4508 4509 4529
f 4508 4529 4528
f 4509 4510 4530
f 4509 4530 4529
f 4510 4511 4531
f 4510 4531 4530
f 4511 4512 4532
f 4511 4532 4531
f 4512 4513 4533
f 4512 4533 4532
f 4513 4514 4534
f 4513 4534 4533
f 4514 4515 4535
f 4514 4535 4534
f 4515 4516 4536
f 4515 4536 4535
f 4516 4517 4537
f 4516 4537 4536
f 4517 4518 4538
f 4517 4538 4537
f 4518 4519 4539
f 4518 4539 4538
f 4519 4520 4540
f 4519 4540 4539
f 4520 4521 4541
f 4520 4541 4540
f 4521 4522 4542
f 4521 4542 4541
f 4522 4503 4523
f 4522 4523 4542
f 4523 4524 4544
f 4523 4544 4543
f 4524 4525 4545
f 4524 4545 4544
f 4525 4526 4546
f 4525 4546 4545
f 4526 4527 4547
f 4526 4547 4546
f 4527 4528 4548
f 4527 4548 4547
f 4528 4529 4549
f 4528 4549 4548
f 4529 4530 4550
f 4529 4550 4549
f 4530 4531 4551
f 4530 4551 4550
f 4531 4532 4552
f 4531 4552 4551
f 4532 4533 4553
f 4532 4553 4552
f 4533 4534 4554
f 4533 4554 4553
f 4534 4535 4555
f 4534 4555 4554
f 4535 4536 4556
f 4535 4556 4555
f 4536 4537 4557
f 4536 4557 4556
f 4537 4538 4558
f 4537 4558 4557
f 4538 4539 4559
f 4538 4559 4558
f 4539 4540 4560
f 4539 4560 4559
f 4540 4541 4561
f 4540 4561 4560
f 4541 4542 4562
f 4541 4562 4561
f 4542 4523 4543
f 4542 4543 4562
o Left_Ear
g Left_Ear
usemtl Lux_Cyan
v -0.190000 2.500000 0.000000
v -0.250000 2.920000 0.000000
v -0.190000 2.500000 -0.180000
v -0.258191 2.490258 -0.166298
v -0.316000 2.482000 -0.127279
v -0.354627 2.476482 -0.068883
v -0.368191 2.474544 -0.000000
v -0.354627 2.476482 0.068883
v -0.316000 2.482000 0.127279
v -0.258191 2.490258 0.166298
v -0.190000 2.500000 0.180000
v -0.121809 2.509742 0.166298
v -0.064000 2.518000 0.127279
v -0.025373 2.523518 0.068883
v -0.011809 2.525456 0.000000
v -0.025373 2.523518 -0.068883
v -0.064000 2.518000 -0.127279
v -0.121809 2.509742 -0.166298
v -0.250000 2.920000 -0.015000
v -0.255683 2.919188 -0.013858
v -0.260500 2.918500 -0.010607
v -0.263719 2.918040 -0.005740
v -0.264849 2.917879 -0.000000
v -0.263719 2.918040 0.005740
v -0.260500 2.918500 0.010607
v -0.255683 2.919188 0.013858
v -0.250000 2.920000 0.015000
v -0.244317 2.920812 0.013858
v -0.239500 2.921500 0.010607
v -0.236281 2.921960 0.005740
v -0.235151 2.922121 0.000000
v -0.236281 2.921960 -0.005740
v -0.239500 2.921500 -0.010607
v -0.244317 2.920812 -0.013858
f 4565 4566 4582
f 4565 4582 4581
f 4563 4566 4565
f 4564 4581 4582
f 4566 4567 4583
f 4566 4583 4582
f 4563 4567 4566
f 4564 4582 4583
f 4567 4568 4584
f 4567 4584 4583
f 4563 4568 4567
f 4564 4583 4584
f 4568 4569 4585
f 4568 4585 4584
f 4563 4569 4568
f 4564 4584 4585
f 4569 4570 4586
f 4569 4586 4585
f 4563 4570 4569
f 4564 4585 4586
f 4570 4571 4587
f 4570 4587 4586
f 4563 4571 4570
f 4564 4586 4587
f 4571 4572 4588
f 4571 4588 4587
f 4563 4572 4571
f 4564 4587 4588
f 4572 4573 4589
f 4572 4589 4588
f 4563 4573 4572
f 4564 4588 4589
f 4573 4574 4590
f 4573 4590 4589
f 4563 4574 4573
f 4564 4589 4590
f 4574 4575 4591
f 4574 4591 4590
f 4563 4575 4574
f 4564 4590 4591
f 4575 4576 4592
f 4575 4592 4591
f 4563 4576 4575
f 4564 4591 4592
f 4576 4577 4593
f 4576 4593 4592
f 4563 4577 4576
f 4564 4592 4593
f 4577 4578 4594
f 4577 4594 4593
f 4563 4578 4577
f 4564 4593 4594
f 4578 4579 4595
f 4578 4595 4594
f 4563 4579 4578
f 4564 4594 4595
f 4579 4580 4596
f 4579 4596 4595
f 4563 4580 4579
f 4564 4595 4596
f 4580 4565 4581
f 4580 4581 4596
f 4563 4565 4580
f 4564 4596 4581
o Right_Ear
g Right_Ear
usemtl Lux_Cyan
v 0.190000 2.500000 0.000000
v 0.250000 2.920000 0.000000
v 0.190000 2.500000 -0.180000
v 0.121809 2.509742 -0.166298
v 0.064000 2.518000 -0.127279
v 0.025373 2.523518 -0.068883
v 0.011809 2.525456 -0.000000
v 0.025373 2.523518 0.068883
v 0.064000 2.518000 0.127279
v 0.121809 2.509742 0.166298
v 0.190000 2.500000 0.180000
v 0.258191 2.490258 0.166298
v 0.316000 2.482000 0.127279
v 0.354627 2.476482 0.068883
v 0.368191 2.474544 0.000000
v 0.354627 2.476482 -0.068883
v 0.316000 2.482000 -0.127279
v 0.258191 2.490258 -0.166298
v 0.250000 2.920000 -0.015000
v 0.244317 2.920812 -0.013858
v 0.239500 2.921500 -0.010607
v 0.236281 2.921960 -0.005740
v 0.235151 2.922121 -0.000000
v 0.236281 2.921960 0.005740
v 0.239500 2.921500 0.010607
v 0.244317 2.920812 0.013858
v 0.250000 2.920000 0.015000
v 0.255683 2.919188 0.013858
v 0.260500 2.918500 0.010607
v 0.263719 2.918040 0.005740
v 0.264849 2.917879 0.000000
v 0.263719 2.918040 -0.005740
v 0.260500 2.918500 -0.010607
v 0.255683 2.919188 -0.013858
f 4599 4600 4616
f 4599 4616 4615
f 4597 4600 4599
f 4598 4615 4616
f 4600 4601 4617
f 4600 4617 4616
f 4597 4601 4600
f 4598 4616 4617
f 4601 4602 4618
f 4601 4618 4617
f 4597 4602 4601
f 4598 4617 4618
f 4602 4603 4619
f 4602 4619 4618
f 4597 4603 4602
f 4598 4618 4619
f 4603 4604 4620
f 4603 4620 4619
f 4597 4604 4603
f 4598 4619 4620
f 4604 4605 4621
f 4604 4621 4620
f 4597 4605 4604
f 4598 4620 4621
f 4605 4606 4622
f 4605 4622 4621
f 4597 4606 4605
f 4598 4621 4622
f 4606 4607 4623
f 4606 4623 4622
f 4597 4607 4606
f 4598 4622 4623
f 4607 4608 4624
f 4607 4624 4623
f 4597 4608 4607
f 4598 4623 4624
f 4608 4609 4625
f 4608 4625 4624
f 4597 4609 4608
f 4598 4624 4625
f 4609 4610 4626
f 4609 4626 4625
f 4597 4610 4609
f 4598 4625 4626
f 4610 4611 4627
f 4610 4627 4626
f 4597 4611 4610
f 4598 4626 4627
f 4611 4612 4628
f 4611 4628 4627
f 4597 4612 4611
f 4598 4627 4628
f 4612 4613 4629
f 4612 4629 4628
f 4597 4613 4612
f 4598 4628 4629
f 4613 4614 4630
f 4613 4630 4629
f 4597 4614 4613
f 4598 4629 4630
f 4614 4599 4615
f 4614 4615 4630
f 4597 4599 4614
f 4598 4630 4615
o Left_Ear_Inner
g Left_Ear_Inner
usemtl Sport_White
v -0.200000 2.550000 0.080000
v -0.250000 2.820000 0.050000
v -0.200000 2.540061 -0.009450
v -0.233873 2.534622 -0.001952
v -0.262588 2.531523 0.018022
v -0.281776 2.531238 0.047431
v -0.288513 2.533809 0.081799
v -0.281776 2.538844 0.115893
v -0.262588 2.545579 0.144522
v -0.233873 2.552986 0.163329
v -0.200000 2.559939 0.169450
v -0.166127 2.565378 0.161952
v -0.137412 2.568477 0.141978
v -0.118224 2.568762 0.112569
v -0.111487 2.566191 0.078201
v -0.118224 2.561156 0.044107
v -0.137412 2.554421 0.015478
v -0.166127 2.547014 -0.003329
v -0.250000 2.818344 0.035092
v -0.255645 2.817437 0.036341
v -0.260431 2.816921 0.039670
v -0.263629 2.816873 0.044572
v -0.264752 2.817301 0.050300
v -0.263629 2.818141 0.055982
v -0.260431 2.819263 0.060754
v -0.255645 2.820498 0.063888
v -0.250000 2.821656 0.064908
v -0.244355 2.822563 0.063659
v -0.239569 2.823079 0.060330
v -0.236371 2.823127 0.055428
v -0.235248 2.822699 0.049700
v -0.236371 2.821859 0.044018
v -0.239569 2.820737 0.039246
v -0.244355 2.819502 0.036112
f 4633 4634 4650
f 4633 4650 4649
f 4631 4634 4633
f 4632 4649 4650
f 4634 4635 4651
f 4634 4651 4650
f 4631 4635 4634
f 4632 4650 4651
f 4635 4636 4652
f 4635 4652 4651
f 4631 4636 4635
f 4632 4651 4652
f 4636 4637 4653
f 4636 4653 4652
f 4631 4637 4636
f 4632 4652 4653
f 4637 4638 4654
f 4637 4654 4653
f 4631 4638 4637
f 4632 4653 4654
f 4638 4639 4655
f 4638 4655 4654
f 4631 4639 4638
f 4632 4654 4655
f 4639 4640 4656
f 4639 4656 4655
f 4631 4640 4639
f 4632 4655 4656
f 4640 4641 4657
f 4640 4657 4656
f 4631 4641 4640
f 4632 4656 4657
f 4641 4642 4658
f 4641 4658 4657
f 4631 4642 4641
f 4632 4657 4658
f 4642 4643 4659
f 4642 4659 4658
f 4631 4643 4642
f 4632 4658 4659
f 4643 4644 4660
f 4643 4660 4659
f 4631 4644 4643
f 4632 4659 4660
f 4644 4645 4661
f 4644 4661 4660
f 4631 4645 4644
f 4632 4660 4661
f 4645 4646 4662
f 4645 4662 4661
f 4631 4646 4645
f 4632 4661 4662
f 4646 4647 4663
f 4646 4663 4662
f 4631 4647 4646
f 4632 4662 4663
f 4647 4648 4664
f 4647 4664 4663
f 4631 4648 4647
f 4632 4663 4664
f 4648 4633 4649
f 4648 4649 4664
f 4631 4633 4648
f 4632 4664 4649
o Right_Ear_Inner
g Right_Ear_Inner
usemtl Sport_White
v 0.200000 2.550000 0.080000
v 0.250000 2.820000 0.050000
v 0.200000 2.540061 -0.009450
v 0.166127 2.547014 -0.003329
v 0.137412 2.554421 0.015478
v 0.118224 2.561156 0.044107
v 0.111487 2.566191 0.078201
v 0.118224 2.568762 0.112569
v 0.137412 2.568477 0.141978
v 0.166127 2.565378 0.161952
v 0.200000 2.559939 0.169450
v 0.233873 2.552986 0.163329
v 0.262588 2.545579 0.144522
v 0.281776 2.538844 0.115893
v 0.288513 2.533809 0.081799
v 0.281776 2.531238 0.047431
v 0.262588 2.531523 0.018022
v 0.233873 2.534622 -0.001952
v 0.250000 2.818344 0.035092
v 0.244355 2.819502 0.036112
v 0.239569 2.820737 0.039246
v 0.236371 2.821859 0.044018
v 0.235248 2.822699 0.049700
v 0.236371 2.823127 0.055428
v 0.239569 2.823079 0.060330
v 0.244355 2.822563 0.063659
v 0.250000 2.821656 0.064908
v 0.255645 2.820498 0.063888
v 0.260431 2.819263 0.060754
v 0.263629 2.818141 0.055982
v 0.264752 2.817301 0.050300
v 0.263629 2.816873 0.044572
v 0.260431 2.816921 0.039670
v 0.255645 2.817437 0.036341
f 4667 4668 4684
f 4667 4684 4683
f 4665 4668 4667
f 4666 4683 4684
f 4668 4669 4685
f 4668 4685 4684
f 4665 4669 4668
f 4666 4684 4685
f 4669 4670 4686
f 4669 4686 4685
f 4665 4670 4669
f 4666 4685 4686
f 4670 4671 4687
f 4670 4687 4686
f 4665 4671 4670
f 4666 4686 4687
f 4671 4672 4688
f 4671 4688 4687
f 4665 4672 4671
f 4666 4687 4688
f 4672 4673 4689
f 4672 4689 4688
f 4665 4673 4672
f 4666 4688 4689
f 4673 4674 4690
f 4673 4690 4689
f 4665 4674 4673
f 4666 4689 4690
f 4674 4675 4691
f 4674 4691 4690
f 4665 4675 4674
f 4666 4690 4691
f 4675 4676 4692
f 4675 4692 4691
f 4665 4676 4675
f 4666 4691 4692
f 4676 4677 4693
f 4676 4693 4692
f 4665 4677 4676
f 4666 4692 4693
f 4677 4678 4694
f 4677 4694 4693
f 4665 4678 4677
f 4666 4693 4694
f 4678 4679 4695
f 4678 4695 4694
f 4665 4679 4678
f 4666 4694 4695
f 4679 4680 4696
f 4679 4696 4695
f 4665 4680 4679
f 4666 4695 4696
f 4680 4681 4697
f 4680 4697 4696
f 4665 4681 4680
f 4666 4696 4697
f 4681 4682 4698
f 4681 4698 4697
f 4665 4682 4681
f 4666 4697 4698
f 4682 4667 4683
f 4682 4683 4698
f 4665 4667 4682
f 4666 4698 4683
o Left_Eye_Liner
g Left_Eye_Liner
usemtl Grip_Black
v -0.130000 2.280000 0.315000
v -0.130000 2.280000 0.315000
v -0.130000 2.280000 0.315000
v -0.130000 2.280000 0.315000
v -0.130000 2.280000 0.315000
v -0.130000 2.280000 0.315000
v -0.130000 2.280000 0.315000
v -0.130000 2.280000 0.315000
v -0.130000 2.280000 0.315000
v -0.130000 2.280000 0.315000
v -0.130000 2.280000 0.315000
v -0.130000 2.280000 0.315000
v -0.130000 2.280000 0.315000
v -0.130000 2.280000 0.315000
v -0.130000 2.280000 0.315000
v -0.130000 2.280000 0.315000
v -0.130000 2.280000 0.315000
v -0.130000 2.280000 0.315000
v -0.130000 2.280000 0.315000
v -0.130000 2.280000 0.315000
v -0.081498 2.281373 0.315000
v -0.082869 2.281373 0.324917
v -0.087030 2.281373 0.329320
v -0.094200 2.281373 0.332188
v -0.105208 2.281373 0.333852
v -0.130000 2.281373 0.334401
v -0.154792 2.281373 0.333852
v -0.165800 2.281373 0.332188
v -0.172970 2.281373 0.329320
v -0.177131 2.281373 0.324917
v -0.178502 2.281373 0.315000
v -0.177131 2.281373 0.305083
v -0.172970 2.281373 0.300680
v -0.165800 2.281373 0.297812
v -0.154792 2.281373 0.296148
v -0.130000 2.281373 0.295599
v -0.105208 2.281373 0.296148
v -0.094200 2.281373 0.297812
v -0.087030 2.281373 0.300680
v -0.082869 2.281373 0.305083
v -0.059340 2.285524 0.315000
v -0.061338 2.285524 0.329448
v -0.067400 2.285524 0.335862
v -0.077845 2.285524 0.340040
v -0.093881 2.285524 0.342465
v -0.130000 2.285524 0.343264
v -0.166119 2.285524 0.342465
v -0.182155 2.285524 0.340040
v -0.192600 2.285524 0.335862
v -0.198662 2.285524 0.329448
v -0.200660 2.285524 0.315000
v -0.198662 2.285524 0.300552
v -0.192600 2.285524 0.294138
v -0.182155 2.285524 0.289960
v -0.166119 2.285524 0.287535
v -0.130000 2.285524 0.286736
v -0.093881 2.285524 0.287535
v -0.077845 2.285524 0.289960
v -0.067400 2.285524 0.294138
v -0.061338 2.285524 0.300552
v -0.043865 2.292577 0.315000
v -0.046300 2.292577 0.332612
v -0.053689 2.292577 0.340431
v -0.066422 2.292577 0.345524
v -0.085971 2.292577 0.348480
v -0.130000 2.292577 0.349454
v -0.174029 2.292577 0.348480
v -0.193578 2.292577 0.345524
v -0.206311 2.292577 0.340431
v -0.213700 2.292577 0.332612
v -0.216135 2.292577 0.315000
v -0.213700 2.292577 0.297388
v -0.206311 2.292577 0.289569
v -0.193578 2.292577 0.284476
v -0.174029 2.292577 0.281520
v -0.130000 2.292577 0.280546
v -0.085971 2.292577 0.281520
v -0.066422 2.292577 0.284476
v -0.053689 2.292577 0.289569
v -0.046300 2.292577 0.297388
v -0.033285 2.302893 0.315000
v -0.036019 2.302893 0.334775
v -0.044317 2.302893 0.343555
v -0.058613 2.302893 0.349273
v -0.080563 2.302893 0.352592
v -0.130000 2.302893 0.353686
v -0.179437 2.302893 0.352592
v -0.201387 2.302893 0.349273
v -0.215683 2.302893 0.343555
v -0.223981 2.302893 0.334775
v -0.226715 2.302893 0.315000
v -0.223981 2.302893 0.295225
v -0.215683 2.302893 0.286445
v -0.201387 2.302893 0.280727
v -0.179437 2.302893 0.277408
v -0.130000 2.302893 0.276314
v -0.080563 2.302893 0.277408
v -0.058613 2.302893 0.280727
v -0.044317 2.302893 0.286445
v -0.036019 2.302893 0.295225
v -0.027060 2.317665 0.315000
v -0.029970 2.317665 0.336048
v -0.038801 2.317665 0.345393
v -0.054018 2.317665 0.351480
v -0.077380 2.317665 0.355012
v -0.130000 2.317665 0.356176
v -0.182620 2.317665 0.355012
v -0.205982 2.317665 0.351480
v -0.221199 2.317665 0.345393
v -0.230030 2.317665 0.336048
v -0.232940 2.317665 0.315000
v -0.230030 2.317665 0.293952
v -0.221199 2.317665 0.284607
v -0.205982 2.317665 0.278520
v -0.182620 2.317665 0.274988
v -0.130000 2.317665 0.273824
v -0.077380 2.317665 0.274988
v -0.054018 2.317665 0.278520
v -0.038801 2.317665 0.284607
v -0.029970 2.317665 0.293952
v -0.025000 2.350000 0.315000
v -0.027968 2.350000 0.336469
v -0.036976 2.350000 0.346001
v -0.052498 2.350000 0.352209
v -0.076328 2.350000 0.355813
v -0.130000 2.350000 0.357000
v -0.183672 2.350000 0.355813
v -0.207502 2.350000 0.352209
v -0.223024 2.350000 0.346001
v -0.232032 2.350000 0.336469
v -0.235000 2.350000 0.315000
v -0.232032 2.350000 0.293531
v -0.223024 2.350000 0.283999
v -0.207502 2.350000 0.277791
v -0.183672 2.350000 0.274187
v -0.130000 2.350000 0.273000
v -0.076328 2.350000 0.274187
v -0.052498 2.350000 0.277791
v -0.036976 2.350000 0.283999
v -0.027968 2.350000 0.293531
v -0.027060 2.382335 0.315000
v -0.029970 2.382335 0.336048
v -0.038801 2.382335 0.345393
v -0.054018 2.382335 0.351480
v -0.077380 2.382335 0.355012
v -0.130000 2.382335 0.356176
v -0.182620 2.382335 0.355012
v -0.205982 2.382335 0.351480
v -0.221199 2.382335 0.345393
v -0.230030 2.382335 0.336048
v -0.232940 2.382335 0.315000
v -0.230030 2.382335 0.293952
v -0.221199 2.382335 0.284607
v -0.205982 2.382335 0.278520
v -0.182620 2.382335 0.274988
v -0.130000 2.382335 0.273824
v -0.077380 2.382335 0.274988
v -0.054018 2.382335 0.278520
v -0.038801 2.382335 0.284607
v -0.029970 2.382335 0.293952
v -0.033285 2.397107 0.315000
v -0.036019 2.397107 0.334775
v -0.044317 2.397107 0.343555
v -0.058613 2.397107 0.349273
v -0.080563 2.397107 0.352592
v -0.130000 2.397107 0.353686
v -0.179437 2.397107 0.352592
v -0.201387 2.397107 0.349273
v -0.215683 2.397107 0.343555
v -0.223981 2.397107 0.334775
v -0.226715 2.397107 0.315000
v -0.223981 2.397107 0.295225
v -0.215683 2.397107 0.286445
v -0.201387 2.397107 0.280727
v -0.179437 2.397107 0.277408
v -0.130000 2.397107 0.276314
v -0.080563 2.397107 0.277408
v -0.058613 2.397107 0.280727
v -0.044317 2.397107 0.286445
v -0.036019 2.397107 0.295225
v -0.043865 2.407423 0.315000
v -0.046300 2.407423 0.332612
v -0.053689 2.407423 0.340431
v -0.066422 2.407423 0.345524
v -0.085971 2.407423 0.348480
v -0.130000 2.407423 0.349454
v -0.174029 2.407423 0.348480
v -0.193578 2.407423 0.345524
v -0.206311 2.407423 0.340431
v -0.213700 2.407423 0.332612
v -0.216135 2.407423 0.315000
v -0.213700 2.407423 0.297388
v -0.206311 2.407423 0.289569
v -0.193578 2.407423 0.284476
v -0.174029 2.407423 0.281520
v -0.130000 2.407423 0.280546
v -0.085971 2.407423 0.281520
v -0.066422 2.407423 0.284476
v -0.053689 2.407423 0.289569
v -0.046300 2.407423 0.297388
v -0.059340 2.414476 0.315000
v -0.061338 2.414476 0.329448
v -0.067400 2.414476 0.335862
v -0.077845 2.414476 0.340040
v -0.093881 2.414476 0.342465
v -0.130000 2.414476 0.343264
v -0.166119 2.414476 0.342465
v -0.182155 2.414476 0.340040
v -0.192600 2.414476 0.335862
v -0.198662 2.414476 0.329448
v -0.200660 2.414476 0.315000
v -0.198662 2.414476 0.300552
v -0.192600 2.414476 0.294138
v -0.182155 2.414476 0.289960
v -0.166119 2.414476 0.287535
v -0.130000 2.414476 0.286736
v -0.093881 2.414476 0.287535
v -0.077845 2.414476 0.289960
v -0.067400 2.414476 0.294138
v -0.061338 2.414476 0.300552
v -0.081498 2.418627 0.315000
v -0.082869 2.418627 0.324917
v -0.087030 2.418627 0.329320
v -0.094200 2.418627 0.332188
v -0.105208 2.418627 0.333852
v -0.130000 2.418627 0.334401
v -0.154792 2.418627 0.333852
v -0.165800 2.418627 0.332188
v -0.172970 2.418627 0.329320
v -0.177131 2.418627 0.324917
v -0.178502 2.418627 0.315000
v -0.177131 2.418627 0.305083
v -0.172970 2.418627 0.300680
v -0.165800 2.418627 0.297812
v -0.154792 2.418627 0.296148
v -0.130000 2.418627 0.295599
v -0.105208 2.418627 0.296148
v -0.094200 2.418627 0.297812
v -0.087030 2.418627 0.300680
v -0.082869 2.418627 0.305083
v -0.130000 2.420000 0.315000
v -0.130000 2.420000 0.315000
v -0.130000 2.420000 0.315000
v -0.130000 2.420000 0.315000
v -0.130000 2.420000 0.315000
v -0.130000 2.420000 0.315000
v -0.130000 2.420000 0.315000
v -0.130000 2.420000 0.315000
v -0.130000 2.420000 0.315000
v -0.130000 2.420000 0.315000
v -0.130000 2.420000 0.315000
v -0.130000 2.420000 0.315000
v -0.130000 2.420000 0.315000
v -0.130000 2.420000 0.315000
v -0.130000 2.420000 0.315000
v -0.130000 2.420000 0.315000
v -0.130000 2.420000 0.315000
v -0.130000 2.420000 0.315000
v -0.130000 2.420000 0.315000
v -0.130000 2.420000 0.315000
f 4699 4700 4720
f 4699 4720 4719
f 4700 4701 4721
f 4700 4721 4720
f 4701 4702 4722
f 4701 4722 4721
f 4702 4703 4723
f 4702 4723 4722
f 4703 4704 4724
f 4703 4724 4723
f 4704 4705 4725
f 4704 4725 4724
f 4705 4706 4726
f 4705 4726 4725
f 4706 4707 4727
f 4706 4727 4726
f 4707 4708 4728
f 4707 4728 4727
f 4708 4709 4729
f 4708 4729 4728
f 4709 4710 4730
f 4709 4730 4729
f 4710 4711 4731
f 4710 4731 4730
f 4711 4712 4732
f 4711 4732 4731
f 4712 4713 4733
f 4712 4733 4732
f 4713 4714 4734
f 4713 4734 4733
f 4714 4715 4735
f 4714 4735 4734
f 4715 4716 4736
f 4715 4736 4735
f 4716 4717 4737
f 4716 4737 4736
f 4717 4718 4738
f 4717 4738 4737
f 4718 4699 4719
f 4718 4719 4738
f 4719 4720 4740
f 4719 4740 4739
f 4720 4721 4741
f 4720 4741 4740
f 4721 4722 4742
f 4721 4742 4741
f 4722 4723 4743
f 4722 4743 4742
f 4723 4724 4744
f 4723 4744 4743
f 4724 4725 4745
f 4724 4745 4744
f 4725 4726 4746
f 4725 4746 4745
f 4726 4727 4747
f 4726 4747 4746
f 4727 4728 4748
f 4727 4748 4747
f 4728 4729 4749
f 4728 4749 4748
f 4729 4730 4750
f 4729 4750 4749
f 4730 4731 4751
f 4730 4751 4750
f 4731 4732 4752
f 4731 4752 4751
f 4732 4733 4753
f 4732 4753 4752
f 4733 4734 4754
f 4733 4754 4753
f 4734 4735 4755
f 4734 4755 4754
f 4735 4736 4756
f 4735 4756 4755
f 4736 4737 4757
f 4736 4757 4756
f 4737 4738 4758
f 4737 4758 4757
f 4738 4719 4739
f 4738 4739 4758
f 4739 4740 4760
f 4739 4760 4759
f 4740 4741 4761
f 4740 4761 4760
f 4741 4742 4762
f 4741 4762 4761
f 4742 4743 4763
f 4742 4763 4762
f 4743 4744 4764
f 4743 4764 4763
f 4744 4745 4765
f 4744 4765 4764
f 4745 4746 4766
f 4745 4766 4765
f 4746 4747 4767
f 4746 4767 4766
f 4747 4748 4768
f 4747 4768 4767
f 4748 4749 4769
f 4748 4769 4768
f 4749 4750 4770
f 4749 4770 4769
f 4750 4751 4771
f 4750 4771 4770
f 4751 4752 4772
f 4751 4772 4771
f 4752 4753 4773
f 4752 4773 4772
f 4753 4754 4774
f 4753 4774 4773
f 4754 4755 4775
f 4754 4775 4774
f 4755 4756 4776
f 4755 4776 4775
f 4756 4757 4777
f 4756 4777 4776
f 4757 4758 4778
f 4757 4778 4777
f 4758 4739 4759
f 4758 4759 4778
f 4759 4760 4780
f 4759 4780 4779
f 4760 4761 4781
f 4760 4781 4780
f 4761 4762 4782
f 4761 4782 4781
f 4762 4763 4783
f 4762 4783 4782
f 4763 4764 4784
f 4763 4784 4783
f 4764 4765 4785
f 4764 4785 4784
f 4765 4766 4786
f 4765 4786 4785
f 4766 4767 4787
f 4766 4787 4786
f 4767 4768 4788
f 4767 4788 4787
f 4768 4769 4789
f 4768 4789 4788
f 4769 4770 4790
f 4769 4790 4789
f 4770 4771 4791
f 4770 4791 4790
f 4771 4772 4792
f 4771 4792 4791
f 4772 4773 4793
f 4772 4793 4792
f 4773 4774 4794
f 4773 4794 4793
f 4774 4775 4795
f 4774 4795 4794
f 4775 4776 4796
f 4775 4796 4795
f 4776 4777 4797
f 4776 4797 4796
f 4777 4778 4798
f 4777 4798 4797
f 4778 4759 4779
f 4778 4779 4798
f 4779 4780 4800
f 4779 4800 4799
f 4780 4781 4801
f 4780 4801 4800
f 4781 4782 4802
f 4781 4802 4801
f 4782 4783 4803
f 4782 4803 4802
f 4783 4784 4804
f 4783 4804 4803
f 4784 4785 4805
f 4784 4805 4804
f 4785 4786 4806
f 4785 4806 4805
f 4786 4787 4807
f 4786 4807 4806
f 4787 4788 4808
f 4787 4808 4807
f 4788 4789 4809
f 4788 4809 4808
f 4789 4790 4810
f 4789 4810 4809
f 4790 4791 4811
f 4790 4811 4810
f 4791 4792 4812
f 4791 4812 4811
f 4792 4793 4813
f 4792 4813 4812
f 4793 4794 4814
f 4793 4814 4813
f 4794 4795 4815
f 4794 4815 4814
f 4795 4796 4816
f 4795 4816 4815
f 4796 4797 4817
f 4796 4817 4816
f 4797 4798 4818
f 4797 4818 4817
f 4798 4779 4799
f 4798 4799 4818
f 4799 4800 4820
f 4799 4820 4819
f 4800 4801 4821
f 4800 4821 4820
f 4801 4802 4822
f 4801 4822 4821
f 4802 4803 4823
f 4802 4823 4822
f 4803 4804 4824
f 4803 4824 4823
f 4804 4805 4825
f 4804 4825 4824
f 4805 4806 4826
f 4805 4826 4825
f 4806 4807 4827
f 4806 4827 4826
f 4807 4808 4828
f 4807 4828 4827
f 4808 4809 4829
f 4808 4829 4828
f 4809 4810 4830
f 4809 4830 4829
f 4810 4811 4831
f 4810 4831 4830
f 4811 4812 4832
f 4811 4832 4831
f 4812 4813 4833
f 4812 4833 4832
f 4813 4814 4834
f 4813 4834 4833
f 4814 4815 4835
f 4814 4835 4834
f 4815 4816 4836
f 4815 4836 4835
f 4816 4817 4837
f 4816 4837 4836
f 4817 4818 4838
f 4817 4838 4837
f 4818 4799 4819
f 4818 4819 4838
f 4819 4820 4840
f 4819 4840 4839
f 4820 4821 4841
f 4820 4841 4840
f 4821 4822 4842
f 4821 4842 4841
f 4822 4823 4843
f 4822 4843 4842
f 4823 4824 4844
f 4823 4844 4843
f 4824 4825 4845
f 4824 4845 4844
f 4825 4826 4846
f 4825 4846 4845
f 4826 4827 4847
f 4826 4847 4846
f 4827 4828 4848
f 4827 4848 4847
f 4828 4829 4849
f 4828 4849 4848
f 4829 4830 4850
f 4829 4850 4849
f 4830 4831 4851
f 4830 4851 4850
f 4831 4832 4852
f 4831 4852 4851
f 4832 4833 4853
f 4832 4853 4852
f 4833 4834 4854
f 4833 4854 4853
f 4834 4835 4855
f 4834 4855 4854
f 4835 4836 4856
f 4835 4856 4855
f 4836 4837 4857
f 4836 4857 4856
f 4837 4838 4858
f 4837 4858 4857
f 4838 4819 4839
f 4838 4839 4858
f 4839 4840 4860
f 4839 4860 4859
f 4840 4841 4861
f 4840 4861 4860
f 4841 4842 4862
f 4841 4862 4861
f 4842 4843 4863
f 4842 4863 4862
f 4843 4844 4864
f 4843 4864 4863
f 4844 4845 4865
f 4844 4865 4864
f 4845 4846 4866
f 4845 4866 4865
f 4846 4847 4867
f 4846 4867 4866
f 4847 4848 4868
f 4847 4868 4867
f 4848 4849 4869
f 4848 4869 4868
f 4849 4850 4870
f 4849 4870 4869
f 4850 4851 4871
f 4850 4871 4870
f 4851 4852 4872
f 4851 4872 4871
f 4852 4853 4873
f 4852 4873 4872
f 4853 4854 4874
f 4853 4874 4873
f 4854 4855 4875
f 4854 4875 4874
f 4855 4856 4876
f 4855 4876 4875
f 4856 4857 4877
f 4856 4877 4876
f 4857 4858 4878
f 4857 4878 4877
f 4858 4839 4859
f 4858 4859 4878
f 4859 4860 4880
f 4859 4880 4879
f 4860 4861 4881
f 4860 4881 4880
f 4861 4862 4882
f 4861 4882 4881
f 4862 4863 4883
f 4862 4883 4882
f 4863 4864 4884
f 4863 4884 4883
f 4864 4865 4885
f 4864 4885 4884
f 4865 4866 4886
f 4865 4886 4885
f 4866 4867 4887
f 4866 4887 4886
f 4867 4868 4888
f 4867 4888 4887
f 4868 4869 4889
f 4868 4889 4888
f 4869 4870 4890
f 4869 4890 4889
f 4870 4871 4891
f 4870 4891 4890
f 4871 4872 4892
f 4871 4892 4891
f 4872 4873 4893
f 4872 4893 4892
f 4873 4874 4894
f 4873 4894 4893
f 4874 4875 4895
f 4874 4895 4894
f 4875 4876 4896
f 4875 4896 4895
f 4876 4877 4897
f 4876 4897 4896
f 4877 4878 4898
f 4877 4898 4897
f 4878 4859 4879
f 4878 4879 4898
f 4879 4880 4900
f 4879 4900 4899
f 4880 4881 4901
f 4880 4901 4900
f 4881 4882 4902
f 4881 4902 4901
f 4882 4883 4903
f 4882 4903 4902
f 4883 4884 4904
f 4883 4904 4903
f 4884 4885 4905
f 4884 4905 4904
f 4885 4886 4906
f 4885 4906 4905
f 4886 4887 4907
f 4886 4907 4906
f 4887 4888 4908
f 4887 4908 4907
f 4888 4889 4909
f 4888 4909 4908
f 4889 4890 4910
f 4889 4910 4909
f 4890 4891 4911
f 4890 4911 4910
f 4891 4892 4912
f 4891 4912 4911
f 4892 4893 4913
f 4892 4913 4912
f 4893 4894 4914
f 4893 4914 4913
f 4894 4895 4915
f 4894 4915 4914
f 4895 4896 4916
f 4895 4916 4915
f 4896 4897 4917
f 4896 4917 4916
f 4897 4898 4918
f 4897 4918 4917
f 4898 4879 4899
f 4898 4899 4918
f 4899 4900 4920
f 4899 4920 4919
f 4900 4901 4921
f 4900 4921 4920
f 4901 4902 4922
f 4901 4922 4921
f 4902 4903 4923
f 4902 4923 4922
f 4903 4904 4924
f 4903 4924 4923
f 4904 4905 4925
f 4904 4925 4924
f 4905 4906 4926
f 4905 4926 4925
f 4906 4907 4927
f 4906 4927 4926
f 4907 4908 4928
f 4907 4928 4927
f 4908 4909 4929
f 4908 4929 4928
f 4909 4910 4930
f 4909 4930 4929
f 4910 4911 4931
f 4910 4931 4930
f 4911 4912 4932
f 4911 4932 4931
f 4912 4913 4933
f 4912 4933 4932
f 4913 4914 4934
f 4913 4934 4933
f 4914 4915 4935
f 4914 4935 4934
f 4915 4916 4936
f 4915 4936 4935
f 4916 4917 4937
f 4916 4937 4936
f 4917 4918 4938
f 4917 4938 4937
f 4918 4899 4919
f 4918 4919 4938
f 4919 4920 4940
f 4919 4940 4939
f 4920 4921 4941
f 4920 4941 4940
f 4921 4922 4942
f 4921 4942 4941
f 4922 4923 4943
f 4922 4943 4942
f 4923 4924 4944
f 4923 4944 4943
f 4924 4925 4945
f 4924 4945 4944
f 4925 4926 4946
f 4925 4946 4945
f 4926 4927 4947
f 4926 4947 4946
f 4927 4928 4948
f 4927 4948 4947
f 4928 4929 4949
f 4928 4949 4948
f 4929 4930 4950
f 4929 4950 4949
f 4930 4931 4951
f 4930 4951 4950
f 4931 4932 4952
f 4931 4952 4951
f 4932 4933 4953
f 4932 4953 4952
f 4933 4934 4954
f 4933 4954 4953
f 4934 4935 4955
f 4934 4955 4954
f 4935 4936 4956
f 4935 4956 4955
f 4936 4937 4957
f 4936 4957 4956
f 4937 4938 4958
f 4937 4958 4957
f 4938 4919 4939
f 4938 4939 4958
o Right_Eye_Liner
g Right_Eye_Liner
usemtl Grip_Black
v 0.130000 2.280000 0.315000
v 0.130000 2.280000 0.315000
v 0.130000 2.280000 0.315000
v 0.130000 2.280000 0.315000
v 0.130000 2.280000 0.315000
v 0.130000 2.280000 0.315000
v 0.130000 2.280000 0.315000
v 0.130000 2.280000 0.315000
v 0.130000 2.280000 0.315000
v 0.130000 2.280000 0.315000
v 0.130000 2.280000 0.315000
v 0.130000 2.280000 0.315000
v 0.130000 2.280000 0.315000
v 0.130000 2.280000 0.315000
v 0.130000 2.280000 0.315000
v 0.130000 2.280000 0.315000
v 0.130000 2.280000 0.315000
v 0.130000 2.280000 0.315000
v 0.130000 2.280000 0.315000
v 0.130000 2.280000 0.315000
v 0.178502 2.281373 0.315000
v 0.177131 2.281373 0.324917
v 0.172970 2.281373 0.329320
v 0.165800 2.281373 0.332188
v 0.154792 2.281373 0.333852
v 0.130000 2.281373 0.334401
v 0.105208 2.281373 0.333852
v 0.094200 2.281373 0.332188
v 0.087030 2.281373 0.329320
v 0.082869 2.281373 0.324917
v 0.081498 2.281373 0.315000
v 0.082869 2.281373 0.305083
v 0.087030 2.281373 0.300680
v 0.094200 2.281373 0.297812
v 0.105208 2.281373 0.296148
v 0.130000 2.281373 0.295599
v 0.154792 2.281373 0.296148
v 0.165800 2.281373 0.297812
v 0.172970 2.281373 0.300680
v 0.177131 2.281373 0.305083
v 0.200660 2.285524 0.315000
v 0.198662 2.285524 0.329448
v 0.192600 2.285524 0.335862
v 0.182155 2.285524 0.340040
v 0.166119 2.285524 0.342465
v 0.130000 2.285524 0.343264
v 0.093881 2.285524 0.342465
v 0.077845 2.285524 0.340040
v 0.067400 2.285524 0.335862
v 0.061338 2.285524 0.329448
v 0.059340 2.285524 0.315000
v 0.061338 2.285524 0.300552
v 0.067400 2.285524 0.294138
v 0.077845 2.285524 0.289960
v 0.093881 2.285524 0.287535
v 0.130000 2.285524 0.286736
v 0.166119 2.285524 0.287535
v 0.182155 2.285524 0.289960
v 0.192600 2.285524 0.294138
v 0.198662 2.285524 0.300552
v 0.216135 2.292577 0.315000
v 0.213700 2.292577 0.332612
v 0.206311 2.292577 0.340431
v 0.193578 2.292577 0.345524
v 0.174029 2.292577 0.348480
v 0.130000 2.292577 0.349454
v 0.085971 2.292577 0.348480
v 0.066422 2.292577 0.345524
v 0.053689 2.292577 0.340431
v 0.046300 2.292577 0.332612
v 0.043865 2.292577 0.315000
v 0.046300 2.292577 0.297388
v 0.053689 2.292577 0.289569
v 0.066422 2.292577 0.284476
v 0.085971 2.292577 0.281520
v 0.130000 2.292577 0.280546
v 0.174029 2.292577 0.281520
v 0.193578 2.292577 0.284476
v 0.206311 2.292577 0.289569
v 0.213700 2.292577 0.297388
v 0.226715 2.302893 0.315000
v 0.223981 2.302893 0.334775
v 0.215683 2.302893 0.343555
v 0.201387 2.302893 0.349273
v 0.179437 2.302893 0.352592
v 0.130000 2.302893 0.353686
v 0.080563 2.302893 0.352592
v 0.058613 2.302893 0.349273
v 0.044317 2.302893 0.343555
v 0.036019 2.302893 0.334775
v 0.033285 2.302893 0.315000
v 0.036019 2.302893 0.295225
v 0.044317 2.302893 0.286445
v 0.058613 2.302893 0.280727
v 0.080563 2.302893 0.277408
v 0.130000 2.302893 0.276314
v 0.179437 2.302893 0.277408
v 0.201387 2.302893 0.280727
v 0.215683 2.302893 0.286445
v 0.223981 2.302893 0.295225
v 0.232940 2.317665 0.315000
v 0.230030 2.317665 0.336048
v 0.221199 2.317665 0.345393
v 0.205982 2.317665 0.351480
v 0.182620 2.317665 0.355012
v 0.130000 2.317665 0.356176
v 0.077380 2.317665 0.355012
v 0.054018 2.317665 0.351480
v 0.038801 2.317665 0.345393
v 0.029970 2.317665 0.336048
v 0.027060 2.317665 0.315000
v 0.029970 2.317665 0.293952
v 0.038801 2.317665 0.284607
v 0.054018 2.317665 0.278520
v 0.077380 2.317665 0.274988
v 0.130000 2.317665 0.273824
v 0.182620 2.317665 0.274988
v 0.205982 2.317665 0.278520
v 0.221199 2.317665 0.284607
v 0.230030 2.317665 0.293952
v 0.235000 2.350000 0.315000
v 0.232032 2.350000 0.336469
v 0.223024 2.350000 0.346001
v 0.207502 2.350000 0.352209
v 0.183672 2.350000 0.355813
v 0.130000 2.350000 0.357000
v 0.076328 2.350000 0.355813
v 0.052498 2.350000 0.352209
v 0.036976 2.350000 0.346001
v 0.027968 2.350000 0.336469
v 0.025000 2.350000 0.315000
v 0.027968 2.350000 0.293531
v 0.036976 2.350000 0.283999
v 0.052498 2.350000 0.277791
v 0.076328 2.350000 0.274187
v 0.130000 2.350000 0.273000
v 0.183672 2.350000 0.274187
v 0.207502 2.350000 0.277791
v 0.223024 2.350000 0.283999
v 0.232032 2.350000 0.293531
v 0.232940 2.382335 0.315000
v 0.230030 2.382335 0.336048
v 0.221199 2.382335 0.345393
v 0.205982 2.382335 0.351480
v 0.182620 2.382335 0.355012
v 0.130000 2.382335 0.356176
v 0.077380 2.382335 0.355012
v 0.054018 2.382335 0.351480
v 0.038801 2.382335 0.345393
v 0.029970 2.382335 0.336048
v 0.027060 2.382335 0.315000
v 0.029970 2.382335 0.293952
v 0.038801 2.382335 0.284607
v 0.054018 2.382335 0.278520
v 0.077380 2.382335 0.274988
v 0.130000 2.382335 0.273824
v 0.182620 2.382335 0.274988
v 0.205982 2.382335 0.278520
v 0.221199 2.382335 0.284607
v 0.230030 2.382335 0.293952
v 0.226715 2.397107 0.315000
v 0.223981 2.397107 0.334775
v 0.215683 2.397107 0.343555
v 0.201387 2.397107 0.349273
v 0.179437 2.397107 0.352592
v 0.130000 2.397107 0.353686
v 0.080563 2.397107 0.352592
v 0.058613 2.397107 0.349273
v 0.044317 2.397107 0.343555
v 0.036019 2.397107 0.334775
v 0.033285 2.397107 0.315000
v 0.036019 2.397107 0.295225
v 0.044317 2.397107 0.286445
v 0.058613 2.397107 0.280727
v 0.080563 2.397107 0.277408
v 0.130000 2.397107 0.276314
v 0.179437 2.397107 0.277408
v 0.201387 2.397107 0.280727
v 0.215683 2.397107 0.286445
v 0.223981 2.397107 0.295225
v 0.216135 2.407423 0.315000
v 0.213700 2.407423 0.332612
v 0.206311 2.407423 0.340431
v 0.193578 2.407423 0.345524
v 0.174029 2.407423 0.348480
v 0.130000 2.407423 0.349454
v 0.085971 2.407423 0.348480
v 0.066422 2.407423 0.345524
v 0.053689 2.407423 0.340431
v 0.046300 2.407423 0.332612
v 0.043865 2.407423 0.315000
v 0.046300 2.407423 0.297388
v 0.053689 2.407423 0.289569
v 0.066422 2.407423 0.284476
v 0.085971 2.407423 0.281520
v 0.130000 2.407423 0.280546
v 0.174029 2.407423 0.281520
v 0.193578 2.407423 0.284476
v 0.206311 2.407423 0.289569
v 0.213700 2.407423 0.297388
v 0.200660 2.414476 0.315000
v 0.198662 2.414476 0.329448
v 0.192600 2.414476 0.335862
v 0.182155 2.414476 0.340040
v 0.166119 2.414476 0.342465
v 0.130000 2.414476 0.343264
v 0.093881 2.414476 0.342465
v 0.077845 2.414476 0.340040
v 0.067400 2.414476 0.335862
v 0.061338 2.414476 0.329448
v 0.059340 2.414476 0.315000
v 0.061338 2.414476 0.300552
v 0.067400 2.414476 0.294138
v 0.077845 2.414476 0.289960
v 0.093881 2.414476 0.287535
v 0.130000 2.414476 0.286736
v 0.166119 2.414476 0.287535
v 0.182155 2.414476 0.289960
v 0.192600 2.414476 0.294138
v 0.198662 2.414476 0.300552
v 0.178502 2.418627 0.315000
v 0.177131 2.418627 0.324917
v 0.172970 2.418627 0.329320
v 0.165800 2.418627 0.332188
v 0.154792 2.418627 0.333852
v 0.130000 2.418627 0.334401
v 0.105208 2.418627 0.333852
v 0.094200 2.418627 0.332188
v 0.087030 2.418627 0.329320
v 0.082869 2.418627 0.324917
v 0.081498 2.418627 0.315000
v 0.082869 2.418627 0.305083
v 0.087030 2.418627 0.300680
v 0.094200 2.418627 0.297812
v 0.105208 2.418627 0.296148
v 0.130000 2.418627 0.295599
v 0.154792 2.418627 0.296148
v 0.165800 2.418627 0.297812
v 0.172970 2.418627 0.300680
v 0.177131 2.418627 0.305083
v 0.130000 2.420000 0.315000
v 0.130000 2.420000 0.315000
v 0.130000 2.420000 0.315000
v 0.130000 2.420000 0.315000
v 0.130000 2.420000 0.315000
v 0.130000 2.420000 0.315000
v 0.130000 2.420000 0.315000
v 0.130000 2.420000 0.315000
v 0.130000 2.420000 0.315000
v 0.130000 2.420000 0.315000
v 0.130000 2.420000 0.315000
v 0.130000 2.420000 0.315000
v 0.130000 2.420000 0.315000
v 0.130000 2.420000 0.315000
v 0.130000 2.420000 0.315000
v 0.130000 2.420000 0.315000
v 0.130000 2.420000 0.315000
v 0.130000 2.420000 0.315000
v 0.130000 2.420000 0.315000
v 0.130000 2.420000 0.315000
f 4959 4960 4980
f 4959 4980 4979
f 4960 4961 4981
f 4960 4981 4980
f 4961 4962 4982
f 4961 4982 4981
f 4962 4963 4983
f 4962 4983 4982
f 4963 4964 4984
f 4963 4984 4983
f 4964 4965 4985
f 4964 4985 4984
f 4965 4966 4986
f 4965 4986 4985
f 4966 4967 4987
f 4966 4987 4986
f 4967 4968 4988
f 4967 4988 4987
f 4968 4969 4989
f 4968 4989 4988
f 4969 4970 4990
f 4969 4990 4989
f 4970 4971 4991
f 4970 4991 4990
f 4971 4972 4992
f 4971 4992 4991
f 4972 4973 4993
f 4972 4993 4992
f 4973 4974 4994
f 4973 4994 4993
f 4974 4975 4995
f 4974 4995 4994
f 4975 4976 4996
f 4975 4996 4995
f 4976 4977 4997
f 4976 4997 4996
f 4977 4978 4998
f 4977 4998 4997
f 4978 4959 4979
f 4978 4979 4998
f 4979 4980 5000
f 4979 5000 4999
f 4980 4981 5001
f 4980 5001 5000
f 4981 4982 5002
f 4981 5002 5001
f 4982 4983 5003
f 4982 5003 5002
f 4983 4984 5004
f 4983 5004 5003
f 4984 4985 5005
f 4984 5005 5004
f 4985 4986 5006
f 4985 5006 5005
f 4986 4987 5007
f 4986 5007 5006
f 4987 4988 5008
f 4987 5008 5007
f 4988 4989 5009
f 4988 5009 5008
f 4989 4990 5010
f 4989 5010 5009
f 4990 4991 5011
f 4990 5011 5010
f 4991 4992 5012
f 4991 5012 5011
f 4992 4993 5013
f 4992 5013 5012
f 4993 4994 5014
f 4993 5014 5013
f 4994 4995 5015
f 4994 5015 5014
f 4995 4996 5016
f 4995 5016 5015
f 4996 4997 5017
f 4996 5017 5016
f 4997 4998 5018
f 4997 5018 5017
f 4998 4979 4999
f 4998 4999 5018
f 4999 5000 5020
f 4999 5020 5019
f 5000 5001 5021
f 5000 5021 5020
f 5001 5002 5022
f 5001 5022 5021
f 5002 5003 5023
f 5002 5023 5022
f 5003 5004 5024
f 5003 5024 5023
f 5004 5005 5025
f 5004 5025 5024
f 5005 5006 5026
f 5005 5026 5025
f 5006 5007 5027
f 5006 5027 5026
f 5007 5008 5028
f 5007 5028 5027
f 5008 5009 5029
f 5008 5029 5028
f 5009 5010 5030
f 5009 5030 5029
f 5010 5011 5031
f 5010 5031 5030
f 5011 5012 5032
f 5011 5032 5031
f 5012 5013 5033
f 5012 5033 5032
f 5013 5014 5034
f 5013 5034 5033
f 5014 5015 5035
f 5014 5035 5034
f 5015 5016 5036
f 5015 5036 5035
f 5016 5017 5037
f 5016 5037 5036
f 5017 5018 5038
f 5017 5038 5037
f 5018 4999 5019
f 5018 5019 5038
f 5019 5020 5040
f 5019 5040 5039
f 5020 5021 5041
f 5020 5041 5040
f 5021 5022 5042
f 5021 5042 5041
f 5022 5023 5043
f 5022 5043 5042
f 5023 5024 5044
f 5023 5044 5043
f 5024 5025 5045
f 5024 5045 5044
f 5025 5026 5046
f 5025 5046 5045
f 5026 5027 5047
f 5026 5047 5046
f 5027 5028 5048
f 5027 5048 5047
f 5028 5029 5049
f 5028 5049 5048
f 5029 5030 5050
f 5029 5050 5049
f 5030 5031 5051
f 5030 5051 5050
f 5031 5032 5052
f 5031 5052 5051
f 5032 5033 5053
f 5032 5053 5052
f 5033 5034 5054
f 5033 5054 5053
f 5034 5035 5055
f 5034 5055 5054
f 5035 5036 5056
f 5035 5056 5055
f 5036 5037 5057
f 5036 5057 5056
f 5037 5038 5058
f 5037 5058 5057
f 5038 5019 5039
f 5038 5039 5058
f 5039 5040 5060
f 5039 5060 5059
f 5040 5041 5061
f 5040 5061 5060
f 5041 5042 5062
f 5041 5062 5061
f 5042 5043 5063
f 5042 5063 5062
f 5043 5044 5064
f 5043 5064 5063
f 5044 5045 5065
f 5044 5065 5064
f 5045 5046 5066
f 5045 5066 5065
f 5046 5047 5067
f 5046 5067 5066
f 5047 5048 5068
f 5047 5068 5067
f 5048 5049 5069
f 5048 5069 5068
f 5049 5050 5070
f 5049 5070 5069
f 5050 5051 5071
f 5050 5071 5070
f 5051 5052 5072
f 5051 5072 5071
f 5052 5053 5073
f 5052 5073 5072
f 5053 5054 5074
f 5053 5074 5073
f 5054 5055 5075
f 5054 5075 5074
f 5055 5056 5076
f 5055 5076 5075
f 5056 5057 5077
f 5056 5077 5076
f 5057 5058 5078
f 5057 5078 5077
f 5058 5039 5059
f 5058 5059 5078
f 5059 5060 5080
f 5059 5080 5079
f 5060 5061 5081
f 5060 5081 5080
f 5061 5062 5082
f 5061 5082 5081
f 5062 5063 5083
f 5062 5083 5082
f 5063 5064 5084
f 5063 5084 5083
f 5064 5065 5085
f 5064 5085 5084
f 5065 5066 5086
f 5065 5086 5085
f 5066 5067 5087
f 5066 5087 5086
f 5067 5068 5088
f 5067 5088 5087
f 5068 5069 5089
f 5068 5089 5088
f 5069 5070 5090
f 5069 5090 5089
f 5070 5071 5091
f 5070 5091 5090
f 5071 5072 5092
f 5071 5092 5091
f 5072 5073 5093
f 5072 5093 5092
f 5073 5074 5094
f 5073 5094 5093
f 5074 5075 5095
f 5074 5095 5094
f 5075 5076 5096
f 5075 5096 5095
f 5076 5077 5097
f 5076 5097 5096
f 5077 5078 5098
f 5077 5098 5097
f 5078 5059 5079
f 5078 5079 5098
f 5079 5080 5100
f 5079 5100 5099
f 5080 5081 5101
f 5080 5101 5100
f 5081 5082 5102
f 5081 5102 5101
f 5082 5083 5103
f 5082 5103 5102
f 5083 5084 5104
f 5083 5104 5103
f 5084 5085 5105
f 5084 5105 5104
f 5085 5086 5106
f 5085 5106 5105
f 5086 5087 5107
f 5086 5107 5106
f 5087 5088 5108
f 5087 5108 5107
f 5088 5089 5109
f 5088 5109 5108
f 5089 5090 5110
f 5089 5110 5109
f 5090 5091 5111
f 5090 5111 5110
f 5091 5092 5112
f 5091 5112 5111
f 5092 5093 5113
f 5092 5113 5112
f 5093 5094 5114
f 5093 5114 5113
f 5094 5095 5115
f 5094 5115 5114
f 5095 5096 5116
f 5095 5116 5115
f 5096 5097 5117
f 5096 5117 5116
f 5097 5098 5118
f 5097 5118 5117
f 5098 5079 5099
f 5098 5099 5118
f 5099 5100 5120
f 5099 5120 5119
f 5100 5101 5121
f 5100 5121 5120
f 5101 5102 5122
f 5101 5122 5121
f 5102 5103 5123
f 5102 5123 5122
f 5103 5104 5124
f 5103 5124 5123
f 5104 5105 5125
f 5104 5125 5124
f 5105 5106 5126
f 5105 5126 5125
f 5106 5107 5127
f 5106 5127 5126
f 5107 5108 5128
f 5107 5128 5127
f 5108 5109 5129
f 5108 5129 5128
f 5109 5110 5130
f 5109 5130 5129
f 5110 5111 5131
f 5110 5131 5130
f 5111 5112 5132
f 5111 5132 5131
f 5112 5113 5133
f 5112 5133 5132
f 5113 5114 5134
f 5113 5134 5133
f 5114 5115 5135
f 5114 5135 5134
f 5115 5116 5136
f 5115 5136 5135
f 5116 5117 5137
f 5116 5137 5136
f 5117 5118 5138
f 5117 5138 5137
f 5118 5099 5119
f 5118 5119 5138
f 5119 5120 5140
f 5119 5140 5139
f 5120 5121 5141
f 5120 5141 5140
f 5121 5122 5142
f 5121 5142 5141
f 5122 5123 5143
f 5122 5143 5142
f 5123 5124 5144
f 5123 5144 5143
f 5124 5125 5145
f 5124 5145 5144
f 5125 5126 5146
f 5125 5146 5145
f 5126 5127 5147
f 5126 5147 5146
f 5127 5128 5148
f 5127 5148 5147
f 5128 5129 5149
f 5128 5149 5148
f 5129 5130 5150
f 5129 5150 5149
f 5130 5131 5151
f 5130 5151 5150
f 5131 5132 5152
f 5131 5152 5151
f 5132 5133 5153
f 5132 5153 5152
f 5133 5134 5154
f 5133 5154 5153
f 5134 5135 5155
f 5134 5155 5154
f 5135 5136 5156
f 5135 5156 5155
f 5136 5137 5157
f 5136 5157 5156
f 5137 5138 5158
f 5137 5158 5157
f 5138 5119 5139
f 5138 5139 5158
f 5139 5140 5160
f 5139 5160 5159
f 5140 5141 5161
f 5140 5161 5160
f 5141 5142 5162
f 5141 5162 5161
f 5142 5143 5163
f 5142 5163 5162
f 5143 5144 5164
f 5143 5164 5163
f 5144 5145 5165
f 5144 5165 5164
f 5145 5146 5166
f 5145 5166 5165
f 5146 5147 5167
f 5146 5167 5166
f 5147 5148 5168
f 5147 5168 5167
f 5148 5149 5169
f 5148 5169 5168
f 5149 5150 5170
f 5149 5170 5169
f 5150 5151 5171
f 5150 5171 5170
f 5151 5152 5172
f 5151 5172 5171
f 5152 5153 5173
f 5152 5173 5172
f 5153 5154 5174
f 5153 5174 5173
f 5154 5155 5175
f 5154 5175 5174
f 5155 5156 5176
f 5155 5176 5175
f 5156 5157 5177
f 5156 5177 5176
f 5157 5158 5178
f 5157 5178 5177
f 5158 5139 5159
f 5158 5159 5178
f 5159 5160 5180
f 5159 5180 5179
f 5160 5161 5181
f 5160 5181 5180
f 5161 5162 5182
f 5161 5182 5181
f 5162 5163 5183
f 5162 5183 5182
f 5163 5164 5184
f 5163 5184 5183
f 5164 5165 5185
f 5164 5185 5184
f 5165 5166 5186
f 5165 5186 5185
f 5166 5167 5187
f 5166 5187 5186
f 5167 5168 5188
f 5167 5188 5187
f 5168 5169 5189
f 5168 5189 5188
f 5169 5170 5190
f 5169 5190 5189
f 5170 5171 5191
f 5170 5191 5190
f 5171 5172 5192
f 5171 5192 5191
f 5172 5173 5193
f 5172 5193 5192
f 5173 5174 5194
f 5173 5194 5193
f 5174 5175 5195
f 5174 5195 5194
f 5175 5176 5196
f 5175 5196 5195
f 5176 5177 5197
f 5176 5197 5196
f 5177 5178 5198
f 5177 5198 5197
f 5178 5159 5179
f 5178 5179 5198
f 5179 5180 5200
f 5179 5200 5199
f 5180 5181 5201
f 5180 5201 5200
f 5181 5182 5202
f 5181 5202 5201
f 5182 5183 5203
f 5182 5203 5202
f 5183 5184 5204
f 5183 5204 5203
f 5184 5185 5205
f 5184 5205 5204
f 5185 5186 5206
f 5185 5206 5205
f 5186 5187 5207
f 5186 5207 5206
f 5187 5188 5208
f 5187 5208 5207
f 5188 5189 5209
f 5188 5209 5208
f 5189 5190 5210
f 5189 5210 5209
f 5190 5191 5211
f 5190 5211 5210
f 5191 5192 5212
f 5191 5212 5211
f 5192 5193 5213
f 5192 5213 5212
f 5193 5194 5214
f 5193 5214 5213
f 5194 5195 5215
f 5194 5215 5214
f 5195 5196 5216
f 5195 5216 5215
f 5196 5197 5217
f 5196 5217 5216
f 5197 5198 5218
f 5197 5218 5217
f 5198 5179 5199
f 5198 5199 5218
o Left_Eye
g Left_Eye
usemtl Eye_Cyan
v -0.130000 2.298000 0.350000
v -0.130000 2.298000 0.350000
v -0.130000 2.298000 0.350000
v -0.130000 2.298000 0.350000
v -0.130000 2.298000 0.350000
v -0.130000 2.298000 0.350000
v -0.130000 2.298000 0.350000
v -0.130000 2.298000 0.350000
v -0.130000 2.298000 0.350000
v -0.130000 2.298000 0.350000
v -0.130000 2.298000 0.350000
v -0.130000 2.298000 0.350000
v -0.130000 2.298000 0.350000
v -0.130000 2.298000 0.350000
v -0.130000 2.298000 0.350000
v -0.130000 2.298000 0.350000
v -0.130000 2.298000 0.350000
v -0.130000 2.298000 0.350000
v -0.130000 2.298000 0.350000
v -0.130000 2.298000 0.350000
v -0.106851 2.299188 0.350000
v -0.107612 2.299188 0.354641
v -0.109901 2.299188 0.357124
v -0.113756 2.299188 0.358815
v -0.119419 2.299188 0.359819
v -0.130000 2.299188 0.360153
v -0.140581 2.299188 0.359819
v -0.146244 2.299188 0.358815
v -0.150099 2.299188 0.357124
v -0.152388 2.299188 0.354641
v -0.153149 2.299188 0.350000
v -0.152388 2.299188 0.345359
v -0.150099 2.299188 0.342876
v -0.146244 2.299188 0.341185
v -0.140581 2.299188 0.340181
v -0.130000 2.299188 0.339847
v -0.119419 2.299188 0.340181
v -0.113756 2.299188 0.341185
v -0.109901 2.299188 0.342876
v -0.107612 2.299188 0.345359
v -0.094092 2.302755 0.350000
v -0.095274 2.302755 0.357198
v -0.098824 2.302755 0.361051
v -0.104804 2.302755 0.363674
v -0.113587 2.302755 0.365231
v -0.130000 2.302755 0.365749
v -0.146413 2.302755 0.365231
v -0.155196 2.302755 0.363674
v -0.161176 2.302755 0.361051
v -0.164726 2.302755 0.357198
v -0.165908 2.302755 0.350000
v -0.164726 2.302755 0.342802
v -0.161176 2.302755 0.338949
v -0.155196 2.302755 0.336326
v -0.146413 2.302755 0.334769
v -0.130000 2.302755 0.334251
v -0.113587 2.302755 0.334769
v -0.104804 2.302755 0.336326
v -0.098824 2.302755 0.338949
v -0.095274 2.302755 0.342802
v -0.084759 2.308728 0.350000
v -0.086248 2.308728 0.359070
v -0.090720 2.308728 0.363923
v -0.098255 2.308728 0.367228
v -0.109321 2.308728 0.369190
v -0.130000 2.308728 0.369843
v -0.150679 2.308728 0.369190
v -0.161745 2.308728 0.367228
v -0.169280 2.308728 0.363923
v -0.173752 2.308728 0.359070
v -0.175241 2.308728 0.350000
v -0.173752 2.308728 0.340930
v -0.169280 2.308728 0.336077
v -0.161745 2.308728 0.332772
v -0.150679 2.308728 0.330810
v -0.130000 2.308728 0.330157
v -0.109321 2.308728 0.330810
v -0.098255 2.308728 0.332772
v -0.090720 2.308728 0.336077
v -0.086248 2.308728 0.340930
v -0.078212 2.317242 0.350000
v -0.079916 2.317242 0.360382
v -0.085036 2.317242 0.365938
v -0.093661 2.317242 0.369721
v -0.106329 2.317242 0.371967
v -0.130000 2.317242 0.372714
v -0.153671 2.317242 0.371967
v -0.166339 2.317242 0.369721
v -0.174964 2.317242 0.365938
v -0.180084 2.317242 0.360382
v -0.181788 2.317242 0.350000
v -0.180084 2.317242 0.339618
v -0.174964 2.317242 0.334062
v -0.166339 2.317242 0.330279
v -0.153671 2.317242 0.328033
v -0.130000 2.317242 0.327286
v -0.106329 2.317242 0.328033
v -0.093661 2.317242 0.330279
v -0.085036 2.317242 0.334062
v -0.079916 2.317242 0.339618
v -0.074302 2.328881 0.350000
v -0.076135 2.328881 0.361166
v -0.081641 2.328881 0.367141
v -0.090917 2.328881 0.371210
v -0.104542 2.328881 0.373625
v -0.130000 2.328881 0.374429
v -0.155458 2.328881 0.373625
v -0.169083 2.328881 0.371210
v -0.178359 2.328881 0.367141
v -0.183865 2.328881 0.361166
v -0.185698 2.328881 0.350000
v -0.183865 2.328881 0.338834
v -0.178359 2.328881 0.332859
v -0.169083 2.328881 0.328790
v -0.155458 2.328881 0.326375
v -0.130000 2.328881 0.325571
v -0.104542 2.328881 0.326375
v -0.090917 2.328881 0.328790
v -0.081641 2.328881 0.332859
v -0.076135 2.328881 0.338834
v -0.073000 2.350000 0.350000
v -0.074875 2.350000 0.361427
v -0.080510 2.350000 0.367542
v -0.090004 2.350000 0.371706
v -0.103947 2.350000 0.374177
v -0.130000 2.350000 0.375000
v -0.156053 2.350000 0.374177
v -0.169996 2.350000 0.371706
v -0.179490 2.350000 0.367542
v -0.185125 2.350000 0.361427
v -0.187000 2.350000 0.350000
v -0.185125 2.350000 0.338573
v -0.179490 2.350000 0.332458
v -0.169996 2.350000 0.328294
v -0.156053 2.350000 0.325823
v -0.130000 2.350000 0.325000
v -0.103947 2.350000 0.325823
v -0.090004 2.350000 0.328294
v -0.080510 2.350000 0.332458
v -0.074875 2.350000 0.338573
v -0.074302 2.371119 0.350000
v -0.076135 2.371119 0.361166
v -0.081641 2.371119 0.367141
v -0.090917 2.371119 0.371210
v -0.104542 2.371119 0.373625
v -0.130000 2.371119 0.374429
v -0.155458 2.371119 0.373625
v -0.169083 2.371119 0.371210
v -0.178359 2.371119 0.367141
v -0.183865 2.371119 0.361166
v -0.185698 2.371119 0.350000
v -0.183865 2.371119 0.338834
v -0.178359 2.371119 0.332859
v -0.169083 2.371119 0.328790
v -0.155458 2.371119 0.326375
v -0.130000 2.371119 0.325571
v -0.104542 2.371119 0.326375
v -0.090917 2.371119 0.328790
v -0.081641 2.371119 0.332859
v -0.076135 2.371119 0.338834
v -0.078212 2.382758 0.350000
v -0.079916 2.382758 0.360382
v -0.085036 2.382758 0.365938
v -0.093661 2.382758 0.369721
v -0.106329 2.382758 0.371967
v -0.130000 2.382758 0.372714
v -0.153671 2.382758 0.371967
v -0.166339 2.382758 0.369721
v -0.174964 2.382758 0.365938
v -0.180084 2.382758 0.360382
v -0.181788 2.382758 0.350000
v -0.180084 2.382758 0.339618
v -0.174964 2.382758 0.334062
v -0.166339 2.382758 0.330279
v -0.153671 2.382758 0.328033
v -0.130000 2.382758 0.327286
v -0.106329 2.382758 0.328033
v -0.093661 2.382758 0.330279
v -0.085036 2.382758 0.334062
v -0.079916 2.382758 0.339618
v -0.084759 2.391272 0.350000
v -0.086248 2.391272 0.359070
v -0.090720 2.391272 0.363923
v -0.098255 2.391272 0.367228
v -0.109321 2.391272 0.369190
v -0.130000 2.391272 0.369843
v -0.150679 2.391272 0.369190
v -0.161745 2.391272 0.367228
v -0.169280 2.391272 0.363923
v -0.173752 2.391272 0.359070
v -0.175241 2.391272 0.350000
v -0.173752 2.391272 0.340930
v -0.169280 2.391272 0.336077
v -0.161745 2.391272 0.332772
v -0.150679 2.391272 0.330810
v -0.130000 2.391272 0.330157
v -0.109321 2.391272 0.330810
v -0.098255 2.391272 0.332772
v -0.090720 2.391272 0.336077
v -0.086248 2.391272 0.340930
v -0.094092 2.397245 0.350000
v -0.095274 2.397245 0.357198
v -0.098824 2.397245 0.361051
v -0.104804 2.397245 0.363674
v -0.113587 2.397245 0.365231
v -0.130000 2.397245 0.365749
v -0.146413 2.397245 0.365231
v -0.155196 2.397245 0.363674
v -0.161176 2.397245 0.361051
v -0.164726 2.397245 0.357198
v -0.165908 2.397245 0.350000
v -0.164726 2.397245 0.342802
v -0.161176 2.397245 0.338949
v -0.155196 2.397245 0.336326
v -0.146413 2.397245 0.334769
v -0.130000 2.397245 0.334251
v -0.113587 2.397245 0.334769
v -0.104804 2.397245 0.336326
v -0.098824 2.397245 0.338949
v -0.095274 2.397245 0.342802
v -0.106851 2.400812 0.350000
v -0.107612 2.400812 0.354641
v -0.109901 2.400812 0.357124
v -0.113756 2.400812 0.358815
v -0.119419 2.400812 0.359819
v -0.130000 2.400812 0.360153
v -0.140581 2.400812 0.359819
v -0.146244 2.400812 0.358815
v -0.150099 2.400812 0.357124
v -0.152388 2.400812 0.354641
v -0.153149 2.400812 0.350000
v -0.152388 2.400812 0.345359
v -0.150099 2.400812 0.342876
v -0.146244 2.400812 0.341185
v -0.140581 2.400812 0.340181
v -0.130000 2.400812 0.339847
v -0.119419 2.400812 0.340181
v -0.113756 2.400812 0.341185
v -0.109901 2.400812 0.342876
v -0.107612 2.400812 0.345359
v -0.130000 2.402000 0.350000
v -0.130000 2.402000 0.350000
v -0.130000 2.402000 0.350000
v -0.130000 2.402000 0.350000
v -0.130000 2.402000 0.350000
v -0.130000 2.402000 0.350000
v -0.130000 2.402000 0.350000
v -0.130000 2.402000 0.350000
v -0.130000 2.402000 0.350000
v -0.130000 2.402000 0.350000
v -0.130000 2.402000 0.350000
v -0.130000 2.402000 0.350000
v -0.130000 2.402000 0.350000
v -0.130000 2.402000 0.350000
v -0.130000 2.402000 0.350000
v -0.130000 2.402000 0.350000
v -0.130000 2.402000 0.350000
v -0.130000 2.402000 0.350000
v -0.130000 2.402000 0.350000
v -0.130000 2.402000 0.350000
f 5219 5220 5240
f 5219 5240 5239
f 5220 5221 5241
f 5220 5241 5240
f 5221 5222 5242
f 5221 5242 5241
f 5222 5223 5243
f 5222 5243 5242
f 5223 5224 5244
f 5223 5244 5243
f 5224 5225 5245
f 5224 5245 5244
f 5225 5226 5246
f 5225 5246 5245
f 5226 5227 5247
f 5226 5247 5246
f 5227 5228 5248
f 5227 5248 5247
f 5228 5229 5249
f 5228 5249 5248
f 5229 5230 5250
f 5229 5250 5249
f 5230 5231 5251
f 5230 5251 5250
f 5231 5232 5252
f 5231 5252 5251
f 5232 5233 5253
f 5232 5253 5252
f 5233 5234 5254
f 5233 5254 5253
f 5234 5235 5255
f 5234 5255 5254
f 5235 5236 5256
f 5235 5256 5255
f 5236 5237 5257
f 5236 5257 5256
f 5237 5238 5258
f 5237 5258 5257
f 5238 5219 5239
f 5238 5239 5258
f 5239 5240 5260
f 5239 5260 5259
f 5240 5241 5261
f 5240 5261 5260
f 5241 5242 5262
f 5241 5262 5261
f 5242 5243 5263
f 5242 5263 5262
f 5243 5244 5264
f 5243 5264 5263
f 5244 5245 5265
f 5244 5265 5264
f 5245 5246 5266
f 5245 5266 5265
f 5246 5247 5267
f 5246 5267 5266
f 5247 5248 5268
f 5247 5268 5267
f 5248 5249 5269
f 5248 5269 5268
f 5249 5250 5270
f 5249 5270 5269
f 5250 5251 5271
f 5250 5271 5270
f 5251 5252 5272
f 5251 5272 5271
f 5252 5253 5273
f 5252 5273 5272
f 5253 5254 5274
f 5253 5274 5273
f 5254 5255 5275
f 5254 5275 5274
f 5255 5256 5276
f 5255 5276 5275
f 5256 5257 5277
f 5256 5277 5276
f 5257 5258 5278
f 5257 5278 5277
f 5258 5239 5259
f 5258 5259 5278
f 5259 5260 5280
f 5259 5280 5279
f 5260 5261 5281
f 5260 5281 5280
f 5261 5262 5282
f 5261 5282 5281
f 5262 5263 5283
f 5262 5283 5282
f 5263 5264 5284
f 5263 5284 5283
f 5264 5265 5285
f 5264 5285 5284
f 5265 5266 5286
f 5265 5286 5285
f 5266 5267 5287
f 5266 5287 5286
f 5267 5268 5288
f 5267 5288 5287
f 5268 5269 5289
f 5268 5289 5288
f 5269 5270 5290
f 5269 5290 5289
f 5270 5271 5291
f 5270 5291 5290
f 5271 5272 5292
f 5271 5292 5291
f 5272 5273 5293
f 5272 5293 5292
f 5273 5274 5294
f 5273 5294 5293
f 5274 5275 5295
f 5274 5295 5294
f 5275 5276 5296
f 5275 5296 5295
f 5276 5277 5297
f 5276 5297 5296
f 5277 5278 5298
f 5277 5298 5297
f 5278 5259 5279
f 5278 5279 5298
f 5279 5280 5300
f 5279 5300 5299
f 5280 5281 5301
f 5280 5301 5300
f 5281 5282 5302
f 5281 5302 5301
f 5282 5283 5303
f 5282 5303 5302
f 5283 5284 5304
f 5283 5304 5303
f 5284 5285 5305
f 5284 5305 5304
f 5285 5286 5306
f 5285 5306 5305
f 5286 5287 5307
f 5286 5307 5306
f 5287 5288 5308
f 5287 5308 5307
f 5288 5289 5309
f 5288 5309 5308
f 5289 5290 5310
f 5289 5310 5309
f 5290 5291 5311
f 5290 5311 5310
f 5291 5292 5312
f 5291 5312 5311
f 5292 5293 5313
f 5292 5313 5312
f 5293 5294 5314
f 5293 5314 5313
f 5294 5295 5315
f 5294 5315 5314
f 5295 5296 5316
f 5295 5316 5315
f 5296 5297 5317
f 5296 5317 5316
f 5297 5298 5318
f 5297 5318 5317
f 5298 5279 5299
f 5298 5299 5318
f 5299 5300 5320
f 5299 5320 5319
f 5300 5301 5321
f 5300 5321 5320
f 5301 5302 5322
f 5301 5322 5321
f 5302 5303 5323
f 5302 5323 5322
f 5303 5304 5324
f 5303 5324 5323
f 5304 5305 5325
f 5304 5325 5324
f 5305 5306 5326
f 5305 5326 5325
f 5306 5307 5327
f 5306 5327 5326
f 5307 5308 5328
f 5307 5328 5327
f 5308 5309 5329
f 5308 5329 5328
f 5309 5310 5330
f 5309 5330 5329
f 5310 5311 5331
f 5310 5331 5330
f 5311 5312 5332
f 5311 5332 5331
f 5312 5313 5333
f 5312 5333 5332
f 5313 5314 5334
f 5313 5334 5333
f 5314 5315 5335
f 5314 5335 5334
f 5315 5316 5336
f 5315 5336 5335
f 5316 5317 5337
f 5316 5337 5336
f 5317 5318 5338
f 5317 5338 5337
f 5318 5299 5319
f 5318 5319 5338
f 5319 5320 5340
f 5319 5340 5339
f 5320 5321 5341
f 5320 5341 5340
f 5321 5322 5342
f 5321 5342 5341
f 5322 5323 5343
f 5322 5343 5342
f 5323 5324 5344
f 5323 5344 5343
f 5324 5325 5345
f 5324 5345 5344
f 5325 5326 5346
f 5325 5346 5345
f 5326 5327 5347
f 5326 5347 5346
f 5327 5328 5348
f 5327 5348 5347
f 5328 5329 5349
f 5328 5349 5348
f 5329 5330 5350
f 5329 5350 5349
f 5330 5331 5351
f 5330 5351 5350
f 5331 5332 5352
f 5331 5352 5351
f 5332 5333 5353
f 5332 5353 5352
f 5333 5334 5354
f 5333 5354 5353
f 5334 5335 5355
f 5334 5355 5354
f 5335 5336 5356
f 5335 5356 5355
f 5336 5337 5357
f 5336 5357 5356
f 5337 5338 5358
f 5337 5358 5357
f 5338 5319 5339
f 5338 5339 5358
f 5339 5340 5360
f 5339 5360 5359
f 5340 5341 5361
f 5340 5361 5360
f 5341 5342 5362
f 5341 5362 5361
f 5342 5343 5363
f 5342 5363 5362
f 5343 5344 5364
f 5343 5364 5363
f 5344 5345 5365
f 5344 5365 5364
f 5345 5346 5366
f 5345 5366 5365
f 5346 5347 5367
f 5346 5367 5366
f 5347 5348 5368
f 5347 5368 5367
f 5348 5349 5369
f 5348 5369 5368
f 5349 5350 5370
f 5349 5370 5369
f 5350 5351 5371
f 5350 5371 5370
f 5351 5352 5372
f 5351 5372 5371
f 5352 5353 5373
f 5352 5373 5372
f 5353 5354 5374
f 5353 5374 5373
f 5354 5355 5375
f 5354 5375 5374
f 5355 5356 5376
f 5355 5376 5375
f 5356 5357 5377
f 5356 5377 5376
f 5357 5358 5378
f 5357 5378 5377
f 5358 5339 5359
f 5358 5359 5378
f 5359 5360 5380
f 5359 5380 5379
f 5360 5361 5381
f 5360 5381 5380
f 5361 5362 5382
f 5361 5382 5381
f 5362 5363 5383
f 5362 5383 5382
f 5363 5364 5384
f 5363 5384 5383
f 5364 5365 5385
f 5364 5385 5384
f 5365 5366 5386
f 5365 5386 5385
f 5366 5367 5387
f 5366 5387 5386
f 5367 5368 5388
f 5367 5388 5387
f 5368 5369 5389
f 5368 5389 5388
f 5369 5370 5390
f 5369 5390 5389
f 5370 5371 5391
f 5370 5391 5390
f 5371 5372 5392
f 5371 5392 5391
f 5372 5373 5393
f 5372 5393 5392
f 5373 5374 5394
f 5373 5394 5393
f 5374 5375 5395
f 5374 5395 5394
f 5375 5376 5396
f 5375 5396 5395
f 5376 5377 5397
f 5376 5397 5396
f 5377 5378 5398
f 5377 5398 5397
f 5378 5359 5379
f 5378 5379 5398
f 5379 5380 5400
f 5379 5400 5399
f 5380 5381 5401
f 5380 5401 5400
f 5381 5382 5402
f 5381 5402 5401
f 5382 5383 5403
f 5382 5403 5402
f 5383 5384 5404
f 5383 5404 5403
f 5384 5385 5405
f 5384 5405 5404
f 5385 5386 5406
f 5385 5406 5405
f 5386 5387 5407
f 5386 5407 5406
f 5387 5388 5408
f 5387 5408 5407
f 5388 5389 5409
f 5388 5409 5408
f 5389 5390 5410
f 5389 5410 5409
f 5390 5391 5411
f 5390 5411 5410
f 5391 5392 5412
f 5391 5412 5411
f 5392 5393 5413
f 5392 5413 5412
f 5393 5394 5414
f 5393 5414 5413
f 5394 5395 5415
f 5394 5415 5414
f 5395 5396 5416
f 5395 5416 5415
f 5396 5397 5417
f 5396 5417 5416
f 5397 5398 5418
f 5397 5418 5417
f 5398 5379 5399
f 5398 5399 5418
f 5399 5400 5420
f 5399 5420 5419
f 5400 5401 5421
f 5400 5421 5420
f 5401 5402 5422
f 5401 5422 5421
f 5402 5403 5423
f 5402 5423 5422
f 5403 5404 5424
f 5403 5424 5423
f 5404 5405 5425
f 5404 5425 5424
f 5405 5406 5426
f 5405 5426 5425
f 5406 5407 5427
f 5406 5427 5426
f 5407 5408 5428
f 5407 5428 5427
f 5408 5409 5429
f 5408 5429 5428
f 5409 5410 5430
f 5409 5430 5429
f 5410 5411 5431
f 5410 5431 5430
f 5411 5412 5432
f 5411 5432 5431
f 5412 5413 5433
f 5412 5433 5432
f 5413 5414 5434
f 5413 5434 5433
f 5414 5415 5435
f 5414 5435 5434
f 5415 5416 5436
f 5415 5436 5435
f 5416 5417 5437
f 5416 5437 5436
f 5417 5418 5438
f 5417 5438 5437
f 5418 5399 5419
f 5418 5419 5438
f 5419 5420 5440
f 5419 5440 5439
f 5420 5421 5441
f 5420 5441 5440
f 5421 5422 5442
f 5421 5442 5441
f 5422 5423 5443
f 5422 5443 5442
f 5423 5424 5444
f 5423 5444 5443
f 5424 5425 5445
f 5424 5445 5444
f 5425 5426 5446
f 5425 5446 5445
f 5426 5427 5447
f 5426 5447 5446
f 5427 5428 5448
f 5427 5448 5447
f 5428 5429 5449
f 5428 5449 5448
f 5429 5430 5450
f 5429 5450 5449
f 5430 5431 5451
f 5430 5451 5450
f 5431 5432 5452
f 5431 5452 5451
f 5432 5433 5453
f 5432 5453 5452
f 5433 5434 5454
f 5433 5454 5453
f 5434 5435 5455
f 5434 5455 5454
f 5435 5436 5456
f 5435 5456 5455
f 5436 5437 5457
f 5436 5457 5456
f 5437 5438 5458
f 5437 5458 5457
f 5438 5419 5439
f 5438 5439 5458
f 5439 5440 5460
f 5439 5460 5459
f 5440 5441 5461
f 5440 5461 5460
f 5441 5442 5462
f 5441 5462 5461
f 5442 5443 5463
f 5442 5463 5462
f 5443 5444 5464
f 5443 5464 5463
f 5444 5445 5465
f 5444 5465 5464
f 5445 5446 5466
f 5445 5466 5465
f 5446 5447 5467
f 5446 5467 5466
f 5447 5448 5468
f 5447 5468 5467
f 5448 5449 5469
f 5448 5469 5468
f 5449 5450 5470
f 5449 5470 5469
f 5450 5451 5471
f 5450 5471 5470
f 5451 5452 5472
f 5451 5472 5471
f 5452 5453 5473
f 5452 5473 5472
f 5453 5454 5474
f 5453 5474 5473
f 5454 5455 5475
f 5454 5475 5474
f 5455 5456 5476
f 5455 5476 5475
f 5456 5457 5477
f 5456 5477 5476
f 5457 5458 5478
f 5457 5478 5477
f 5458 5439 5459
f 5458 5459 5478
o Right_Eye
g Right_Eye
usemtl Eye_Cyan
v 0.130000 2.298000 0.350000
v 0.130000 2.298000 0.350000
v 0.130000 2.298000 0.350000
v 0.130000 2.298000 0.350000
v 0.130000 2.298000 0.350000
v 0.130000 2.298000 0.350000
v 0.130000 2.298000 0.350000
v 0.130000 2.298000 0.350000
v 0.130000 2.298000 0.350000
v 0.130000 2.298000 0.350000
v 0.130000 2.298000 0.350000
v 0.130000 2.298000 0.350000
v 0.130000 2.298000 0.350000
v 0.130000 2.298000 0.350000
v 0.130000 2.298000 0.350000
v 0.130000 2.298000 0.350000
v 0.130000 2.298000 0.350000
v 0.130000 2.298000 0.350000
v 0.130000 2.298000 0.350000
v 0.130000 2.298000 0.350000
v 0.153149 2.299188 0.350000
v 0.152388 2.299188 0.354641
v 0.150099 2.299188 0.357124
v 0.146244 2.299188 0.358815
v 0.140581 2.299188 0.359819
v 0.130000 2.299188 0.360153
v 0.119419 2.299188 0.359819
v 0.113756 2.299188 0.358815
v 0.109901 2.299188 0.357124
v 0.107612 2.299188 0.354641
v 0.106851 2.299188 0.350000
v 0.107612 2.299188 0.345359
v 0.109901 2.299188 0.342876
v 0.113756 2.299188 0.341185
v 0.119419 2.299188 0.340181
v 0.130000 2.299188 0.339847
v 0.140581 2.299188 0.340181
v 0.146244 2.299188 0.341185
v 0.150099 2.299188 0.342876
v 0.152388 2.299188 0.345359
v 0.165908 2.302755 0.350000
v 0.164726 2.302755 0.357198
v 0.161176 2.302755 0.361051
v 0.155196 2.302755 0.363674
v 0.146413 2.302755 0.365231
v 0.130000 2.302755 0.365749
v 0.113587 2.302755 0.365231
v 0.104804 2.302755 0.363674
v 0.098824 2.302755 0.361051
v 0.095274 2.302755 0.357198
v 0.094092 2.302755 0.350000
v 0.095274 2.302755 0.342802
v 0.098824 2.302755 0.338949
v 0.104804 2.302755 0.336326
v 0.113587 2.302755 0.334769
v 0.130000 2.302755 0.334251
v 0.146413 2.302755 0.334769
v 0.155196 2.302755 0.336326
v 0.161176 2.302755 0.338949
v 0.164726 2.302755 0.342802
v 0.175241 2.308728 0.350000
v 0.173752 2.308728 0.359070
v 0.169280 2.308728 0.363923
v 0.161745 2.308728 0.367228
v 0.150679 2.308728 0.369190
v 0.130000 2.308728 0.369843
v 0.109321 2.308728 0.369190
v 0.098255 2.308728 0.367228
v 0.090720 2.308728 0.363923
v 0.086248 2.308728 0.359070
v 0.084759 2.308728 0.350000
v 0.086248 2.308728 0.340930
v 0.090720 2.308728 0.336077
v 0.098255 2.308728 0.332772
v 0.109321 2.308728 0.330810
v 0.130000 2.308728 0.330157
v 0.150679 2.308728 0.330810
v 0.161745 2.308728 0.332772
v 0.169280 2.308728 0.336077
v 0.173752 2.308728 0.340930
v 0.181788 2.317242 0.350000
v 0.180084 2.317242 0.360382
v 0.174964 2.317242 0.365938
v 0.166339 2.317242 0.369721
v 0.153671 2.317242 0.371967
v 0.130000 2.317242 0.372714
v 0.106329 2.317242 0.371967
v 0.093661 2.317242 0.369721
v 0.085036 2.317242 0.365938
v 0.079916 2.317242 0.360382
v 0.078212 2.317242 0.350000
v 0.079916 2.317242 0.339618
v 0.085036 2.317242 0.334062
v 0.093661 2.317242 0.330279
v 0.106329 2.317242 0.328033
v 0.130000 2.317242 0.327286
v 0.153671 2.317242 0.328033
v 0.166339 2.317242 0.330279
v 0.174964 2.317242 0.334062
v 0.180084 2.317242 0.339618
v 0.185698 2.328881 0.350000
v 0.183865 2.328881 0.361166
v 0.178359 2.328881 0.367141
v 0.169083 2.328881 0.371210
v 0.155458 2.328881 0.373625
v 0.130000 2.328881 0.374429
v 0.104542 2.328881 0.373625
v 0.090917 2.328881 0.371210
v 0.081641 2.328881 0.367141
v 0.076135 2.328881 0.361166
v 0.074302 2.328881 0.350000
v 0.076135 2.328881 0.338834
v 0.081641 2.328881 0.332859
v 0.090917 2.328881 0.328790
v 0.104542 2.328881 0.326375
v 0.130000 2.328881 0.325571
v 0.155458 2.328881 0.326375
v 0.169083 2.328881 0.328790
v 0.178359 2.328881 0.332859
v 0.183865 2.328881 0.338834
v 0.187000 2.350000 0.350000
v 0.185125 2.350000 0.361427
v 0.179490 2.350000 0.367542
v 0.169996 2.350000 0.371706
v 0.156053 2.350000 0.374177
v 0.130000 2.350000 0.375000
v 0.103947 2.350000 0.374177
v 0.090004 2.350000 0.371706
v 0.080510 2.350000 0.367542
v 0.074875 2.350000 0.361427
v 0.073000 2.350000 0.350000
v 0.074875 2.350000 0.338573
v 0.080510 2.350000 0.332458
v 0.090004 2.350000 0.328294
v 0.103947 2.350000 0.325823
v 0.130000 2.350000 0.325000
v 0.156053 2.350000 0.325823
v 0.169996 2.350000 0.328294
v 0.179490 2.350000 0.332458
v 0.185125 2.350000 0.338573
v 0.185698 2.371119 0.350000
v 0.183865 2.371119 0.361166
v 0.178359 2.371119 0.367141
v 0.169083 2.371119 0.371210
v 0.155458 2.371119 0.373625
v 0.130000 2.371119 0.374429
v 0.104542 2.371119 0.373625
v 0.090917 2.371119 0.371210
v 0.081641 2.371119 0.367141
v 0.076135 2.371119 0.361166
v 0.074302 2.371119 0.350000
v 0.076135 2.371119 0.338834
v 0.081641 2.371119 0.332859
v 0.090917 2.371119 0.328790
v 0.104542 2.371119 0.326375
v 0.130000 2.371119 0.325571
v 0.155458 2.371119 0.326375
v 0.169083 2.371119 0.328790
v 0.178359 2.371119 0.332859
v 0.183865 2.371119 0.338834
v 0.181788 2.382758 0.350000
v 0.180084 2.382758 0.360382
v 0.174964 2.382758 0.365938
v 0.166339 2.382758 0.369721
v 0.153671 2.382758 0.371967
v 0.130000 2.382758 0.372714
v 0.106329 2.382758 0.371967
v 0.093661 2.382758 0.369721
v 0.085036 2.382758 0.365938
v 0.079916 2.382758 0.360382
v 0.078212 2.382758 0.350000
v 0.079916 2.382758 0.339618
v 0.085036 2.382758 0.334062
v 0.093661 2.382758 0.330279
v 0.106329 2.382758 0.328033
v 0.130000 2.382758 0.327286
v 0.153671 2.382758 0.328033
v 0.166339 2.382758 0.330279
v 0.174964 2.382758 0.334062
v 0.180084 2.382758 0.339618
v 0.175241 2.391272 0.350000
v 0.173752 2.391272 0.359070
v 0.169280 2.391272 0.363923
v 0.161745 2.391272 0.367228
v 0.150679 2.391272 0.369190
v 0.130000 2.391272 0.369843
v 0.109321 2.391272 0.369190
v 0.098255 2.391272 0.367228
v 0.090720 2.391272 0.363923
v 0.086248 2.391272 0.359070
v 0.084759 2.391272 0.350000
v 0.086248 2.391272 0.340930
v 0.090720 2.391272 0.336077
v 0.098255 2.391272 0.332772
v 0.109321 2.391272 0.330810
v 0.130000 2.391272 0.330157
v 0.150679 2.391272 0.330810
v 0.161745 2.391272 0.332772
v 0.169280 2.391272 0.336077
v 0.173752 2.391272 0.340930
v 0.165908 2.397245 0.350000
v 0.164726 2.397245 0.357198
v 0.161176 2.397245 0.361051
v 0.155196 2.397245 0.363674
v 0.146413 2.397245 0.365231
v 0.130000 2.397245 0.365749
v 0.113587 2.397245 0.365231
v 0.104804 2.397245 0.363674
v 0.098824 2.397245 0.361051
v 0.095274 2.397245 0.357198
v 0.094092 2.397245 0.350000
v 0.095274 2.397245 0.342802
v 0.098824 2.397245 0.338949
v 0.104804 2.397245 0.336326
v 0.113587 2.397245 0.334769
v 0.130000 2.397245 0.334251
v 0.146413 2.397245 0.334769
v 0.155196 2.397245 0.336326
v 0.161176 2.397245 0.338949
v 0.164726 2.397245 0.342802
v 0.153149 2.400812 0.350000
v 0.152388 2.400812 0.354641
v 0.150099 2.400812 0.357124
v 0.146244 2.400812 0.358815
v 0.140581 2.400812 0.359819
v 0.130000 2.400812 0.360153
v 0.119419 2.400812 0.359819
v 0.113756 2.400812 0.358815
v 0.109901 2.400812 0.357124
v 0.107612 2.400812 0.354641
v 0.106851 2.400812 0.350000
v 0.107612 2.400812 0.345359
v 0.109901 2.400812 0.342876
v 0.113756 2.400812 0.341185
v 0.119419 2.400812 0.340181
v 0.130000 2.400812 0.339847
v 0.140581 2.400812 0.340181
v 0.146244 2.400812 0.341185
v 0.150099 2.400812 0.342876
v 0.152388 2.400812 0.345359
v 0.130000 2.402000 0.350000
v 0.130000 2.402000 0.350000
v 0.130000 2.402000 0.350000
v 0.130000 2.402000 0.350000
v 0.130000 2.402000 0.350000
v 0.130000 2.402000 0.350000
v 0.130000 2.402000 0.350000
v 0.130000 2.402000 0.350000
v 0.130000 2.402000 0.350000
v 0.130000 2.402000 0.350000
v 0.130000 2.402000 0.350000
v 0.130000 2.402000 0.350000
v 0.130000 2.402000 0.350000
v 0.130000 2.402000 0.350000
v 0.130000 2.402000 0.350000
v 0.130000 2.402000 0.350000
v 0.130000 2.402000 0.350000
v 0.130000 2.402000 0.350000
v 0.130000 2.402000 0.350000
v 0.130000 2.402000 0.350000
f 5479 5480 5500
f 5479 5500 5499
f 5480 5481 5501
f 5480 5501 5500
f 5481 5482 5502
f 5481 5502 5501
f 5482 5483 5503
f 5482 5503 5502
f 5483 5484 5504
f 5483 5504 5503
f 5484 5485 5505
f 5484 5505 5504
f 5485 5486 5506
f 5485 5506 5505
f 5486 5487 5507
f 5486 5507 5506
f 5487 5488 5508
f 5487 5508 5507
f 5488 5489 5509
f 5488 5509 5508
f 5489 5490 5510
f 5489 5510 5509
f 5490 5491 5511
f 5490 5511 5510
f 5491 5492 5512
f 5491 5512 5511
f 5492 5493 5513
f 5492 5513 5512
f 5493 5494 5514
f 5493 5514 5513
f 5494 5495 5515
f 5494 5515 5514
f 5495 5496 5516
f 5495 5516 5515
f 5496 5497 5517
f 5496 5517 5516
f 5497 5498 5518
f 5497 5518 5517
f 5498 5479 5499
f 5498 5499 5518
f 5499 5500 5520
f 5499 5520 5519
f 5500 5501 5521
f 5500 5521 5520
f 5501 5502 5522
f 5501 5522 5521
f 5502 5503 5523
f 5502 5523 5522
f 5503 5504 5524
f 5503 5524 5523
f 5504 5505 5525
f 5504 5525 5524
f 5505 5506 5526
f 5505 5526 5525
f 5506 5507 5527
f 5506 5527 5526
f 5507 5508 5528
f 5507 5528 5527
f 5508 5509 5529
f 5508 5529 5528
f 5509 5510 5530
f 5509 5530 5529
f 5510 5511 5531
f 5510 5531 5530
f 5511 5512 5532
f 5511 5532 5531
f 5512 5513 5533
f 5512 5533 5532
f 5513 5514 5534
f 5513 5534 5533
f 5514 5515 5535
f 5514 5535 5534
f 5515 5516 5536
f 5515 5536 5535
f 5516 5517 5537
f 5516 5537 5536
f 5517 5518 5538
f 5517 5538 5537
f 5518 5499 5519
f 5518 5519 5538
f 5519 5520 5540
f 5519 5540 5539
f 5520 5521 5541
f 5520 5541 5540
f 5521 5522 5542
f 5521 5542 5541
f 5522 5523 5543
f 5522 5543 5542
f 5523 5524 5544
f 5523 5544 5543
f 5524 5525 5545
f 5524 5545 5544
f 5525 5526 5546
f 5525 5546 5545
f 5526 5527 5547
f 5526 5547 5546
f 5527 5528 5548
f 5527 5548 5547
f 5528 5529 5549
f 5528 5549 5548
f 5529 5530 5550
f 5529 5550 5549
f 5530 5531 5551
f 5530 5551 5550
f 5531 5532 5552
f 5531 5552 5551
f 5532 5533 5553
f 5532 5553 5552
f 5533 5534 5554
f 5533 5554 5553
f 5534 5535 5555
f 5534 5555 5554
f 5535 5536 5556
f 5535 5556 5555
f 5536 5537 5557
f 5536 5557 5556
f 5537 5538 5558
f 5537 5558 5557
f 5538 5519 5539
f 5538 5539 5558
f 5539 5540 5560
f 5539 5560 5559
f 5540 5541 5561
f 5540 5561 5560
f 5541 5542 5562
f 5541 5562 5561
f 5542 5543 5563
f 5542 5563 5562
f 5543 5544 5564
f 5543 5564 5563
f 5544 5545 5565
f 5544 5565 5564
f 5545 5546 5566
f 5545 5566 5565
f 5546 5547 5567
f 5546 5567 5566
f 5547 5548 5568
f 5547 5568 5567
f 5548 5549 5569
f 5548 5569 5568
f 5549 5550 5570
f 5549 5570 5569
f 5550 5551 5571
f 5550 5571 5570
f 5551 5552 5572
f 5551 5572 5571
f 5552 5553 5573
f 5552 5573 5572
f 5553 5554 5574
f 5553 5574 5573
f 5554 5555 5575
f 5554 5575 5574
f 5555 5556 5576
f 5555 5576 5575
f 5556 5557 5577
f 5556 5577 5576
f 5557 5558 5578
f 5557 5578 5577
f 5558 5539 5559
f 5558 5559 5578
f 5559 5560 5580
f 5559 5580 5579
f 5560 5561 5581
f 5560 5581 5580
f 5561 5562 5582
f 5561 5582 5581
f 5562 5563 5583
f 5562 5583 5582
f 5563 5564 5584
f 5563 5584 5583
f 5564 5565 5585
f 5564 5585 5584
f 5565 5566 5586
f 5565 5586 5585
f 5566 5567 5587
f 5566 5587 5586
f 5567 5568 5588
f 5567 5588 5587
f 5568 5569 5589
f 5568 5589 5588
f 5569 5570 5590
f 5569 5590 5589
f 5570 5571 5591
f 5570 5591 5590
f 5571 5572 5592
f 5571 5592 5591
f 5572 5573 5593
f 5572 5593 5592
f 5573 5574 5594
f 5573 5594 5593
f 5574 5575 5595
f 5574 5595 5594
f 5575 5576 5596
f 5575 5596 5595
f 5576 5577 5597
f 5576 5597 5596
f 5577 5578 5598
f 5577 5598 5597
f 5578 5559 5579
f 5578 5579 5598
f 5579 5580 5600
f 5579 5600 5599
f 5580 5581 5601
f 5580 5601 5600
f 5581 5582 5602
f 5581 5602 5601
f 5582 5583 5603
f 5582 5603 5602
f 5583 5584 5604
f 5583 5604 5603
f 5584 5585 5605
f 5584 5605 5604
f 5585 5586 5606
f 5585 5606 5605
f 5586 5587 5607
f 5586 5607 5606
f 5587 5588 5608
f 5587 5608 5607
f 5588 5589 5609
f 5588 5609 5608
f 5589 5590 5610
f 5589 5610 5609
f 5590 5591 5611
f 5590 5611 5610
f 5591 5592 5612
f 5591 5612 5611
f 5592 5593 5613
f 5592 5613 5612
f 5593 5594 5614
f 5593 5614 5613
f 5594 5595 5615
f 5594 5615 5614
f 5595 5596 5616
f 5595 5616 5615
f 5596 5597 5617
f 5596 5617 5616
f 5597 5598 5618
f 5597 5618 5617
f 5598 5579 5599
f 5598 5599 5618
f 5599 5600 5620
f 5599 5620 5619
f 5600 5601 5621
f 5600 5621 5620
f 5601 5602 5622
f 5601 5622 5621
f 5602 5603 5623
f 5602 5623 5622
f 5603 5604 5624
f 5603 5624 5623
f 5604 5605 5625
f 5604 5625 5624
f 5605 5606 5626
f 5605 5626 5625
f 5606 5607 5627
f 5606 5627 5626
f 5607 5608 5628
f 5607 5628 5627
f 5608 5609 5629
f 5608 5629 5628
f 5609 5610 5630
f 5609 5630 5629
f 5610 5611 5631
f 5610 5631 5630
f 5611 5612 5632
f 5611 5632 5631
f 5612 5613 5633
f 5612 5633 5632
f 5613 5614 5634
f 5613 5634 5633
f 5614 5615 5635
f 5614 5635 5634
f 5615 5616 5636
f 5615 5636 5635
f 5616 5617 5637
f 5616 5637 5636
f 5617 5618 5638
f 5617 5638 5637
f 5618 5599 5619
f 5618 5619 5638
f 5619 5620 5640
f 5619 5640 5639
f 5620 5621 5641
f 5620 5641 5640
f 5621 5622 5642
f 5621 5642 5641
f 5622 5623 5643
f 5622 5643 5642
f 5623 5624 5644
f 5623 5644 5643
f 5624 5625 5645
f 5624 5645 5644
f 5625 5626 5646
f 5625 5646 5645
f 5626 5627 5647
f 5626 5647 5646
f 5627 5628 5648
f 5627 5648 5647
f 5628 5629 5649
f 5628 5649 5648
f 5629 5630 5650
f 5629 5650 5649
f 5630 5631 5651
f 5630 5651 5650
f 5631 5632 5652
f 5631 5652 5651
f 5632 5633 5653
f 5632 5653 5652
f 5633 5634 5654
f 5633 5654 5653
f 5634 5635 5655
f 5634 5655 5654
f 5635 5636 5656
f 5635 5656 5655
f 5636 5637 5657
f 5636 5657 5656
f 5637 5638 5658
f 5637 5658 5657
f 5638 5619 5639
f 5638 5639 5658
f 5639 5640 5660
f 5639 5660 5659
f 5640 5641 5661
f 5640 5661 5660
f 5641 5642 5662
f 5641 5662 5661
f 5642 5643 5663
f 5642 5663 5662
f 5643 5644 5664
f 5643 5664 5663
f 5644 5645 5665
f 5644 5665 5664
f 5645 5646 5666
f 5645 5666 5665
f 5646 5647 5667
f 5646 5667 5666
f 5647 5648 5668
f 5647 5668 5667
f 5648 5649 5669
f 5648 5669 5668
f 5649 5650 5670
f 5649 5670 5669
f 5650 5651 5671
f 5650 5671 5670
f 5651 5652 5672
f 5651 5672 5671
f 5652 5653 5673
f 5652 5673 5672
f 5653 5654 5674
f 5653 5674 5673
f 5654 5655 5675
f 5654 5675 5674
f 5655 5656 5676
f 5655 5676 5675
f 5656 5657 5677
f 5656 5677 5676
f 5657 5658 5678
f 5657 5678 5677
f 5658 5639 5659
f 5658 5659 5678
f 5659 5660 5680
f 5659 5680 5679
f 5660 5661 5681
f 5660 5681 5680
f 5661 5662 5682
f 5661 5682 5681
f 5662 5663 5683
f 5662 5683 5682
f 5663 5664 5684
f 5663 5684 5683
f 5664 5665 5685
f 5664 5685 5684
f 5665 5666 5686
f 5665 5686 5685
f 5666 5667 5687
f 5666 5687 5686
f 5667 5668 5688
f 5667 5688 5687
f 5668 5669 5689
f 5668 5689 5688
f 5669 5670 5690
f 5669 5690 5689
f 5670 5671 5691
f 5670 5691 5690
f 5671 5672 5692
f 5671 5692 5691
f 5672 5673 5693
f 5672 5693 5692
f 5673 5674 5694
f 5673 5694 5693
f 5674 5675 5695
f 5674 5695 5694
f 5675 5676 5696
f 5675 5696 5695
f 5676 5677 5697
f 5676 5697 5696
f 5677 5678 5698
f 5677 5698 5697
f 5678 5659 5679
f 5678 5679 5698
f 5679 5680 5700
f 5679 5700 5699
f 5680 5681 5701
f 5680 5701 5700
f 5681 5682 5702
f 5681 5702 5701
f 5682 5683 5703
f 5682 5703 5702
f 5683 5684 5704
f 5683 5704 5703
f 5684 5685 5705
f 5684 5705 5704
f 5685 5686 5706
f 5685 5706 5705
f 5686 5687 5707
f 5686 5707 5706
f 5687 5688 5708
f 5687 5708 5707
f 5688 5689 5709
f 5688 5709 5708
f 5689 5690 5710
f 5689 5710 5709
f 5690 5691 5711
f 5690 5711 5710
f 5691 5692 5712
f 5691 5712 5711
f 5692 5693 5713
f 5692 5713 5712
f 5693 5694 5714
f 5693 5714 5713
f 5694 5695 5715
f 5694 5715 5714
f 5695 5696 5716
f 5695 5716 5715
f 5696 5697 5717
f 5696 5717 5716
f 5697 5698 5718
f 5697 5718 5717
f 5698 5679 5699
f 5698 5699 5718
f 5699 5700 5720
f 5699 5720 5719
f 5700 5701 5721
f 5700 5721 5720
f 5701 5702 5722
f 5701 5722 5721
f 5702 5703 5723
f 5702 5723 5722
f 5703 5704 5724
f 5703 5724 5723
f 5704 5705 5725
f 5704 5725 5724
f 5705 5706 5726
f 5705 5726 5725
f 5706 5707 5727
f 5706 5727 5726
f 5707 5708 5728
f 5707 5728 5727
f 5708 5709 5729
f 5708 5729 5728
f 5709 5710 5730
f 5709 5730 5729
f 5710 5711 5731
f 5710 5731 5730
f 5711 5712 5732
f 5711 5732 5731
f 5712 5713 5733
f 5712 5733 5732
f 5713 5714 5734
f 5713 5734 5733
f 5714 5715 5735
f 5714 5735 5734
f 5715 5716 5736
f 5715 5736 5735
f 5716 5717 5737
f 5716 5737 5736
f 5717 5718 5738
f 5717 5738 5737
f 5718 5699 5719
f 5718 5719 5738
o Left_Cheek_Tuft
g Left_Cheek_Tuft
usemtl Sport_White
v -0.270000 2.230000 0.080000
v -0.500000 2.190000 0.060000
v -0.258738 2.230000 -0.049511
v -0.249192 2.165954 -0.031199
v -0.245222 2.119069 0.016909
v -0.247890 2.101908 0.081923
v -0.256483 2.119069 0.146421
v -0.268698 2.165954 0.193121
v -0.281262 2.230000 0.209511
v -0.290808 2.294046 0.191199
v -0.294778 2.340931 0.143091
v -0.292110 2.358092 0.078077
v -0.283517 2.340931 0.013579
v -0.271302 2.294046 -0.033121
v -0.498701 2.190000 0.045056
v -0.497599 2.182610 0.047169
v -0.497141 2.177200 0.052720
v -0.497449 2.175220 0.060222
v -0.498440 2.177200 0.067664
v -0.499850 2.182610 0.073052
v -0.501299 2.190000 0.074944
v -0.502401 2.197390 0.072831
v -0.502859 2.202800 0.067280
v -0.502551 2.204780 0.059778
v -0.501560 2.202800 0.052336
v -0.500150 2.197390 0.046948
f 5741 5742 5754
f 5741 5754 5753
f 5739 5742 5741
f 5740 5753 5754
f 5742 5743 5755
f 5742 5755 5754
f 5739 5743 5742
f 5740 5754 5755
f 5743 5744 5756
f 5743 5756 5755
f 5739 5744 5743
f 5740 5755 5756
f 5744 5745 5757
f 5744 5757 5756
f 5739 5745 5744
f 5740 5756 5757
f 5745 5746 5758
f 5745 5758 5757
f 5739 5746 5745
f 5740 5757 5758
f 5746 5747 5759
f 5746 5759 5758
f 5739 5747 5746
f 5740 5758 5759
f 5747 5748 5760
f 5747 5760 5759
f 5739 5748 5747
f 5740 5759 5760
f 5748 5749 5761
f 5748 5761 5760
f 5739 5749 5748
f 5740 5760 5761
f 5749 5750 5762
f 5749 5762 5761
f 5739 5750 5749
f 5740 5761 5762
f 5750 5751 5763
f 5750 5763 5762
f 5739 5751 5750
f 5740 5762 5763
f 5751 5752 5764
f 5751 5764 5763
f 5739 5752 5751
f 5740 5763 5764
f 5752 5741 5753
f 5752 5753 5764
f 5739 5741 5752
f 5740 5764 5753
o Right_Cheek_Tuft
g Right_Cheek_Tuft
usemtl Sport_White
v 0.270000 2.230000 0.080000
v 0.500000 2.190000 0.060000
v 0.281262 2.230000 0.209511
v 0.268698 2.165954 0.193121
v 0.256483 2.119069 0.146421
v 0.247890 2.101908 0.081923
v 0.245222 2.119069 0.016909
v 0.249192 2.165954 -0.031199
v 0.258738 2.230000 -0.049511
v 0.271302 2.294046 -0.033121
v 0.283517 2.340931 0.013579
v 0.292110 2.358092 0.078077
v 0.294778 2.340931 0.143091
v 0.290808 2.294046 0.191199
v 0.501299 2.190000 0.074944
v 0.499850 2.182610 0.073052
v 0.498440 2.177200 0.067664
v 0.497449 2.175220 0.060222
v 0.497141 2.177200 0.052720
v 0.497599 2.182610 0.047169
v 0.498701 2.190000 0.045056
v 0.500150 2.197390 0.046948
v 0.501560 2.202800 0.052336
v 0.502551 2.204780 0.059778
v 0.502859 2.202800 0.067280
v 0.502401 2.197390 0.072831
f 5767 5768 5780
f 5767 5780 5779
f 5765 5768 5767
f 5766 5779 5780
f 5768 5769 5781
f 5768 5781 5780
f 5765 5769 5768
f 5766 5780 5781
f 5769 5770 5782
f 5769 5782 5781
f 5765 5770 5769
f 5766 5781 5782
f 5770 5771 5783
f 5770 5783 5782
f 5765 5771 5770
f 5766 5782 5783
f 5771 5772 5784
f 5771 5784 5783
f 5765 5772 5771
f 5766 5783 5784
f 5772 5773 5785
f 5772 5785 5784
f 5765 5773 5772
f 5766 5784 5785
f 5773 5774 5786
f 5773 5786 5785
f 5765 5774 5773
f 5766 5785 5786
f 5774 5775 5787
f 5774 5787 5786
f 5765 5775 5774
f 5766 5786 5787
f 5775 5776 5788
f 5775 5788 5787
f 5765 5776 5775
f 5766 5787 5788
f 5776 5777 5789
f 5776 5789 5788
f 5765 5777 5776
f 5766 5788 5789
f 5777 5778 5790
f 5777 5790 5789
f 5765 5778 5777
f 5766 5789 5790
f 5778 5767 5779
f 5778 5779 5790
f 5765 5767 5778
f 5766 5790 5779
o Hair_Tuft_0
g Hair_Tuft_0
usemtl Lux_Cyan
v -0.210000 2.550000 0.000000
v -0.247800 2.740000 0.050000
v -0.210000 2.572904 -0.087037
v -0.261948 2.558864 -0.072958
v -0.294054 2.541439 -0.031011
v -0.294054 2.527283 0.022780
v -0.261948 2.521804 0.067871
v -0.210000 2.527096 0.087037
v -0.158052 2.541136 0.072958
v -0.125946 2.558561 0.031011
v -0.125946 2.572717 -0.022780
v -0.158052 2.578196 -0.067871
v -0.247800 2.743817 0.035494
v -0.256458 2.741477 0.037840
v -0.261809 2.738573 0.044831
v -0.261809 2.736214 0.053797
v -0.256458 2.735301 0.061312
v -0.247800 2.736183 0.064506
v -0.239142 2.738523 0.062160
v -0.233791 2.741427 0.055169
v -0.233791 2.743786 0.046203
v -0.239142 2.744699 0.038688
f 5793 5794 5804
f 5793 5804 5803
f 5791 5794 5793
f 5792 5803 5804
f 5794 5795 5805
f 5794 5805 5804
f 5791 5795 5794
f 5792 5804 5805
f 5795 5796 5806
f 5795 5806 5805
f 5791 5796 5795
f 5792 5805 5806
f 5796 5797 5807
f 5796 5807 5806
f 5791 5797 5796
f 5792 5806 5807
f 5797 5798 5808
f 5797 5808 5807
f 5791 5798 5797
f 5792 5807 5808
f 5798 5799 5809
f 5798 5809 5808
f 5791 5799 5798
f 5792 5808 5809
f 5799 5800 5810
f 5799 5810 5809
f 5791 5800 5799
f 5792 5809 5810
f 5800 5801 5811
f 5800 5811 5810
f 5791 5801 5800
f 5792 5810 5811
f 5801 5802 5812
f 5801 5812 5811
f 5791 5802 5801
f 5792 5811 5812
f 5802 5793 5803
f 5802 5803 5812
f 5791 5793 5802
f 5792 5812 5803
o Hair_Tuft_1
g Hair_Tuft_1
usemtl Lux_Cyan
v -0.110000 2.550000 0.000000
v -0.129800 2.768571 0.050000
v -0.110000 2.570070 -0.087734
v -0.162696 2.561701 -0.072016
v -0.195263 2.548862 -0.028790
v -0.195263 2.536458 0.025432
v -0.162696 2.529227 0.069940
v -0.110000 2.529930 0.087734
v -0.057304 2.538299 0.072016
v -0.024737 2.551138 0.028790
v -0.024737 2.563542 -0.025432
v -0.057304 2.570773 -0.069940
v -0.129800 2.771916 0.035378
v -0.138583 2.770522 0.037997
v -0.144011 2.768382 0.045202
v -0.144011 2.766314 0.054239
v -0.138583 2.765109 0.061657
v -0.129800 2.765226 0.064622
v -0.121017 2.766621 0.062003
v -0.115589 2.768761 0.054798
v -0.115589 2.770828 0.045761
v -0.121017 2.772034 0.038343
f 5815 5816 5826
f 5815 5826 5825
f 5813 5816 5815
f 5814 5825 5826
f 5816 5817 5827
f 5816 5827 5826
f 5813 5817 5816
f 5814 5826 5827
f 5817 5818 5828
f 5817 5828 5827
f 5813 5818 5817
f 5814 5827 5828
f 5818 5819 5829
f 5818 5829 5828
f 5813 5819 5818
f 5814 5828 5829
f 5819 5820 5830
f 5819 5830 5829
f 5813 5820 5819
f 5814 5829 5830
f 5820 5821 5831
f 5820 5831 5830
f 5813 5821 5820
f 5814 5830 5831
f 5821 5822 5832
f 5821 5832 5831
f 5813 5822 5821
f 5814 5831 5832
f 5822 5823 5833
f 5822 5833 5832
f 5813 5823 5822
f 5814 5832 5833
f 5823 5824 5834
f 5823 5834 5833
f 5813 5824 5823
f 5814 5833 5834
f 5824 5815 5825
f 5824 5825 5834
f 5813 5815 5824
f 5814 5834 5825
o Hair_Tuft_2
g Hair_Tuft_2
usemtl Lux_Cyan
v 0.000000 2.550000 0.000000
v 0.000000 2.800000 0.050000
v 0.000000 2.567650 -0.088252
v -0.052901 2.564280 -0.071398
v -0.085595 2.555454 -0.027271
v -0.085595 2.544546 0.027271
v -0.052901 2.535720 0.071398
v -0.000000 2.532350 0.088252
v 0.052901 2.535720 0.071398
v 0.085595 2.544546 0.027271
v 0.085595 2.555454 -0.027271
v 0.052901 2.564280 -0.071398
v 0.000000 2.802942 0.035291
v -0.008817 2.802380 0.038100
v -0.014266 2.800909 0.045455
v -0.014266 2.799091 0.054545
v -0.008817 2.797620 0.061900
v -0.000000 2.797058 0.064709
v 0.008817 2.797620 0.061900
v 0.014266 2.799091 0.054545
v 0.014266 2.800909 0.045455
v 0.008817 2.802380 0.038100
f 5837 5838 5848
f 5837 5848 5847
f 5835 5838 5837
f 5836 5847 5848
f 5838 5839 5849
f 5838 5849 5848
f 5835 5839 5838
f 5836 5848 5849
f 5839 5840 5850
f 5839 5850 5849
f 5835 5840 5839
f 5836 5849 5850
f 5840 5841 5851
f 5840 5851 5850
f 5835 5841 5840
f 5836 5850 5851
f 5841 5842 5852
f 5841 5852 5851
f 5835 5842 5841
f 5836 5851 5852
f 5842 5843 5853
f 5842 5853 5852
f 5835 5843 5842
f 5836 5852 5853
f 5843 5844 5854
f 5843 5854 5853
f 5835 5844 5843
f 5836 5853 5854
f 5844 5845 5855
f 5844 5855 5854
f 5835 5845 5844
f 5836 5854 5855
f 5845 5846 5856
f 5845 5856 5855
f 5835 5846 5845
f 5836 5855 5856
f 5846 5837 5847
f 5846 5847 5856
f 5835 5837 5846
f 5836 5856 5847
o Hair_Tuft_3
g Hair_Tuft_3
usemtl Lux_Cyan
v 0.110000 2.550000 0.000000
v 0.129800 2.768571 0.050000
v 0.110000 2.570070 -0.087734
v 0.057304 2.570773 -0.069940
v 0.024737 2.563542 -0.025432
v 0.024737 2.551138 0.028790
v 0.057304 2.538299 0.072016
v 0.110000 2.529930 0.087734
v 0.162696 2.529227 0.069940
v 0.195263 2.536458 0.025432
v 0.195263 2.548862 -0.028790
v 0.162696 2.561701 -0.072016
v 0.129800 2.771916 0.035378
v 0.121017 2.772034 0.038343
v 0.115589 2.770828 0.045761
v 0.115589 2.768761 0.054798
v 0.121017 2.766621 0.062003
v 0.129800 2.765226 0.064622
v 0.138583 2.765109 0.061657
v 0.144011 2.766314 0.054239
v 0.144011 2.768382 0.045202
v 0.138583 2.770522 0.037997
f 5859 5860 5870
f 5859 5870 5869
f 5857 5860 5859
f 5858 5869 5870
f 5860 5861 5871
f 5860 5871 5870
f 5857 5861 5860
f 5858 5870 5871
f 5861 5862 5872
f 5861 5872 5871
f 5857 5862 5861
f 5858 5871 5872
f 5862 5863 5873
f 5862 5873 5872
f 5857 5863 5862
f 5858 5872 5873
f 5863 5864 5874
f 5863 5874 5873
f 5857 5864 5863
f 5858 5873 5874
f 5864 5865 5875
f 5864 5875 5874
f 5857 5865 5864
f 5858 5874 5875
f 5865 5866 5876
f 5865 5876 5875
f 5857 5866 5865
f 5858 5875 5876
f 5866 5867 5877
f 5866 5877 5876
f 5857 5867 5866
f 5858 5876 5877
f 5867 5868 5878
f 5867 5878 5877
f 5857 5868 5867
f 5858 5877 5878
f 5868 5859 5869
f 5868 5869 5878
f 5857 5859 5868
f 5858 5878 5869
o Hair_Tuft_4
g Hair_Tuft_4
usemtl Lux_Cyan
v 0.210000 2.550000 0.000000
v 0.247800 2.740000 0.050000
v 0.210000 2.572904 -0.087037
v 0.158052 2.578196 -0.067871
v 0.125946 2.572717 -0.022780
v 0.125946 2.558561 0.031011
v 0.158052 2.541136 0.072958
v 0.210000 2.527096 0.087037
v 0.261948 2.521804 0.067871
v 0.294054 2.527283 0.022780
v 0.294054 2.541439 -0.031011
v 0.261948 2.558864 -0.072958
v 0.247800 2.743817 0.035494
v 0.239142 2.744699 0.038688
v 0.233791 2.743786 0.046203
v 0.233791 2.741427 0.055169
v 0.239142 2.738523 0.062160
v 0.247800 2.736183 0.064506
v 0.256458 2.735301 0.061312
v 0.261809 2.736214 0.053797
v 0.261809 2.738573 0.044831
v 0.256458 2.741477 0.037840
f 5881 5882 5892
f 5881 5892 5891
f 5879 5882 5881
f 5880 5891 5892
f 5882 5883 5893
f 5882 5893 5892
f 5879 5883 5882
f 5880 5892 5893
f 5883 5884 5894
f 5883 5894 5893
f 5879 5884 5883
f 5880 5893 5894
f 5884 5885 5895
f 5884 5895 5894
f 5879 5885 5884
f 5880 5894 5895
f 5885 5886 5896
f 5885 5896 5895
f 5879 5886 5885
f 5880 5895 5896
f 5886 5887 5897
f 5886 5897 5896
f 5879 5887 5886
f 5880 5896 5897
f 5887 5888 5898
f 5887 5898 5897
f 5879 5888 5887
f 5880 5897 5898
f 5888 5889 5899
f 5888 5899 5898
f 5879 5889 5888
f 5880 5898 5899
f 5889 5890 5900
f 5889 5900 5899
f 5879 5890 5889
f 5880 5899 5900
f 5890 5881 5891
f 5890 5891 5900
f 5879 5881 5890
f 5880 5900 5891
o Tail_0
g Tail_0
usemtl Lux_Cyan
v 0.050000 1.300000 -0.180000
v 0.320000 1.100000 -0.480000
v 0.220958 1.300000 -0.026138
v 0.187282 1.229515 -0.009456
v 0.137049 1.167531 -0.013343
v 0.076316 1.121525 -0.037332
v 0.012409 1.097045 -0.078529
v -0.046964 1.097045 -0.131965
v -0.094642 1.121525 -0.191194
v -0.124874 1.167531 -0.249073
v -0.134013 1.229515 -0.298621
v -0.120958 1.300000 -0.333862
v -0.087282 1.370485 -0.350544
v -0.037049 1.432469 -0.346657
v 0.023684 1.478475 -0.322668
v 0.087591 1.502955 -0.281471
v 0.146964 1.502955 -0.228035
v 0.194642 1.478475 -0.168806
v 0.224874 1.432469 -0.110927
v 0.234013 1.370485 -0.061379
v 0.477281 1.100000 -0.338447
v 0.446300 1.035153 -0.323099
v 0.400085 0.978128 -0.326676
v 0.344211 0.935803 -0.348746
v 0.285416 0.913282 -0.386647
v 0.230793 0.913282 -0.435808
v 0.186929 0.935803 -0.490299
v 0.159116 0.978128 -0.543548
v 0.150708 1.035153 -0.589132
v 0.162719 1.100000 -0.621553
v 0.193700 1.164847 -0.636901
v 0.239915 1.221872 -0.633324
v 0.295789 1.264197 -0.611254
v 0.354584 1.286718 -0.573353
v 0.409207 1.286718 -0.524192
v 0.453071 1.264197 -0.469701
v 0.480884 1.221872 -0.416452
v 0.489292 1.164847 -0.370868
f 5903 5904 5922
f 5903 5922 5921
f 5901 5904 5903
f 5902 5921 5922
f 5904 5905 5923
f 5904 5923 5922
f 5901 5905 5904
f 5902 5922 5923
f 5905 5906 5924
f 5905 5924 5923
f 5901 5906 5905
f 5902 5923 5924
f 5906 5907 5925
f 5906 5925 5924
f 5901 5907 5906
f 5902 5924 5925
f 5907 5908 5926
f 5907 5926 5925
f 5901 5908 5907
f 5902 5925 5926
f 5908 5909 5927
f 5908 5927 5926
f 5901 5909 5908
f 5902 5926 5927
f 5909 5910 5928
f 5909 5928 5927
f 5901 5910 5909
f 5902 5927 5928
f 5910 5911 5929
f 5910 5929 5928
f 5901 5911 5910
f 5902 5928 5929
f 5911 5912 5930
f 5911 5930 5929
f 5901 5912 5911
f 5902 5929 5930
f 5912 5913 5931
f 5912 5931 5930
f 5901 5913 5912
f 5902 5930 5931
f 5913 5914 5932
f 5913 5932 5931
f 5901 5914 5913
f 5902 5931 5932
f 5914 5915 5933
f 5914 5933 5932
f 5901 5915 5914
f 5902 5932 5933
f 5915 5916 5934
f 5915 5934 5933
f 5901 5916 5915
f 5902 5933 5934
f 5916 5917 5935
f 5916 5935 5934
f 5901 5917 5916
f 5902 5934 5935
f 5917 5918 5936
f 5917 5936 5935
f 5901 5918 5917
f 5902 5935 5936
f 5918 5919 5937
f 5918 5937 5936
f 5901 5919 5918
f 5902 5936 5937
f 5919 5920 5938
f 5919 5938 5937
f 5901 5920 5919
f 5902 5937 5938
f 5920 5903 5921
f 5920 5921 5938
f 5901 5903 5920
f 5902 5938 5921
o Tail_Joint_0
g Tail_Joint_0
usemtl Lux_Cyan
v 0.320000 0.870000 -0.480000
v 0.320000 0.870000 -0.480000
v 0.320000 0.870000 -0.480000
v 0.320000 0.870000 -0.480000
v 0.320000 0.870000 -0.480000
v 0.320000 0.870000 -0.480000
v 0.320000 0.870000 -0.480000
v 0.320000 0.870000 -0.480000
v 0.320000 0.870000 -0.480000
v 0.320000 0.870000 -0.480000
v 0.320000 0.870000 -0.480000
v 0.320000 0.870000 -0.480000
v 0.320000 0.870000 -0.480000
v 0.320000 0.870000 -0.480000
v 0.320000 0.870000 -0.480000
v 0.320000 0.870000 -0.480000
v 0.320000 0.870000 -0.480000
v 0.320000 0.870000 -0.480000
v 0.320000 0.870000 -0.480000
v 0.320000 0.870000 -0.480000
v 0.379528 0.877837 -0.480000
v 0.376615 0.877837 -0.461605
v 0.368159 0.877837 -0.445010
v 0.354990 0.877837 -0.431841
v 0.338395 0.877837 -0.423385
v 0.320000 0.877837 -0.420472
v 0.301605 0.877837 -0.423385
v 0.285010 0.877837 -0.431841
v 0.271841 0.877837 -0.445010
v 0.263385 0.877837 -0.461605
v 0.260472 0.877837 -0.480000
v 0.263385 0.877837 -0.498395
v 0.271841 0.877837 -0.514990
v 0.285010 0.877837 -0.528159
v 0.301605 0.877837 -0.536615
v 0.320000 0.877837 -0.539528
v 0.338395 0.877837 -0.536615
v 0.354990 0.877837 -0.528159
v 0.368159 0.877837 -0.514990
v 0.376615 0.877837 -0.498395
v 0.435000 0.900814 -0.480000
v 0.429371 0.900814 -0.444463
v 0.413037 0.900814 -0.412405
v 0.387595 0.900814 -0.386963
v 0.355537 0.900814 -0.370629
v 0.320000 0.900814 -0.365000
v 0.284463 0.900814 -0.370629
v 0.252405 0.900814 -0.386963
v 0.226963 0.900814 -0.412405
v 0.210629 0.900814 -0.444463
v 0.205000 0.900814 -0.480000
v 0.210629 0.900814 -0.515537
v 0.226963 0.900814 -0.547595
v 0.252405 0.900814 -0.573037
v 0.284463 0.900814 -0.589371
v 0.320000 0.900814 -0.595000
v 0.355537 0.900814 -0.589371
v 0.387595 0.900814 -0.573037
v 0.413037 0.900814 -0.547595
v 0.429371 0.900814 -0.515537
v 0.482635 0.937365 -0.480000
v 0.474675 0.937365 -0.429743
v 0.451574 0.937365 -0.384406
v 0.415594 0.937365 -0.348426
v 0.370257 0.937365 -0.325325
v 0.320000 0.937365 -0.317365
v 0.269743 0.937365 -0.325325
v 0.224406 0.937365 -0.348426
v 0.188426 0.937365 -0.384406
v 0.165325 0.937365 -0.429743
v 0.157365 0.937365 -0.480000
v 0.165325 0.937365 -0.530257
v 0.188426 0.937365 -0.575594
v 0.224406 0.937365 -0.611574
v 0.269743 0.937365 -0.634675
v 0.320000 0.937365 -0.642635
v 0.370257 0.937365 -0.634675
v 0.415594 0.937365 -0.611574
v 0.451574 0.937365 -0.575594
v 0.474675 0.937365 -0.530257
v 0.519186 0.985000 -0.480000
v 0.509437 0.985000 -0.418448
v 0.481145 0.985000 -0.362921
v 0.437079 0.985000 -0.318855
v 0.381552 0.985000 -0.290563
v 0.320000 0.985000 -0.280814
v 0.258448 0.985000 -0.290563
v 0.202921 0.985000 -0.318855
v 0.158855 0.985000 -0.362921
v 0.130563 0.985000 -0.418448
v 0.120814 0.985000 -0.480000
v 0.130563 0.985000 -0.541552
v 0.158855 0.985000 -0.597079
v 0.202921 0.985000 -0.641145
v 0.258448 0.985000 -0.669437
v 0.320000 0.985000 -0.679186
v 0.381552 0.985000 -0.669437
v 0.437079 0.985000 -0.641145
v 0.481145 0.985000 -0.597079
v 0.509437 0.985000 -0.541552
v 0.542163 1.040472 -0.480000
v 0.531290 1.040472 -0.411348
v 0.499734 1.040472 -0.349416
v 0.450584 1.040472 -0.300266
v 0.388652 1.040472 -0.268710
v 0.320000 1.040472 -0.257837
v 0.251348 1.040472 -0.268710
v 0.189416 1.040472 -0.300266
v 0.140266 1.040472 -0.349416
v 0.108710 1.040472 -0.411348
v 0.097837 1.040472 -0.480000
v 0.108710 1.040472 -0.548652
v 0.140266 1.040472 -0.610584
v 0.189416 1.040472 -0.659734
v 0.251348 1.040472 -0.691290
v 0.320000 1.040472 -0.702163
v 0.388652 1.040472 -0.691290
v 0.450584 1.040472 -0.659734
v 0.499734 1.040472 -0.610584
v 0.531290 1.040472 -0.548652
v 0.550000 1.100000 -0.480000
v 0.538743 1.100000 -0.408926
v 0.506074 1.100000 -0.344809
v 0.455191 1.100000 -0.293926
v 0.391074 1.100000 -0.261257
v 0.320000 1.100000 -0.250000
v 0.248926 1.100000 -0.261257
v 0.184809 1.100000 -0.293926
v 0.133926 1.100000 -0.344809
v 0.101257 1.100000 -0.408926
v 0.090000 1.100000 -0.480000
v 0.101257 1.100000 -0.551074
v 0.133926 1.100000 -0.615191
v 0.184809 1.100000 -0.666074
v 0.248926 1.100000 -0.698743
v 0.320000 1.100000 -0.710000
v 0.391074 1.100000 -0.698743
v 0.455191 1.100000 -0.666074
v 0.506074 1.100000 -0.615191
v 0.538743 1.100000 -0.551074
v 0.542163 1.159528 -0.480000
v 0.531290 1.159528 -0.411348
v 0.499734 1.159528 -0.349416
v 0.450584 1.159528 -0.300266
v 0.388652 1.159528 -0.268710
v 0.320000 1.159528 -0.257837
v 0.251348 1.159528 -0.268710
v 0.189416 1.159528 -0.300266
v 0.140266 1.159528 -0.349416
v 0.108710 1.159528 -0.411348
v 0.097837 1.159528 -0.480000
v 0.108710 1.159528 -0.548652
v 0.140266 1.159528 -0.610584
v 0.189416 1.159528 -0.659734
v 0.251348 1.159528 -0.691290
v 0.320000 1.159528 -0.702163
v 0.388652 1.159528 -0.691290
v 0.450584 1.159528 -0.659734
v 0.499734 1.159528 -0.610584
v 0.531290 1.159528 -0.548652
v 0.519186 1.215000 -0.480000
v 0.509437 1.215000 -0.418448
v 0.481145 1.215000 -0.362921
v 0.437079 1.215000 -0.318855
v 0.381552 1.215000 -0.290563
v 0.320000 1.215000 -0.280814
v 0.258448 1.215000 -0.290563
v 0.202921 1.215000 -0.318855
v 0.158855 1.215000 -0.362921
v 0.130563 1.215000 -0.418448
v 0.120814 1.215000 -0.480000
v 0.130563 1.215000 -0.541552
v 0.158855 1.215000 -0.597079
v 0.202921 1.215000 -0.641145
v 0.258448 1.215000 -0.669437
v 0.320000 1.215000 -0.679186
v 0.381552 1.215000 -0.669437
v 0.437079 1.215000 -0.641145
v 0.481145 1.215000 -0.597079
v 0.509437 1.215000 -0.541552
v 0.482635 1.262635 -0.480000
v 0.474675 1.262635 -0.429743
v 0.451574 1.262635 -0.384406
v 0.415594 1.262635 -0.348426
v 0.370257 1.262635 -0.325325
v 0.320000 1.262635 -0.317365
v 0.269743 1.262635 -0.325325
v 0.224406 1.262635 -0.348426
v 0.188426 1.262635 -0.384406
v 0.165325 1.262635 -0.429743
v 0.157365 1.262635 -0.480000
v 0.165325 1.262635 -0.530257
v 0.188426 1.262635 -0.575594
v 0.224406 1.262635 -0.611574
v 0.269743 1.262635 -0.634675
v 0.320000 1.262635 -0.642635
v 0.370257 1.262635 -0.634675
v 0.415594 1.262635 -0.611574
v 0.451574 1.262635 -0.575594
v 0.474675 1.262635 -0.530257
v 0.435000 1.299186 -0.480000
v 0.429371 1.299186 -0.444463
v 0.413037 1.299186 -0.412405
v 0.387595 1.299186 -0.386963
v 0.355537 1.299186 -0.370629
v 0.320000 1.299186 -0.365000
v 0.284463 1.299186 -0.370629
v 0.252405 1.299186 -0.386963
v 0.226963 1.299186 -0.412405
v 0.210629 1.299186 -0.444463
v 0.205000 1.299186 -0.480000
v 0.210629 1.299186 -0.515537
v 0.226963 1.299186 -0.547595
v 0.252405 1.299186 -0.573037
v 0.284463 1.299186 -0.589371
v 0.320000 1.299186 -0.595000
v 0.355537 1.299186 -0.589371
v 0.387595 1.299186 -0.573037
v 0.413037 1.299186 -0.547595
v 0.429371 1.299186 -0.515537
v 0.379528 1.322163 -0.480000
v 0.376615 1.322163 -0.461605
v 0.368159 1.322163 -0.445010
v 0.354990 1.322163 -0.431841
v 0.338395 1.322163 -0.423385
v 0.320000 1.322163 -0.420472
v 0.301605 1.322163 -0.423385
v 0.285010 1.322163 -0.431841
v 0.271841 1.322163 -0.445010
v 0.263385 1.322163 -0.461605
v 0.260472 1.322163 -0.480000
v 0.263385 1.322163 -0.498395
v 0.271841 1.322163 -0.514990
v 0.285010 1.322163 -0.528159
v 0.301605 1.322163 -0.536615
v 0.320000 1.322163 -0.539528
v 0.338395 1.322163 -0.536615
v 0.354990 1.322163 -0.528159
v 0.368159 1.322163 -0.514990
v 0.376615 1.322163 -0.498395
v 0.320000 1.330000 -0.480000
v 0.320000 1.330000 -0.480000
v 0.320000 1.330000 -0.480000
v 0.320000 1.330000 -0.480000
v 0.320000 1.330000 -0.480000
v 0.320000 1.330000 -0.480000
v 0.320000 1.330000 -0.480000
v 0.320000 1.330000 -0.480000
v 0.320000 1.330000 -0.480000
v 0.320000 1.330000 -0.480000
v 0.320000 1.330000 -0.480000
v 0.320000 1.330000 -0.480000
v 0.320000 1.330000 -0.480000
v 0.320000 1.330000 -0.480000
v 0.320000 1.330000 -0.480000
v 0.320000 1.330000 -0.480000
v 0.320000 1.330000 -0.480000
v 0.320000 1.330000 -0.480000
v 0.320000 1.330000 -0.480000
v 0.320000 1.330000 -0.480000
f 5939 5940 5960
f 5939 5960 5959
f 5940 5941 5961
f 5940 5961 5960
f 5941 5942 5962
f 5941 5962 5961
f 5942 5943 5963
f 5942 5963 5962
f 5943 5944 5964
f 5943 5964 5963
f 5944 5945 5965
f 5944 5965 5964
f 5945 5946 5966
f 5945 5966 5965
f 5946 5947 5967
f 5946 5967 5966
f 5947 5948 5968
f 5947 5968 5967
f 5948 5949 5969
f 5948 5969 5968
f 5949 5950 5970
f 5949 5970 5969
f 5950 5951 5971
f 5950 5971 5970
f 5951 5952 5972
f 5951 5972 5971
f 5952 5953 5973
f 5952 5973 5972
f 5953 5954 5974
f 5953 5974 5973
f 5954 5955 5975
f 5954 5975 5974
f 5955 5956 5976
f 5955 5976 5975
f 5956 5957 5977
f 5956 5977 5976
f 5957 5958 5978
f 5957 5978 5977
f 5958 5939 5959
f 5958 5959 5978
f 5959 5960 5980
f 5959 5980 5979
f 5960 5961 5981
f 5960 5981 5980
f 5961 5962 5982
f 5961 5982 5981
f 5962 5963 5983
f 5962 5983 5982
f 5963 5964 5984
f 5963 5984 5983
f 5964 5965 5985
f 5964 5985 5984
f 5965 5966 5986
f 5965 5986 5985
f 5966 5967 5987
f 5966 5987 5986
f 5967 5968 5988
f 5967 5988 5987
f 5968 5969 5989
f 5968 5989 5988
f 5969 5970 5990
f 5969 5990 5989
f 5970 5971 5991
f 5970 5991 5990
f 5971 5972 5992
f 5971 5992 5991
f 5972 5973 5993
f 5972 5993 5992
f 5973 5974 5994
f 5973 5994 5993
f 5974 5975 5995
f 5974 5995 5994
f 5975 5976 5996
f 5975 5996 5995
f 5976 5977 5997
f 5976 5997 5996
f 5977 5978 5998
f 5977 5998 5997
f 5978 5959 5979
f 5978 5979 5998
f 5979 5980 6000
f 5979 6000 5999
f 5980 5981 6001
f 5980 6001 6000
f 5981 5982 6002
f 5981 6002 6001
f 5982 5983 6003
f 5982 6003 6002
f 5983 5984 6004
f 5983 6004 6003
f 5984 5985 6005
f 5984 6005 6004
f 5985 5986 6006
f 5985 6006 6005
f 5986 5987 6007
f 5986 6007 6006
f 5987 5988 6008
f 5987 6008 6007
f 5988 5989 6009
f 5988 6009 6008
f 5989 5990 6010
f 5989 6010 6009
f 5990 5991 6011
f 5990 6011 6010
f 5991 5992 6012
f 5991 6012 6011
f 5992 5993 6013
f 5992 6013 6012
f 5993 5994 6014
f 5993 6014 6013
f 5994 5995 6015
f 5994 6015 6014
f 5995 5996 6016
f 5995 6016 6015
f 5996 5997 6017
f 5996 6017 6016
f 5997 5998 6018
f 5997 6018 6017
f 5998 5979 5999
f 5998 5999 6018
f 5999 6000 6020
f 5999 6020 6019
f 6000 6001 6021
f 6000 6021 6020
f 6001 6002 6022
f 6001 6022 6021
f 6002 6003 6023
f 6002 6023 6022
f 6003 6004 6024
f 6003 6024 6023
f 6004 6005 6025
f 6004 6025 6024
f 6005 6006 6026
f 6005 6026 6025
f 6006 6007 6027
f 6006 6027 6026
f 6007 6008 6028
f 6007 6028 6027
f 6008 6009 6029
f 6008 6029 6028
f 6009 6010 6030
f 6009 6030 6029
f 6010 6011 6031
f 6010 6031 6030
f 6011 6012 6032
f 6011 6032 6031
f 6012 6013 6033
f 6012 6033 6032
f 6013 6014 6034
f 6013 6034 6033
f 6014 6015 6035
f 6014 6035 6034
f 6015 6016 6036
f 6015 6036 6035
f 6016 6017 6037
f 6016 6037 6036
f 6017 6018 6038
f 6017 6038 6037
f 6018 5999 6019
f 6018 6019 6038
f 6019 6020 6040
f 6019 6040 6039
f 6020 6021 6041
f 6020 6041 6040
f 6021 6022 6042
f 6021 6042 6041
f 6022 6023 6043
f 6022 6043 6042
f 6023 6024 6044
f 6023 6044 6043
f 6024 6025 6045
f 6024 6045 6044
f 6025 6026 6046
f 6025 6046 6045
f 6026 6027 6047
f 6026 6047 6046
f 6027 6028 6048
f 6027 6048 6047
f 6028 6029 6049
f 6028 6049 6048
f 6029 6030 6050
f 6029 6050 6049
f 6030 6031 6051
f 6030 6051 6050
f 6031 6032 6052
f 6031 6052 6051
f 6032 6033 6053
f 6032 6053 6052
f 6033 6034 6054
f 6033 6054 6053
f 6034 6035 6055
f 6034 6055 6054
f 6035 6036 6056
f 6035 6056 6055
f 6036 6037 6057
f 6036 6057 6056
f 6037 6038 6058
f 6037 6058 6057
f 6038 6019 6039
f 6038 6039 6058
f 6039 6040 6060
f 6039 6060 6059
f 6040 6041 6061
f 6040 6061 6060
f 6041 6042 6062
f 6041 6062 6061
f 6042 6043 6063
f 6042 6063 6062
f 6043 6044 6064
f 6043 6064 6063
f 6044 6045 6065
f 6044 6065 6064
f 6045 6046 6066
f 6045 6066 6065
f 6046 6047 6067
f 6046 6067 6066
f 6047 6048 6068
f 6047 6068 6067
f 6048 6049 6069
f 6048 6069 6068
f 6049 6050 6070
f 6049 6070 6069
f 6050 6051 6071
f 6050 6071 6070
f 6051 6052 6072
f 6051 6072 6071
f 6052 6053 6073
f 6052 6073 6072
f 6053 6054 6074
f 6053 6074 6073
f 6054 6055 6075
f 6054 6075 6074
f 6055 6056 6076
f 6055 6076 6075
f 6056 6057 6077
f 6056 6077 6076
f 6057 6058 6078
f 6057 6078 6077
f 6058 6039 6059
f 6058 6059 6078
f 6059 6060 6080
f 6059 6080 6079
f 6060 6061 6081
f 6060 6081 6080
f 6061 6062 6082
f 6061 6082 6081
f 6062 6063 6083
f 6062 6083 6082
f 6063 6064 6084
f 6063 6084 6083
f 6064 6065 6085
f 6064 6085 6084
f 6065 6066 6086
f 6065 6086 6085
f 6066 6067 6087
f 6066 6087 6086
f 6067 6068 6088
f 6067 6088 6087
f 6068 6069 6089
f 6068 6089 6088
f 6069 6070 6090
f 6069 6090 6089
f 6070 6071 6091
f 6070 6091 6090
f 6071 6072 6092
f 6071 6092 6091
f 6072 6073 6093
f 6072 6093 6092
f 6073 6074 6094
f 6073 6094 6093
f 6074 6075 6095
f 6074 6095 6094
f 6075 6076 6096
f 6075 6096 6095
f 6076 6077 6097
f 6076 6097 6096
f 6077 6078 6098
f 6077 6098 6097
f 6078 6059 6079
f 6078 6079 6098
f 6079 6080 6100
f 6079 6100 6099
f 6080 6081 6101
f 6080 6101 6100
f 6081 6082 6102
f 6081 6102 6101
f 6082 6083 6103
f 6082 6103 6102
f 6083 6084 6104
f 6083 6104 6103
f 6084 6085 6105
f 6084 6105 6104
f 6085 6086 6106
f 6085 6106 6105
f 6086 6087 6107
f 6086 6107 6106
f 6087 6088 6108
f 6087 6108 6107
f 6088 6089 6109
f 6088 6109 6108
f 6089 6090 6110
f 6089 6110 6109
f 6090 6091 6111
f 6090 6111 6110
f 6091 6092 6112
f 6091 6112 6111
f 6092 6093 6113
f 6092 6113 6112
f 6093 6094 6114
f 6093 6114 6113
f 6094 6095 6115
f 6094 6115 6114
f 6095 6096 6116
f 6095 6116 6115
f 6096 6097 6117
f 6096 6117 6116
f 6097 6098 6118
f 6097 6118 6117
f 6098 6079 6099
f 6098 6099 6118
f 6099 6100 6120
f 6099 6120 6119
f 6100 6101 6121
f 6100 6121 6120
f 6101 6102 6122
f 6101 6122 6121
f 6102 6103 6123
f 6102 6123 6122
f 6103 6104 6124
f 6103 6124 6123
f 6104 6105 6125
f 6104 6125 6124
f 6105 6106 6126
f 6105 6126 6125
f 6106 6107 6127
f 6106 6127 6126
f 6107 6108 6128
f 6107 6128 6127
f 6108 6109 6129
f 6108 6129 6128
f 6109 6110 6130
f 6109 6130 6129
f 6110 6111 6131
f 6110 6131 6130
f 6111 6112 6132
f 6111 6132 6131
f 6112 6113 6133
f 6112 6133 6132
f 6113 6114 6134
f 6113 6134 6133
f 6114 6115 6135
f 6114 6135 6134
f 6115 6116 6136
f 6115 6136 6135
f 6116 6117 6137
f 6116 6137 6136
f 6117 6118 6138
f 6117 6138 6137
f 6118 6099 6119
f 6118 6119 6138
f 6119 6120 6140
f 6119 6140 6139
f 6120 6121 6141
f 6120 6141 6140
f 6121 6122 6142
f 6121 6142 6141
f 6122 6123 6143
f 6122 6143 6142
f 6123 6124 6144
f 6123 6144 6143
f 6124 6125 6145
f 6124 6145 6144
f 6125 6126 6146
f 6125 6146 6145
f 6126 6127 6147
f 6126 6147 6146
f 6127 6128 6148
f 6127 6148 6147
f 6128 6129 6149
f 6128 6149 6148
f 6129 6130 6150
f 6129 6150 6149
f 6130 6131 6151
f 6130 6151 6150
f 6131 6132 6152
f 6131 6152 6151
f 6132 6133 6153
f 6132 6153 6152
f 6133 6134 6154
f 6133 6154 6153
f 6134 6135 6155
f 6134 6155 6154
f 6135 6136 6156
f 6135 6156 6155
f 6136 6137 6157
f 6136 6157 6156
f 6137 6138 6158
f 6137 6158 6157
f 6138 6119 6139
f 6138 6139 6158
f 6139 6140 6160
f 6139 6160 6159
f 6140 6141 6161
f 6140 6161 6160
f 6141 6142 6162
f 6141 6162 6161
f 6142 6143 6163
f 6142 6163 6162
f 6143 6144 6164
f 6143 6164 6163
f 6144 6145 6165
f 6144 6165 6164
f 6145 6146 6166
f 6145 6166 6165
f 6146 6147 6167
f 6146 6167 6166
f 6147 6148 6168
f 6147 6168 6167
f 6148 6149 6169
f 6148 6169 6168
f 6149 6150 6170
f 6149 6170 6169
f 6150 6151 6171
f 6150 6171 6170
f 6151 6152 6172
f 6151 6172 6171
f 6152 6153 6173
f 6152 6173 6172
f 6153 6154 6174
f 6153 6174 6173
f 6154 6155 6175
f 6154 6175 6174
f 6155 6156 6176
f 6155 6176 6175
f 6156 6157 6177
f 6156 6177 6176
f 6157 6158 6178
f 6157 6178 6177
f 6158 6139 6159
f 6158 6159 6178
f 6159 6160 6180
f 6159 6180 6179
f 6160 6161 6181
f 6160 6181 6180
f 6161 6162 6182
f 6161 6182 6181
f 6162 6163 6183
f 6162 6183 6182
f 6163 6164 6184
f 6163 6184 6183
f 6164 6165 6185
f 6164 6185 6184
f 6165 6166 6186
f 6165 6186 6185
f 6166 6167 6187
f 6166 6187 6186
f 6167 6168 6188
f 6167 6188 6187
f 6168 6169 6189
f 6168 6189 6188
f 6169 6170 6190
f 6169 6190 6189
f 6170 6171 6191
f 6170 6191 6190
f 6171 6172 6192
f 6171 6192 6191
f 6172 6173 6193
f 6172 6193 6192
f 6173 6174 6194
f 6173 6194 6193
f 6174 6175 6195
f 6174 6195 6194
f 6175 6176 6196
f 6175 6196 6195
f 6176 6177 6197
f 6176 6197 6196
f 6177 6178 6198
f 6177 6198 6197
f 6178 6159 6179
f 6178 6179 6198
o Tail_1
g Tail_1
usemtl Lux_Cyan
v 0.320000 1.100000 -0.480000
v 0.550000 0.920000 -0.620000
v 0.421390 1.100000 -0.313431
v 0.383614 1.044554 -0.304204
v 0.338165 0.995796 -0.316181
v 0.290525 0.959607 -0.347917
v 0.246441 0.940351 -0.395584
v 0.211229 0.940351 -0.453432
v 0.189136 0.959607 -0.514486
v 0.182827 0.995796 -0.571379
v 0.193064 1.044554 -0.617251
v 0.218610 1.100000 -0.646569
v 0.256386 1.155446 -0.655796
v 0.301835 1.204204 -0.643819
v 0.349475 1.240393 -0.612083
v 0.393559 1.259649 -0.564416
v 0.428771 1.259649 -0.506568
v 0.450864 1.240393 -0.445514
v 0.457173 1.204204 -0.388621
v 0.446936 1.155446 -0.342749
v 0.643278 0.920000 -0.466757
v 0.608525 0.868990 -0.458268
v 0.566712 0.824133 -0.469287
v 0.522883 0.790838 -0.498484
v 0.482326 0.773123 -0.542337
v 0.449930 0.773123 -0.595558
v 0.429605 0.790838 -0.651727
v 0.423801 0.824133 -0.704069
v 0.433218 0.868990 -0.746271
v 0.456722 0.920000 -0.773243
v 0.491475 0.971010 -0.781732
v 0.533288 1.015867 -0.770713
v 0.577117 1.049162 -0.741516
v 0.617674 1.066877 -0.697663
v 0.650070 1.066877 -0.644442
v 0.670395 1.049162 -0.588273
v 0.676199 1.015867 -0.535931
v 0.666782 0.971010 -0.493729
f 6201 6202 6220
f 6201 6220 6219
f 6199 6202 6201
f 6200 6219 6220
f 6202 6203 6221
f 6202 6221 6220
f 6199 6203 6202
f 6200 6220 6221
f 6203 6204 6222
f 6203 6222 6221
f 6199 6204 6203
f 6200 6221 6222
f 6204 6205 6223
f 6204 6223 6222
f 6199 6205 6204
f 6200 6222 6223
f 6205 6206 6224
f 6205 6224 6223
f 6199 6206 6205
f 6200 6223 6224
f 6206 6207 6225
f 6206 6225 6224
f 6199 6207 6206
f 6200 6224 6225
f 6207 6208 6226
f 6207 6226 6225
f 6199 6208 6207
f 6200 6225 6226
f 6208 6209 6227
f 6208 6227 6226
f 6199 6209 6208
f 6200 6226 6227
f 6209 6210 6228
f 6209 6228 6227
f 6199 6210 6209
f 6200 6227 6228
f 6210 6211 6229
f 6210 6229 6228
f 6199 6211 6210
f 6200 6228 6229
f 6211 6212 6230
f 6211 6230 6229
f 6199 6212 6211
f 6200 6229 6230
f 6212 6213 6231
f 6212 6231 6230
f 6199 6213 6212
f 6200 6230 6231
f 6213 6214 6232
f 6213 6232 6231
f 6199 6214 6213
f 6200 6231 6232
f 6214 6215 6233
f 6214 6233 6232
f 6199 6215 6214
f 6200 6232 6233
f 6215 6216 6234
f 6215 6234 6233
f 6199 6216 6215
f 6200 6233 6234
f 6216 6217 6235
f 6216 6235 6234
f 6199 6217 6216
f 6200 6234 6235
f 6217 6218 6236
f 6217 6236 6235
f 6199 6218 6217
f 6200 6235 6236
f 6218 6201 6219
f 6218 6219 6236
f 6199 6201 6218
f 6200 6236 6219
o Tail_Joint_1
g Tail_Joint_1
usemtl Lux_Cyan
v 0.550000 0.725000 -0.620000
v 0.550000 0.725000 -0.620000
v 0.550000 0.725000 -0.620000
v 0.550000 0.725000 -0.620000
v 0.550000 0.725000 -0.620000
v 0.550000 0.725000 -0.620000
v 0.550000 0.725000 -0.620000
v 0.550000 0.725000 -0.620000
v 0.550000 0.725000 -0.620000
v 0.550000 0.725000 -0.620000
v 0.550000 0.725000 -0.620000
v 0.550000 0.725000 -0.620000
v 0.550000 0.725000 -0.620000
v 0.550000 0.725000 -0.620000
v 0.550000 0.725000 -0.620000
v 0.550000 0.725000 -0.620000
v 0.550000 0.725000 -0.620000
v 0.550000 0.725000 -0.620000
v 0.550000 0.725000 -0.620000
v 0.550000 0.725000 -0.620000
v 0.600470 0.731644 -0.620000
v 0.598000 0.731644 -0.604404
v 0.590831 0.731644 -0.590335
v 0.579665 0.731644 -0.579169
v 0.565596 0.731644 -0.572000
v 0.550000 0.731644 -0.569530
v 0.534404 0.731644 -0.572000
v 0.520335 0.731644 -0.579169
v 0.509169 0.731644 -0.590335
v 0.502000 0.731644 -0.604404
v 0.499530 0.731644 -0.620000
v 0.502000 0.731644 -0.635596
v 0.509169 0.731644 -0.649665
v 0.520335 0.731644 -0.660831
v 0.534404 0.731644 -0.668000
v 0.550000 0.731644 -0.670470
v 0.565596 0.731644 -0.668000
v 0.579665 0.731644 -0.660831
v 0.590831 0.731644 -0.649665
v 0.598000 0.731644 -0.635596
v 0.647500 0.751125 -0.620000
v 0.642728 0.751125 -0.589871
v 0.628879 0.751125 -0.562691
v 0.607309 0.751125 -0.541121
v 0.580129 0.751125 -0.527272
v 0.550000 0.751125 -0.522500
v 0.519871 0.751125 -0.527272
v 0.492691 0.751125 -0.541121
v 0.471121 0.751125 -0.562691
v 0.457272 0.751125 -0.589871
v 0.452500 0.751125 -0.620000
v 0.457272 0.751125 -0.650129
v 0.471121 0.751125 -0.677309
v 0.492691 0.751125 -0.698879
v 0.519871 0.751125 -0.712728
v 0.550000 0.751125 -0.717500
v 0.580129 0.751125 -0.712728
v 0.607309 0.751125 -0.698879
v 0.628879 0.751125 -0.677309
v 0.642728 0.751125 -0.650129
v 0.687886 0.782114 -0.620000
v 0.681137 0.782114 -0.577391
v 0.661552 0.782114 -0.538953
v 0.631047 0.782114 -0.508448
v 0.592609 0.782114 -0.488863
v 0.550000 0.782114 -0.482114
v 0.507391 0.782114 -0.488863
v 0.468953 0.782114 -0.508448
v 0.438448 0.782114 -0.538953
v 0.418863 0.782114 -0.577391
v 0.412114 0.782114 -0.620000
v 0.418863 0.782114 -0.662609
v 0.438448 0.782114 -0.701047
v 0.468953 0.782114 -0.731552
v 0.507391 0.782114 -0.751137
v 0.550000 0.782114 -0.757886
v 0.592609 0.782114 -0.751137
v 0.631047 0.782114 -0.731552
v 0.661552 0.782114 -0.701047
v 0.681137 0.782114 -0.662609
v 0.718875 0.822500 -0.620000
v 0.710610 0.822500 -0.567815
v 0.686623 0.822500 -0.520738
v 0.649262 0.822500 -0.483377
v 0.602185 0.822500 -0.459390
v 0.550000 0.822500 -0.451125
v 0.497815 0.822500 -0.459390
v 0.450738 0.822500 -0.483377
v 0.413377 0.822500 -0.520738
v 0.389390 0.822500 -0.567815
v 0.381125 0.822500 -0.620000
v 0.389390 0.822500 -0.672185
v 0.413377 0.822500 -0.719262
v 0.450738 0.822500 -0.756623
v 0.497815 0.822500 -0.780610
v 0.550000 0.822500 -0.788875
v 0.602185 0.822500 -0.780610
v 0.649262 0.822500 -0.756623
v 0.686623 0.822500 -0.719262
v 0.710610 0.822500 -0.672185
v 0.738356 0.869530 -0.620000
v 0.729137 0.869530 -0.561795
v 0.702383 0.869530 -0.509287
v 0.660713 0.869530 -0.467617
v 0.608205 0.869530 -0.440863
v 0.550000 0.869530 -0.431644
v 0.491795 0.869530 -0.440863
v 0.439287 0.869530 -0.467617
v 0.397617 0.869530 -0.509287
v 0.370863 0.869530 -0.561795
v 0.361644 0.869530 -0.620000
v 0.370863 0.869530 -0.678205
v 0.397617 0.869530 -0.730713
v 0.439287 0.869530 -0.772383
v 0.491795 0.869530 -0.799137
v 0.550000 0.869530 -0.808356
v 0.608205 0.869530 -0.799137
v 0.660713 0.869530 -0.772383
v 0.702383 0.869530 -0.730713
v 0.729137 0.869530 -0.678205
v 0.745000 0.920000 -0.620000
v 0.735456 0.920000 -0.559742
v 0.707758 0.920000 -0.505382
v 0.664618 0.920000 -0.462242
v 0.610258 0.920000 -0.434544
v 0.550000 0.920000 -0.425000
v 0.489742 0.920000 -0.434544
v 0.435382 0.920000 -0.462242
v 0.392242 0.920000 -0.505382
v 0.364544 0.920000 -0.559742
v 0.355000 0.920000 -0.620000
v 0.364544 0.920000 -0.680258
v 0.392242 0.920000 -0.734618
v 0.435382 0.920000 -0.777758
v 0.489742 0.920000 -0.805456
v 0.550000 0.920000 -0.815000
v 0.610258 0.920000 -0.805456
v 0.664618 0.920000 -0.777758
v 0.707758 0.920000 -0.734618
v 0.735456 0.920000 -0.680258
v 0.738356 0.970470 -0.620000
v 0.729137 0.970470 -0.561795
v 0.702383 0.970470 -0.509287
v 0.660713 0.970470 -0.467617
v 0.608205 0.970470 -0.440863
v 0.550000 0.970470 -0.431644
v 0.491795 0.970470 -0.440863
v 0.439287 0.970470 -0.467617
v 0.397617 0.970470 -0.509287
v 0.370863 0.970470 -0.561795
v 0.361644 0.970470 -0.620000
v 0.370863 0.970470 -0.678205
v 0.397617 0.970470 -0.730713
v 0.439287 0.970470 -0.772383
v 0.491795 0.970470 -0.799137
v 0.550000 0.970470 -0.808356
v 0.608205 0.970470 -0.799137
v 0.660713 0.970470 -0.772383
v 0.702383 0.970470 -0.730713
v 0.729137 0.970470 -0.678205
v 0.718875 1.017500 -0.620000
v 0.710610 1.017500 -0.567815
v 0.686623 1.017500 -0.520738
v 0.649262 1.017500 -0.483377
v 0.602185 1.017500 -0.459390
v 0.550000 1.017500 -0.451125
v 0.497815 1.017500 -0.459390
v 0.450738 1.017500 -0.483377
v 0.413377 1.017500 -0.520738
v 0.389390 1.017500 -0.567815
v 0.381125 1.017500 -0.620000
v 0.389390 1.017500 -0.672185
v 0.413377 1.017500 -0.719262
v 0.450738 1.017500 -0.756623
v 0.497815 1.017500 -0.780610
v 0.550000 1.017500 -0.788875
v 0.602185 1.017500 -0.780610
v 0.649262 1.017500 -0.756623
v 0.686623 1.017500 -0.719262
v 0.710610 1.017500 -0.672185
v 0.687886 1.057886 -0.620000
v 0.681137 1.057886 -0.577391
v 0.661552 1.057886 -0.538953
v 0.631047 1.057886 -0.508448
v 0.592609 1.057886 -0.488863
v 0.550000 1.057886 -0.482114
v 0.507391 1.057886 -0.488863
v 0.468953 1.057886 -0.508448
v 0.438448 1.057886 -0.538953
v 0.418863 1.057886 -0.577391
v 0.412114 1.057886 -0.620000
v 0.418863 1.057886 -0.662609
v 0.438448 1.057886 -0.701047
v 0.468953 1.057886 -0.731552
v 0.507391 1.057886 -0.751137
v 0.550000 1.057886 -0.757886
v 0.592609 1.057886 -0.751137
v 0.631047 1.057886 -0.731552
v 0.661552 1.057886 -0.701047
v 0.681137 1.057886 -0.662609
v 0.647500 1.088875 -0.620000
v 0.642728 1.088875 -0.589871
v 0.628879 1.088875 -0.562691
v 0.607309 1.088875 -0.541121
v 0.580129 1.088875 -0.527272
v 0.550000 1.088875 -0.522500
v 0.519871 1.088875 -0.527272
v 0.492691 1.088875 -0.541121
v 0.471121 1.088875 -0.562691
v 0.457272 1.088875 -0.589871
v 0.452500 1.088875 -0.620000
v 0.457272 1.088875 -0.650129
v 0.471121 1.088875 -0.677309
v 0.492691 1.088875 -0.698879
v 0.519871 1.088875 -0.712728
v 0.550000 1.088875 -0.717500
v 0.580129 1.088875 -0.712728
v 0.607309 1.088875 -0.698879
v 0.628879 1.088875 -0.677309
v 0.642728 1.088875 -0.650129
v 0.600470 1.108356 -0.620000
v 0.598000 1.108356 -0.604404
v 0.590831 1.108356 -0.590335
v 0.579665 1.108356 -0.579169
v 0.565596 1.108356 -0.572000
v 0.550000 1.108356 -0.569530
v 0.534404 1.108356 -0.572000
v 0.520335 1.108356 -0.579169
v 0.509169 1.108356 -0.590335
v 0.502000 1.108356 -0.604404
v 0.499530 1.108356 -0.620000
v 0.502000 1.108356 -0.635596
v 0.509169 1.108356 -0.649665
v 0.520335 1.108356 -0.660831
v 0.534404 1.108356 -0.668000
v 0.550000 1.108356 -0.670470
v 0.565596 1.108356 -0.668000
v 0.579665 1.108356 -0.660831
v 0.590831 1.108356 -0.649665
v 0.598000 1.108356 -0.635596
v 0.550000 1.115000 -0.620000
v 0.550000 1.115000 -0.620000
v 0.550000 1.115000 -0.620000
v 0.550000 1.115000 -0.620000
v 0.550000 1.115000 -0.620000
v 0.550000 1.115000 -0.620000
v 0.550000 1.115000 -0.620000
v 0.550000 1.115000 -0.620000
v 0.550000 1.115000 -0.620000
v 0.550000 1.115000 -0.620000
v 0.550000 1.115000 -0.620000
v 0.550000 1.115000 -0.620000
v 0.550000 1.115000 -0.620000
v 0.550000 1.115000 -0.620000
v 0.550000 1.115000 -0.620000
v 0.550000 1.115000 -0.620000
v 0.550000 1.115000 -0.620000
v 0.550000 1.115000 -0.620000
v 0.550000 1.115000 -0.620000
v 0.550000 1.115000 -0.620000
f 6237 6238 6258
f 6237 6258 6257
f 6238 6239 6259
f 6238 6259 6258
f 6239 6240 6260
f 6239 6260 6259
f 6240 6241 6261
f 6240 6261 6260
f 6241 6242 6262
f 6241 6262 6261
f 6242 6243 6263
f 6242 6263 6262
f 6243 6244 6264
f 6243 6264 6263
f 6244 6245 6265
f 6244 6265 6264
f 6245 6246 6266
f 6245 6266 6265
f 6246 6247 6267
f 6246 6267 6266
f 6247 6248 6268
f 6247 6268 6267
f 6248 6249 6269
f 6248 6269 6268
f 6249 6250 6270
f 6249 6270 6269
f 6250 6251 6271
f 6250 6271 6270
f 6251 6252 6272
f 6251 6272 6271
f 6252 6253 6273
f 6252 6273 6272
f 6253 6254 6274
f 6253 6274 6273
f 6254 6255 6275
f 6254 6275 6274
f 6255 6256 6276
f 6255 6276 6275
f 6256 6237 6257
f 6256 6257 6276
f 6257 6258 6278
f 6257 6278 6277
f 6258 6259 6279
f 6258 6279 6278
f 6259 6260 6280
f 6259 6280 6279
f 6260 6261 6281
f 6260 6281 6280
f 6261 6262 6282
f 6261 6282 6281
f 6262 6263 6283
f 6262 6283 6282
f 6263 6264 6284
f 6263 6284 6283
f 6264 6265 6285
f 6264 6285 6284
f 6265 6266 6286
f 6265 6286 6285
f 6266 6267 6287
f 6266 6287 6286
f 6267 6268 6288
f 6267 6288 6287
f 6268 6269 6289
f 6268 6289 6288
f 6269 6270 6290
f 6269 6290 6289
f 6270 6271 6291
f 6270 6291 6290
f 6271 6272 6292
f 6271 6292 6291
f 6272 6273 6293
f 6272 6293 6292
f 6273 6274 6294
f 6273 6294 6293
f 6274 6275 6295
f 6274 6295 6294
f 6275 6276 6296
f 6275 6296 6295
f 6276 6257 6277
f 6276 6277 6296
f 6277 6278 6298
f 6277 6298 6297
f 6278 6279 6299
f 6278 6299 6298
f 6279 6280 6300
f 6279 6300 6299
f 6280 6281 6301
f 6280 6301 6300
f 6281 6282 6302
f 6281 6302 6301
f 6282 6283 6303
f 6282 6303 6302
f 6283 6284 6304
f 6283 6304 6303
f 6284 6285 6305
f 6284 6305 6304
f 6285 6286 6306
f 6285 6306 6305
f 6286 6287 6307
f 6286 6307 6306
f 6287 6288 6308
f 6287 6308 6307
f 6288 6289 6309
f 6288 6309 6308
f 6289 6290 6310
f 6289 6310 6309
f 6290 6291 6311
f 6290 6311 6310
f 6291 6292 6312
f 6291 6312 6311
f 6292 6293 6313
f 6292 6313 6312
f 6293 6294 6314
f 6293 6314 6313
f 6294 6295 6315
f 6294 6315 6314
f 6295 6296 6316
f 6295 6316 6315
f 6296 6277 6297
f 6296 6297 6316
f 6297 6298 6318
f 6297 6318 6317
f 6298 6299 6319
f 6298 6319 6318
f 6299 6300 6320
f 6299 6320 6319
f 6300 6301 6321
f 6300 6321 6320
f 6301 6302 6322
f 6301 6322 6321
f 6302 6303 6323
f 6302 6323 6322
f 6303 6304 6324
f 6303 6324 6323
f 6304 6305 6325
f 6304 6325 6324
f 6305 6306 6326
f 6305 6326 6325
f 6306 6307 6327
f 6306 6327 6326
f 6307 6308 6328
f 6307 6328 6327
f 6308 6309 6329
f 6308 6329 6328
f 6309 6310 6330
f 6309 6330 6329
f 6310 6311 6331
f 6310 6331 6330
f 6311 6312 6332
f 6311 6332 6331
f 6312 6313 6333
f 6312 6333 6332
f 6313 6314 6334
f 6313 6334 6333
f 6314 6315 6335
f 6314 6335 6334
f 6315 6316 6336
f 6315 6336 6335
f 6316 6297 6317
f 6316 6317 6336
f 6317 6318 6338
f 6317 6338 6337
f 6318 6319 6339
f 6318 6339 6338
f 6319 6320 6340
f 6319 6340 6339
f 6320 6321 6341
f 6320 6341 6340
f 6321 6322 6342
f 6321 6342 6341
f 6322 6323 6343
f 6322 6343 6342
f 6323 6324 6344
f 6323 6344 6343
f 6324 6325 6345
f 6324 6345 6344
f 6325 6326 6346
f 6325 6346 6345
f 6326 6327 6347
f 6326 6347 6346
f 6327 6328 6348
f 6327 6348 6347
f 6328 6329 6349
f 6328 6349 6348
f 6329 6330 6350
f 6329 6350 6349
f 6330 6331 6351
f 6330 6351 6350
f 6331 6332 6352
f 6331 6352 6351
f 6332 6333 6353
f 6332 6353 6352
f 6333 6334 6354
f 6333 6354 6353
f 6334 6335 6355
f 6334 6355 6354
f 6335 6336 6356
f 6335 6356 6355
f 6336 6317 6337
f 6336 6337 6356
f 6337 6338 6358
f 6337 6358 6357
f 6338 6339 6359
f 6338 6359 6358
f 6339 6340 6360
f 6339 6360 6359
f 6340 6341 6361
f 6340 6361 6360
f 6341 6342 6362
f 6341 6362 6361
f 6342 6343 6363
f 6342 6363 6362
f 6343 6344 6364
f 6343 6364 6363
f 6344 6345 6365
f 6344 6365 6364
f 6345 6346 6366
f 6345 6366 6365
f 6346 6347 6367
f 6346 6367 6366
f 6347 6348 6368
f 6347 6368 6367
f 6348 6349 6369
f 6348 6369 6368
f 6349 6350 6370
f 6349 6370 6369
f 6350 6351 6371
f 6350 6371 6370
f 6351 6352 6372
f 6351 6372 6371
f 6352 6353 6373
f 6352 6373 6372
f 6353 6354 6374
f 6353 6374 6373
f 6354 6355 6375
f 6354 6375 6374
f 6355 6356 6376
f 6355 6376 6375
f 6356 6337 6357
f 6356 6357 6376
f 6357 6358 6378
f 6357 6378 6377
f 6358 6359 6379
f 6358 6379 6378
f 6359 6360 6380
f 6359 6380 6379
f 6360 6361 6381
f 6360 6381 6380
f 6361 6362 6382
f 6361 6382 6381
f 6362 6363 6383
f 6362 6383 6382
f 6363 6364 6384
f 6363 6384 6383
f 6364 6365 6385
f 6364 6385 6384
f 6365 6366 6386
f 6365 6386 6385
f 6366 6367 6387
f 6366 6387 6386
f 6367 6368 6388
f 6367 6388 6387
f 6368 6369 6389
f 6368 6389 6388
f 6369 6370 6390
f 6369 6390 6389
f 6370 6371 6391
f 6370 6391 6390
f 6371 6372 6392
f 6371 6392 6391
f 6372 6373 6393
f 6372 6393 6392
f 6373 6374 6394
f 6373 6394 6393
f 6374 6375 6395
f 6374 6395 6394
f 6375 6376 6396
f 6375 6396 6395
f 6376 6357 6377
f 6376 6377 6396
f 6377 6378 6398
f 6377 6398 6397
f 6378 6379 6399
f 6378 6399 6398
f 6379 6380 6400
f 6379 6400 6399
f 6380 6381 6401
f 6380 6401 6400
f 6381 6382 6402
f 6381 6402 6401
f 6382 6383 6403
f 6382 6403 6402
f 6383 6384 6404
f 6383 6404 6403
f 6384 6385 6405
f 6384 6405 6404
f 6385 6386 6406
f 6385 6406 6405
f 6386 6387 6407
f 6386 6407 6406
f 6387 6388 6408
f 6387 6408 6407
f 6388 6389 6409
f 6388 6409 6408
f 6389 6390 6410
f 6389 6410 6409
f 6390 6391 6411
f 6390 6411 6410
f 6391 6392 6412
f 6391 6412 6411
f 6392 6393 6413
f 6392 6413 6412
f 6393 6394 6414
f 6393 6414 6413
f 6394 6395 6415
f 6394 6415 6414
f 6395 6396 6416
f 6395 6416 6415
f 6396 6377 6397
f 6396 6397 6416
f 6397 6398 6418
f 6397 6418 6417
f 6398 6399 6419
f 6398 6419 6418
f 6399 6400 6420
f 6399 6420 6419
f 6400 6401 6421
f 6400 6421 6420
f 6401 6402 6422
f 6401 6422 6421
f 6402 6403 6423
f 6402 6423 6422
f 6403 6404 6424
f 6403 6424 6423
f 6404 6405 6425
f 6404 6425 6424
f 6405 6406 6426
f 6405 6426 6425
f 6406 6407 6427
f 6406 6427 6426
f 6407 6408 6428
f 6407 6428 6427
f 6408 6409 6429
f 6408 6429 6428
f 6409 6410 6430
f 6409 6430 6429
f 6410 6411 6431
f 6410 6431 6430
f 6411 6412 6432
f 6411 6432 6431
f 6412 6413 6433
f 6412 6433 6432
f 6413 6414 6434
f 6413 6434 6433
f 6414 6415 6435
f 6414 6435 6434
f 6415 6416 6436
f 6415 6436 6435
f 6416 6397 6417
f 6416 6417 6436
f 6417 6418 6438
f 6417 6438 6437
f 6418 6419 6439
f 6418 6439 6438
f 6419 6420 6440
f 6419 6440 6439
f 6420 6421 6441
f 6420 6441 6440
f 6421 6422 6442
f 6421 6442 6441
f 6422 6423 6443
f 6422 6443 6442
f 6423 6424 6444
f 6423 6444 6443
f 6424 6425 6445
f 6424 6445 6444
f 6425 6426 6446
f 6425 6446 6445
f 6426 6427 6447
f 6426 6447 6446
f 6427 6428 6448
f 6427 6448 6447
f 6428 6429 6449
f 6428 6449 6448
f 6429 6430 6450
f 6429 6450 6449
f 6430 6431 6451
f 6430 6451 6450
f 6431 6432 6452
f 6431 6452 6451
f 6432 6433 6453
f 6432 6453 6452
f 6433 6434 6454
f 6433 6454 6453
f 6434 6435 6455
f 6434 6455 6454
f 6435 6436 6456
f 6435 6456 6455
f 6436 6417 6437
f 6436 6437 6456
f 6437 6438 6458
f 6437 6458 6457
f 6438 6439 6459
f 6438 6459 6458
f 6439 6440 6460
f 6439 6460 6459
f 6440 6441 6461
f 6440 6461 6460
f 6441 6442 6462
f 6441 6462 6461
f 6442 6443 6463
f 6442 6463 6462
f 6443 6444 6464
f 6443 6464 6463
f 6444 6445 6465
f 6444 6465 6464
f 6445 6446 6466
f 6445 6466 6465
f 6446 6447 6467
f 6446 6467 6466
f 6447 6448 6468
f 6447 6468 6467
f 6448 6449 6469
f 6448 6469 6468
f 6449 6450 6470
f 6449 6470 6469
f 6450 6451 6471
f 6450 6471 6470
f 6451 6452 6472
f 6451 6472 6471
f 6452 6453 6473
f 6452 6473 6472
f 6453 6454 6474
f 6453 6474 6473
f 6454 6455 6475
f 6454 6475 6474
f 6455 6456 6476
f 6455 6476 6475
f 6456 6437 6457
f 6456 6457 6476
f 6457 6458 6478
f 6457 6478 6477
f 6458 6459 6479
f 6458 6479 6478
f 6459 6460 6480
f 6459 6480 6479
f 6460 6461 6481
f 6460 6481 6480
f 6461 6462 6482
f 6461 6482 6481
f 6462 6463 6483
f 6462 6483 6482
f 6463 6464 6484
f 6463 6484 6483
f 6464 6465 6485
f 6464 6485 6484
f 6465 6466 6486
f 6465 6486 6485
f 6466 6467 6487
f 6466 6487 6486
f 6467 6468 6488
f 6467 6488 6487
f 6468 6469 6489
f 6468 6489 6488
f 6469 6470 6490
f 6469 6490 6489
f 6470 6471 6491
f 6470 6491 6490
f 6471 6472 6492
f 6471 6492 6491
f 6472 6473 6493
f 6472 6493 6492
f 6473 6474 6494
f 6473 6494 6493
f 6474 6475 6495
f 6474 6495 6494
f 6475 6476 6496
f 6475 6496 6495
f 6476 6457 6477
f 6476 6477 6496
o Tail_2
g Tail_2
usemtl Sport_White
v 0.550000 0.920000 -0.620000
v 0.640000 0.700000 -0.500000
v 0.422000 0.920000 -0.524000
v 0.402591 0.889172 -0.565961
v 0.400962 0.862063 -0.614439
v 0.417309 0.841942 -0.663588
v 0.449660 0.831235 -0.707480
v 0.494114 0.831235 -0.740821
v 0.545309 0.841942 -0.759588
v 0.597069 0.862063 -0.761520
v 0.643152 0.889172 -0.746382
v 0.678000 0.920000 -0.716000
v 0.697409 0.950828 -0.674039
v 0.699038 0.977937 -0.625561
v 0.682691 0.998058 -0.576412
v 0.650340 1.008765 -0.532520
v 0.605886 1.008765 -0.499179
v 0.554691 0.998058 -0.480412
v 0.502931 0.977937 -0.478480
v 0.456848 0.950828 -0.493618
v 0.522240 0.700000 -0.411680
v 0.504384 0.671639 -0.450284
v 0.502885 0.646698 -0.494884
v 0.517924 0.628186 -0.540101
v 0.547687 0.618337 -0.580482
v 0.588585 0.618337 -0.611155
v 0.635684 0.628186 -0.628421
v 0.683304 0.646698 -0.630198
v 0.725700 0.671639 -0.616271
v 0.757760 0.700000 -0.588320
v 0.775616 0.728361 -0.549716
v 0.777115 0.753302 -0.505116
v 0.762076 0.771814 -0.459899
v 0.732313 0.781663 -0.419518
v 0.691415 0.781663 -0.388845
v 0.644316 0.771814 -0.371579
v 0.596696 0.753302 -0.369802
v 0.554300 0.728361 -0.383729
f 6499 6500 6518
f 6499 6518 6517
f 6497 6500 6499
f 6498 6517 6518
f 6500 6501 6519
f 6500 6519 6518
f 6497 6501 6500
f 6498 6518 6519
f 6501 6502 6520
f 6501 6520 6519
f 6497 6502 6501
f 6498 6519 6520
f 6502 6503 6521
f 6502 6521 6520
f 6497 6503 6502
f 6498 6520 6521
f 6503 6504 6522
f 6503 6522 6521
f 6497 6504 6503
f 6498 6521 6522
f 6504 6505 6523
f 6504 6523 6522
f 6497 6505 6504
f 6498 6522 6523
f 6505 6506 6524
f 6505 6524 6523
f 6497 6506 6505
f 6498 6523 6524
f 6506 6507 6525
f 6506 6525 6524
f 6497 6507 6506
f 6498 6524 6525
f 6507 6508 6526
f 6507 6526 6525
f 6497 6508 6507
f 6498 6525 6526
f 6508 6509 6527
f 6508 6527 6526
f 6497 6509 6508
f 6498 6526 6527
f 6509 6510 6528
f 6509 6528 6527
f 6497 6510 6509
f 6498 6527 6528
f 6510 6511 6529
f 6510 6529 6528
f 6497 6511 6510
f 6498 6528 6529
f 6511 6512 6530
f 6511 6530 6529
f 6497 6512 6511
f 6498 6529 6530
f 6512 6513 6531
f 6512 6531 6530
f 6497 6513 6512
f 6498 6530 6531
f 6513 6514 6532
f 6513 6532 6531
f 6497 6514 6513
f 6498 6531 6532
f 6514 6515 6533
f 6514 6533 6532
f 6497 6515 6514
f 6498 6532 6533
f 6515 6516 6534
f 6515 6534 6533
f 6497 6516 6515
f 6498 6533 6534
f 6516 6499 6517
f 6516 6517 6534
f 6497 6499 6516
f 6498 6534 6517
o Tail_Joint_2
g Tail_Joint_2
usemtl Sport_White
v 0.640000 0.540000 -0.500000
v 0.640000 0.540000 -0.500000
v 0.640000 0.540000 -0.500000
v 0.640000 0.540000 -0.500000
v 0.640000 0.540000 -0.500000
v 0.640000 0.540000 -0.500000
v 0.640000 0.540000 -0.500000
v 0.640000 0.540000 -0.500000
v 0.640000 0.540000 -0.500000
v 0.640000 0.540000 -0.500000
v 0.640000 0.540000 -0.500000
v 0.640000 0.540000 -0.500000
v 0.640000 0.540000 -0.500000
v 0.640000 0.540000 -0.500000
v 0.640000 0.540000 -0.500000
v 0.640000 0.540000 -0.500000
v 0.640000 0.540000 -0.500000
v 0.640000 0.540000 -0.500000
v 0.640000 0.540000 -0.500000
v 0.640000 0.540000 -0.500000
v 0.681411 0.545452 -0.500000
v 0.679384 0.545452 -0.487203
v 0.673502 0.545452 -0.475659
v 0.664341 0.545452 -0.466498
v 0.652797 0.545452 -0.460616
v 0.640000 0.545452 -0.458589
v 0.627203 0.545452 -0.460616
v 0.615659 0.545452 -0.466498
v 0.606498 0.545452 -0.475659
v 0.600616 0.545452 -0.487203
v 0.598589 0.545452 -0.500000
v 0.600616 0.545452 -0.512797
v 0.606498 0.545452 -0.524341
v 0.615659 0.545452 -0.533502
v 0.627203 0.545452 -0.539384
v 0.640000 0.545452 -0.541411
v 0.652797 0.545452 -0.539384
v 0.664341 0.545452 -0.533502
v 0.673502 0.545452 -0.524341
v 0.679384 0.545452 -0.512797
v 0.720000 0.561436 -0.500000
v 0.716085 0.561436 -0.475279
v 0.704721 0.561436 -0.452977
v 0.687023 0.561436 -0.435279
v 0.664721 0.561436 -0.423915
v 0.640000 0.561436 -0.420000
v 0.615279 0.561436 -0.423915
v 0.592977 0.561436 -0.435279
v 0.575279 0.561436 -0.452977
v 0.563915 0.561436 -0.475279
v 0.560000 0.561436 -0.500000
v 0.563915 0.561436 -0.524721
v 0.575279 0.561436 -0.547023
v 0.592977 0.561436 -0.564721
v 0.615279 0.561436 -0.576085
v 0.640000 0.561436 -0.580000
v 0.664721 0.561436 -0.576085
v 0.687023 0.561436 -0.564721
v 0.704721 0.561436 -0.547023
v 0.716085 0.561436 -0.524721
v 0.753137 0.586863 -0.500000
v 0.747600 0.586863 -0.465039
v 0.731530 0.586863 -0.433500
v 0.706500 0.586863 -0.408470
v 0.674961 0.586863 -0.392400
v 0.640000 0.586863 -0.386863
v 0.605039 0.586863 -0.392400
v 0.573500 0.586863 -0.408470
v 0.548470 0.586863 -0.433500
v 0.532400 0.586863 -0.465039
v 0.526863 0.586863 -0.500000
v 0.532400 0.586863 -0.534961
v 0.548470 0.586863 -0.566500
v 0.573500 0.586863 -0.591530
v 0.605039 0.586863 -0.607600
v 0.640000 0.586863 -0.613137
v 0.674961 0.586863 -0.607600
v 0.706500 0.586863 -0.591530
v 0.731530 0.586863 -0.566500
v 0.747600 0.586863 -0.534961
v 0.778564 0.620000 -0.500000
v 0.771782 0.620000 -0.457181
v 0.752101 0.620000 -0.418554
v 0.721446 0.620000 -0.387899
v 0.682819 0.620000 -0.368218
v 0.640000 0.620000 -0.361436
v 0.597181 0.620000 -0.368218
v 0.558554 0.620000 -0.387899
v 0.527899 0.620000 -0.418554
v 0.508218 0.620000 -0.457181
v 0.501436 0.620000 -0.500000
v 0.508218 0.620000 -0.542819
v 0.527899 0.620000 -0.581446
v 0.558554 0.620000 -0.612101
v 0.597181 0.620000 -0.631782
v 0.640000 0.620000 -0.638564
v 0.682819 0.620000 -0.631782
v 0.721446 0.620000 -0.612101
v 0.752101 0.620000 -0.581446
v 0.771782 0.620000 -0.542819
v 0.794548 0.658589 -0.500000
v 0.786984 0.658589 -0.452242
v 0.765032 0.658589 -0.409159
v 0.730841 0.658589 -0.374968
v 0.687758 0.658589 -0.353016
v 0.640000 0.658589 -0.345452
v 0.592242 0.658589 -0.353016
v 0.549159 0.658589 -0.374968
v 0.514968 0.658589 -0.409159
v 0.493016 0.658589 -0.452242
v 0.485452 0.658589 -0.500000
v 0.493016 0.658589 -0.547758
v 0.514968 0.658589 -0.590841
v 0.549159 0.658589 -0.625032
v 0.592242 0.658589 -0.646984
v 0.640000 0.658589 -0.654548
v 0.687758 0.658589 -0.646984
v 0.730841 0.658589 -0.625032
v 0.765032 0.658589 -0.590841
v 0.786984 0.658589 -0.547758
v 0.800000 0.700000 -0.500000
v 0.792169 0.700000 -0.450557
v 0.769443 0.700000 -0.405954
v 0.734046 0.700000 -0.370557
v 0.689443 0.700000 -0.347831
v 0.640000 0.700000 -0.340000
v 0.590557 0.700000 -0.347831
v 0.545954 0.700000 -0.370557
v 0.510557 0.700000 -0.405954
v 0.487831 0.700000 -0.450557
v 0.480000 0.700000 -0.500000
v 0.487831 0.700000 -0.549443
v 0.510557 0.700000 -0.594046
v 0.545954 0.700000 -0.629443
v 0.590557 0.700000 -0.652169
v 0.640000 0.700000 -0.660000
v 0.689443 0.700000 -0.652169
v 0.734046 0.700000 -0.629443
v 0.769443 0.700000 -0.594046
v 0.792169 0.700000 -0.549443
v 0.794548 0.741411 -0.500000
v 0.786984 0.741411 -0.452242
v 0.765032 0.741411 -0.409159
v 0.730841 0.741411 -0.374968
v 0.687758 0.741411 -0.353016
v 0.640000 0.741411 -0.345452
v 0.592242 0.741411 -0.353016
v 0.549159 0.741411 -0.374968
v 0.514968 0.741411 -0.409159
v 0.493016 0.741411 -0.452242
v 0.485452 0.741411 -0.500000
v 0.493016 0.741411 -0.547758
v 0.514968 0.741411 -0.590841
v 0.549159 0.741411 -0.625032
v 0.592242 0.741411 -0.646984
v 0.640000 0.741411 -0.654548
v 0.687758 0.741411 -0.646984
v 0.730841 0.741411 -0.625032
v 0.765032 0.741411 -0.590841
v 0.786984 0.741411 -0.547758
v 0.778564 0.780000 -0.500000
v 0.771782 0.780000 -0.457181
v 0.752101 0.780000 -0.418554
v 0.721446 0.780000 -0.387899
v 0.682819 0.780000 -0.368218
v 0.640000 0.780000 -0.361436
v 0.597181 0.780000 -0.368218
v 0.558554 0.780000 -0.387899
v 0.527899 0.780000 -0.418554
v 0.508218 0.780000 -0.457181
v 0.501436 0.780000 -0.500000
v 0.508218 0.780000 -0.542819
v 0.527899 0.780000 -0.581446
v 0.558554 0.780000 -0.612101
v 0.597181 0.780000 -0.631782
v 0.640000 0.780000 -0.638564
v 0.682819 0.780000 -0.631782
v 0.721446 0.780000 -0.612101
v 0.752101 0.780000 -0.581446
v 0.771782 0.780000 -0.542819
v 0.753137 0.813137 -0.500000
v 0.747600 0.813137 -0.465039
v 0.731530 0.813137 -0.433500
v 0.706500 0.813137 -0.408470
v 0.674961 0.813137 -0.392400
v 0.640000 0.813137 -0.386863
v 0.605039 0.813137 -0.392400
v 0.573500 0.813137 -0.408470
v 0.548470 0.813137 -0.433500
v 0.532400 0.813137 -0.465039
v 0.526863 0.813137 -0.500000
v 0.532400 0.813137 -0.534961
v 0.548470 0.813137 -0.566500
v 0.573500 0.813137 -0.591530
v 0.605039 0.813137 -0.607600
v 0.640000 0.813137 -0.613137
v 0.674961 0.813137 -0.607600
v 0.706500 0.813137 -0.591530
v 0.731530 0.813137 -0.566500
v 0.747600 0.813137 -0.534961
v 0.720000 0.838564 -0.500000
v 0.716085 0.838564 -0.475279
v 0.704721 0.838564 -0.452977
v 0.687023 0.838564 -0.435279
v 0.664721 0.838564 -0.423915
v 0.640000 0.838564 -0.420000
v 0.615279 0.838564 -0.423915
v 0.592977 0.838564 -0.435279
v 0.575279 0.838564 -0.452977
v 0.563915 0.838564 -0.475279
v 0.560000 0.838564 -0.500000
v 0.563915 0.838564 -0.524721
v 0.575279 0.838564 -0.547023
v 0.592977 0.838564 -0.564721
v 0.615279 0.838564 -0.576085
v 0.640000 0.838564 -0.580000
v 0.664721 0.838564 -0.576085
v 0.687023 0.838564 -0.564721
v 0.704721 0.838564 -0.547023
v 0.716085 0.838564 -0.524721
v 0.681411 0.854548 -0.500000
v 0.679384 0.854548 -0.487203
v 0.673502 0.854548 -0.475659
v 0.664341 0.854548 -0.466498
v 0.652797 0.854548 -0.460616
v 0.640000 0.854548 -0.458589
v 0.627203 0.854548 -0.460616
v 0.615659 0.854548 -0.466498
v 0.606498 0.854548 -0.475659
v 0.600616 0.854548 -0.487203
v 0.598589 0.854548 -0.500000
v 0.600616 0.854548 -0.512797
v 0.606498 0.854548 -0.524341
v 0.615659 0.854548 -0.533502
v 0.627203 0.854548 -0.539384
v 0.640000 0.854548 -0.541411
v 0.652797 0.854548 -0.539384
v 0.664341 0.854548 -0.533502
v 0.673502 0.854548 -0.524341
v 0.679384 0.854548 -0.512797
v 0.640000 0.860000 -0.500000
v 0.640000 0.860000 -0.500000
v 0.640000 0.860000 -0.500000
v 0.640000 0.860000 -0.500000
v 0.640000 0.860000 -0.500000
v 0.640000 0.860000 -0.500000
v 0.640000 0.860000 -0.500000
v 0.640000 0.860000 -0.500000
v 0.640000 0.860000 -0.500000
v 0.640000 0.860000 -0.500000
v 0.640000 0.860000 -0.500000
v 0.640000 0.860000 -0.500000
v 0.640000 0.860000 -0.500000
v 0.640000 0.860000 -0.500000
v 0.640000 0.860000 -0.500000
v 0.640000 0.860000 -0.500000
v 0.640000 0.860000 -0.500000
v 0.640000 0.860000 -0.500000
v 0.640000 0.860000 -0.500000
v 0.640000 0.860000 -0.500000
f 6535 6536 6556
f 6535 6556 6555
f 6536 6537 6557
f 6536 6557 6556
f 6537 6538 6558
f 6537 6558 6557
f 6538 6539 6559
f 6538 6559 6558
f 6539 6540 6560
f 6539 6560 6559
f 6540 6541 6561
f 6540 6561 6560
f 6541 6542 6562
f 6541 6562 6561
f 6542 6543 6563
f 6542 6563 6562
f 6543 6544 6564
f 6543 6564 6563
f 6544 6545 6565
f 6544 6565 6564
f 6545 6546 6566
f 6545 6566 6565
f 6546 6547 6567
f 6546 6567 6566
f 6547 6548 6568
f 6547 6568 6567
f 6548 6549 6569
f 6548 6569 6568
f 6549 6550 6570
f 6549 6570 6569
f 6550 6551 6571
f 6550 6571 6570
f 6551 6552 6572
f 6551 6572 6571
f 6552 6553 6573
f 6552 6573 6572
f 6553 6554 6574
f 6553 6574 6573
f 6554 6535 6555
f 6554 6555 6574
f 6555 6556 6576
f 6555 6576 6575
f 6556 6557 6577
f 6556 6577 6576
f 6557 6558 6578
f 6557 6578 6577
f 6558 6559 6579
f 6558 6579 6578
f 6559 6560 6580
f 6559 6580 6579
f 6560 6561 6581
f 6560 6581 6580
f 6561 6562 6582
f 6561 6582 6581
f 6562 6563 6583
f 6562 6583 6582
f 6563 6564 6584
f 6563 6584 6583
f 6564 6565 6585
f 6564 6585 6584
f 6565 6566 6586
f 6565 6586 6585
f 6566 6567 6587
f 6566 6587 6586
f 6567 6568 6588
f 6567 6588 6587
f 6568 6569 6589
f 6568 6589 6588
f 6569 6570 6590
f 6569 6590 6589
f 6570 6571 6591
f 6570 6591 6590
f 6571 6572 6592
f 6571 6592 6591
f 6572 6573 6593
f 6572 6593 6592
f 6573 6574 6594
f 6573 6594 6593
f 6574 6555 6575
f 6574 6575 6594
f 6575 6576 6596
f 6575 6596 6595
f 6576 6577 6597
f 6576 6597 6596
f 6577 6578 6598
f 6577 6598 6597
f 6578 6579 6599
f 6578 6599 6598
f 6579 6580 6600
f 6579 6600 6599
f 6580 6581 6601
f 6580 6601 6600
f 6581 6582 6602
f 6581 6602 6601
f 6582 6583 6603
f 6582 6603 6602
f 6583 6584 6604
f 6583 6604 6603
f 6584 6585 6605
f 6584 6605 6604
f 6585 6586 6606
f 6585 6606 6605
f 6586 6587 6607
f 6586 6607 6606
f 6587 6588 6608
f 6587 6608 6607
f 6588 6589 6609
f 6588 6609 6608
f 6589 6590 6610
f 6589 6610 6609
f 6590 6591 6611
f 6590 6611 6610
f 6591 6592 6612
f 6591 6612 6611
f 6592 6593 6613
f 6592 6613 6612
f 6593 6594 6614
f 6593 6614 6613
f 6594 6575 6595
f 6594 6595 6614
f 6595 6596 6616
f 6595 6616 6615
f 6596 6597 6617
f 6596 6617 6616
f 6597 6598 6618
f 6597 6618 6617
f 6598 6599 6619
f 6598 6619 6618
f 6599 6600 6620
f 6599 6620 6619
f 6600 6601 6621
f 6600 6621 6620
f 6601 6602 6622
f 6601 6622 6621
f 6602 6603 6623
f 6602 6623 6622
f 6603 6604 6624
f 6603 6624 6623
f 6604 6605 6625
f 6604 6625 6624
f 6605 6606 6626
f 6605 6626 6625
f 6606 6607 6627
f 6606 6627 6626
f 6607 6608 6628
f 6607 6628 6627
f 6608 6609 6629
f 6608 6629 6628
f 6609 6610 6630
f 6609 6630 6629
f 6610 6611 6631
f 6610 6631 6630
f 6611 6612 6632
f 6611 6632 6631
f 6612 6613 6633
f 6612 6633 6632
f 6613 6614 6634
f 6613 6634 6633
f 6614 6595 6615
f 6614 6615 6634
f 6615 6616 6636
f 6615 6636 6635
f 6616 6617 6637
f 6616 6637 6636
f 6617 6618 6638
f 6617 6638 6637
f 6618 6619 6639
f 6618 6639 6638
f 6619 6620 6640
f 6619 6640 6639
f 6620 6621 6641
f 6620 6641 6640
f 6621 6622 6642
f 6621 6642 6641
f 6622 6623 6643
f 6622 6643 6642
f 6623 6624 6644
f 6623 6644 6643
f 6624 6625 6645
f 6624 6645 6644
f 6625 6626 6646
f 6625 6646 6645
f 6626 6627 6647
f 6626 6647 6646
f 6627 6628 6648
f 6627 6648 6647
f 6628 6629 6649
f 6628 6649 6648
f 6629 6630 6650
f 6629 6650 6649
f 6630 6631 6651
f 6630 6651 6650
f 6631 6632 6652
f 6631 6652 6651
f 6632 6633 6653
f 6632 6653 6652
f 6633 6634 6654
f 6633 6654 6653
f 6634 6615 6635
f 6634 6635 6654
f 6635 6636 6656
f 6635 6656 6655
f 6636 6637 6657
f 6636 6657 6656
f 6637 6638 6658
f 6637 6658 6657
f 6638 6639 6659
f 6638 6659 6658
f 6639 6640 6660
f 6639 6660 6659
f 6640 6641 6661
f 6640 6661 6660
f 6641 6642 6662
f 6641 6662 6661
f 6642 6643 6663
f 6642 6663 6662
f 6643 6644 6664
f 6643 6664 6663
f 6644 6645 6665
f 6644 6665 6664
f 6645 6646 6666
f 6645 6666 6665
f 6646 6647 6667
f 6646 6667 6666
f 6647 6648 6668
f 6647 6668 6667
f 6648 6649 6669
f 6648 6669 6668
f 6649 6650 6670
f 6649 6670 6669
f 6650 6651 6671
f 6650 6671 6670
f 6651 6652 6672
f 6651 6672 6671
f 6652 6653 6673
f 6652 6673 6672
f 6653 6654 6674
f 6653 6674 6673
f 6654 6635 6655
f 6654 6655 6674
f 6655 6656 6676
f 6655 6676 6675
f 6656 6657 6677
f 6656 6677 6676
f 6657 6658 6678
f 6657 6678 6677
f 6658 6659 6679
f 6658 6679 6678
f 6659 6660 6680
f 6659 6680 6679
f 6660 6661 6681
f 6660 6681 6680
f 6661 6662 6682
f 6661 6682 6681
f 6662 6663 6683
f 6662 6683 6682
f 6663 6664 6684
f 6663 6684 6683
f 6664 6665 6685
f 6664 6685 6684
f 6665 6666 6686
f 6665 6686 6685
f 6666 6667 6687
f 6666 6687 6686
f 6667 6668 6688
f 6667 6688 6687
f 6668 6669 6689
f 6668 6689 6688
f 6669 6670 6690
f 6669 6690 6689
f 6670 6671 6691
f 6670 6691 6690
f 6671 6672 6692
f 6671 6692 6691
f 6672 6673 6693
f 6672 6693 6692
f 6673 6674 6694
f 6673 6694 6693
f 6674 6655 6675
f 6674 6675 6694
f 6675 6676 6696
f 6675 6696 6695
f 6676 6677 6697
f 6676 6697 6696
f 6677 6678 6698
f 6677 6698 6697
f 6678 6679 6699
f 6678 6699 6698
f 6679 6680 6700
f 6679 6700 6699
f 6680 6681 6701
f 6680 6701 6700
f 6681 6682 6702
f 6681 6702 6701
f 6682 6683 6703
f 6682 6703 6702
f 6683 6684 6704
f 6683 6704 6703
f 6684 6685 6705
f 6684 6705 6704
f 6685 6686 6706
f 6685 6706 6705
f 6686 6687 6707
f 6686 6707 6706
f 6687 6688 6708
f 6687 6708 6707
f 6688 6689 6709
f 6688 6709 6708
f 6689 6690 6710
f 6689 6710 6709
f 6690 6691 6711
f 6690 6711 6710
f 6691 6692 6712
f 6691 6712 6711
f 6692 6693 6713
f 6692 6713 6712
f 6693 6694 6714
f 6693 6714 6713
f 6694 6675 6695
f 6694 6695 6714
f 6695 6696 6716
f 6695 6716 6715
f 6696 6697 6717
f 6696 6717 6716
f 6697 6698 6718
f 6697 6718 6717
f 6698 6699 6719
f 6698 6719 6718
f 6699 6700 6720
f 6699 6720 6719
f 6700 6701 6721
f 6700 6721 6720
f 6701 6702 6722
f 6701 6722 6721
f 6702 6703 6723
f 6702 6723 6722
f 6703 6704 6724
f 6703 6724 6723
f 6704 6705 6725
f 6704 6725 6724
f 6705 6706 6726
f 6705 6726 6725
f 6706 6707 6727
f 6706 6727 6726
f 6707 6708 6728
f 6707 6728 6727
f 6708 6709 6729
f 6708 6729 6728
f 6709 6710 6730
f 6709 6730 6729
f 6710 6711 6731
f 6710 6731 6730
f 6711 6712 6732
f 6711 6732 6731
f 6712 6713 6733
f 6712 6733 6732
f 6713 6714 6734
f 6713 6734 6733
f 6714 6695 6715
f 6714 6715 6734
f 6715 6716 6736
f 6715 6736 6735
f 6716 6717 6737
f 6716 6737 6736
f 6717 6718 6738
f 6717 6738 6737
f 6718 6719 6739
f 6718 6739 6738
f 6719 6720 6740
f 6719 6740 6739
f 6720 6721 6741
f 6720 6741 6740
f 6721 6722 6742
f 6721 6742 6741
f 6722 6723 6743
f 6722 6743 6742
f 6723 6724 6744
f 6723 6744 6743
f 6724 6725 6745
f 6724 6745 6744
f 6725 6726 6746
f 6725 6746 6745
f 6726 6727 6747
f 6726 6747 6746
f 6727 6728 6748
f 6727 6748 6747
f 6728 6729 6749
f 6728 6749 6748
f 6729 6730 6750
f 6729 6750 6749
f 6730 6731 6751
f 6730 6751 6750
f 6731 6732 6752
f 6731 6752 6751
f 6732 6733 6753
f 6732 6753 6752
f 6733 6734 6754
f 6733 6754 6753
f 6734 6715 6735
f 6734 6735 6754
f 6735 6736 6756
f 6735 6756 6755
f 6736 6737 6757
f 6736 6757 6756
f 6737 6738 6758
f 6737 6758 6757
f 6738 6739 6759
f 6738 6759 6758
f 6739 6740 6760
f 6739 6760 6759
f 6740 6741 6761
f 6740 6761 6760
f 6741 6742 6762
f 6741 6762 6761
f 6742 6743 6763
f 6742 6763 6762
f 6743 6744 6764
f 6743 6764 6763
f 6744 6745 6765
f 6744 6765 6764
f 6745 6746 6766
f 6745 6766 6765
f 6746 6747 6767
f 6746 6767 6766
f 6747 6748 6768
f 6747 6768 6767
f 6748 6749 6769
f 6748 6769 6768
f 6749 6750 6770
f 6749 6770 6769
f 6750 6751 6771
f 6750 6771 6770
f 6751 6752 6772
f 6751 6772 6771
f 6752 6753 6773
f 6752 6773 6772
f 6753 6754 6774
f 6753 6774 6773
f 6754 6735 6755
f 6754 6755 6774
f 6755 6756 6776
f 6755 6776 6775
f 6756 6757 6777
f 6756 6777 6776
f 6757 6758 6778
f 6757 6778 6777
f 6758 6759 6779
f 6758 6779 6778
f 6759 6760 6780
f 6759 6780 6779
f 6760 6761 6781
f 6760 6781 6780
f 6761 6762 6782
f 6761 6782 6781
f 6762 6763 6783
f 6762 6783 6782
f 6763 6764 6784
f 6763 6784 6783
f 6764 6765 6785
f 6764 6785 6784
f 6765 6766 6786
f 6765 6786 6785
f 6766 6767 6787
f 6766 6787 6786
f 6767 6768 6788
f 6767 6788 6787
f 6768 6769 6789
f 6768 6789 6788
f 6769 6770 6790
f 6769 6790 6789
f 6770 6771 6791
f 6770 6791 6790
f 6771 6772 6792
f 6771 6792 6791
f 6772 6773 6793
f 6772 6793 6792
f 6773 6774 6794
f 6773 6794 6793
f 6774 6755 6775
f 6774 6775 6794
o Racket_Frame
g Racket_Frame
usemtl Lux_Cyan
v 1.525000 1.370000 0.000000
v 1.514749 1.370000 0.024749
v 1.490000 1.370000 0.035000
v 1.465251 1.370000 0.024749
v 1.455000 1.370000 0.000000
v 1.465251 1.370000 -0.024749
v 1.490000 1.370000 -0.035000
v 1.514749 1.370000 -0.024749
v 1.519716 1.443159 0.000000
v 1.509662 1.441159 0.024749
v 1.485388 1.436331 0.035000
v 1.461115 1.431502 0.024749
v 1.451061 1.429503 0.000000
v 1.461115 1.431502 -0.024749
v 1.485388 1.436331 -0.035000
v 1.509662 1.441159 -0.024749
v 1.504067 1.513506 0.000000
v 1.494596 1.509583 0.024749
v 1.471731 1.500112 0.035000
v 1.448866 1.490641 0.024749
v 1.439395 1.486718 0.000000
v 1.448866 1.490641 -0.024749
v 1.471731 1.500112 -0.035000
v 1.494596 1.509583 -0.024749
v 1.478654 1.578339 0.000000
v 1.470131 1.572644 0.024749
v 1.449553 1.558894 0.035000
v 1.428975 1.545144 0.024749
v 1.420451 1.539449 0.000000
v 1.428975 1.545144 -0.024749
v 1.449553 1.558894 -0.035000
v 1.470131 1.572644 -0.024749
v 1.444454 1.635165 0.000000
v 1.437206 1.627916 0.024749
v 1.419706 1.610416 0.035000
v 1.402206 1.592916 0.024749
v 1.394957 1.585668 0.000000
v 1.402206 1.592916 -0.024749
v 1.419706 1.610416 -0.035000
v 1.437206 1.627916 -0.024749
v 1.402782 1.681801 0.000000
v 1.397087 1.673277 0.024749
v 1.383337 1.652700 0.035000
v 1.369587 1.632122 0.024749
v 1.363892 1.623598 0.000000
v 1.369587 1.632122 -0.024749
v 1.383337 1.652700 -0.035000
v 1.397087 1.673277 -0.024749
v 1.355238 1.716455 0.000000
v 1.351315 1.706984 0.024749
v 1.341844 1.684119 0.035000
v 1.332373 1.661254 0.024749
v 1.328450 1.651783 0.000000
v 1.332373 1.661254 -0.024749
v 1.341844 1.684119 -0.035000
v 1.351315 1.706984 -0.024749
v 1.303650 1.737794 0.000000
v 1.301650 1.727740 0.024749
v 1.296822 1.703467 0.035000
v 1.291993 1.679194 0.024749
v 1.289994 1.669140 0.000000
v 1.291993 1.679194 -0.024749
v 1.296822 1.703467 -0.035000
v 1.301650 1.727740 -0.024749
v 1.250000 1.745000 0.000000
v 1.250000 1.734749 0.024749
v 1.250000 1.710000 0.035000
v 1.250000 1.685251 0.024749
v 1.250000 1.675000 0.000000
v 1.250000 1.685251 -0.024749
v 1.250000 1.710000 -0.035000
v 1.250000 1.734749 -0.024749
v 1.196350 1.737794 0.000000
v 1.198350 1.727740 0.024749
v 1.203178 1.703467 0.035000
v 1.208007 1.679194 0.024749
v 1.210006 1.669140 0.000000
v 1.208007 1.679194 -0.024749
v 1.203178 1.703467 -0.035000
v 1.198350 1.727740 -0.024749
v 1.144762 1.716455 0.000000
v 1.148685 1.706984 0.024749
v 1.158156 1.684119 0.035000
v 1.167627 1.661254 0.024749
v 1.171550 1.651783 0.000000
v 1.167627 1.661254 -0.024749
v 1.158156 1.684119 -0.035000
v 1.148685 1.706984 -0.024749
v 1.097218 1.681801 0.000000
v 1.102913 1.673277 0.024749
v 1.116663 1.652700 0.035000
v 1.130413 1.632122 0.024749
v 1.136108 1.623598 0.000000
v 1.130413 1.632122 -0.024749
v 1.116663 1.652700 -0.035000
v 1.102913 1.673277 -0.024749
v 1.055546 1.635165 0.000000
v 1.062794 1.627916 0.024749
v 1.080294 1.610416 0.035000
v 1.097794 1.592916 0.024749
v 1.105043 1.585668 0.000000
v 1.097794 1.592916 -0.024749
v 1.080294 1.610416 -0.035000
v 1.062794 1.627916 -0.024749
v 1.021346 1.578339 0.000000
v 1.029869 1.572644 0.024749
v 1.050447 1.558894 0.035000
v 1.071025 1.545144 0.024749
v 1.079549 1.539449 0.000000
v 1.071025 1.545144 -0.024749
v 1.050447 1.558894 -0.035000
v 1.029869 1.572644 -0.024749
v 0.995933 1.513506 0.000000
v 1.005404 1.509583 0.024749
v 1.028269 1.500112 0.035000
v 1.051134 1.490641 0.024749
v 1.060605 1.486718 0.000000
v 1.051134 1.490641 -0.024749
v 1.028269 1.500112 -0.035000
v 1.005404 1.509583 -0.024749
v 0.980284 1.443159 0.000000
v 0.990338 1.441159 0.024749
v 1.014612 1.436331 0.035000
v 1.038885 1.431502 0.024749
v 1.048939 1.429503 0.000000
v 1.038885 1.431502 -0.024749
v 1.014612 1.436331 -0.035000
v 0.990338 1.441159 -0.024749
v 0.975000 1.370000 0.000000
v 0.985251 1.370000 0.024749
v 1.010000 1.370000 0.035000
v 1.034749 1.370000 0.024749
v 1.045000 1.370000 0.000000
v 1.034749 1.370000 -0.024749
v 1.010000 1.370000 -0.035000
v 0.985251 1.370000 -0.024749
v 0.980284 1.296841 0.000000
v 0.990338 1.298841 0.024749
v 1.014612 1.303669 0.035000
v 1.038885 1.308498 0.024749
v 1.048939 1.310497 0.000000
v 1.038885 1.308498 -0.024749
v 1.014612 1.303669 -0.035000
v 0.990338 1.298841 -0.024749
v 0.995933 1.226494 0.000000
v 1.005404 1.230417 0.024749
v 1.028269 1.239888 0.035000
v 1.051134 1.249359 0.024749
v 1.060605 1.253282 0.000000
v 1.051134 1.249359 -0.024749
v 1.028269 1.239888 -0.035000
v 1.005404 1.230417 -0.024749
v 1.021346 1.161661 0.000000
v 1.029869 1.167356 0.024749
v 1.050447 1.181106 0.035000
v 1.071025 1.194856 0.024749
v 1.079549 1.200551 0.000000
v 1.071025 1.194856 -0.024749
v 1.050447 1.181106 -0.035000
v 1.029869 1.167356 -0.024749
v 1.055546 1.104835 0.000000
v 1.062794 1.112084 0.024749
v 1.080294 1.129584 0.035000
v 1.097794 1.147084 0.024749
v 1.105043 1.154332 0.000000
v 1.097794 1.147084 -0.024749
v 1.080294 1.129584 -0.035000
v 1.062794 1.112084 -0.024749
v 1.097218 1.058199 0.000000
v 1.102913 1.066723 0.024749
v 1.116663 1.087300 0.035000
v 1.130413 1.107878 0.024749
v 1.136108 1.116402 0.000000
v 1.130413 1.107878 -0.024749
v 1.116663 1.087300 -0.035000
v 1.102913 1.066723 -0.024749
v 1.144762 1.023545 0.000000
v 1.148685 1.033016 0.024749
v 1.158156 1.055881 0.035000
v 1.167627 1.078746 0.024749
v 1.171550 1.088217 0.000000
v 1.167627 1.078746 -0.024749
v 1.158156 1.055881 -0.035000
v 1.148685 1.033016 -0.024749
v 1.196350 1.002206 0.000000
v 1.198350 1.012260 0.024749
v 1.203178 1.036533 0.035000
v 1.208007 1.060806 0.024749
v 1.210006 1.070860 0.000000
v 1.208007 1.060806 -0.024749
v 1.203178 1.036533 -0.035000
v 1.198350 1.012260 -0.024749
v 1.250000 0.995000 0.000000
v 1.250000 1.005251 0.024749
v 1.250000 1.030000 0.035000
v 1.250000 1.054749 0.024749
v 1.250000 1.065000 0.000000
v 1.250000 1.054749 -0.024749
v 1.250000 1.030000 -0.035000
v 1.250000 1.005251 -0.024749
v 1.303650 1.002206 0.000000
v 1.301650 1.012260 0.024749
v 1.296822 1.036533 0.035000
v 1.291993 1.060806 0.024749
v 1.289994 1.070860 0.000000
v 1.291993 1.060806 -0.024749
v 1.296822 1.036533 -0.035000
v 1.301650 1.012260 -0.024749
v 1.355238 1.023545 0.000000
v 1.351315 1.033016 0.024749
v 1.341844 1.055881 0.035000
v 1.332373 1.078746 0.024749
v 1.328450 1.088217 0.000000
v 1.332373 1.078746 -0.024749
v 1.341844 1.055881 -0.035000
v 1.351315 1.033016 -0.024749
v 1.402782 1.058199 0.000000
v 1.397087 1.066723 0.024749
v 1.383337 1.087300 0.035000
v 1.369587 1.107878 0.024749
v 1.363892 1.116402 0.000000
v 1.369587 1.107878 -0.024749
v 1.383337 1.087300 -0.035000
v 1.397087 1.066723 -0.024749
v 1.444454 1.104835 0.000000
v 1.437206 1.112084 0.024749
v 1.419706 1.129584 0.035000
v 1.402206 1.147084 0.024749
v 1.394957 1.154332 0.000000
v 1.402206 1.147084 -0.024749
v 1.419706 1.129584 -0.035000
v 1.437206 1.112084 -0.024749
v 1.478654 1.161661 0.000000
v 1.470131 1.167356 0.024749
v 1.449553 1.181106 0.035000
v 1.428975 1.194856 0.024749
v 1.420451 1.200551 0.000000
v 1.428975 1.194856 -0.024749
v 1.449553 1.181106 -0.035000
v 1.470131 1.167356 -0.024749
v 1.504067 1.226494 0.000000
v 1.494596 1.230417 0.024749
v 1.471731 1.239888 0.035000
v 1.448866 1.249359 0.024749
v 1.439395 1.253282 0.000000
v 1.448866 1.249359 -0.024749
v 1.471731 1.239888 -0.035000
v 1.494596 1.230417 -0.024749
v 1.519716 1.296841 0.000000
v 1.509662 1.298841 0.024749
v 1.485388 1.303669 0.035000
v 1.461115 1.308498 0.024749
v 1.451061 1.310497 0.000000
v 1.461115 1.308498 -0.024749
v 1.485388 1.303669 -0.035000
v 1.509662 1.298841 -0.024749
f 6795 6803 6804
f 6795 6804 6796
f 6796 6804 6805
f 6796 6805 6797
f 6797 6805 6806
f 6797 6806 6798
f 6798 6806 6807
f 6798 6807 6799
f 6799 6807 6808
f 6799 6808 6800
f 6800 6808 6809
f 6800 6809 6801
f 6801 6809 6810
f 6801 6810 6802
f 6802 6810 6803
f 6802 6803 6795
f 6803 6811 6812
f 6803 6812 6804
f 6804 6812 6813
f 6804 6813 6805
f 6805 6813 6814
f 6805 6814 6806
f 6806 6814 6815
f 6806 6815 6807
f 6807 6815 6816
f 6807 6816 6808
f 6808 6816 6817
f 6808 6817 6809
f 6809 6817 6818
f 6809 6818 6810
f 6810 6818 6811
f 6810 6811 6803
f 6811 6819 6820
f 6811 6820 6812
f 6812 6820 6821
f 6812 6821 6813
f 6813 6821 6822
f 6813 6822 6814
f 6814 6822 6823
f 6814 6823 6815
f 6815 6823 6824
f 6815 6824 6816
f 6816 6824 6825
f 6816 6825 6817
f 6817 6825 6826
f 6817 6826 6818
f 6818 6826 6819
f 6818 6819 6811
f 6819 6827 6828
f 6819 6828 6820
f 6820 6828 6829
f 6820 6829 6821
f 6821 6829 6830
f 6821 6830 6822
f 6822 6830 6831
f 6822 6831 6823
f 6823 6831 6832
f 6823 6832 6824
f 6824 6832 6833
f 6824 6833 6825
f 6825 6833 6834
f 6825 6834 6826
f 6826 6834 6827
f 6826 6827 6819
f 6827 6835 6836
f 6827 6836 6828
f 6828 6836 6837
f 6828 6837 6829
f 6829 6837 6838
f 6829 6838 6830
f 6830 6838 6839
f 6830 6839 6831
f 6831 6839 6840
f 6831 6840 6832
f 6832 6840 6841
f 6832 6841 6833
f 6833 6841 6842
f 6833 6842 6834
f 6834 6842 6835
f 6834 6835 6827
f 6835 6843 6844
f 6835 6844 6836
f 6836 6844 6845
f 6836 6845 6837
f 6837 6845 6846
f 6837 6846 6838
f 6838 6846 6847
f 6838 6847 6839
f 6839 6847 6848
f 6839 6848 6840
f 6840 6848 6849
f 6840 6849 6841
f 6841 6849 6850
f 6841 6850 6842
f 6842 6850 6843
f 6842 6843 6835
f 6843 6851 6852
f 6843 6852 6844
f 6844 6852 6853
f 6844 6853 6845
f 6845 6853 6854
f 6845 6854 6846
f 6846 6854 6855
f 6846 6855 6847
f 6847 6855 6856
f 6847 6856 6848
f 6848 6856 6857
f 6848 6857 6849
f 6849 6857 6858
f 6849 6858 6850
f 6850 6858 6851
f 6850 6851 6843
f 6851 6859 6860
f 6851 6860 6852
f 6852 6860 6861
f 6852 6861 6853
f 6853 6861 6862
f 6853 6862 6854
f 6854 6862 6863
f 6854 6863 6855
f 6855 6863 6864
f 6855 6864 6856
f 6856 6864 6865
f 6856 6865 6857
f 6857 6865 6866
f 6857 6866 6858
f 6858 6866 6859
f 6858 6859 6851
f 6859 6867 6868
f 6859 6868 6860
f 6860 6868 6869
f 6860 6869 6861
f 6861 6869 6870
f 6861 6870 6862
f 6862 6870 6871
f 6862 6871 6863
f 6863 6871 6872
f 6863 6872 6864
f 6864 6872 6873
f 6864 6873 6865
f 6865 6873 6874
f 6865 6874 6866
f 6866 6874 6867
f 6866 6867 6859
f 6867 6875 6876
f 6867 6876 6868
f 6868 6876 6877
f 6868 6877 6869
f 6869 6877 6878
f 6869 6878 6870
f 6870 6878 6879
f 6870 6879 6871
f 6871 6879 6880
f 6871 6880 6872
f 6872 6880 6881
f 6872 6881 6873
f 6873 6881 6882
f 6873 6882 6874
f 6874 6882 6875
f 6874 6875 6867
f 6875 6883 6884
f 6875 6884 6876
f 6876 6884 6885
f 6876 6885 6877
f 6877 6885 6886
f 6877 6886 6878
f 6878 6886 6887
f 6878 6887 6879
f 6879 6887 6888
f 6879 6888 6880
f 6880 6888 6889
f 6880 6889 6881
f 6881 6889 6890
f 6881 6890 6882
f 6882 6890 6883
f 6882 6883 6875
f 6883 6891 6892
f 6883 6892 6884
f 6884 6892 6893
f 6884 6893 6885
f 6885 6893 6894
f 6885 6894 6886
f 6886 6894 6895
f 6886 6895 6887
f 6887 6895 6896
f 6887 6896 6888
f 6888 6896 6897
f 6888 6897 6889
f 6889 6897 6898
f 6889 6898 6890
f 6890 6898 6891
f 6890 6891 6883
f 6891 6899 6900
f 6891 6900 6892
f 6892 6900 6901
f 6892 6901 6893
f 6893 6901 6902
f 6893 6902 6894
f 6894 6902 6903
f 6894 6903 6895
f 6895 6903 6904
f 6895 6904 6896
f 6896 6904 6905
f 6896 6905 6897
f 6897 6905 6906
f 6897 6906 6898
f 6898 6906 6899
f 6898 6899 6891
f 6899 6907 6908
f 6899 6908 6900
f 6900 6908 6909
f 6900 6909 6901
f 6901 6909 6910
f 6901 6910 6902
f 6902 6910 6911
f 6902 6911 6903
f 6903 6911 6912
f 6903 6912 6904
f 6904 6912 6913
f 6904 6913 6905
f 6905 6913 6914
f 6905 6914 6906
f 6906 6914 6907
f 6906 6907 6899
f 6907 6915 6916
f 6907 6916 6908
f 6908 6916 6917
f 6908 6917 6909
f 6909 6917 6918
f 6909 6918 6910
f 6910 6918 6919
f 6910 6919 6911
f 6911 6919 6920
f 6911 6920 6912
f 6912 6920 6921
f 6912 6921 6913
f 6913 6921 6922
f 6913 6922 6914
f 6914 6922 6915
f 6914 6915 6907
f 6915 6923 6924
f 6915 6924 6916
f 6916 6924 6925
f 6916 6925 6917
f 6917 6925 6926
f 6917 6926 6918
f 6918 6926 6927
f 6918 6927 6919
f 6919 6927 6928
f 6919 6928 6920
f 6920 6928 6929
f 6920 6929 6921
f 6921 6929 6930
f 6921 6930 6922
f 6922 6930 6923
f 6922 6923 6915
f 6923 6931 6932
f 6923 6932 6924
f 6924 6932 6933
f 6924 6933 6925
f 6925 6933 6934
f 6925 6934 6926
f 6926 6934 6935
f 6926 6935 6927
f 6927 6935 6936
f 6927 6936 6928
f 6928 6936 6937
f 6928 6937 6929
f 6929 6937 6938
f 6929 6938 6930
f 6930 6938 6931
f 6930 6931 6923
f 6931 6939 6940
f 6931 6940 6932
f 6932 6940 6941
f 6932 6941 6933
f 6933 6941 6942
f 6933 6942 6934
f 6934 6942 6943
f 6934 6943 6935
f 6935 6943 6944
f 6935 6944 6936
f 6936 6944 6945
f 6936 6945 6937
f 6937 6945 6946
f 6937 6946 6938
f 6938 6946 6939
f 6938 6939 6931
f 6939 6947 6948
f 6939 6948 6940
f 6940 6948 6949
f 6940 6949 6941
f 6941 6949 6950
f 6941 6950 6942
f 6942 6950 6951
f 6942 6951 6943
f 6943 6951 6952
f 6943 6952 6944
f 6944 6952 6953
f 6944 6953 6945
f 6945 6953 6954
f 6945 6954 6946
f 6946 6954 6947
f 6946 6947 6939
f 6947 6955 6956
f 6947 6956 6948
f 6948 6956 6957
f 6948 6957 6949
f 6949 6957 6958
f 6949 6958 6950
f 6950 6958 6959
f 6950 6959 6951
f 6951 6959 6960
f 6951 6960 6952
f 6952 6960 6961
f 6952 6961 6953
f 6953 6961 6962
f 6953 6962 6954
f 6954 6962 6955
f 6954 6955 6947
f 6955 6963 6964
f 6955 6964 6956
f 6956 6964 6965
f 6956 6965 6957
f 6957 6965 6966
f 6957 6966 6958
f 6958 6966 6967
f 6958 6967 6959
f 6959 6967 6968
f 6959 6968 6960
f 6960 6968 6969
f 6960 6969 6961
f 6961 6969 6970
f 6961 6970 6962
f 6962 6970 6963
f 6962 6963 6955
f 6963 6971 6972
f 6963 6972 6964
f 6964 6972 6973
f 6964 6973 6965
f 6965 6973 6974
f 6965 6974 6966
f 6966 6974 6975
f 6966 6975 6967
f 6967 6975 6976
f 6967 6976 6968
f 6968 6976 6977
f 6968 6977 6969
f 6969 6977 6978
f 6969 6978 6970
f 6970 6978 6971
f 6970 6971 6963
f 6971 6979 6980
f 6971 6980 6972
f 6972 6980 6981
f 6972 6981 6973
f 6973 6981 6982
f 6973 6982 6974
f 6974 6982 6983
f 6974 6983 6975
f 6975 6983 6984
f 6975 6984 6976
f 6976 6984 6985
f 6976 6985 6977
f 6977 6985 6986
f 6977 6986 6978
f 6978 6986 6979
f 6978 6979 6971
f 6979 6987 6988
f 6979 6988 6980
f 6980 6988 6989
f 6980 6989 6981
f 6981 6989 6990
f 6981 6990 6982
f 6982 6990 6991
f 6982 6991 6983
f 6983 6991 6992
f 6983 6992 6984
f 6984 6992 6993
f 6984 6993 6985
f 6985 6993 6994
f 6985 6994 6986
f 6986 6994 6987
f 6986 6987 6979
f 6987 6995 6996
f 6987 6996 6988
f 6988 6996 6997
f 6988 6997 6989
f 6989 6997 6998
f 6989 6998 6990
f 6990 6998 6999
f 6990 6999 6991
f 6991 6999 7000
f 6991 7000 6992
f 6992 7000 7001
f 6992 7001 6993
f 6993 7001 7002
f 6993 7002 6994
f 6994 7002 6995
f 6994 6995 6987
f 6995 7003 7004
f 6995 7004 6996
f 6996 7004 7005
f 6996 7005 6997
f 6997 7005 7006
f 6997 7006 6998
f 6998 7006 7007
f 6998 7007 6999
f 6999 7007 7008
f 6999 7008 7000
f 7000 7008 7009
f 7000 7009 7001
f 7001 7009 7010
f 7001 7010 7002
f 7002 7010 7003
f 7002 7003 6995
f 7003 7011 7012
f 7003 7012 7004
f 7004 7012 7013
f 7004 7013 7005
f 7005 7013 7014
f 7005 7014 7006
f 7006 7014 7015
f 7006 7015 7007
f 7007 7015 7016
f 7007 7016 7008
f 7008 7016 7017
f 7008 7017 7009
f 7009 7017 7018
f 7009 7018 7010
f 7010 7018 7011
f 7010 7011 7003
f 7011 7019 7020
f 7011 7020 7012
f 7012 7020 7021
f 7012 7021 7013
f 7013 7021 7022
f 7013 7022 7014
f 7014 7022 7023
f 7014 7023 7015
f 7015 7023 7024
f 7015 7024 7016
f 7016 7024 7025
f 7016 7025 7017
f 7017 7025 7026
f 7017 7026 7018
f 7018 7026 7019
f 7018 7019 7011
f 7019 7027 7028
f 7019 7028 7020
f 7020 7028 7029
f 7020 7029 7021
f 7021 7029 7030
f 7021 7030 7022
f 7022 7030 7031
f 7022 7031 7023
f 7023 7031 7032
f 7023 7032 7024
f 7024 7032 7033
f 7024 7033 7025
f 7025 7033 7034
f 7025 7034 7026
f 7026 7034 7027
f 7026 7027 7019
f 7027 7035 7036
f 7027 7036 7028
f 7028 7036 7037
f 7028 7037 7029
f 7029 7037 7038
f 7029 7038 7030
f 7030 7038 7039
f 7030 7039 7031
f 7031 7039 7040
f 7031 7040 7032
f 7032 7040 7041
f 7032 7041 7033
f 7033 7041 7042
f 7033 7042 7034
f 7034 7042 7035
f 7034 7035 7027
f 7035 7043 7044
f 7035 7044 7036
f 7036 7044 7045
f 7036 7045 7037
f 7037 7045 7046
f 7037 7046 7038
f 7038 7046 7047
f 7038 7047 7039
f 7039 7047 7048
f 7039 7048 7040
f 7040 7048 7049
f 7040 7049 7041
f 7041 7049 7050
f 7041 7050 7042
f 7042 7050 7043
f 7042 7043 7035
f 7043 6795 6796
f 7043 6796 7044
f 7044 6796 6797
f 7044 6797 7045
f 7045 6797 6798
f 7045 6798 7046
f 7046 6798 6799
f 7046 6799 7047
f 7047 6799 6800
f 7047 6800 7048
f 7048 6800 6801
f 7048 6801 7049
f 7049 6801 6802
f 7049 6802 7050
f 7050 6802 6795
f 7050 6795 7043
o Racket_Handle
g Racket_Handle
usemtl Grip_Black
v 1.250000 0.480000 0.000000
v 1.250000 1.050000 0.000000
v 1.250000 0.480000 -0.038000
v 1.231000 0.480000 -0.032909
v 1.217091 0.480000 -0.019000
v 1.212000 0.480000 -0.000000
v 1.217091 0.480000 0.019000
v 1.231000 0.480000 0.032909
v 1.250000 0.480000 0.038000
v 1.269000 0.480000 0.032909
v 1.282909 0.480000 0.019000
v 1.288000 0.480000 0.000000
v 1.282909 0.480000 -0.019000
v 1.269000 0.480000 -0.032909
v 1.250000 1.050000 -0.048000
v 1.226000 1.050000 -0.041569
v 1.208431 1.050000 -0.024000
v 1.202000 1.050000 -0.000000
v 1.208431 1.050000 0.024000
v 1.226000 1.050000 0.041569
v 1.250000 1.050000 0.048000
v 1.274000 1.050000 0.041569
v 1.291569 1.050000 0.024000
v 1.298000 1.050000 0.000000
v 1.291569 1.050000 -0.024000
v 1.274000 1.050000 -0.041569
f 7053 7054 7066
f 7053 7066 7065
f 7051 7054 7053
f 7052 7065 7066
f 7054 7055 7067
f 7054 7067 7066
f 7051 7055 7054
f 7052 7066 7067
f 7055 7056 7068
f 7055 7068 7067
f 7051 7056 7055
f 7052 7067 7068
f 7056 7057 7069
f 7056 7069 7068
f 7051 7057 7056
f 7052 7068 7069
f 7057 7058 7070
f 7057 7070 7069
f 7051 7058 7057
f 7052 7069 7070
f 7058 7059 7071
f 7058 7071 7070
f 7051 7059 7058
f 7052 7070 7071
f 7059 7060 7072
f 7059 7072 7071
f 7051 7060 7059
f 7052 7071 7072
f 7060 7061 7073
f 7060 7073 7072
f 7051 7061 7060
f 7052 7072 7073
f 7061 7062 7074
f 7061 7074 7073
f 7051 7062 7061
f 7052 7073 7074
f 7062 7063 7075
f 7062 7075 7074
f 7051 7063 7062
f 7052 7074 7075
f 7063 7064 7076
f 7063 7076 7075
f 7051 7064 7063
f 7052 7075 7076
f 7064 7053 7065
f 7064 7065 7076
f 7051 7053 7064
f 7052 7076 7065
o Racket_Throat_Left
g Racket_Throat_Left
usemtl Hot_Pink
v 1.250000 1.050000 0.000000
v 1.100000 1.160000 0.000000
v 1.250000 1.050000 -0.027000
v 1.240615 1.037202 -0.021843
v 1.234815 1.029293 -0.008343
v 1.234815 1.029293 0.008343
v 1.240615 1.037202 0.021843
v 1.250000 1.050000 0.027000
v 1.259385 1.062798 0.021843
v 1.265185 1.070707 0.008343
v 1.265185 1.070707 -0.008343
v 1.259385 1.062798 -0.021843
v 1.100000 1.160000 -0.025000
v 1.091310 1.148150 -0.020225
v 1.085939 1.140827 -0.007725
v 1.085939 1.140827 0.007725
v 1.091310 1.148150 0.020225
v 1.100000 1.160000 0.025000
v 1.108690 1.171850 0.020225
v 1.114061 1.179173 0.007725
v 1.114061 1.179173 -0.007725
v 1.108690 1.171850 -0.020225
f 7079 7080 7090
f 7079 7090 7089
f 7077 7080 7079
f 7078 7089 7090
f 7080 7081 7091
f 7080 7091 7090
f 7077 7081 7080
f 7078 7090 7091
f 7081 7082 7092
f 7081 7092 7091
f 7077 7082 7081
f 7078 7091 7092
f 7082 7083 7093
f 7082 7093 7092
f 7077 7083 7082
f 7078 7092 7093
f 7083 7084 7094
f 7083 7094 7093
f 7077 7084 7083
f 7078 7093 7094
f 7084 7085 7095
f 7084 7095 7094
f 7077 7085 7084
f 7078 7094 7095
f 7085 7086 7096
f 7085 7096 7095
f 7077 7086 7085
f 7078 7095 7096
f 7086 7087 7097
f 7086 7097 7096
f 7077 7087 7086
f 7078 7096 7097
f 7087 7088 7098
f 7087 7098 7097
f 7077 7088 7087
f 7078 7097 7098
f 7088 7079 7089
f 7088 7089 7098
f 7077 7079 7088
f 7078 7098 7089
o Racket_Throat_Right
g Racket_Throat_Right
usemtl Hot_Pink
v 1.250000 1.050000 0.000000
v 1.400000 1.160000 0.000000
v 1.250000 1.050000 0.027000
v 1.259385 1.037202 0.021843
v 1.265185 1.029293 0.008343
v 1.265185 1.029293 -0.008343
v 1.259385 1.037202 -0.021843
v 1.250000 1.050000 -0.027000
v 1.240615 1.062798 -0.021843
v 1.234815 1.070707 -0.008343
v 1.234815 1.070707 0.008343
v 1.240615 1.062798 0.021843
v 1.400000 1.160000 0.025000
v 1.408690 1.148150 0.020225
v 1.414061 1.140827 0.007725
v 1.414061 1.140827 -0.007725
v 1.408690 1.148150 -0.020225
v 1.400000 1.160000 -0.025000
v 1.391310 1.171850 -0.020225
v 1.385939 1.179173 -0.007725
v 1.385939 1.179173 0.007725
v 1.391310 1.171850 0.020225
f 7101 7102 7112
f 7101 7112 7111
f 7099 7102 7101
f 7100 7111 7112
f 7102 7103 7113
f 7102 7113 7112
f 7099 7103 7102
f 7100 7112 7113
f 7103 7104 7114
f 7103 7114 7113
f 7099 7104 7103
f 7100 7113 7114
f 7104 7105 7115
f 7104 7115 7114
f 7099 7105 7104
f 7100 7114 7115
f 7105 7106 7116
f 7105 7116 7115
f 7099 7106 7105
f 7100 7115 7116
f 7106 7107 7117
f 7106 7117 7116
f 7099 7107 7106
f 7100 7116 7117
f 7107 7108 7118
f 7107 7118 7117
f 7099 7108 7107
f 7100 7117 7118
f 7108 7109 7119
f 7108 7119 7118
f 7099 7109 7108
f 7100 7118 7119
f 7109 7110 7120
f 7109 7120 7119
f 7099 7110 7109
f 7100 7119 7120
f 7110 7101 7111
f 7110 7111 7120
f 7099 7101 7110
f 7100 7120 7111
o Racket_String_V_0
g Racket_String_V_0
usemtl Deep_Navy
v 1.070000 1.164954 0.000000
v 1.070000 1.575046 0.000000
v 1.070000 1.164954 -0.004000
v 1.066536 1.164954 -0.002000
v 1.066536 1.164954 0.002000
v 1.070000 1.164954 0.004000
v 1.073464 1.164954 0.002000
v 1.073464 1.164954 -0.002000
v 1.070000 1.575046 -0.004000
v 1.066536 1.575046 -0.002000
v 1.066536 1.575046 0.002000
v 1.070000 1.575046 0.004000
v 1.073464 1.575046 0.002000
v 1.073464 1.575046 -0.002000
f 7123 7124 7130
f 7123 7130 7129
f 7121 7124 7123
f 7122 7129 7130
f 7124 7125 7131
f 7124 7131 7130
f 7121 7125 7124
f 7122 7130 7131
f 7125 7126 7132
f 7125 7132 7131
f 7121 7126 7125
f 7122 7131 7132
f 7126 7127 7133
f 7126 7133 7132
f 7121 7127 7126
f 7122 7132 7133
f 7127 7128 7134
f 7127 7134 7133
f 7121 7128 7127
f 7122 7133 7134
f 7128 7123 7129
f 7128 7129 7134
f 7121 7123 7128
f 7122 7134 7129
o Racket_String_V_1
g Racket_String_V_1
usemtl Deep_Navy
v 1.115000 1.113693 0.000000
v 1.115000 1.626307 0.000000
v 1.115000 1.113693 -0.004000
v 1.111536 1.113693 -0.002000
v 1.111536 1.113693 0.002000
v 1.115000 1.113693 0.004000
v 1.118464 1.113693 0.002000
v 1.118464 1.113693 -0.002000
v 1.115000 1.626307 -0.004000
v 1.111536 1.626307 -0.002000
v 1.111536 1.626307 0.002000
v 1.115000 1.626307 0.004000
v 1.118464 1.626307 0.002000
v 1.118464 1.626307 -0.002000
f 7137 7138 7144
f 7137 7144 7143
f 7135 7138 7137
f 7136 7143 7144
f 7138 7139 7145
f 7138 7145 7144
f 7135 7139 7138
f 7136 7144 7145
f 7139 7140 7146
f 7139 7146 7145
f 7135 7140 7139
f 7136 7145 7146
f 7140 7141 7147
f 7140 7147 7146
f 7135 7141 7140
f 7136 7146 7147
f 7141 7142 7148
f 7141 7148 7147
f 7135 7142 7141
f 7136 7147 7148
f 7142 7137 7143
f 7142 7143 7148
f 7135 7137 7142
f 7136 7148 7143
o Racket_String_V_2
g Racket_String_V_2
usemtl Deep_Navy
v 1.160000 1.082622 0.000000
v 1.160000 1.657378 0.000000
v 1.160000 1.082622 -0.004000
v 1.156536 1.082622 -0.002000
v 1.156536 1.082622 0.002000
v 1.160000 1.082622 0.004000
v 1.163464 1.082622 0.002000
v 1.163464 1.082622 -0.002000
v 1.160000 1.657378 -0.004000
v 1.156536 1.657378 -0.002000
v 1.156536 1.657378 0.002000
v 1.160000 1.657378 0.004000
v 1.163464 1.657378 0.002000
v 1.163464 1.657378 -0.002000
f 7151 7152 7158
f 7151 7158 7157
f 7149 7152 7151
f 7150 7157 7158
f 7152 7153 7159
f 7152 7159 7158
f 7149 7153 7152
f 7150 7158 7159
f 7153 7154 7160
f 7153 7160 7159
f 7149 7154 7153
f 7150 7159 7160
f 7154 7155 7161
f 7154 7161 7160
f 7149 7155 7154
f 7150 7160 7161
f 7155 7156 7162
f 7155 7162 7161
f 7149 7156 7155
f 7150 7161 7162
f 7156 7151 7157
f 7156 7157 7162
f 7149 7151 7156
f 7150 7162 7157
o Racket_String_V_3
g Racket_String_V_3
usemtl Deep_Navy
v 1.205000 1.065498 0.000000
v 1.205000 1.674502 0.000000
v 1.205000 1.065498 -0.004000
v 1.201536 1.065498 -0.002000
v 1.201536 1.065498 0.002000
v 1.205000 1.065498 0.004000
v 1.208464 1.065498 0.002000
v 1.208464 1.065498 -0.002000
v 1.205000 1.674502 -0.004000
v 1.201536 1.674502 -0.002000
v 1.201536 1.674502 0.002000
v 1.205000 1.674502 0.004000
v 1.208464 1.674502 0.002000
v 1.208464 1.674502 -0.002000
f 7165 7166 7172
f 7165 7172 7171
f 7163 7166 7165
f 7164 7171 7172
f 7166 7167 7173
f 7166 7173 7172
f 7163 7167 7166
f 7164 7172 7173
f 7167 7168 7174
f 7167 7174 7173
f 7163 7168 7167
f 7164 7173 7174
f 7168 7169 7175
f 7168 7175 7174
f 7163 7169 7168
f 7164 7174 7175
f 7169 7170 7176
f 7169 7176 7175
f 7163 7170 7169
f 7164 7175 7176
f 7170 7165 7171
f 7170 7171 7176
f 7163 7165 7170
f 7164 7176 7171
o Racket_String_V_4
g Racket_String_V_4
usemtl Deep_Navy
v 1.250000 1.060000 0.000000
v 1.250000 1.680000 0.000000
v 1.250000 1.060000 -0.004000
v 1.246536 1.060000 -0.002000
v 1.246536 1.060000 0.002000
v 1.250000 1.060000 0.004000
v 1.253464 1.060000 0.002000
v 1.253464 1.060000 -0.002000
v 1.250000 1.680000 -0.004000
v 1.246536 1.680000 -0.002000
v 1.246536 1.680000 0.002000
v 1.250000 1.680000 0.004000
v 1.253464 1.680000 0.002000
v 1.253464 1.680000 -0.002000
f 7179 7180 7186
f 7179 7186 7185
f 7177 7180 7179
f 7178 7185 7186
f 7180 7181 7187
f 7180 7187 7186
f 7177 7181 7180
f 7178 7186 7187
f 7181 7182 7188
f 7181 7188 7187
f 7177 7182 7181
f 7178 7187 7188
f 7182 7183 7189
f 7182 7189 7188
f 7177 7183 7182
f 7178 7188 7189
f 7183 7184 7190
f 7183 7190 7189
f 7177 7184 7183
f 7178 7189 7190
f 7184 7179 7185
f 7184 7185 7190
f 7177 7179 7184
f 7178 7190 7185
o Racket_String_V_5
g Racket_String_V_5
usemtl Deep_Navy
v 1.295000 1.065498 0.000000
v 1.295000 1.674502 0.000000
v 1.295000 1.065498 -0.004000
v 1.291536 1.065498 -0.002000
v 1.291536 1.065498 0.002000
v 1.295000 1.065498 0.004000
v 1.298464 1.065498 0.002000
v 1.298464 1.065498 -0.002000
v 1.295000 1.674502 -0.004000
v 1.291536 1.674502 -0.002000
v 1.291536 1.674502 0.002000
v 1.295000 1.674502 0.004000
v 1.298464 1.674502 0.002000
v 1.298464 1.674502 -0.002000
f 7193 7194 7200
f 7193 7200 7199
f 7191 7194 7193
f 7192 7199 7200
f 7194 7195 7201
f 7194 7201 7200
f 7191 7195 7194
f 7192 7200 7201
f 7195 7196 7202
f 7195 7202 7201
f 7191 7196 7195
f 7192 7201 7202
f 7196 7197 7203
f 7196 7203 7202
f 7191 7197 7196
f 7192 7202 7203
f 7197 7198 7204
f 7197 7204 7203
f 7191 7198 7197
f 7192 7203 7204
f 7198 7193 7199
f 7198 7199 7204
f 7191 7193 7198
f 7192 7204 7199
o Racket_String_V_6
g Racket_String_V_6
usemtl Deep_Navy
v 1.340000 1.082622 0.000000
v 1.340000 1.657378 0.000000
v 1.340000 1.082622 -0.004000
v 1.336536 1.082622 -0.002000
v 1.336536 1.082622 0.002000
v 1.340000 1.082622 0.004000
v 1.343464 1.082622 0.002000
v 1.343464 1.082622 -0.002000
v 1.340000 1.657378 -0.004000
v 1.336536 1.657378 -0.002000
v 1.336536 1.657378 0.002000
v 1.340000 1.657378 0.004000
v 1.343464 1.657378 0.002000
v 1.343464 1.657378 -0.002000
f 7207 7208 7214
f 7207 7214 7213
f 7205 7208 7207
f 7206 7213 7214
f 7208 7209 7215
f 7208 7215 7214
f 7205 7209 7208
f 7206 7214 7215
f 7209 7210 7216
f 7209 7216 7215
f 7205 7210 7209
f 7206 7215 7216
f 7210 7211 7217
f 7210 7217 7216
f 7205 7211 7210
f 7206 7216 7217
f 7211 7212 7218
f 7211 7218 7217
f 7205 7212 7211
f 7206 7217 7218
f 7212 7207 7213
f 7212 7213 7218
f 7205 7207 7212
f 7206 7218 7213
o Racket_String_V_7
g Racket_String_V_7
usemtl Deep_Navy
v 1.385000 1.113693 0.000000
v 1.385000 1.626307 0.000000
v 1.385000 1.113693 -0.004000
v 1.381536 1.113693 -0.002000
v 1.381536 1.113693 0.002000
v 1.385000 1.113693 0.004000
v 1.388464 1.113693 0.002000
v 1.388464 1.113693 -0.002000
v 1.385000 1.626307 -0.004000
v 1.381536 1.626307 -0.002000
v 1.381536 1.626307 0.002000
v 1.385000 1.626307 0.004000
v 1.388464 1.626307 0.002000
v 1.388464 1.626307 -0.002000
f 7221 7222 7228
f 7221 7228 7227
f 7219 7222 7221
f 7220 7227 7228
f 7222 7223 7229
f 7222 7229 7228
f 7219 7223 7222
f 7220 7228 7229
f 7223 7224 7230
f 7223 7230 7229
f 7219 7224 7223
f 7220 7229 7230
f 7224 7225 7231
f 7224 7231 7230
f 7219 7225 7224
f 7220 7230 7231
f 7225 7226 7232
f 7225 7232 7231
f 7219 7226 7225
f 7220 7231 7232
f 7226 7221 7227
f 7226 7227 7232
f 7219 7221 7226
f 7220 7232 7227
o Racket_String_V_8
g Racket_String_V_8
usemtl Deep_Navy
v 1.430000 1.164954 0.000000
v 1.430000 1.575046 0.000000
v 1.430000 1.164954 -0.004000
v 1.426536 1.164954 -0.002000
v 1.426536 1.164954 0.002000
v 1.430000 1.164954 0.004000
v 1.433464 1.164954 0.002000
v 1.433464 1.164954 -0.002000
v 1.430000 1.575046 -0.004000
v 1.426536 1.575046 -0.002000
v 1.426536 1.575046 0.002000
v 1.430000 1.575046 0.004000
v 1.433464 1.575046 0.002000
v 1.433464 1.575046 -0.002000
f 7235 7236 7242
f 7235 7242 7241
f 7233 7236 7235
f 7234 7241 7242
f 7236 7237 7243
f 7236 7243 7242
f 7233 7237 7236
f 7234 7242 7243
f 7237 7238 7244
f 7237 7244 7243
f 7233 7238 7237
f 7234 7243 7244
f 7238 7239 7245
f 7238 7245 7244
f 7233 7239 7238
f 7234 7244 7245
f 7239 7240 7246
f 7239 7246 7245
f 7233 7240 7239
f 7234 7245 7246
f 7240 7235 7241
f 7240 7241 7246
f 7233 7235 7240
f 7234 7246 7241
o Racket_String_H_0
g Racket_String_H_0
usemtl Deep_Navy
v 1.116292 1.100000 0.000000
v 1.383708 1.100000 0.000000
v 1.116292 1.100000 0.004000
v 1.116292 1.096536 0.002000
v 1.116292 1.096536 -0.002000
v 1.116292 1.100000 -0.004000
v 1.116292 1.103464 -0.002000
v 1.116292 1.103464 0.002000
v 1.383708 1.100000 0.004000
v 1.383708 1.096536 0.002000
v 1.383708 1.096536 -0.002000
v 1.383708 1.100000 -0.004000
v 1.383708 1.103464 -0.002000
v 1.383708 1.103464 0.002000
f 7249 7250 7256
f 7249 7256 7255
f 7247 7250 7249
f 7248 7255 7256
f 7250 7251 7257
f 7250 7257 7256
f 7247 7251 7250
f 7248 7256 7257
f 7251 7252 7258
f 7251 7258 7257
f 7247 7252 7251
f 7248 7257 7258
f 7252 7253 7259
f 7252 7259 7258
f 7247 7253 7252
f 7248 7258 7259
f 7253 7254 7260
f 7253 7260 7259
f 7247 7254 7253
f 7248 7259 7260
f 7254 7249 7255
f 7254 7255 7260
f 7247 7249 7254
f 7248 7260 7255
o Racket_String_H_1
g Racket_String_H_1
usemtl Deep_Navy
v 1.085063 1.145000 0.000000
v 1.414937 1.145000 0.000000
v 1.085063 1.145000 0.004000
v 1.085063 1.141536 0.002000
v 1.085063 1.141536 -0.002000
v 1.085063 1.145000 -0.004000
v 1.085063 1.148464 -0.002000
v 1.085063 1.148464 0.002000
v 1.414937 1.145000 0.004000
v 1.414937 1.141536 0.002000
v 1.414937 1.141536 -0.002000
v 1.414937 1.145000 -0.004000
v 1.414937 1.148464 -0.002000
v 1.414937 1.148464 0.002000
f 7263 7264 7270
f 7263 7270 7269
f 7261 7264 7263
f 7262 7269 7270
f 7264 7265 7271
f 7264 7271 7270
f 7261 7265 7264
f 7262 7270 7271
f 7265 7266 7272
f 7265 7272 7271
f 7261 7266 7265
f 7262 7271 7272
f 7266 7267 7273
f 7266 7273 7272
f 7261 7267 7266
f 7262 7272 7273
f 7267 7268 7274
f 7267 7274 7273
f 7261 7268 7267
f 7262 7273 7274
f 7268 7263 7269
f 7268 7269 7274
f 7261 7263 7268
f 7262 7274 7269
o Racket_String_H_2
g Racket_String_H_2
usemtl Deep_Navy
v 1.063360 1.190000 0.000000
v 1.436640 1.190000 0.000000
v 1.063360 1.190000 0.004000
v 1.063360 1.186536 0.002000
v 1.063360 1.186536 -0.002000
v 1.063360 1.190000 -0.004000
v 1.063360 1.193464 -0.002000
v 1.063360 1.193464 0.002000
v 1.436640 1.190000 0.004000
v 1.436640 1.186536 0.002000
v 1.436640 1.186536 -0.002000
v 1.436640 1.190000 -0.004000
v 1.436640 1.193464 -0.002000
v 1.436640 1.193464 0.002000
f 7277 7278 7284
f 7277 7284 7283
f 7275 7278 7277
f 7276 7283 7284
f 7278 7279 7285
f 7278 7285 7284
f 7275 7279 7278
f 7276 7284 7285
f 7279 7280 7286
f 7279 7286 7285
f 7275 7280 7279
f 7276 7285 7286
f 7280 7281 7287
f 7280 7287 7286
f 7275 7281 7280
f 7276 7286 7287
f 7281 7282 7288
f 7281 7288 7287
f 7275 7282 7281
f 7276 7287 7288
f 7282 7277 7283
f 7282 7283 7288
f 7275 7277 7282
f 7276 7288 7283
o Racket_String_H_3
g Racket_String_H_3
usemtl Deep_Navy
v 1.048086 1.235000 0.000000
v 1.451914 1.235000 0.000000
v 1.048086 1.235000 0.004000
v 1.048086 1.231536 0.002000
v 1.048086 1.231536 -0.002000
v 1.048086 1.235000 -0.004000
v 1.048086 1.238464 -0.002000
v 1.048086 1.238464 0.002000
v 1.451914 1.235000 0.004000
v 1.451914 1.231536 0.002000
v 1.451914 1.231536 -0.002000
v 1.451914 1.235000 -0.004000
v 1.451914 1.238464 -0.002000
v 1.451914 1.238464 0.002000
f 7291 7292 7298
f 7291 7298 7297
f 7289 7292 7291
f 7290 7297 7298
f 7292 7293 7299
f 7292 7299 7298
f 7289 7293 7292
f 7290 7298 7299
f 7293 7294 7300
f 7293 7300 7299
f 7289 7294 7293
f 7290 7299 7300
f 7294 7295 7301
f 7294 7301 7300
f 7289 7295 7294
f 7290 7300 7301
f 7295 7296 7302
f 7295 7302 7301
f 7289 7296 7295
f 7290 7301 7302
f 7296 7291 7297
f 7296 7297 7302
f 7289 7291 7296
f 7290 7302 7297
o Racket_String_H_4
g Racket_String_H_4
usemtl Deep_Navy
v 1.037848 1.280000 0.000000
v 1.462152 1.280000 0.000000
v 1.037848 1.280000 0.004000
v 1.037848 1.276536 0.002000
v 1.037848 1.276536 -0.002000
v 1.037848 1.280000 -0.004000
v 1.037848 1.283464 -0.002000
v 1.037848 1.283464 0.002000
v 1.462152 1.280000 0.004000
v 1.462152 1.276536 0.002000
v 1.462152 1.276536 -0.002000
v 1.462152 1.280000 -0.004000
v 1.462152 1.283464 -0.002000
v 1.462152 1.283464 0.002000
f 7305 7306 7312
f 7305 7312 7311
f 7303 7306 7305
f 7304 7311 7312
f 7306 7307 7313
f 7306 7313 7312
f 7303 7307 7306
f 7304 7312 7313
f 7307 7308 7314
f 7307 7314 7313
f 7303 7308 7307
f 7304 7313 7314
f 7308 7309 7315
f 7308 7315 7314
f 7303 7309 7308
f 7304 7314 7315
f 7309 7310 7316
f 7309 7316 7315
f 7303 7310 7309
f 7304 7315 7316
f 7310 7305 7311
f 7310 7311 7316
f 7303 7305 7310
f 7304 7316 7311
o Racket_String_H_5
g Racket_String_H_5
usemtl Deep_Navy
v 1.031935 1.325000 0.000000
v 1.468065 1.325000 0.000000
v 1.031935 1.325000 0.004000
v 1.031935 1.321536 0.002000
v 1.031935 1.321536 -0.002000
v 1.031935 1.325000 -0.004000
v 1.031935 1.328464 -0.002000
v 1.031935 1.328464 0.002000
v 1.468065 1.325000 0.004000
v 1.468065 1.321536 0.002000
v 1.468065 1.321536 -0.002000
v 1.468065 1.325000 -0.004000
v 1.468065 1.328464 -0.002000
v 1.468065 1.328464 0.002000
f 7319 7320 7326
f 7319 7326 7325
f 7317 7320 7319
f 7318 7325 7326
f 7320 7321 7327
f 7320 7327 7326
f 7317 7321 7320
f 7318 7326 7327
f 7321 7322 7328
f 7321 7328 7327
f 7317 7322 7321
f 7318 7327 7328
f 7322 7323 7329
f 7322 7329 7328
f 7317 7323 7322
f 7318 7328 7329
f 7323 7324 7330
f 7323 7330 7329
f 7317 7324 7323
f 7318 7329 7330
f 7324 7319 7325
f 7324 7325 7330
f 7317 7319 7324
f 7318 7330 7325
o Racket_String_H_6
g Racket_String_H_6
usemtl Deep_Navy
v 1.030000 1.370000 0.000000
v 1.470000 1.370000 0.000000
v 1.030000 1.370000 0.004000
v 1.030000 1.366536 0.002000
v 1.030000 1.366536 -0.002000
v 1.030000 1.370000 -0.004000
v 1.030000 1.373464 -0.002000
v 1.030000 1.373464 0.002000
v 1.470000 1.370000 0.004000
v 1.470000 1.366536 0.002000
v 1.470000 1.366536 -0.002000
v 1.470000 1.370000 -0.004000
v 1.470000 1.373464 -0.002000
v 1.470000 1.373464 0.002000
f 7333 7334 7340
f 7333 7340 7339
f 7331 7334 7333
f 7332 7339 7340
f 7334 7335 7341
f 7334 7341 7340
f 7331 7335 7334
f 7332 7340 7341
f 7335 7336 7342
f 7335 7342 7341
f 7331 7336 7335
f 7332 7341 7342
f 7336 7337 7343
f 7336 7343 7342
f 7331 7337 7336
f 7332 7342 7343
f 7337 7338 7344
f 7337 7344 7343
f 7331 7338 7337
f 7332 7343 7344
f 7338 7333 7339
f 7338 7339 7344
f 7331 7333 7338
f 7332 7344 7339
o Racket_String_H_7
g Racket_String_H_7
usemtl Deep_Navy
v 1.031935 1.415000 0.000000
v 1.468065 1.415000 0.000000
v 1.031935 1.415000 0.004000
v 1.031935 1.411536 0.002000
v 1.031935 1.411536 -0.002000
v 1.031935 1.415000 -0.004000
v 1.031935 1.418464 -0.002000
v 1.031935 1.418464 0.002000
v 1.468065 1.415000 0.004000
v 1.468065 1.411536 0.002000
v 1.468065 1.411536 -0.002000
v 1.468065 1.415000 -0.004000
v 1.468065 1.418464 -0.002000
v 1.468065 1.418464 0.002000
f 7347 7348 7354
f 7347 7354 7353
f 7345 7348 7347
f 7346 7353 7354
f 7348 7349 7355
f 7348 7355 7354
f 7345 7349 7348
f 7346 7354 7355
f 7349 7350 7356
f 7349 7356 7355
f 7345 7350 7349
f 7346 7355 7356
f 7350 7351 7357
f 7350 7357 7356
f 7345 7351 7350
f 7346 7356 7357
f 7351 7352 7358
f 7351 7358 7357
f 7345 7352 7351
f 7346 7357 7358
f 7352 7347 7353
f 7352 7353 7358
f 7345 7347 7352
f 7346 7358 7353
o Racket_String_H_8
g Racket_String_H_8
usemtl Deep_Navy
v 1.037848 1.460000 0.000000
v 1.462152 1.460000 0.000000
v 1.037848 1.460000 0.004000
v 1.037848 1.456536 0.002000
v 1.037848 1.456536 -0.002000
v 1.037848 1.460000 -0.004000
v 1.037848 1.463464 -0.002000
v 1.037848 1.463464 0.002000
v 1.462152 1.460000 0.004000
v 1.462152 1.456536 0.002000
v 1.462152 1.456536 -0.002000
v 1.462152 1.460000 -0.004000
v 1.462152 1.463464 -0.002000
v 1.462152 1.463464 0.002000
f 7361 7362 7368
f 7361 7368 7367
f 7359 7362 7361
f 7360 7367 7368
f 7362 7363 7369
f 7362 7369 7368
f 7359 7363 7362
f 7360 7368 7369
f 7363 7364 7370
f 7363 7370 7369
f 7359 7364 7363
f 7360 7369 7370
f 7364 7365 7371
f 7364 7371 7370
f 7359 7365 7364
f 7360 7370 7371
f 7365 7366 7372
f 7365 7372 7371
f 7359 7366 7365
f 7360 7371 7372
f 7366 7361 7367
f 7366 7367 7372
f 7359 7361 7366
f 7360 7372 7367
o Racket_String_H_9
g Racket_String_H_9
usemtl Deep_Navy
v 1.048086 1.505000 0.000000
v 1.451914 1.505000 0.000000
v 1.048086 1.505000 0.004000
v 1.048086 1.501536 0.002000
v 1.048086 1.501536 -0.002000
v 1.048086 1.505000 -0.004000
v 1.048086 1.508464 -0.002000
v 1.048086 1.508464 0.002000
v 1.451914 1.505000 0.004000
v 1.451914 1.501536 0.002000
v 1.451914 1.501536 -0.002000
v 1.451914 1.505000 -0.004000
v 1.451914 1.508464 -0.002000
v 1.451914 1.508464 0.002000
f 7375 7376 7382
f 7375 7382 7381
f 7373 7376 7375
f 7374 7381 7382
f 7376 7377 7383
f 7376 7383 7382
f 7373 7377 7376
f 7374 7382 7383
f 7377 7378 7384
f 7377 7384 7383
f 7373 7378 7377
f 7374 7383 7384
f 7378 7379 7385
f 7378 7385 7384
f 7373 7379 7378
f 7374 7384 7385
f 7379 7380 7386
f 7379 7386 7385
f 7373 7380 7379
f 7374 7385 7386
f 7380 7375 7381
f 7380 7381 7386
f 7373 7375 7380
f 7374 7386 7381
o Racket_String_H_10
g Racket_String_H_10
usemtl Deep_Navy
v 1.063360 1.550000 0.000000
v 1.436640 1.550000 0.000000
v 1.063360 1.550000 0.004000
v 1.063360 1.546536 0.002000
v 1.063360 1.546536 -0.002000
v 1.063360 1.550000 -0.004000
v 1.063360 1.553464 -0.002000
v 1.063360 1.553464 0.002000
v 1.436640 1.550000 0.004000
v 1.436640 1.546536 0.002000
v 1.436640 1.546536 -0.002000
v 1.436640 1.550000 -0.004000
v 1.436640 1.553464 -0.002000
v 1.436640 1.553464 0.002000
f 7389 7390 7396
f 7389 7396 7395
f 7387 7390 7389
f 7388 7395 7396
f 7390 7391 7397
f 7390 7397 7396
f 7387 7391 7390
f 7388 7396 7397
f 7391 7392 7398
f 7391 7398 7397
f 7387 7392 7391
f 7388 7397 7398
f 7392 7393 7399
f 7392 7399 7398
f 7387 7393 7392
f 7388 7398 7399
f 7393 7394 7400
f 7393 7400 7399
f 7387 7394 7393
f 7388 7399 7400
f 7394 7389 7395
f 7394 7395 7400
f 7387 7389 7394
f 7388 7400 7395
o Racket_String_H_11
g Racket_String_H_11
usemtl Deep_Navy
v 1.085063 1.595000 0.000000
v 1.414937 1.595000 0.000000
v 1.085063 1.595000 0.004000
v 1.085063 1.591536 0.002000
v 1.085063 1.591536 -0.002000
v 1.085063 1.595000 -0.004000
v 1.085063 1.598464 -0.002000
v 1.085063 1.598464 0.002000
v 1.414937 1.595000 0.004000
v 1.414937 1.591536 0.002000
v 1.414937 1.591536 -0.002000
v 1.414937 1.595000 -0.004000
v 1.414937 1.598464 -0.002000
v 1.414937 1.598464 0.002000
f 7403 7404 7410
f 7403 7410 7409
f 7401 7404 7403
f 7402 7409 7410
f 7404 7405 7411
f 7404 7411 7410
f 7401 7405 7404
f 7402 7410 7411
f 7405 7406 7412
f 7405 7412 7411
f 7401 7406 7405
f 7402 7411 7412
f 7406 7407 7413
f 7406 7413 7412
f 7401 7407 7406
f 7402 7412 7413
f 7407 7408 7414
f 7407 7414 7413
f 7401 7408 7407
f 7402 7413 7414
f 7408 7403 7409
f 7408 7409 7414
f 7401 7403 7408
f 7402 7414 7409
o Racket_String_H_12
g Racket_String_H_12
usemtl Deep_Navy
v 1.116292 1.640000 0.000000
v 1.383708 1.640000 0.000000
v 1.116292 1.640000 0.004000
v 1.116292 1.636536 0.002000
v 1.116292 1.636536 -0.002000
v 1.116292 1.640000 -0.004000
v 1.116292 1.643464 -0.002000
v 1.116292 1.643464 0.002000
v 1.383708 1.640000 0.004000
v 1.383708 1.636536 0.002000
v 1.383708 1.636536 -0.002000
v 1.383708 1.640000 -0.004000
v 1.383708 1.643464 -0.002000
v 1.383708 1.643464 0.002000
f 7417 7418 7424
f 7417 7424 7423
f 7415 7418 7417
f 7416 7423 7424
f 7418 7419 7425
f 7418 7425 7424
f 7415 7419 7418
f 7416 7424 7425
f 7419 7420 7426
f 7419 7426 7425
f 7415 7420 7419
f 7416 7425 7426
f 7420 7421 7427
f 7420 7427 7426
f 7415 7421 7420
f 7416 7426 7427
f 7421 7422 7428
f 7421 7428 7427
f 7415 7422 7421
f 7416 7427 7428
f 7422 7417 7423
f 7422 7423 7428
f 7415 7417 7422
f 7416 7428 7423
